           2  -3.73131227       3.59860802      0.730000019    
           4  -3.94281888       2.12088132      0.730000019    
           6  -3.73862171       3.21646023      0.730000019    
           8  -3.84345818       2.78623462      0.730000019    
          10  -3.99243331       2.04580355      0.730000019    
          12  -4.12423038       1.44910896      0.740000010    
          14  -3.85757065       2.54645205      0.740000010    
          16  -3.77049398       2.98457718      0.740000010    
          18  -3.85639238       3.35106540      0.740000010    
          20  -3.94663692       2.46536350      0.740000010    
          22  -3.80195689       3.15107298      0.740000010    
          24  -3.96961570       2.45152712      0.740000010    
          26  -4.05676699       2.00193429      0.740000010    
          28  -3.96814227       2.22996140      0.740000010    
          30  -3.93150544       2.27290177      0.740000010    
          32  -4.00876999       2.07416940      0.740000010    
          34  -3.93325615       2.30455279      0.740000010    
          36  -4.12210608       1.69382560      0.740000010    
          38  -4.01423216       2.57956219      0.750000000    
          40  -3.72456193       3.59894562      0.750000000    
          42  -3.82422853       3.13644385      0.750000000    
          44  -3.88322091       2.33133054      0.730000019    
          46  -3.95182276       1.82414460      0.730000019    
          48  -3.77113700       3.05175447      0.740000010    
          50  -4.19129610       1.62358999      0.730000019    
          52  -4.09401464       2.14527845      0.730000019    
          54  -3.82545805       3.33286166      0.730000019    
          56  -3.96044064       3.01054454      0.730000019    
          58  -3.88435626       2.94784260      0.730000019    
          60  -3.80408502       2.67917275      0.720000029    
          62  -3.75992107       2.56817842      0.709999979    
          64  -3.59917378       3.41909146      0.709999979    
          66  -3.79199266       2.92721033      0.709999979    
          68  -3.80670071       2.32573342      0.699999988    
          70  -4.06006289       1.67909312      0.709999979    
          72  -4.09504986       1.35098207      0.709999979    
          74  -3.93560529       1.98420691      0.709999979    
          76  -3.81787825       2.30441833      0.709999979    
          78  -3.47146797       3.70051765      0.709999979    
          80  -3.98711777       1.66237032      0.709999979    
          82  -3.82017231       2.31375790      0.699999988    
          84  -3.89372158       2.18805599      0.699999988    
          86  -3.58092475       2.87554502      0.699999988    
          88  -3.55318880       2.85947609      0.689999998    
          90  -3.54092932       2.83456230      0.689999998    
          92  -3.48922586       3.33226609      0.689999998    
          94  -3.63682556       2.64002299      0.689999998    
          96  -3.37014961       3.59090757      0.689999998    
          98  -3.67148352       1.81520855      0.680000007    
         100  -3.64493680       1.92286301      0.680000007    
         102  -3.61770177       2.03867722      0.670000017    
         104  -3.59732580       2.21557713      0.680000007    
         106  -3.62362003       2.36065221      0.680000007    
         108  -3.68917584       2.28021741      0.680000007    
         110  -3.45146036       3.37344384      0.680000007    
         112  -3.23513627       4.25699043      0.680000007    
         114  -3.26319981       3.91992259      0.689999998    
         116  -3.52170801       2.85032582      0.689999998    
         118  -3.49987388       2.99481344      0.699999988    
         120  -3.67102551       2.27613330      0.699999988    
         122  -3.75187182       2.14126921      0.709999979    
         124  -3.68149567       2.51115417      0.709999979    
         126  -3.46975017       3.32427192      0.709999979    
         128  -3.69062114       2.76151252      0.709999979    
         130  -3.66076946       2.83044124      0.699999988    
         132  -3.62265277       2.96475363      0.699999988    
         134  -3.77364254       2.17856288      0.689999998    
         136  -3.73103929       2.52261305      0.689999998    
         138  -3.78299475       2.43917680      0.699999988    
         140  -3.65613914       3.33516669      0.709999979    
         142  -3.61998057       3.47477126      0.709999979    
         144  -3.75962114       3.01740503      0.709999979    
         146  -3.66480207       3.20327163      0.709999979    
         148  -3.69630027       2.67674160      0.689999998    
         150  -3.79904151       2.35011148      0.689999998    
         152  -3.74815822       2.72297812      0.689999998    
         154  -3.82472658       2.17963028      0.689999998    
         156  -3.99409032       1.23598540      0.680000007    
         158  -3.77406049       2.13825727      0.680000007    
         160  -3.88769341       2.19360781      0.689999998    
         162  -3.98706245       1.84534955      0.689999998    
         164  -3.79782510       3.09347939      0.699999988    
         166  -3.66143656       3.09219551      0.689999998    
         168  -3.53293800       3.26066160      0.680000007    
         170  -3.72910666       2.72290611      0.680000007    
         172  -3.83534789       2.33836699      0.680000007    
         174  -3.82757068       3.12955427      0.689999998    
         176  -3.72973537       2.58064508      0.689999998    
         178  -3.86260629       2.01857114      0.689999998    
         180  -3.66830540       2.69603086      0.689999998    
         182  -3.58174419       2.58679557      0.670000017    
         184  -3.55313873       2.51722693      0.670000017    
         186  -3.55075359       2.69523358      0.680000007    
         188  -3.53392315       2.90428758      0.680000007    
         190  -3.68527818       2.23178792      0.680000007    
         192  -3.81596661       1.95052731      0.680000007    
         194  -3.57294869       3.31459594      0.699999988    
         196  -3.46599936       3.13686013      0.689999998    
         198  -3.86389971       1.83194816      0.689999998    
         200  -3.93498611       1.28561735      0.689999998    
         202  -3.52707696       2.77421498      0.689999998    
         204  -3.46528459       3.10240054      0.689999998    
         206  -3.40906906       3.44112015      0.689999998    
         208  -3.31948137       3.65906072      0.689999998    
         210  -3.55057383       2.84327197      0.689999998    
         212  -3.63701677       2.45228839      0.689999998    
         214  -3.70287490       1.78353703      0.680000007    
         216  -3.29093075       3.42658043      0.680000007    
         218  -3.37171292       2.84474277      0.670000017    
         220  -3.72112823       1.73811936      0.670000017    
         222  -3.59676075       2.17043328      0.670000017    
         224  -3.74517846       1.74969149      0.660000026    
         226  -3.63356948       2.42829823      0.680000007    
         228  -3.40050220       3.42410851      0.680000007    
         230  -3.30452490       3.58510971      0.680000007    
         232  -3.46259499       3.14150119      0.689999998    
         234  -3.60552025       2.57288146      0.689999998    
         236  -3.70429206       2.41716981      0.689999998    
         238  -3.74958205       2.46839881      0.689999998    
         240  -3.88197660       1.75505638      0.689999998    
         242  -3.65313387       2.84622550      0.689999998    
         244  -3.82614279       1.56052637      0.680000007    
         246  -3.81190348       1.24865878      0.670000017    
         248  -3.80955648       1.45450699      0.670000017    
         250  -3.91335940       1.60324407      0.680000007    
         252  -3.63078141       2.55480742      0.680000007    
         254  -3.68512249       2.52201319      0.680000007    
         256  -3.97416925       1.01925135      0.670000017    
         258  -3.84494376       1.77601063      0.680000007    
         260  -3.62009096       3.00858760      0.689999998    
         262  -3.74635434       2.48955178      0.689999998    
         264  -3.92709112       1.74614155      0.689999998    
         266  -3.72174144       2.87723851      0.699999988    
         268  -3.73659635       2.91304660      0.699999988    
         270  -3.65159464       3.29607677      0.699999988    
         272  -3.37492394       3.69718337      0.699999988    
         274  -3.71629524       1.90362024      0.680000007    
         276  -3.66787195       1.72133255      0.680000007    
         278  -3.37574792       2.74823070      0.680000007    
         280  -3.46265650       2.54728818      0.680000007    
         282  -3.23573327       3.32309437      0.680000007    
         284  -3.06347156       3.78310513      0.670000017    
         286  -3.55758095       1.86408281      0.670000017    
         288  -2.97502875       3.82562804      0.670000017    
         290  -3.72205544       1.49002969      0.670000017    
         292  -3.49455428       2.42512321      0.680000007    
         294  -3.70148468       1.90737677      0.680000007    
         296  -3.53382778       2.61553812      0.680000007    
         298  -3.50962162       2.33977747      0.670000017    
         300  -3.74877119       1.62278271      0.670000017    
         302  -3.67974424       1.70984495      0.670000017    
         304  -3.55138922       2.01434612      0.670000017    
         306  -3.63420939       1.67485690      0.670000017    
         308  -3.42794442       2.27559400      0.670000017    
         310  -3.35914898       2.81423020      0.670000017    
         312  -3.32575464       2.42578459      0.649999976    
         314  -3.59696913       1.51730025      0.649999976    
         316  -3.60415530       1.40661013      0.649999976    
         318  -3.58827376       1.75452757      0.660000026    
         320  -3.42214131       2.31533813      0.660000026    
         322  -3.79127932       1.53528988      0.660000026    
         324  -3.53407097       2.36014938      0.660000026    
         326  -3.64862132       2.03585505      0.670000017    
         328  -3.79512668       1.33285308      0.670000017    
         330  -3.62256813       1.99198306      0.680000007    
         332  -3.84948063       1.20004368      0.670000017    
         334  -3.56125665       2.34727693      0.670000017    
         336  -3.54678416       2.42586994      0.670000017    
         338  -3.77940154       1.43927622      0.670000017    
         340  -3.54594541       2.05874157      0.660000026    
         342  -3.48640084       1.54391050      0.639999986    
         344  -3.43634033       1.67639148      0.649999976    
         346  -3.59464765       1.42534900      0.660000026    
         348  -3.22157288       2.90836954      0.670000017    
         350  -3.55463886       1.88824558      0.670000017    
         352  -3.34541678       2.55676723      0.670000017    
         354  -3.58516145       2.02643728      0.680000007    
         356  -3.46565461       2.59407592      0.680000007    
         358  -3.54886627       2.38751435      0.680000007    
         360  -3.61131716       2.22467732      0.680000007    
         362  -3.56900287       2.49676776      0.680000007    
         364  -3.58562446       2.51683450      0.670000017    
         366  -3.79318929       2.05425310      0.680000007    
         368  -3.42120433       3.58445239      0.699999988    
         370  -3.46064687       3.37276316      0.699999988    
         372  -3.48209786       3.47126150      0.699999988    
         374  -3.77043843       2.52995968      0.699999988    
         376  -3.63106966       2.94375086      0.699999988    
         378  -3.95081568       2.37310576      0.720000029    
         380  -3.77014494       3.19345975      0.720000029    
         382  -4.04761648       2.32163310      0.720000029    
         384  -4.07523394       2.63876462      0.740000010    
         386  -3.94508696       3.29534078      0.740000010    
         388  -3.95471001       3.07789588      0.740000010    
         390  -4.09485340       3.04488587      0.750000000    
         392  -4.14511919       2.24614549      0.759999990    
         394  -4.05486679       2.54901361      0.759999990    
         396  -4.12570238       2.33545041      0.759999990    
         398  -3.89402151       2.80378294      0.759999990    
         400  -4.28131342       1.20294082      0.750000000    
         402  -3.89601707       2.70128059      0.750000000    
         404  -4.00432682       2.58020329      0.750000000    
         406  -3.98923612       2.72882915      0.750000000    
         408  -3.69743824       3.70848060      0.740000010    
         410  -3.87191391       2.71873808      0.730000019    
         412  -3.77888966       3.04429078      0.730000019    
         414  -3.89698148       2.43290973      0.730000019    
         416  -3.85949898       2.83878374      0.740000010    
         418  -3.83469653       2.92408133      0.740000010    
         420  -3.72429562       3.96305633      0.750000000    
         422  -3.50371003       4.82133245      0.750000000    
         424  -4.05675840       2.51355648      0.750000000    
         426  -4.09517002       2.21403503      0.740000010    
         428  -4.11437321       2.03979111      0.740000010    
         430  -3.97553492       2.44461203      0.740000010    
         432  -3.92980123       2.94231915      0.759999990    
         434  -3.99041986       2.76749635      0.759999990    
         436  -3.91372132       3.10909843      0.759999990    
         438  -4.01850224       2.96905398      0.769999981    
         440  -3.96976304       2.80122900      0.750000000    
         442  -4.01514816       2.91416192      0.750000000    
         444  -4.04742432       2.82553148      0.740000010    
         446  -4.24090576       2.59265089      0.750000000    
         448  -4.16406202       2.47190690      0.750000000    
         450  -4.05585909       3.06949401      0.750000000    
         452  -4.15462780       2.42614198      0.750000000    
         454  -3.99670720       3.27609944      0.750000000    
         456  -4.04924679       3.49575591      0.750000000    
         458  -3.98063421       3.58595419      0.750000000    
         460  -4.28339481       2.06045794      0.750000000    
         462  -4.19234943       2.64594936      0.750000000    
         464  -4.08798552       2.75935650      0.750000000    
         466  -3.97475863       3.34003973      0.750000000    
         468  -4.12962914       2.62763715      0.750000000    
         470  -4.01708937       2.85909224      0.750000000    
         472  -4.28525591       1.95696568      0.750000000    
         474  -4.34158564       1.75049973      0.750000000    
         476  -4.12292385       3.08720207      0.759999990    
         478  -3.95914268       3.33713436      0.750000000    
         480  -3.67904162       4.74800396      0.759999990    
         482  -3.76355577       4.10188675      0.759999990    
         484  -3.87206817       3.79769921      0.759999990    
         486  -3.83228540       4.24406433      0.759999990    
         488  -4.12796640       3.10701966      0.759999990    
         490  -4.22648335       3.00793171      0.769999981    
         492  -3.95852876       3.95712757      0.769999981    
         494  -4.20628452       2.54208922      0.759999990    
         496  -4.06538868       3.25663042      0.759999990    
         498  -4.28015471       2.26992154      0.759999990    
         500  -4.11134195       2.81805062      0.769999981    
         502  -3.83932209       3.46822143      0.750000000    
         504  -3.85533404       3.72240567      0.750000000    
         506  -3.97096348       3.53917456      0.750000000    
         508  -4.10701227       3.04116511      0.750000000    
         510  -3.81282330       4.32960606      0.740000010    
         512  -3.99653196       3.40942550      0.740000010    
         514  -4.12966776       2.62374139      0.740000010    
         516  -3.85248518       4.24515820      0.750000000    
         518  -3.80465031       3.76227045      0.740000010    
         520  -3.94226003       2.73827553      0.730000019    
         522  -3.94295049       2.59313965      0.720000029    
         524  -3.87320042       2.60039330      0.709999979    
         526  -3.72585034       3.26483297      0.699999988    
         528  -3.92427278       2.18417788      0.699999988    
         530  -3.72475600       2.85021806      0.699999988    
         532  -3.57211351       3.34555793      0.699999988    
         534  -3.82552719       2.81360388      0.699999988    
         536  -3.77658558       3.07520199      0.699999988    
         538  -3.69993448       3.31847596      0.689999998    
         540  -3.71803427       3.30869627      0.699999988    
         542  -4.00972700       2.17650676      0.699999988    
         544  -3.87899303       2.66038013      0.699999988    
         546  -3.90266013       2.37222910      0.699999988    
         548  -3.78091502       2.92194271      0.699999988    
         550  -3.94126606       2.68201518      0.709999979    
         552  -3.98016953       2.38826990      0.699999988    
         554  -3.81985688       2.48661256      0.699999988    
         556  -3.92590022       1.98712456      0.699999988    
         558  -3.76008296       2.75626469      0.699999988    
         560  -3.98204446       1.92817187      0.709999979    
         562  -3.70653176       2.95720291      0.709999979    
         564  -3.41003633       3.87426400      0.709999979    
         566  -3.64154863       2.92135739      0.699999988    
         568  -3.74846768       3.04725075      0.709999979    
         570  -3.94928765       2.05586624      0.699999988    
         572  -3.85371971       2.62413764      0.699999988    
         574  -3.66150475       3.36165953      0.699999988    
         576  -3.50011921       3.54017448      0.689999998    
         578  -3.72475529       2.70308948      0.689999998    
         580  -3.88623357       1.82920170      0.689999998    
         582  -3.79492664       2.36010909      0.689999998    
         584  -3.93642521       2.46673775      0.699999988    
         586  -3.39233327       4.52100229      0.709999979    
         588  -3.71227002       4.01071787      0.730000019    
         590  -3.92852855       3.11219335      0.730000019    
         592  -3.78445411       3.69541049      0.730000019    
         594  -4.00836182       2.22570801      0.720000029    
         596  -3.97338676       2.39145613      0.709999979    
         598  -3.95929265       2.43960953      0.709999979    
         600  -3.90689516       2.61306071      0.709999979    
         602  -3.77046466       2.90892959      0.709999979    
         604  -3.75961423       2.56376362      0.709999979    
         606  -3.70762181       2.46849084      0.699999988    
         608  -3.96720290       1.73256862      0.699999988    
         610  -3.83131814       1.98601604      0.689999998    
         612  -3.92322063       1.96764779      0.689999998    
         614  -3.91790104       1.70383191      0.689999998    
         616  -3.82641172       1.79733360      0.680000007    
         618  -3.82694578       2.36790156      0.689999998    
         620  -3.62524343       3.25757885      0.699999988    
         622  -3.79513502       2.87262607      0.699999988    
         624  -3.67990065       3.03771448      0.689999998    
         626  -3.61706042       2.79959798      0.680000007    
         628  -3.57619119       3.13125801      0.680000007    
         630  -3.70264482       2.47948575      0.680000007    
         632  -3.55450606       2.46417117      0.670000017    
         634  -3.55623579       2.66965318      0.670000017    
         636  -3.54572845       2.68836665      0.670000017    
         638  -3.88855290       1.56057680      0.660000026    
         640  -3.98699331       1.34335935      0.660000026    
         642  -3.77583861       2.05059433      0.649999976    
         644  -3.71075654       1.62350500      0.639999986    
         646  -3.46294975       3.01627350      0.649999976    
         648  -3.40617418       3.26844597      0.660000026    
         650  -3.49231815       2.49805212      0.660000026    
         652  -3.63711214       1.99510705      0.660000026    
         654  -3.59806728       2.67492270      0.670000017    
         656  -3.67844939       2.46355557      0.670000017    
         658  -3.97374988       1.56309843      0.680000007    
         660  -3.80080414       2.35284281      0.680000007    
         662  -3.63360262       3.13392520      0.689999998    
         664  -3.79004860       2.56097627      0.689999998    
         666  -3.60510540       3.49230886      0.689999998    
         668  -3.74518085       2.88048172      0.689999998    
         670  -3.81471038       2.48967004      0.689999998    
         672  -3.75546312       3.10752463      0.709999979    
         674  -3.66420126       3.25057173      0.709999979    
         676  -3.76047730       2.88970256      0.699999988    
         678  -3.54880738       3.89264154      0.709999979    
         680  -3.89527416       2.60746360      0.709999979    
         682  -3.89697504       2.14665961      0.699999988    
         684  -3.91465807       2.06038189      0.699999988    
         686  -3.85675669       2.26551461      0.709999979    
         688  -3.82193589       2.50511241      0.709999979    
         690  -3.84537172       2.38715625      0.720000029    
         692  -3.78381729       2.45123863      0.720000029    
         694  -3.82567430       1.84739685      0.709999979    
         696  -3.51424074       3.13095427      0.709999979    
         698  -3.52451897       2.85625243      0.699999988    
         700  -3.65812969       2.17901349      0.689999998    
         702  -3.59915018       2.49125481      0.699999988    
         704  -3.82710624       1.61582386      0.709999979    
         706  -3.38332009       3.30170608      0.709999979    
         708  -3.53262782       2.87508440      0.709999979    
         710  -3.52590966       2.76419091      0.709999979    
         712  -3.77468014       1.86633551      0.709999979    
         714  -3.84056163       1.58767045      0.709999979    
         716  -3.76042390       1.74052417      0.709999979    
         718  -3.46547341       2.84028983      0.699999988    
         720  -3.83649206       1.66849589      0.699999988    
         722  -3.92599416       1.85582721      0.720000029    
         724  -3.69684315       2.89138699      0.720000029    
         726  -3.95493579       1.66396666      0.709999979    
         728  -3.66263413       2.43376803      0.689999998    
         730  -3.75989366       2.57407594      0.689999998    
         732  -3.69436622       2.07171679      0.689999998    
         734  -3.98561835       1.33278942      0.699999988    
         736  -3.85831666       1.99402463      0.699999988    
         738  -3.54374790       3.38388705      0.709999979    
         740  -3.54782534       3.11597776      0.709999979    
         742  -3.81743860       2.26080298      0.709999979    
         744  -3.48781610       3.31115961      0.709999979    
         746  -3.75324154       2.26545835      0.709999979    
         748  -3.69151759       2.24842405      0.699999988    
         750  -3.80627227       1.58617604      0.699999988    
         752  -3.78583121       1.86415994      0.699999988    
         754  -3.84991074       1.36061800      0.699999988    
         756  -3.70507860       1.91456914      0.709999979    
         758  -3.77735901       1.79217076      0.709999979    
         760  -3.61635184       2.61249876      0.709999979    
         762  -3.68280983       2.21703744      0.709999979    
         764  -3.68909049       2.29873848      0.709999979    
         766  -3.68692994       1.99703264      0.699999988    
         768  -3.67105055       1.76441073      0.689999998    
         770  -3.39884377       2.51093769      0.680000007    
         772  -3.54474211       2.12925434      0.680000007    
         774  -3.43296742       2.43139601      0.680000007    
         776  -3.11978364       3.63056135      0.680000007    
         778  -3.50962830       2.49056625      0.689999998    
         780  -3.78472471       1.73522699      0.689999998    
         782  -3.39462018       3.18513441      0.689999998    
         784  -3.60085845       1.85898197      0.670000017    
         786  -3.38392353       2.16405320      0.670000017    
         788  -3.37817883       2.16560602      0.660000026    
         790  -3.41768861       1.88224983      0.660000026    
         792  -3.15683651       2.75829029      0.649999976    
         794  -3.39838409       2.24451971      0.660000026    
         796  -3.59977579       1.62709665      0.660000026    
         798  -3.48469710       2.37824655      0.680000007    
         800  -3.13518810       2.04156280      0.639999986    
         802  -3.44759607       1.20417941      0.639999986    
         804  -3.46355987       1.37784159      0.639999986    
         806  -3.38844752       1.96537173      0.639999986    
         808  -3.33461332       1.83729911      0.639999986    
         810  -3.14190674       2.34521723      0.629999995    
         812  -3.47581267      0.922108233      0.620000005    
         814  -3.47381425      0.723193109      0.620000005    
         816  -3.47083092       1.09660649      0.620000005    
         818  -3.46228266      0.965052843      0.620000005    
         820  -3.31122947       1.35833323      0.620000005    
         822  -2.94803143       2.54595876      0.610000014    
         824  -3.32945204       1.30261660      0.600000024    
         826  -3.23894024       1.91061234      0.620000005    
         828  -3.31984854       2.09522605      0.629999995    
         830  -3.72075558      0.599895597      0.629999995    
         832  -3.20928669       2.25044894      0.620000005    
         834  -3.58805275       1.37415004      0.629999995    
         836  -3.48472905       1.69265854      0.620000005    
         838  -3.43599057       1.90274751      0.629999995    
         840  -3.42185974       1.74217200      0.629999995    
         842  -3.48792529       2.22648716      0.639999986    
         844  -3.49165654       2.31456685      0.649999976    
         846  -3.33784962       2.85721016      0.649999976    
         848  -3.40810847       2.76859617      0.660000026    
         850  -3.41953015       3.21622872      0.660000026    
         852  -3.67416549       2.63391066      0.660000026    
         854  -3.62532830       1.89248013      0.639999986    
         856  -3.47765708       1.56593990      0.620000005    
         858  -3.53885841       1.18817103      0.620000005    
         860  -3.72920084      0.847813368      0.649999976    
         862  -3.46763086       2.00331545      0.639999986    
         864  -3.41038942       2.36842918      0.649999976    
         866  -3.70389748       1.33874500      0.660000026    
         868  -3.40955400       2.30787230      0.670000017    
         870  -3.46410394       2.61892104      0.670000017    
         872  -3.58697820       2.08108068      0.670000017    
         874  -3.62942839       2.33972836      0.680000007    
         876  -3.63755774       2.16550207      0.680000007    
         878  -3.65842462       2.19592547      0.680000007    
         880  -3.67717338       1.96599424      0.680000007    
         882  -3.68666220       1.79881954      0.680000007    
         884  -3.86309004       1.43170905      0.680000007    
         886  -3.71817636       1.92924392      0.689999998    
         888  -3.74382329       1.83824158      0.689999998    
         890  -3.69196367       2.03334093      0.689999998    
         892  -3.66825557       1.88076234      0.680000007    
         894  -3.58392620       1.86305881      0.670000017    
         896  -3.49845076       2.52707911      0.670000017    
         898  -3.69597650       1.70970154      0.670000017    
         900  -3.66326571       1.92845833      0.670000017    
         902  -3.54498005       2.18107152      0.670000017    
         904  -3.55394912       1.88345325      0.670000017    
         906  -3.50658274       2.32211542      0.670000017    
         908  -3.65848303       1.43252158      0.670000017    
         910  -3.72420311       1.51401830      0.670000017    
         912  -3.64976859       2.11343837      0.670000017    
         914  -3.55455971       2.33880424      0.670000017    
         916  -3.75709677       1.33484399      0.670000017    
         918  -3.55959749       2.13237834      0.670000017    
         920  -3.83460140       1.38999927      0.680000007    
         922  -3.76991773       1.96770835      0.680000007    
         924  -3.94734764       1.88897264      0.699999988    
         926  -3.91981936       1.55674469      0.699999988    
         928  -3.61851859       2.98673487      0.720000029    
         930  -3.84856462       1.98162699      0.720000029    
         932  -3.76216340       2.12562943      0.720000029    
         934  -3.87811446       1.60697401      0.720000029    
         936  -3.83681512       1.81224239      0.720000029    
         938  -3.81647921       1.90454149      0.720000029    
         940  -3.80894184       2.00325823      0.720000029    
         942  -3.78394580       1.99152064      0.720000029    
         944  -3.94061756       1.66651881      0.720000029    
         946  -3.85457015       1.73212934      0.720000029    
         948  -3.72258902       2.49355078      0.730000019    
         950  -3.75899935       2.41260195      0.730000019    
         952  -3.78512931       2.87340331      0.730000019    
         954  -3.42602086       4.37469244      0.730000019    
         956  -3.53141832       3.52520442      0.730000019    
         958  -3.58554626       2.50057888      0.709999979    
         960  -3.83377719       1.62335479      0.709999979    
         962  -3.65972972       2.63830924      0.709999979    
         964  -3.96169019       1.43436790      0.709999979    
         966  -3.87227511       2.04783058      0.709999979    
         968  -3.72670412       2.56099319      0.709999979    
         970  -3.90922022       1.96283770      0.720000029    
         972  -3.66824579       2.93212724      0.720000029    
         974  -3.86510229       2.53598428      0.730000019    
         976  -3.65056562       3.23529673      0.720000029    
         978  -3.60860372       3.40470219      0.720000029    
         980  -3.76360965       2.42169785      0.709999979    
         982  -3.90691280       1.93351722      0.709999979    
         984  -3.57272363       3.42586660      0.709999979    
         986  -3.52050042       3.90197062      0.709999979    
         988  -3.74182224       3.11254168      0.709999979    
         990  -3.99326015       2.45249414      0.709999979    
         992  -3.89577651       2.70256758      0.709999979    
         994  -3.49611735       4.65610552      0.720000029    
         996  -3.69762802       4.31322432      0.720000029    
         998  -3.76375222       3.75985503      0.709999979    
        1000  -3.67872715       4.43023443      0.730000019    
        1002  -3.74903107       4.37539768      0.730000019    
        1004  -3.95277071       2.89824557      0.720000029    
        1006  -3.47041011       5.07509661      0.730000019    
        1008  -3.52542353       4.21461916      0.720000029    
        1010  -3.64229107       4.03898954      0.720000029    
        1012  -3.58064723       3.50194979      0.709999979    
        1014  -3.87863684       2.42891574      0.709999979    
        1016  -3.78736806       2.78397965      0.709999979    
        1018  -3.90399599       1.57692933      0.699999988    
        1020  -3.71317267       2.71090984      0.699999988    
        1022  -3.87183142       2.00987148      0.699999988    
        1024  -3.93173361       1.47826838      0.699999988    
        1026  -3.89802980       1.41585851      0.699999988    
        1028  -3.78066206       2.22860599      0.699999988    
        1030  -3.55425286       3.09886551      0.709999979    
        1032  -3.85134387       2.58232188      0.709999979    
        1034  -3.71319103       2.97597361      0.709999979    
        1036  -3.79145694       3.01862645      0.720000029    
        1038  -4.00169563       1.84886098      0.709999979    
        1040  -3.80968285       2.77327275      0.709999979    
        1042  -3.85580111       2.60420918      0.709999979    
        1044  -3.81998372       3.00338435      0.709999979    
        1046  -3.83437848       2.83587456      0.699999988    
        1048  -3.40080619       3.68728280      0.689999998    
        1050  -3.42349052       3.68488026      0.699999988    
        1052  -3.64743471       2.89598393      0.689999998    
        1054  -3.40116048       4.34642506      0.699999988    
        1056  -3.64639258       3.38823557      0.699999988    
        1058  -3.86568046       2.45536399      0.699999988    
        1060  -3.66258454       3.07087946      0.699999988    
        1062  -3.59566784       3.21561027      0.709999979    
        1064  -3.80367708       2.38778973      0.709999979    
        1066  -3.65694714       3.90455222      0.730000019    
        1068  -3.64412546       4.01234198      0.730000019    
        1070  -3.56318283       3.92058015      0.730000019    
        1072  -3.78914833       3.39471364      0.730000019    
        1074  -3.58776999       3.79570603      0.730000019    
        1076  -3.67602253       3.67726254      0.730000019    
        1078  -3.90887666       3.03620124      0.740000010    
        1080  -4.05575895       2.41282368      0.730000019    
        1082  -4.04875374       2.39044809      0.740000010    
        1084  -3.79000521       3.70606709      0.740000010    
        1086  -4.09446955       2.10246944      0.730000019    
        1088  -3.89417577       2.46216154      0.730000019    
        1090  -3.61374760       3.78834033      0.730000019    
        1092  -3.95307016       2.70340800      0.730000019    
        1094  -4.04371548       2.07327652      0.730000019    
        1096  -4.01853037       2.17376423      0.740000010    
        1098  -3.86697578       2.85425091      0.740000010    
        1100  -3.96589613       2.41384172      0.740000010    
        1102  -3.88211393       3.13870120      0.750000000    
        1104  -3.62553191       3.64038110      0.740000010    
        1106  -3.59766650       3.53938794      0.730000019    
        1108  -3.71526623       2.78634381      0.720000029    
        1110  -3.58044744       3.18351007      0.720000029    
        1112  -3.68543124       2.86926055      0.720000029    
        1114  -3.59584451       2.95271349      0.709999979    
        1116  -3.47411823       3.00833678      0.689999998    
        1118  -3.63425016       2.26436019      0.699999988    
        1120  -3.46224117       2.99244785      0.699999988    
        1122  -3.61497831       1.94002521      0.670000017    
        1124  -3.65595579       1.94062674      0.670000017    
        1126  -3.85769844       1.44598162      0.670000017    
        1128  -3.76464343       1.83509231      0.670000017    
        1130  -3.35318995       3.56453800      0.660000026    
        1132  -3.41709256       3.13839626      0.660000026    
        1134  -3.52854562       2.55934238      0.660000026    
        1136  -3.48326278       2.78440332      0.649999976    
        1138  -3.55541134       2.41157746      0.649999976    
        1140  -3.42415738       2.89467382      0.660000026    
        1142  -3.70507479       1.56928098      0.660000026    
        1144  -3.56114745       1.99520683      0.670000017    
        1146  -3.68936229       1.78247309      0.670000017    
        1148  -3.72707915       1.84694338      0.680000007    
        1150  -3.60502577       2.82803154      0.689999998    
        1152  -3.56886101       3.00729275      0.689999998    
        1154  -3.55083680       3.19099975      0.699999988    
        1156  -3.56685233       3.47531581      0.699999988    
        1158  -3.54986429       2.93907166      0.689999998    
        1160  -3.76945353       2.20898890      0.689999998    
        1162  -3.62994719       2.80899334      0.689999998    
        1164  -3.77256775       2.47746444      0.699999988    
        1166  -3.89939070       2.00044799      0.699999988    
        1168  -3.87476277       2.02770829      0.699999988    
        1170  -3.64015770       2.65511441      0.699999988    
        1172  -3.67305136       2.84624887      0.709999979    
        1174  -3.72944665       2.87976122      0.709999979    
        1176  -3.73431873       2.39604473      0.709999979    
        1178  -3.59364080       3.34191847      0.720000029    
        1180  -3.98166656       2.52207780      0.740000010    
        1182  -3.91173935       2.47300625      0.730000019    
        1184  -3.86978316       2.83588386      0.740000010    
        1186  -3.65404534       3.81860852      0.740000010    
        1188  -3.75026560       3.54701376      0.740000010    
        1190  -3.83583665       3.29538321      0.740000010    
        1192  -3.77967000       3.48359394      0.740000010    
        1194  -3.80960846       2.84707284      0.730000019    
        1196  -3.46874809       4.25287199      0.730000019    
        1198  -3.58366108       3.95036578      0.720000029    
        1200  -3.36837435       5.40549755      0.730000019    
        1202  -3.72056317       3.40430427      0.720000029    
        1204  -3.70701933       2.81878996      0.709999979    
        1206  -3.59291434       2.45419812      0.699999988    
        1208  -3.64672685       2.01738191      0.689999998    
        1210  -3.77349854       1.76393116      0.689999998    
        1212  -3.73089671       2.25567102      0.689999998    
        1214  -3.43793607       2.79768586      0.689999998    
        1216  -3.45445347       3.07699180      0.699999988    
        1218  -3.63881302       2.26663637      0.699999988    
        1220  -3.81427860       1.42865193      0.699999988    
        1222  -3.72736454       1.67692125      0.689999998    
        1224  -3.45063019       2.62979674      0.689999998    
        1226  -3.59787393       2.08435178      0.680000007    
        1228  -3.67766380       1.97903752      0.680000007    
        1230  -3.51156592       2.62213588      0.680000007    
        1232  -3.50513101       2.35659218      0.680000007    
        1234  -3.36399841       1.96348822      0.660000026    
        1236  -3.61078525       1.20662022      0.670000017    
        1238  -3.65323973       1.11487150      0.670000017    
        1240  -3.59445167       1.86324799      0.680000007    
        1242  -3.47784662       2.16483974      0.680000007    
        1244  -3.62379861       1.55563855      0.670000017    
        1246  -3.45237470       1.83061910      0.660000026    
        1248  -3.15585065       2.26426411      0.649999976    
        1250  -3.66484594      0.684650183      0.649999976    
        1252  -3.46964407       1.50825369      0.649999976    
        1254  -3.59810472       1.46666682      0.660000026    
        1256  -3.55786347       1.73769271      0.660000026    
        1258  -3.35931349       2.81089234      0.670000017    
        1260  -3.75913501       1.48574150      0.670000017    
        1262  -3.66085553       2.26448178      0.689999998    
        1264  -3.78160429       1.80938506      0.689999998    
        1266  -3.74518013       2.02891660      0.689999998    
        1268  -3.64578414       2.66294384      0.699999988    
        1270  -3.81311274       2.13969803      0.699999988    
        1272  -3.58162689       2.86341119      0.699999988    
        1274  -3.79663515       2.03005242      0.699999988    
        1276  -3.81017637       2.07789421      0.699999988    
        1278  -3.53077435       3.23457074      0.709999979    
        1280  -3.59882379       3.90883946      0.730000019    
        1282  -3.62861633       4.37960720      0.740000010    
        1284  -3.48971581       4.87155056      0.740000010    
        1286  -3.55307221       4.20357990      0.730000019    
        1288  -3.53277445       4.26276541      0.730000019    
        1290  -3.65491343       3.64364266      0.730000019    
        1292  -4.05341625       2.09401202      0.730000019    
        1294  -3.78184748       3.19875240      0.730000019    
        1296  -3.84558249       3.16037989      0.730000019    
        1298  -3.99420762       2.54717660      0.730000019    
        1300  -3.98785806       2.30978680      0.730000019    
        1302  -3.94148588       2.13838863      0.720000029    
        1304  -3.99691391       1.45994639      0.720000029    
        1306  -4.03002739       1.30746424      0.720000029    
        1308  -3.84791994       1.65271378      0.720000029    
        1310  -3.68290544       2.37359262      0.720000029    
        1312  -4.03132391       1.12890005      0.720000029    
        1314  -3.87295628       1.66435599      0.720000029    
        1316  -3.58676171       2.48864603      0.720000029    
        1318  -3.44998193       3.46109962      0.720000029    
        1320  -3.69313145       3.15128756      0.740000010    
        1322  -3.41441917       4.06067419      0.730000019    
        1324  -3.47635818       3.83394051      0.730000019    
        1326  -3.52493238       3.55659008      0.730000019    
        1328  -3.60600495       2.79296970      0.720000029    
        1330  -3.75242186       2.62281990      0.730000019    
        1332  -3.84848785       2.33977032      0.730000019    
        1334  -3.59387302       3.17511415      0.720000029    
        1336  -3.76289892       2.77213955      0.720000029    
        1338  -3.60966253       3.29350305      0.720000029    
        1340  -3.55381894       3.85354543      0.730000019    
        1342  -3.76867080       3.22593737      0.730000019    
        1344  -3.52637982       4.14125967      0.730000019    
        1346  -3.57772565       3.96634936      0.720000029    
        1348  -3.61230874       3.81151199      0.720000029    
        1350  -3.96538496       2.34472585      0.720000029    
        1352  -3.96596813       2.25300550      0.720000029    
        1354  -3.70762539       3.56578636      0.720000029    
        1356  -3.57277894       3.95612621      0.730000019    
        1358  -3.82521629       3.14088845      0.740000010    
        1360  -3.89782596       2.69695187      0.740000010    
        1362  -3.88453817       2.86055779      0.740000010    
        1364  -3.82222962       3.30533671      0.740000010    
        1366  -3.88309431       3.32766414      0.750000000    
        1368  -3.83935428       3.29011083      0.750000000    
        1370  -3.93661404       3.43564868      0.769999981    
        1372  -4.04996157       3.07781720      0.759999990    
        1374  -4.02620173       3.14079213      0.759999990    
        1376  -4.14790964       2.52721977      0.750000000    
        1378  -3.99487567       2.87757421      0.740000010    
        1380  -3.87145090       3.24591422      0.740000010    
        1382  -3.62944841       4.20643711      0.740000010    
        1384  -3.70395207       3.48892331      0.720000029    
        1386  -3.87852716       2.67963290      0.730000019    
        1388  -3.71293831       3.41273117      0.720000029    
        1390  -3.84691310       2.80194950      0.720000029    
        1392  -3.64191628       3.45983791      0.720000029    
        1394  -3.68736243       3.15611768      0.709999979    
        1396  -4.02796412       2.09002829      0.730000019    
        1398  -4.09619570       2.00065613      0.730000019    
        1400  -3.91688776       2.53397226      0.730000019    
        1402  -3.91092324       2.34162855      0.730000019    
        1404  -3.79121494       2.78113747      0.730000019    
        1406  -3.88194799       2.60525441      0.730000019    
        1408  -3.64988422       3.50899649      0.730000019    
        1410  -3.65200424       3.32645249      0.730000019    
        1412  -3.68629217       2.97266054      0.730000019    
        1414  -3.87744784       2.46171713      0.740000010    
        1416  -4.01403141       1.84012163      0.740000010    
        1418  -3.87336731       2.86759138      0.740000010    
        1420  -3.85477424       3.10570073      0.740000010    
        1422  -3.74301767       3.52071643      0.740000010    
        1424  -3.64130855       3.41070747      0.730000019    
        1426  -3.75144506       3.39184141      0.740000010    
        1428  -3.89972138       2.94442868      0.740000010    
        1430  -3.99503016       2.44448447      0.740000010    
        1432  -3.93170643       2.58008838      0.740000010    
        1434  -3.81139708       2.85171676      0.730000019    
        1436  -3.78909087       3.30445194      0.730000019    
        1438  -3.87254858       2.92547464      0.730000019    
        1440  -3.55176497       4.37821674      0.730000019    
        1442  -3.79171443       3.37275100      0.720000029    
        1444  -3.91269350       2.73089147      0.720000029    
        1446  -3.80457163       3.00406647      0.709999979    
        1448  -3.94313169       2.43594170      0.699999988    
        1450  -3.93753767       2.39775062      0.699999988    
        1452  -4.13397980       1.18481803      0.699999988    
        1454  -4.02659416       2.04542780      0.699999988    
        1456  -3.76326513       3.02444506      0.699999988    
        1458  -3.84848309       2.85388494      0.699999988    
        1460  -3.68340898       3.45312691      0.699999988    
        1462  -4.05075169       1.76589000      0.699999988    
        1464  -3.74772787       2.23085117      0.689999998    
        1466  -3.58473611       2.69607687      0.689999998    
        1468  -3.63808537       2.49274111      0.689999998    
        1470  -3.60574031       2.54825473      0.689999998    
        1472  -3.69189644       2.43613338      0.689999998    
        1474  -3.56290245       2.74136209      0.699999988    
        1476  -3.32383513       3.31351638      0.699999988    
        1478  -3.60391974       2.49187636      0.699999988    
        1480  -3.74431515       2.33194304      0.709999979    
        1482  -3.73955035       2.01613426      0.709999979    
        1484  -3.77431774       1.86273968      0.709999979    
        1486  -3.91123033       1.29537737      0.699999988    
        1488  -3.71410608       2.48772860      0.699999988    
        1490  -3.35100865       3.59075332      0.689999998    
        1492  -3.33908606       3.65624070      0.689999998    
        1494  -3.59871626       2.77283955      0.699999988    
        1496  -3.74123573       2.40284944      0.699999988    
        1498  -3.91978312       1.83305573      0.699999988    
        1500  -4.01621962      0.939720750      0.699999988    
        1502  -3.75840068       1.60129273      0.689999998    
        1504  -3.58672309       2.64665365      0.689999998    
        1506  -3.55258632       2.97317529      0.689999998    
        1508  -3.32614183       3.57539916      0.689999998    
        1510  -3.50103188       2.96334362      0.680000007    
        1512  -3.75492740       1.95664632      0.680000007    
        1514  -3.41385365       3.05031633      0.670000017    
        1516  -3.42659426       3.04743314      0.670000017    
        1518  -3.58881736       2.35621357      0.670000017    
        1520  -3.58091092       2.65473390      0.680000007    
        1522  -3.67109680       2.66048789      0.689999998    
        1524  -3.77511716       2.06756616      0.689999998    
        1526  -3.77077341       2.45886874      0.689999998    
        1528  -3.80680060       2.45373201      0.699999988    
        1530  -3.73273921       2.58735514      0.689999998    
        1532  -3.67194343       2.61450577      0.689999998    
        1534  -3.51175761       3.45828485      0.689999998    
        1536  -3.55069327       3.02139497      0.680000007    
        1538  -3.59375739       2.57497048      0.680000007    
        1540  -3.88401246       1.31309664      0.670000017    
        1542  -3.67492223       1.63617373      0.670000017    
        1544  -3.42159319       2.97517586      0.670000017    
        1546  -3.55865645       2.32562304      0.670000017    
        1548  -3.85329366       1.34273994      0.680000007    
        1550  -3.75179815       1.72868526      0.680000007    
        1552  -3.65873289       1.96737671      0.689999998    
        1554  -3.58056331       2.30587935      0.689999998    
        1556  -3.69478631       1.73491180      0.680000007    
        1558  -3.60456800       2.40828776      0.680000007    
        1560  -3.56984186       2.61402798      0.689999998    
        1562  -3.34206057       3.47174168      0.689999998    
        1564  -3.60235715       2.74975395      0.689999998    
        1566  -3.55281091       2.96141839      0.689999998    
        1568  -3.77009678       1.64659083      0.680000007    
        1570  -3.69660521       2.19827724      0.680000007    
        1572  -3.13131356       3.79032683      0.670000017    
        1574  -3.73297405       1.31738436      0.660000026    
        1576  -3.38753128       2.13301134      0.649999976    
        1578  -3.26477456       2.42873287      0.639999986    
        1580  -3.67088985       1.53916883      0.629999995    
        1582  -3.23562407       2.86542416      0.629999995    
        1584  -3.45619440       1.91444588      0.629999995    
        1586  -3.55535889       1.21500015      0.629999995    
        1588  -3.47621465       1.73723352      0.629999995    
        1590  -3.59665442      0.890049934      0.629999995    
        1592  -3.58137393       1.46529663      0.649999976    
        1594  -3.40057373       2.17745948      0.649999976    
        1596  -3.41289425       2.66668367      0.660000026    
        1598  -3.28650904       3.24683189      0.670000017    
        1600  -3.45084405       2.84194756      0.680000007    
        1602  -3.56933451       2.35717559      0.680000007    
        1604  -3.60337687       2.31122160      0.680000007    
        1606  -3.70343614       1.71735644      0.680000007    
        1608  -3.57040811       2.40850568      0.680000007    
        1610  -3.64866853       1.65767288      0.680000007    
        1612  -3.72311592       1.13793755      0.670000017    
        1614  -3.68153787       1.07541060      0.670000017    
        1616  -3.48874879       1.78426766      0.670000017    
        1618  -3.35201335       2.47414851      0.670000017    
        1620  -3.42998099       2.29282355      0.670000017    
        1622  -3.36936378       2.72949100      0.670000017    
        1624  -3.45561266       2.68255520      0.670000017    
        1626  -3.80743647       1.51846778      0.670000017    
        1628  -3.61193967       2.12098765      0.670000017    
        1630  -3.69019151       1.84485543      0.660000026    
        1632  -3.52985191       3.03785324      0.680000007    
        1634  -3.87543845       2.21086264      0.689999998    
        1636  -4.05417824       1.49367130      0.689999998    
        1638  -4.01113892       2.27815676      0.689999998    
        1640  -3.63980103       3.93674183      0.689999998    
        1642  -3.60349250       4.06287050      0.699999988    
        1644  -3.71372080       3.61666226      0.699999988    
        1646  -3.53827524       4.08008051      0.699999988    
        1648  -3.72032046       3.12102914      0.699999988    
        1650  -4.10812712       1.60518825      0.699999988    
        1652  -3.93286037       2.07580733      0.699999988    
        1654  -3.91500020       2.45846701      0.709999979    
        1656  -3.89027309       2.56877875      0.709999979    
        1658  -3.80800581       3.06903386      0.720000029    
        1660  -3.89567232       2.53558612      0.740000010    
        1662  -3.99060631       2.24077845      0.740000010    
        1664  -3.89369416       2.50816035      0.730000019    
        1666  -3.91973448       2.55363321      0.730000019    
        1668  -3.74845672       2.94085670      0.720000029    
        1670  -3.90573025       1.95390284      0.709999979    
        1672  -3.82132363       2.69908118      0.720000029    
        1674  -3.66878533       3.00384831      0.709999979    
        1676  -3.64944625       3.01653743      0.709999979    
        1678  -3.34050775       3.51693416      0.699999988    
        1680  -3.86784101       1.61800861      0.689999998    
        1682  -3.77468562       2.00900435      0.699999988    
        1684  -3.80029058       2.44068766      0.699999988    
        1686  -3.75935841       2.57140207      0.699999988    
        1688  -3.56466293       2.94494343      0.689999998    
        1690  -3.65368605       2.52917695      0.689999998    
        1692  -3.68245554       2.35847783      0.689999998    
        1694  -3.56310725       3.34695697      0.699999988    
        1696  -3.58834076       2.94593930      0.699999988    
        1698  -3.30705333       4.16995573      0.720000029    
        1700  -3.77768540       2.46680260      0.720000029    
        1702  -3.75321698       2.42583227      0.720000029    
        1704  -3.68411350       2.59596896      0.709999979    
        1706  -3.69289684       2.72050667      0.720000029    
        1708  -3.87659383       1.96771920      0.720000029    
        1710  -3.74290276       1.98625290      0.709999979    
        1712  -3.86411715       1.35000074      0.709999979    
        1714  -3.98963928       1.04528713      0.699999988    
        1716  -3.87840390       1.19909525      0.699999988    
        1718  -3.80973816       1.74491608      0.699999988    
        1720  -3.82209349       1.53033578      0.699999988    
        1722  -3.98399949       1.24734330      0.709999979    
        1724  -3.84991097       2.10864449      0.709999979    
        1726  -3.49686646       3.23404789      0.709999979    
        1728  -3.68895006       2.48539662      0.699999988    
        1730  -3.89635062       1.61515439      0.699999988    
        1732  -3.80751514       2.06229067      0.699999988    
        1734  -3.70283842       2.31811929      0.699999988    
        1736  -3.49278402       3.72396374      0.709999979    
        1738  -3.53536963       3.63624239      0.709999979    
        1740  -3.73163319       2.76142669      0.709999979    
        1742  -3.72213602       2.55533195      0.709999979    
        1744  -3.72822618       2.70783710      0.709999979    
        1746  -3.62331510       3.22202516      0.709999979    
        1748  -3.48034739       4.07157516      0.709999979    
        1750  -3.76630831       2.57007074      0.720000029    
        1752  -3.70507073       2.72137547      0.720000029    
        1754  -3.82364869       2.13175130      0.720000029    
        1756  -3.80054379       2.28948998      0.720000029    
        1758  -3.94184375       2.16011286      0.740000010    
        1760  -3.81180072       3.12296414      0.740000010    
        1762  -3.59833646       4.44628525      0.750000000    
        1764  -3.82837296       3.79666352      0.750000000    
        1766  -3.89626884       3.50712323      0.750000000    
        1768  -3.91760373       3.21285868      0.750000000    
        1770  -3.94398546       3.00805187      0.750000000    
        1772  -3.95537925       2.97719193      0.750000000    
        1774  -4.14580059       2.62801981      0.759999990    
        1776  -4.19786215       2.75763583      0.759999990    
        1778  -3.77274990       3.86953998      0.750000000    
        1780  -3.37234831       5.73883343      0.759999990    
        1782  -3.85833955       3.84733868      0.769999981    
        1784  -4.05006599       3.07275534      0.769999981    
        1786  -3.88326550       3.51811361      0.769999981    
        1788  -3.69714379       4.50276279      0.769999981    
        1790  -3.63112426       4.30205059      0.759999990    
        1792  -3.77984476       3.56575274      0.759999990    
        1794  -3.87112570       2.65812278      0.740000010    
        1796  -3.63679576       3.56663203      0.740000010    
        1798  -3.58523822       3.83484316      0.740000010    
        1800  -3.92188478       2.66985321      0.740000010    
        1802  -3.62315845       3.89289999      0.740000010    
        1804  -3.80815768       3.13579774      0.740000010    
        1806  -3.75981784       3.64408851      0.750000000    
        1808  -3.90217924       3.05734253      0.750000000    
        1810  -3.83144546       3.18875599      0.750000000    
        1812  -3.78194857       3.01112986      0.740000010    
        1814  -3.74225140       3.54100633      0.740000010    
        1816  -3.85595107       2.64090729      0.740000010    
        1818  -3.63061666       3.50868225      0.740000010    
        1820  -3.87614155       3.05370879      0.750000000    
        1822  -3.96920133       2.26073194      0.750000000    
        1824  -4.06885338       2.10579062      0.740000010    
        1826  -3.93198562       2.67003345      0.750000000    
        1828  -3.94726086       2.82782197      0.750000000    
        1830  -4.03376055       2.39473367      0.759999990    
        1832  -3.84046435       3.03783584      0.750000000    
        1834  -3.92176938       2.46595764      0.750000000    
        1836  -3.85806823       3.10518789      0.750000000    
        1838  -3.89209294       2.49499273      0.750000000    
        1840  -3.82180476       2.45897627      0.740000010    
        1842  -4.06256580       1.59055674      0.740000010    
        1844  -3.60158491       3.40939832      0.740000010    
        1846  -3.70937634       2.94947314      0.730000019    
        1848  -3.79477239       3.00130010      0.740000010    
        1850  -3.79675174       3.42682505      0.740000010    
        1852  -3.96212530       3.24918938      0.750000000    
        1854  -3.86477971       3.25418043      0.740000010    
        1856  -4.00880337       2.36114764      0.730000019    
        1858  -3.83569121       3.31514907      0.730000019    
        1860  -3.84855986       3.05683780      0.720000029    
        1862  -3.75192833       3.59404635      0.730000019    
        1864  -3.91196251       2.75468874      0.740000010    
        1866  -3.97103310       2.23683619      0.740000010    
        1868  -3.97640729       2.03915763      0.740000010    
        1870  -4.07262707       1.55207860      0.740000010    
        1872  -3.83556008       3.07027221      0.750000000    
        1874  -3.88305926       2.69535732      0.750000000    
        1876  -4.00077152       2.19976282      0.750000000    
        1878  -3.83359838       2.89772964      0.750000000    
        1880  -3.87740278       2.35176253      0.750000000    
        1882  -3.72028351       3.18800378      0.750000000    
        1884  -3.73991346       2.82932067      0.740000010    
        1886  -3.94444895       1.63118935      0.730000019    
        1888  -4.02650166       1.51121151      0.730000019    
        1890  -3.91781068       2.23512959      0.730000019    
        1892  -3.76722240       2.30035067      0.720000029    
        1894  -3.75902367       2.18348742      0.720000029    
        1896  -3.79976726       2.14072204      0.720000029    
        1898  -3.92165422       1.80290473      0.730000019    
        1900  -3.80331922       2.26570201      0.730000019    
        1902  -3.91454911       2.01375651      0.730000019    
        1904  -3.97121572       1.95550609      0.740000010    
        1906  -3.59337378       3.60083318      0.740000010    
        1908  -3.79545617       2.71589661      0.740000010    
        1910  -3.89934587       2.45376945      0.750000000    
        1912  -4.12347317       1.62909806      0.759999990    
        1914  -3.97299075       2.42676854      0.759999990    
        1916  -4.01739740       1.88612461      0.759999990    
        1918  -3.94573092       2.08669329      0.759999990    
        1920  -3.89870620       2.03578925      0.740000010    
        1922  -3.84260488       1.95060778      0.730000019    
        1924  -4.07120371       1.26960802      0.740000010    
        1926  -3.97096491       2.37461901      0.750000000    
        1928  -3.88121152       2.55431247      0.750000000    
        1930  -3.86711073       2.75796437      0.750000000    
        1932  -3.58617330       3.95921612      0.750000000    
        1934  -3.68097901       3.72816253      0.750000000    
        1936  -3.98346949       2.63288307      0.750000000    
        1938  -3.91598392       2.60476971      0.750000000    
        1940  -3.92345166       2.51915598      0.750000000    
        1942  -3.92785573       2.39739847      0.750000000    
        1944  -4.03584480       1.87587202      0.759999990    
        1946  -3.98683715       2.04116964      0.759999990    
        1948  -3.95729017       2.73796964      0.769999981    
        1950  -4.00729275       3.02155256      0.769999981    
        1952  -3.93409944       3.49040031      0.769999981    
        1954  -3.75352240       4.38225603      0.769999981    
        1956  -3.81855106       4.31303549      0.769999981    
        1958  -3.67316532       4.87076426      0.769999981    
        1960  -3.78747559       4.67604923      0.779999971    
        1962  -4.03159952       2.96999979      0.779999971    
        1964  -4.17932320       2.70171142      0.790000021    
        1966  -4.04445362       3.72468495      0.790000021    
        1968  -4.07263994       3.50279212      0.800000012    
        1970  -4.08765459       3.62013531      0.800000012    
        1972  -4.15474892       3.25665379      0.800000012    
        1974  -4.05023146       3.50199294      0.790000021    
        1976  -3.96150446       4.12546062      0.790000021    
        1978  -4.10567284       3.55014539      0.790000021    
        1980  -4.12919426       3.11460638      0.779999971    
        1982  -4.15642548       3.12238836      0.779999971    
        1984  -4.03764820       3.38807559      0.779999971    
        1986  -4.21742964       2.81514716      0.779999971    
        1988  -4.35665989       2.33803773      0.779999971    
        1990  -4.16882753       2.87216949      0.779999971    
        1992  -4.17812538       2.87026906      0.779999971    
        1994  -3.98651838       3.79932618      0.779999971    
        1996  -3.96709800       3.54077768      0.779999971    
        1998  -4.00168180       3.46486759      0.779999971    
        2000  -3.94076705       3.59358478      0.779999971    
        2002  -3.94617152       3.52847815      0.790000021    
        2004  -3.98569894       3.47472429      0.790000021    
        2006  -3.95608091       3.09063601      0.769999981    
        2008  -4.02716064       3.10538769      0.769999981    
        2010  -3.93609190       3.39184451      0.769999981    
        2012  -3.96147156       3.11512899      0.769999981    
        2014  -3.87416601       3.56392789      0.769999981    
        2016  -3.93423247       3.82565808      0.769999981    
        2018  -3.87847948       4.37502384      0.769999981    
        2020  -3.94983220       4.16380930      0.769999981    
        2022  -4.11639357       2.81548882      0.769999981    
        2024  -4.25876760       2.32224059      0.779999971    
        2026  -3.95770049       3.51625729      0.779999971    
        2028  -3.82444954       3.81629372      0.769999981    
        2030  -3.76659346       4.42007446      0.769999981    
        2032  -3.75021696       4.01168823      0.750000000    
        2034  -3.84882402       3.11846137      0.740000010    
        2036  -3.87528515       3.37637138      0.740000010    
        2038  -3.88843560       2.78092837      0.740000010    
        2040  -3.81680918       3.16625857      0.740000010    
        2042  -3.67930508       3.54306626      0.740000010    
        2044  -3.85340333       3.02092481      0.750000000    
        2046  -3.86140704       3.12482476      0.750000000    
        2048  -3.63609457       3.42683411      0.740000010    
        2050  -3.79252839       2.70247555      0.740000010    
        2052  -3.78362274       3.08310843      0.730000019    
        2054  -3.72701430       3.22897744      0.720000029    
        2056  -3.92770934       2.31534004      0.709999979    
        2058  -3.77728629       2.65920472      0.699999988    
        2060  -3.97471762       1.74628079      0.699999988    
        2062  -3.92180991       1.99654520      0.689999998    
        2064  -4.04259777       1.68601871      0.680000007    
        2066  -3.70212746       2.52658558      0.670000017    
        2068  -3.71372509       2.63995910      0.670000017    
        2070  -3.57692146       3.06047297      0.670000017    
        2072  -3.50822091       3.26183915      0.680000007    
        2074  -3.54165459       2.74144721      0.680000007    
        2076  -3.67054462       2.33179808      0.680000007    
        2078  -3.72007203       2.04224277      0.680000007    
        2080  -3.59839201       2.09508443      0.680000007    
        2082  -3.58819747       2.36982369      0.680000007    
        2084  -3.64910603       1.74092698      0.670000017    
        2086  -3.70494008       1.56481910      0.670000017    
        2088  -3.63224292       1.89348459      0.680000007    
        2090  -3.54398417       2.22301126      0.680000007    
        2092  -3.63824010       2.07084894      0.680000007    
        2094  -3.40329838       2.54048276      0.670000017    
        2096  -3.44690156       2.16829658      0.670000017    
        2098  -3.42897701       2.16248155      0.660000026    
        2100  -3.41233945       3.00935268      0.680000007    
        2102  -3.41227198       2.58979249      0.680000007    
        2104  -3.46222258       2.13048124      0.680000007    
        2106  -3.67973804       1.95363605      0.689999998    
        2108  -3.65233994       1.66050267      0.689999998    
        2110  -3.62475276       1.72614908      0.680000007    
        2112  -3.69579339       1.73974633      0.680000007    
        2114  -3.49042821       2.69997478      0.670000017    
        2116  -3.64914703       2.02736878      0.670000017    
        2118  -3.64966416       1.47743535      0.670000017    
        2120  -3.57738948       1.34110117      0.660000026    
        2122  -3.61049199       1.80567038      0.660000026    
        2124  -3.67908645       1.58195984      0.680000007    
        2126  -3.65887570       2.12498975      0.680000007    
        2128  -3.50442410       2.91918612      0.680000007    
        2130  -3.64343619       2.58242249      0.689999998    
        2132  -3.41030264       3.44447303      0.689999998    
        2134  -3.84347701       1.56611145      0.689999998    
        2136  -3.72554493       1.99035561      0.689999998    
        2138  -3.78714633       1.41652799      0.680000007    
        2140  -3.40512252       2.68213534      0.670000017    
        2142  -3.40392423       2.54331779      0.670000017    
        2144  -3.40736699       2.53787017      0.660000026    
        2146  -3.48890924       1.91114151      0.649999976    
        2148  -3.60558081       1.93655622      0.660000026    
        2150  -3.63664603       1.91711748      0.660000026    
        2152  -3.67606497       2.02118182      0.660000026    
        2154  -3.59712243       1.89565778      0.660000026    
        2156  -3.44077182       2.35631037      0.660000026    
        2158  -3.38521242       2.42883873      0.649999976    
        2160  -3.66802168       1.20139313      0.639999986    
        2162  -3.49364805       1.87387168      0.629999995    
        2164  -3.34325433       2.50727415      0.649999976    
        2166  -3.52768445       2.47421861      0.660000026    
        2168  -3.53446746       2.26530480      0.649999976    
        2170  -3.56669474       1.85677886      0.639999986    
        2172  -3.17067695       2.82952547      0.639999986    
        2174  -3.49913454       1.90387094      0.639999986    
        2176  -3.51316524       2.18061662      0.649999976    
        2178  -3.46377444       2.21561885      0.660000026    
        2180  -3.16259265       3.46288824      0.660000026    
        2182  -3.61358857       2.22580004      0.670000017    
        2184  -3.79160023       1.43686473      0.670000017    
        2186  -3.77404261       1.88041604      0.670000017    
        2188  -3.49329138       2.17439270      0.660000026    
        2190  -3.40673542       2.20168567      0.649999976    
        2192  -3.43224001       2.05896783      0.649999976    
        2194  -3.47773361       2.16441703      0.649999976    
        2196  -3.68874955       1.26656580      0.649999976    
        2198  -3.80666018      0.453700006      0.649999976    
        2200  -3.48781204       1.91368973      0.649999976    
        2202  -3.49616432       1.85373187      0.649999976    
        2204  -3.62954044       1.48904777      0.660000026    
        2206  -3.78374648      0.825522125      0.649999976    
        2208  -3.51923943       1.62246001      0.649999976    
        2210  -3.67508459       1.29426491      0.649999976    
        2212  -3.63345742       1.29048300      0.639999986    
        2214  -3.50965643       2.20545292      0.639999986    
        2216  -3.70317173       1.30861545      0.629999995    
        2218  -3.48145580       1.97739935      0.639999986    
        2220  -3.52734137       2.21653628      0.649999976    
        2222  -3.44383526       2.55409241      0.660000026    
        2224  -3.68395829       1.39685822      0.660000026    
        2226  -3.66757345       1.67227113      0.660000026    
        2228  -3.50664997       1.94108951      0.660000026    
        2230  -3.52652645       2.23251987      0.670000017    
        2232  -3.75860739       1.35783613      0.670000017    
        2234  -3.66295409       1.74572015      0.670000017    
        2236  -3.51924634       2.10203004      0.670000017    
        2238  -3.19508553       3.55803037      0.670000017    
        2240  -3.39368105       3.08448792      0.680000007    
        2242  -3.31023645       2.81968355      0.670000017    
        2244  -3.22469139       3.02193117      0.670000017    
        2246  -3.54540205       2.08619595      0.680000007    
        2248  -3.32516360       3.27752066      0.680000007    
        2250  -3.02626514       4.24315739      0.660000026    
        2252  -3.47465038       2.56569195      0.649999976    
        2254  -3.47831869       2.23167491      0.660000026    
        2256  -3.89263940      0.682695687      0.670000017    
        2258  -3.53875160       1.60957837      0.670000017    
        2260  -3.61387706       1.61720169      0.670000017    
        2262  -3.59078550       2.21471858      0.680000007    
        2264  -3.53272438       2.61132479      0.689999998    
        2266  -3.59349394       1.82101142      0.680000007    
        2268  -3.50684738       2.32783437      0.689999998    
        2270  -3.77875566       1.32982337      0.689999998    
        2272  -3.86334443       1.66553462      0.699999988    
        2274  -3.93129683       1.50499594      0.699999988    
        2276  -3.76470709       1.95705235      0.699999988    
        2278  -3.82649732       1.66179395      0.699999988    
        2280  -3.71044302       2.39282298      0.709999979    
        2282  -3.89951468       1.59386933      0.709999979    
        2284  -3.51251650       3.25117135      0.720000029    
        2286  -3.83195424       2.04838109      0.720000029    
        2288  -3.72664142       2.40968251      0.720000029    
        2290  -3.75620818       2.69882417      0.720000029    
        2292  -3.71405602       2.37003827      0.709999979    
        2294  -3.71018481       2.83482099      0.709999979    
        2296  -3.53825140       2.45957446      0.689999998    
        2298  -3.64753389       2.21977067      0.689999998    
        2300  -3.60137200       2.15829229      0.689999998    
        2302  -3.51927686       2.46420145      0.689999998    
        2304  -3.53242993       2.53078365      0.689999998    
        2306  -3.42640710       2.85478592      0.680000007    
        2308  -3.68509984       2.29742193      0.680000007    
        2310  -3.66673088       2.72236681      0.689999998    
        2312  -3.63317323       2.47970486      0.680000007    
        2314  -3.58902979       2.21107340      0.680000007    
        2316  -3.71551752       1.99521267      0.680000007    
        2318  -3.81070638       1.44009781      0.680000007    
        2320  -3.81043744       1.19803107      0.670000017    
        2322  -3.62136054       1.62339318      0.670000017    
        2324  -3.60788965       1.73586607      0.670000017    
        2326  -3.39818954       2.19795203      0.670000017    
        2328  -3.78238320      0.701969206      0.670000017    
        2330  -3.48199582       1.61652553      0.670000017    
        2332  -3.40603352       1.69416022      0.660000026    
        2334  -3.55761933       1.13441920      0.660000026    
        2336  -3.03236008       2.36846066      0.639999986    
        2338  -3.10037184       2.09272385      0.639999986    
        2340  -3.08148098       1.83467102      0.629999995    
        2342  -3.34744549       1.04766929      0.629999995    
        2344  -3.23230720       1.60878968      0.639999986    
        2346  -3.01534200       2.91701555      0.649999976    
        2348  -3.24226308       2.13441992      0.660000026    
        2350  -3.24134064       1.93651068      0.639999986    
        2352  -3.49762225       1.37417126      0.649999976    
        2354  -3.30101347       2.33353066      0.649999976    
        2356  -3.22991586       2.62822914      0.649999976    
        2358  -3.33390379       2.72752309      0.649999976    
        2360  -3.32221651       1.87765157      0.639999986    
        2362  -3.41697335       1.44955087      0.629999995    
        2364  -2.97922111       2.98061299      0.629999995    
        2366  -3.26554728       1.74370480      0.629999995    
        2368  -3.33077526      0.962363482      0.620000005    
        2370  -3.10735512       1.61469591      0.620000005    
        2372  -3.25673366       1.48413396      0.639999986    
        2374  -3.31478620       1.14197600      0.629999995    
        2376  -3.29305935       1.77936649      0.629999995    
        2378  -3.46201825       1.77168167      0.639999986    
        2380  -3.32133222       2.07957673      0.649999976    
        2382  -3.23409152       2.42317414      0.660000026    
        2384  -3.45346665       1.63316798      0.660000026    
        2386  -3.39036202       2.02590704      0.660000026    
        2388  -3.54951715       1.90749407      0.670000017    
        2390  -3.43766713       2.28254128      0.670000017    
        2392  -3.26970410       3.23946977      0.670000017    
        2394  -3.43728709       2.52154970      0.670000017    
        2396  -3.60389829       1.74935746      0.670000017    
        2398  -3.67799306       1.42879772      0.670000017    
        2400  -3.57708454       2.18390870      0.670000017    
        2402  -3.52293134       2.01209903      0.660000026    
        2404  -3.45931697       2.71075368      0.670000017    
        2406  -3.31403351       3.21597528      0.670000017    
        2408  -3.82468772       1.51201820      0.680000007    
        2410  -3.98866963      0.674563587      0.670000017    
        2412  -3.68671393       1.62473619      0.670000017    
        2414  -3.69059587       1.91499746      0.680000007    
        2416  -3.75251436       1.77697420      0.670000017    
        2418  -3.74830818       1.53643107      0.670000017    
        2420  -3.57402253       2.41315627      0.680000007    
        2422  -3.91075563       1.02789783      0.680000007    
        2424  -3.70411921       2.14423275      0.680000007    
        2426  -3.68873835       2.51188231      0.689999998    
        2428  -3.77075481       2.26390195      0.689999998    
        2430  -3.63320756       2.28984308      0.689999998    
        2432  -3.66077781       2.58211684      0.699999988    
        2434  -3.82901382       1.92344928      0.699999988    
        2436  -3.83720875       1.79856026      0.699999988    
        2438  -3.74125266       2.06729603      0.689999998    
        2440  -3.91638494       1.27423966      0.689999998    
        2442  -3.78675389       1.74140930      0.689999998    
        2444  -3.79007411       1.65182400      0.680000007    
        2446  -3.79239750       1.98376822      0.689999998    
        2448  -3.75900722       2.11141014      0.699999988    
        2450  -3.73190999       2.70757413      0.709999979    
        2452  -3.80217266       2.57964659      0.720000029    
        2454  -3.71134663       2.31676698      0.709999979    
        2456  -3.39263701       3.43458319      0.689999998    
        2458  -3.39979482       3.39893723      0.689999998    
        2460  -3.44541097       3.23839498      0.689999998    
        2462  -3.42428517       3.34023857      0.689999998    
        2464  -3.25125313       3.28428626      0.689999998    
        2466  -3.43991113       2.97436810      0.689999998    
        2468  -3.74321532       2.06845355      0.699999988    
        2470  -3.70051622       2.68320060      0.709999979    
        2472  -3.60280395       2.76268029      0.699999988    
        2474  -3.44749713       3.19160461      0.699999988    
        2476  -3.74159050       1.81029069      0.689999998    
        2478  -3.72250056       1.58148026      0.680000007    
        2480  -3.60940218       1.69007099      0.670000017    
        2482  -3.64906359       1.87378907      0.680000007    
        2484  -3.59851289       1.83891582      0.680000007    
        2486  -3.72379661       1.57348192      0.680000007    
        2488  -3.77042198       1.56953716      0.670000017    
        2490  -3.54143739       1.85377562      0.660000026    
        2492  -3.58837223       1.60182929      0.670000017    
        2494  -3.29123211       2.72098565      0.670000017    
        2496  -3.46805501       2.19878817      0.660000026    
        2498  -3.83756518       1.29939854      0.680000007    
        2500  -3.71696401       1.59887516      0.680000007    
        2502  -3.48691607       2.77549171      0.680000007    
        2504  -3.79222965       1.99699283      0.680000007    
        2506  -3.66237712       2.23194456      0.680000007    
        2508  -3.82445073       1.92678583      0.699999988    
        2510  -3.50590062       2.93952203      0.689999998    
        2512  -3.60104084       2.35951781      0.689999998    
        2514  -3.58023834       2.42440939      0.680000007    
        2516  -3.77973914       1.55632520      0.680000007    
        2518  -3.71012521       1.87548590      0.680000007    
        2520  -3.77842951       1.81867385      0.689999998    
        2522  -3.33517599       3.62398052      0.689999998    
        2524  -3.73122048       2.52189302      0.699999988    
        2526  -3.89264393       2.14128757      0.709999979    
        2528  -3.76791930       2.30663657      0.709999979    
        2530  -3.88002443       2.23678160      0.720000029    
        2532  -3.85919905       1.77767158      0.709999979    
        2534  -3.71616817       2.41199374      0.709999979    
        2536  -3.74845409       2.54002047      0.709999979    
        2538  -3.84983158       2.19609737      0.709999979    
        2540  -3.89430451       1.78345191      0.709999979    
        2542  -3.63574958       2.96604919      0.720000029    
        2544  -3.69630289       2.97593117      0.720000029    
        2546  -3.56419778       3.41235900      0.720000029    
        2548  -3.67186117       3.38747907      0.730000019    
        2550  -3.65701532       2.53665280      0.699999988    
        2552  -3.56838036       2.66304994      0.699999988    
        2554  -3.56575608       2.37932897      0.699999988    
        2556  -3.44444156       2.82171345      0.699999988    
        2558  -3.50920582       2.53645110      0.699999988    
        2560  -3.56504869       2.46462822      0.689999998    
        2562  -3.47778106       2.81618810      0.689999998    
        2564  -3.42561030       3.14514875      0.689999998    
        2566  -3.56846142       2.53681159      0.689999998    
        2568  -3.48607516       2.39162421      0.670000017    
        2570  -3.50563908       2.40994287      0.670000017    
        2572  -3.29843974       3.34665751      0.680000007    
        2574  -3.60045362       2.26622558      0.680000007    
        2576  -3.88844395       1.29439127      0.689999998    
        2578  -3.58795691       2.53898096      0.689999998    
        2580  -3.53807521       1.97575128      0.680000007    
        2582  -3.65783286       1.76053178      0.689999998    
        2584  -3.70066190       1.67380917      0.689999998    
        2586  -3.72963691       1.36618650      0.689999998    
        2588  -3.41429758       2.32661366      0.689999998    
        2590  -3.34335256       2.64421844      0.689999998    
        2592  -3.51219893       2.21204329      0.689999998    
        2594  -3.46885800       2.37910938      0.680000007    
        2596  -3.63734889       1.94029534      0.680000007    
        2598  -3.69674516       1.76139927      0.680000007    
        2600  -3.82229543       1.89915287      0.689999998    
        2602  -3.90235496       1.40734470      0.689999998    
        2604  -3.86703062       1.05532038      0.680000007    
        2606  -3.84387374       1.13239539      0.680000007    
        2608  -3.63724446       1.35506129      0.660000026    
        2610  -3.60167050       1.69530463      0.670000017    
        2612  -3.37241626       2.64953446      0.660000026    
        2614  -3.64407420       1.59280539      0.660000026    
        2616  -3.44378734       2.63141036      0.670000017    
        2618  -3.43041778       2.37247515      0.670000017    
        2620  -3.57116938       2.10550308      0.680000007    
        2622  -3.67046046       1.74923468      0.689999998    
        2624  -3.59450054       2.24465132      0.689999998    
        2626  -3.38020706       3.07098079      0.689999998    
        2628  -3.73187757       2.31366682      0.709999979    
        2630  -3.55484438       3.17267728      0.709999979    
        2632  -3.68298554       2.55594444      0.709999979    
        2634  -3.81702161       2.26903486      0.720000029    
        2636  -3.87631083       2.77674365      0.730000019    
        2638  -3.90305090       2.29773569      0.730000019    
        2640  -3.69526625       2.76018405      0.720000029    
        2642  -3.80967546       2.75546741      0.730000019    
        2644  -3.69268060       3.17959046      0.720000029    
        2646  -3.63503599       2.98717618      0.709999979    
        2648  -3.60174179       3.72635508      0.730000019    
        2650  -3.49603677       4.40380955      0.730000019    
        2652  -3.65674829       3.06048512      0.730000019    
        2654  -3.80563855       2.85406446      0.730000019    
        2656  -3.74510980       3.46716785      0.730000019    
        2658  -3.52471352       3.79910946      0.720000029    
        2660  -3.64244246       3.49812937      0.720000029    
        2662  -3.78588629       2.53401232      0.720000029    
        2664  -3.94571948       2.08400822      0.720000029    
        2666  -3.88219213       2.60228610      0.730000019    
        2668  -4.06481600       2.22298074      0.730000019    
        2670  -4.10411882       1.76100755      0.730000019    
        2672  -4.04851437       1.78613019      0.740000010    
        2674  -4.05293322       2.08698320      0.750000000    
        2676  -4.23047066       1.17659879      0.750000000    
        2678  -4.26480436       1.37975585      0.750000000    
        2680  -4.00506401       2.45905709      0.740000010    
        2682  -3.93969822       2.77254868      0.750000000    
        2684  -3.66949892       3.80631614      0.740000010    
        2686  -3.87348938       3.47039962      0.740000010    
        2688  -3.89560413       3.27526855      0.750000000    
        2690  -3.92064619       3.01954222      0.750000000    
        2692  -4.09171677       2.66897726      0.750000000    
        2694  -3.89739442       3.13358831      0.750000000    
        2696  -4.18879843       2.26035953      0.750000000    
        2698  -4.06341362       2.61713362      0.750000000    
        2700  -3.88235879       3.07440853      0.740000010    
        2702  -3.72750401       3.73503613      0.740000010    
        2704  -3.82764697       3.41892910      0.740000010    
        2706  -3.91856170       3.30491495      0.740000010    
        2708  -4.10595322       2.68221855      0.750000000    
        2710  -4.01399946       3.25979066      0.759999990    
        2712  -4.13268661       2.37297511      0.759999990    
        2714  -4.35995960       1.56333506      0.750000000    
        2716  -4.09851122       3.04578257      0.759999990    
        2718  -4.18307877       2.57700682      0.759999990    
        2720  -3.99102378       3.80986285      0.759999990    
        2722  -4.17191696       2.95668888      0.759999990    
        2724  -4.26577759       2.63196635      0.759999990    
        2726  -4.34085703       2.48472023      0.769999981    
        2728  -4.02738810       3.81877136      0.769999981    
        2730  -4.02597380       3.85860252      0.769999981    
        2732  -4.18175840       3.09957600      0.769999981    
        2734  -4.21415949       3.22846913      0.769999981    
        2736  -4.16361809       3.25569081      0.769999981    
        2738  -4.09345818       3.51588035      0.769999981    
        2740  -3.96309829       3.68980169      0.769999981    
        2742  -4.34246397       2.27742696      0.769999981    
        2744  -4.28818846       2.44802809      0.769999981    
        2746  -4.25602293       2.72082138      0.769999981    
        2748  -4.37321663       2.36062527      0.769999981    
        2750  -4.45784616       1.77006769      0.769999981    
        2752  -4.23800182       2.46084595      0.769999981    
        2754  -4.24304533       2.40443134      0.759999990    
        2756  -4.32089090       1.97780132      0.759999990    
        2758  -4.23788452       2.32211637      0.759999990    
        2760  -4.39363241       1.35448730      0.759999990    
        2762  -4.29763842       1.77632403      0.759999990    
        2764  -4.14493847       2.51173830      0.759999990    
        2766  -4.09768772       2.81115746      0.769999981    
        2768  -3.98496604       3.49830008      0.769999981    
        2770  -4.17601871       2.78204417      0.769999981    
        2772  -4.23921347       2.34702492      0.769999981    
        2774  -4.00790882       3.73345470      0.769999981    
        2776  -4.16884422       2.65461779      0.759999990    
        2778  -4.22604036       2.49524641      0.759999990    
        2780  -4.20504236       2.70307827      0.740000010    
        2782  -4.11006546       2.55343437      0.740000010    
        2784  -3.97385788       2.98860455      0.750000000    
        2786  -4.15570688       1.97411835      0.750000000    
        2788  -4.29622889       1.41980255      0.750000000    
        2790  -4.17879629       2.15464807      0.750000000    
        2792  -3.95515895       2.90344572      0.750000000    
        2794  -4.01818514       2.57295561      0.740000010    
        2796  -4.03982019       2.12936473      0.730000019    
        2798  -3.89619493       2.86168742      0.730000019    
        2800  -4.19377232       1.42626035      0.740000010    
        2802  -3.74268270       3.02826023      0.720000029    
        2804  -3.74773741       2.84665394      0.709999979    
        2806  -3.81310248       2.50728846      0.720000029    
        2808  -3.68375635       3.32344055      0.730000019    
        2810  -3.80042863       2.90997291      0.730000019    
        2812  -3.79209185       2.88343906      0.730000019    
        2814  -3.77113438       2.76586199      0.740000010    
        2816  -3.52985096       4.25063467      0.750000000    
        2818  -3.90200043       2.35794258      0.750000000    
        2820  -3.67094684       3.03051639      0.750000000    
        2822  -3.45150161       4.47522497      0.750000000    
        2824  -3.57390547       4.30700970      0.750000000    
        2826  -3.48416996       4.45076895      0.740000010    
        2828  -3.68888164       3.65512204      0.740000010    
        2830  -3.71742892       3.36524177      0.740000010    
        2832  -3.50962949       3.95455289      0.740000010    
        2834  -3.52103615       3.71231174      0.730000019    
        2836  -3.49276400       4.11007261      0.730000019    
        2838  -3.42713451       4.35788727      0.730000019    
        2840  -3.34226131       4.66686296      0.730000019    
        2842  -3.19755840       5.35423183      0.730000019    
        2844  -3.39107370       4.60900021      0.740000010    
        2846  -3.73144150       3.18736601      0.740000010    
        2848  -3.77612591       3.36547518      0.740000010    
        2850  -3.80354881       3.08568025      0.730000019    
        2852  -3.75906706       3.57900643      0.740000010    
        2854  -3.84459758       3.05913210      0.740000010    
        2856  -3.96586967       2.35733867      0.740000010    
        2858  -4.14818954       1.57449174      0.740000010    
        2860  -3.89736915       2.49945188      0.730000019    
        2862  -3.60754275       3.23190546      0.730000019    
        2864  -3.84256339       2.41911626      0.720000029    
        2866  -3.68353748       2.99189758      0.720000029    
        2868  -3.59410954       3.18200469      0.720000029    
        2870  -3.56938362       2.89596128      0.720000029    
        2872  -3.99048901       1.36306858      0.720000029    
        2874  -3.78536129       2.63499045      0.720000029    
        2876  -3.86146927       2.64113140      0.730000019    
        2878  -3.81792116       2.70694613      0.730000019    
        2880  -3.49917960       3.51853561      0.720000029    
        2882  -3.63014126       2.55201650      0.709999979    
        2884  -3.40136790       3.84034848      0.709999979    
        2886  -3.47067809       3.72181654      0.709999979    
        2888  -3.65099692       2.47478700      0.709999979    
        2890  -3.70520234       2.42912459      0.709999979    
        2892  -3.69092035       2.42951322      0.709999979    
        2894  -3.82669044       2.08566022      0.709999979    
        2896  -3.70434642       2.35908866      0.709999979    
        2898  -3.76244164       1.91916323      0.699999988    
        2900  -3.88760543       1.38014758      0.699999988    
        2902  -3.83289504       1.86171901      0.699999988    
        2904  -3.77007794       2.33279872      0.709999979    
        2906  -3.66018414       2.82337809      0.709999979    
        2908  -3.80294275       2.59954000      0.720000029    
        2910  -3.67098379       2.96546364      0.720000029    
        2912  -3.78498435       2.77274823      0.720000029    
        2914  -3.79310322       2.77568936      0.720000029    
        2916  -3.74684095       3.13074660      0.720000029    
        2918  -3.87239718       2.62146568      0.720000029    
        2920  -3.53918600       3.61966991      0.730000019    
        2922  -3.78958154       2.36630630      0.730000019    
        2924  -3.99198270       1.87432575      0.740000010    
        2926  -3.94770622       1.92663014      0.730000019    
        2928  -3.99700665       2.16363072      0.740000010    
        2930  -3.80106854       2.79560304      0.740000010    
        2932  -4.09552145       1.29542494      0.730000019    
        2934  -3.85592985       1.96657360      0.730000019    
        2936  -4.02214336       1.64977777      0.730000019    
        2938  -3.90132785       1.84255672      0.720000029    
        2940  -3.89244461       1.74790716      0.709999979    
        2942  -3.80750036       1.88426125      0.699999988    
        2944  -3.82699895       1.65223563      0.699999988    
        2946  -3.67233109       2.22854519      0.699999988    
        2948  -3.80266571       1.80903280      0.699999988    
        2950  -3.67746997       2.04609108      0.699999988    
        2952  -3.70388126       2.03102350      0.699999988    
        2954  -3.87007833       1.36394930      0.699999988    
        2956  -3.60143638       2.53184485      0.689999998    
        2958  -3.67346692       2.48772478      0.689999998    
        2960  -3.78150225       2.14936447      0.689999998    
        2962  -3.74484706       2.29472542      0.689999998    
        2964  -3.62904954       2.35588264      0.689999998    
        2966  -3.46604609       3.07619119      0.689999998    
        2968  -3.64444947       2.45343137      0.689999998    
        2970  -3.61038995       2.47152853      0.689999998    
        2972  -3.63559842       2.62839913      0.689999998    
        2974  -3.55158281       2.75498676      0.689999998    
        2976  -3.56315660       2.48024797      0.689999998    
        2978  -3.63138103       2.06085896      0.689999998    
        2980  -3.46948791       2.88244724      0.689999998    
        2982  -3.76497388       1.95666254      0.699999988    
        2984  -3.71519685       2.02436566      0.699999988    
        2986  -3.31072092       3.74826336      0.699999988    
        2988  -3.70511532       2.29231477      0.699999988    
        2990  -3.72745585       2.32857895      0.699999988    
        2992  -3.79966545       1.66562438      0.699999988    
        2994  -3.63665605       2.73876834      0.709999979    
        2996  -3.73884368       2.58349872      0.720000029    
        2998  -3.82020473       2.40029478      0.720000029    
        3000  -3.67175078       3.61061740      0.730000019    
        3002  -3.75973463       2.73727989      0.720000029    
        3004  -3.87457323       2.24142551      0.720000029    
        3006  -3.70677590       2.81435966      0.720000029    
        3008  -3.54793763       3.21026134      0.720000029    
        3010  -3.75040770       2.32573342      0.720000029    
        3012  -3.75565600       2.29274440      0.720000029    
        3014  -3.83277130       2.07479620      0.709999979    
        3016  -3.59897161       3.31374454      0.709999979    
        3018  -3.60955477       2.77769375      0.689999998    
        3020  -3.44851327       3.41022658      0.699999988    
        3022  -3.43229342       3.26200604      0.689999998    
        3024  -3.62016082       2.66198063      0.689999998    
        3026  -3.66123796       2.28707933      0.689999998    
        3028  -3.66548705       2.42827916      0.689999998    
        3030  -3.80203915       1.49559212      0.689999998    
        3032  -3.66787958       1.85476089      0.680000007    
        3034  -3.81564140       1.52879846      0.680000007    
        3036  -3.59583569       2.47764945      0.680000007    
        3038  -3.91604900       1.35869777      0.680000007    
        3040  -3.84289598       1.89984632      0.680000007    
        3042  -3.87121058       1.40091848      0.680000007    
        3044  -3.58483648       2.61481905      0.680000007    
        3046  -3.68200994       2.38695765      0.680000007    
        3048  -3.43776584       3.10802841      0.680000007    
        3050  -3.38323236       2.72886682      0.660000026    
        3052  -3.38194466       2.50812769      0.660000026    
        3054  -3.46557951       2.28770447      0.660000026    
        3056  -3.50324917       1.93290091      0.639999986    
        3058  -3.47305751       2.01743221      0.649999976    
        3060  -3.59053969       1.59052980      0.639999986    
        3062  -3.55918050       1.80613852      0.639999986    
        3064  -3.29193616       2.78748202      0.629999995    
        3066  -3.40742040       2.20770931      0.620000005    
        3068  -3.47870612       1.84788692      0.629999995    
        3070  -3.18644214       2.53752375      0.629999995    
        3072  -3.16190743       2.26606274      0.629999995    
        3074  -3.45824528       1.09808433      0.639999986    
        3076  -3.54470229       1.30524254      0.649999976    
        3078  -3.40671968       2.01977181      0.649999976    
        3080  -3.48602033       1.46194208      0.639999986    
        3082  -3.36532688       2.50264621      0.670000017    
        3084  -3.36478686       2.07025433      0.649999976    
        3086  -3.50527215       1.52627325      0.649999976    
        3088  -3.59311485      0.978167236      0.649999976    
        3090  -3.65746951       1.34126008      0.660000026    
        3092  -3.62664175       1.83595324      0.670000017    
        3094  -3.53905201       2.14795852      0.670000017    
        3096  -3.63020229       1.73932648      0.670000017    
        3098  -3.67178750       1.33936799      0.670000017    
        3100  -3.48049521       1.89730489      0.670000017    
        3102  -3.54565120       1.64357483      0.680000007    
        3104  -3.54148579       2.00317383      0.689999998    
        3106  -3.35119534       2.85468960      0.699999988    
        3108  -3.76589060       1.46281719      0.699999988    
        3110  -3.59495306       2.36131501      0.689999998    
        3112  -3.40982461       2.87355375      0.689999998    
        3114  -3.18656969       4.33878613      0.699999988    
        3116  -3.62363386       2.81245208      0.709999979    
        3118  -3.41650462       3.36744452      0.709999979    
        3120  -3.72608852       2.57283282      0.709999979    
        3122  -3.78575611       2.65751386      0.720000029    
        3124  -3.97389674       1.76890075      0.720000029    
        3126  -3.90503025       1.96847177      0.720000029    
        3128  -3.96270633       1.79809511      0.720000029    
        3130  -3.79871869       2.74775529      0.720000029    
        3132  -3.72003102       3.18667150      0.720000029    
        3134  -3.53616595       3.28664613      0.709999979    
        3136  -3.82156992       2.50428700      0.720000029    
        3138  -3.87503433       2.31594801      0.720000029    
        3140  -3.89729762       2.03275228      0.720000029    
        3142  -3.85120082       2.69653893      0.730000019    
        3144  -3.99294496       1.91946614      0.730000019    
        3146  -3.96222806       2.17615938      0.730000019    
        3148  -3.96321702       2.18038034      0.720000029    
        3150  -3.87875152       2.73192859      0.720000029    
        3152  -4.06973171       1.27885008      0.720000029    
        3154  -3.95026207       2.00888801      0.720000029    
        3156  -3.91824055       2.23630071      0.720000029    
        3158  -3.91800308       2.11192060      0.709999979    
        3160  -3.85767150       2.40228367      0.709999979    
        3162  -3.82442403       2.42696214      0.709999979    
        3164  -4.11332607       1.38393605      0.709999979    
        3166  -3.98350334       2.13458848      0.709999979    
        3168  -3.72608614       2.96481276      0.720000029    
        3170  -3.94246864       2.49062872      0.720000029    
        3172  -3.95248723       2.19741011      0.720000029    
        3174  -3.95858121       2.15918446      0.720000029    
        3176  -3.75880146       2.99250960      0.720000029    
        3178  -3.67934704       3.74959588      0.720000029    
        3180  -3.74361181       3.57514358      0.730000019    
        3182  -3.65725064       4.18337011      0.730000019    
        3184  -4.15687084       2.16763043      0.730000019    
        3186  -3.90352249       3.12570834      0.730000019    
        3188  -3.96596456       3.00563359      0.730000019    
        3190  -3.85749245       3.00788116      0.720000029    
        3192  -3.72375560       3.79240274      0.730000019    
        3194  -3.86564994       3.45475507      0.730000019    
        3196  -3.89052558       2.77414107      0.720000029    
        3198  -3.66759729       3.70085859      0.720000029    
        3200  -3.78398299       2.93756557      0.720000029    
        3202  -4.00172186       1.98822248      0.720000029    
        3204  -3.54146171       3.64585829      0.709999979    
        3206  -3.69143724       3.01850414      0.709999979    
        3208  -3.84852219       2.68906641      0.720000029    
        3210  -3.76549840       2.20091200      0.709999979    
        3212  -3.78888226       2.18050694      0.709999979    
        3214  -3.96857214       1.97959459      0.709999979    
        3216  -3.89978409       1.86043358      0.709999979    
        3218  -3.78911972       2.10405922      0.709999979    
        3220  -3.60254192       3.15225244      0.709999979    
        3222  -3.76014590       2.68993711      0.709999979    
        3224  -3.69858479       3.01598644      0.709999979    
        3226  -3.64433122       3.21551967      0.709999979    
        3228  -3.62826681       2.84116793      0.689999998    
        3230  -3.54753590       3.43096924      0.709999979    
        3232  -3.82914972       2.65785050      0.709999979    
        3234  -3.96788311       1.94860470      0.709999979    
        3236  -3.91122723       2.30316901      0.720000029    
        3238  -3.79648566       2.63995147      0.720000029    
        3240  -3.89785314       2.25242352      0.720000029    
        3242  -3.74508500       2.85421157      0.720000029    
        3244  -3.71540761       3.08911514      0.720000029    
        3246  -3.59131312       2.88017702      0.709999979    
        3248  -3.70647645       2.02175450      0.689999998    
        3250  -3.72812724       1.68866444      0.689999998    
        3252  -3.45811939       3.02848887      0.689999998    
        3254  -3.67607141       2.96435118      0.709999979    
        3256  -3.79948473       2.10820317      0.709999979    
        3258  -3.89306474       1.78322053      0.709999979    
        3260  -3.89732218       1.83228016      0.709999979    
        3262  -3.70418978       2.34739089      0.699999988    
        3264  -3.52652121       2.92232919      0.689999998    
        3266  -4.06271076       1.11932421      0.689999998    
        3268  -3.96540880       1.93968272      0.699999988    
        3270  -3.66229463       3.25589347      0.709999979    
        3272  -3.69483066       2.74535537      0.709999979    
        3274  -3.80058646       2.63146138      0.709999979    
        3276  -3.55776763       3.56805706      0.699999988    
        3278  -3.55035686       3.59900737      0.699999988    
        3280  -3.63756204       3.22074175      0.699999988    
        3282  -3.69549727       3.12550187      0.699999988    
        3284  -3.64978552       3.47382426      0.699999988    
        3286  -3.81048489       3.03504419      0.699999988    
        3288  -3.85829902       2.83966041      0.699999988    
        3290  -3.94631505       2.13350677      0.689999998    
        3292  -4.01870012       2.01310658      0.689999998    
        3294  -3.81855416       2.13602400      0.680000007    
        3296  -3.84991527       1.74064815      0.689999998    
        3298  -4.00322771       1.36944759      0.680000007    
        3300  -3.79351115       2.02953410      0.689999998    
        3302  -3.88263583       1.92592216      0.689999998    
        3304  -3.67208004       2.60585189      0.689999998    
        3306  -3.68979669       2.52581263      0.689999998    
        3308  -3.78233576       2.13428068      0.689999998    
        3310  -3.79481626       2.32346630      0.689999998    
        3312  -3.60949469       3.32246733      0.689999998    
        3314  -3.96113133       2.20051908      0.689999998    
        3316  -3.86001229       2.46519756      0.699999988    
        3318  -3.90878201       2.57913017      0.720000029    
        3320  -3.77580428       3.23587728      0.720000029    
        3322  -3.70167232       3.45881438      0.709999979    
        3324  -3.87734604       2.35739708      0.699999988    
        3326  -3.82131696       3.18888378      0.720000029    
        3328  -3.86039925       2.84943032      0.720000029    
        3330  -3.80023980       3.38607168      0.730000019    
        3332  -3.97548628       2.59981585      0.730000019    
        3334  -3.80614781       2.76554203      0.720000029    
        3336  -3.91489601       2.34416676      0.720000029    
        3338  -3.80107713       2.59605169      0.720000029    
        3340  -3.96430182       2.13683414      0.720000029    
        3342  -4.02639723       1.80493295      0.720000029    
        3344  -4.08215332       1.90229881      0.720000029    
        3346  -3.93068409       2.40894842      0.720000029    
        3348  -3.94905448       2.74501085      0.720000029    
        3350  -3.94790268       2.57624483      0.720000029    
        3352  -3.66432452       3.21071625      0.699999988    
        3354  -3.71523118       2.82749224      0.699999988    
        3356  -4.01179552       1.95142829      0.699999988    
        3358  -3.76881909       2.28431654      0.699999988    
        3360  -3.86181545       2.49690533      0.709999979    
        3362  -4.04790783       1.96183407      0.709999979    
        3364  -4.09171104       1.90626442      0.699999988    
        3366  -3.85848761       2.32069254      0.699999988    
        3368  -3.81724143       2.74055862      0.709999979    
        3370  -4.20200729       1.32096994      0.709999979    
        3372  -3.98519325       2.29099154      0.699999988    
        3374  -3.83332133       3.16308904      0.699999988    
        3376  -3.82115436       3.13790011      0.699999988    
        3378  -3.75473809       3.15039062      0.699999988    
        3380  -3.81038094       2.84426975      0.699999988    
        3382  -3.65127492       3.39411592      0.699999988    
        3384  -3.77164912       3.12975287      0.709999979    
        3386  -3.75836277       3.08954597      0.709999979    
        3388  -3.73935580       3.65534186      0.720000029    
        3390  -3.60217738       4.14160013      0.730000019    
        3392  -3.89274669       3.35465932      0.730000019    
        3394  -3.80364370       3.59428811      0.730000019    
        3396  -3.51101995       4.60639811      0.730000019    
        3398  -3.80503488       3.33594108      0.720000029    
        3400  -3.70483899       3.75433183      0.730000019    
        3402  -3.91578865       2.49144077      0.720000029    
        3404  -3.60294199       3.82429123      0.720000029    
        3406  -3.87562680       2.17238307      0.709999979    
        3408  -3.78669429       2.65742564      0.720000029    
        3410  -3.61853600       3.21967316      0.720000029    
        3412  -3.95168567       2.14645576      0.730000019    
        3414  -3.92796898       2.32090521      0.730000019    
        3416  -4.09543467       1.70052063      0.730000019    
        3418  -3.84352279       2.86278248      0.730000019    
        3420  -3.80738211       3.21747732      0.730000019    
        3422  -3.76930356       2.86805964      0.730000019    
        3424  -3.95753622       1.23387218      0.709999979    
        3426  -3.81604338       2.03847671      0.709999979    
        3428  -3.70454073       2.69969416      0.709999979    
        3430  -3.80871892       2.53355336      0.709999979    
        3432  -3.75461149       2.77155161      0.720000029    
        3434  -3.67551351       3.15447307      0.720000029    
        3436  -3.73626876       3.21106172      0.730000019    
        3438  -3.86445355       2.38736463      0.730000019    
        3440  -4.00985098       1.99335992      0.730000019    
        3442  -4.19158649       1.86961865      0.730000019    
        3444  -3.64881277       3.88119411      0.730000019    
        3446  -3.58185244       3.90298676      0.709999979    
        3448  -3.86663508       2.31232572      0.699999988    
        3450  -3.62180257       3.56975007      0.699999988    
        3452  -3.94442010       2.23821068      0.699999988    
        3454  -4.02566290       1.93404233      0.699999988    
        3456  -3.81094432       2.30409408      0.699999988    
        3458  -3.74495578       2.97131801      0.709999979    
        3460  -3.85142708       2.50070143      0.709999979    
        3462  -3.87824750       2.33230686      0.709999979    
        3464  -3.82532072       2.51220751      0.709999979    
        3466  -3.84544468       2.70941424      0.709999979    
        3468  -3.63299251       3.37493038      0.709999979    
        3470  -3.55138755       3.67897868      0.709999979    
        3472  -3.74079061       3.19606400      0.709999979    
        3474  -3.74609470       2.52142882      0.699999988    
        3476  -3.71645665       2.78313804      0.699999988    
        3478  -3.64959931       3.19813251      0.699999988    
        3480  -3.70166826       2.72273183      0.680000007    
        3482  -3.76543546       2.48028564      0.689999998    
        3484  -3.84354758       1.92240369      0.689999998    
        3486  -3.93134570       1.96541011      0.689999998    
        3488  -3.83807325       2.35920811      0.689999998    
        3490  -3.94869184       2.11003780      0.709999979    
        3492  -3.92790389       2.38492036      0.720000029    
        3494  -3.86980915       2.59906745      0.720000029    
        3496  -4.04928541       1.71856177      0.720000029    
        3498  -3.91045165       2.38534451      0.720000029    
        3500  -3.73520017       2.85141659      0.720000029    
        3502  -3.65552807       3.09203434      0.709999979    
        3504  -3.66955352       2.43594146      0.689999998    
        3506  -3.80576634       1.95013297      0.689999998    
        3508  -3.80973697       1.44887865      0.689999998    
        3510  -3.77902675       1.64970708      0.689999998    
        3512  -3.76111531       1.79117143      0.689999998    
        3514  -3.85220242       1.82585144      0.689999998    
        3516  -3.78236771       1.64243948      0.680000007    
        3518  -3.61698341       2.26374674      0.680000007    
        3520  -3.56949282       2.45824170      0.680000007    
        3522  -3.69327998       2.00855350      0.680000007    
        3524  -3.63714314       2.49309850      0.680000007    
        3526  -3.63824868       2.36523056      0.670000017    
        3528  -3.71003771       2.08380389      0.670000017    
        3530  -3.64833641       2.51532674      0.689999998    
        3532  -3.72344565       2.60956836      0.680000007    
        3534  -3.78827310       2.29760623      0.689999998    
        3536  -3.66152310       2.55951095      0.689999998    
        3538  -3.66799378       2.44616604      0.680000007    
        3540  -3.68883681       2.26421142      0.670000017    
        3542  -3.73652363       2.14467955      0.670000017    
        3544  -3.51218462       2.47606850      0.649999976    
        3546  -3.55396032       2.07954144      0.649999976    
        3548  -3.73901844       1.09609032      0.639999986    
        3550  -3.59886503       1.41206360      0.629999995    
        3552  -3.65413857       1.17513621      0.629999995    
        3554  -3.34173632       1.98281980      0.629999995    
        3556  -3.45549703       1.29909158      0.629999995    
        3558  -3.16629148       2.22001338      0.629999995    
        3560  -3.05188298       2.81819439      0.620000005    
        3562  -3.17650270       2.33620095      0.620000005    
        3564  -3.10816550       2.22077680      0.620000005    
        3566  -3.09704995       2.55908990      0.629999995    
        3568  -3.36009407       1.65075493      0.629999995    
        3570  -3.51447535       1.13928092      0.629999995    
        3572  -3.29542994       1.81435740      0.629999995    
        3574  -3.31752706       1.83970416      0.629999995    
        3576  -2.87457299       3.94323993      0.649999976    
        3578  -3.37483573       1.96006131      0.649999976    
        3580  -3.23878121       2.28034568      0.649999976    
        3582  -3.36670780       1.77440798      0.649999976    
        3584  -3.52526402       1.49432445      0.649999976    
        3586  -3.20467734       2.55783463      0.639999986    
        3588  -3.34591603       2.12741256      0.639999986    
        3590  -3.41605639       2.29812431      0.660000026    
        3592  -3.51715302       2.19133592      0.660000026    
        3594  -3.64293528       2.06452107      0.670000017    
        3596  -3.83059835       1.28555202      0.670000017    
        3598  -3.62145066       2.43816209      0.689999998    
        3600  -3.68245983       2.00160384      0.689999998    
        3602  -3.71254659       1.75947905      0.689999998    
        3604  -3.82372952       1.35394144      0.689999998    
        3606  -3.52102470       2.71190310      0.689999998    
        3608  -3.72845793       2.02862358      0.689999998    
        3610  -3.76387429       1.74685359      0.689999998    
        3612  -3.65985537       2.34903169      0.689999998    
        3614  -3.65995502       2.38052106      0.689999998    
        3616  -3.56608152       2.43674946      0.689999998    
        3618  -3.79303741       1.78186071      0.699999988    
        3620  -3.66727495       2.12461185      0.689999998    
        3622  -3.80532551       1.92334378      0.699999988    
        3624  -3.82851934       1.42510557      0.689999998    
        3626  -3.52028728       2.19389534      0.680000007    
        3628  -3.60353422       1.83272338      0.680000007    
        3630  -3.70764136       1.51297271      0.680000007    
        3632  -3.71058536       1.48810315      0.680000007    
        3634  -3.86262417      0.954895437      0.689999998    
        3636  -3.82767272       1.37270319      0.680000007    
        3638  -3.95208335       1.53291893      0.689999998    
        3640  -3.70336318       2.49923205      0.689999998    
        3642  -3.55700517       2.90642333      0.689999998    
        3644  -3.26009011       3.79146695      0.689999998    
        3646  -3.55858684       2.81722951      0.689999998    
        3648  -3.63758802       2.38623786      0.689999998    
        3650  -3.42846775       2.17330503      0.680000007    
        3652  -3.57786679       2.05705476      0.680000007    
        3654  -3.42230821       3.08671546      0.689999998    
        3656  -3.41610575       3.00449038      0.689999998    
        3658  -3.54680085       2.47420764      0.689999998    
        3660  -3.70436144       1.88736331      0.689999998    
        3662  -3.66968417       1.98380685      0.689999998    
        3664  -3.74337220       1.78185380      0.689999998    
        3666  -3.66489077       2.30899620      0.680000007    
        3668  -3.88988638       1.73796678      0.680000007    
        3670  -3.77366304       2.16351652      0.670000017    
        3672  -3.73830032       2.45425987      0.670000017    
        3674  -3.75732994       2.15241742      0.670000017    
        3676  -3.79111719       1.62370527      0.670000017    
        3678  -3.65063548       2.12856793      0.670000017    
        3680  -3.91265798       1.23758197      0.660000026    
        3682  -3.91509700       1.20131052      0.660000026    
        3684  -3.86741257       1.20243418      0.660000026    
        3686  -3.54827714       1.99628675      0.660000026    
        3688  -3.59491920       1.63444078      0.660000026    
        3690  -3.48414469       2.29657745      0.670000017    
        3692  -3.60745454       2.09182072      0.660000026    
        3694  -3.46023989       2.61358476      0.670000017    
        3696  -3.37996435       2.61533594      0.649999976    
        3698  -3.52558374       2.27534008      0.649999976    
        3700  -3.54473162       1.86367834      0.649999976    
        3702  -3.55731726       2.17047191      0.660000026    
        3704  -3.70242715       1.46321881      0.660000026    
        3706  -3.39335799       2.40775418      0.660000026    
        3708  -3.78032613       1.15007460      0.660000026    
        3710  -3.63371801       1.99048185      0.680000007    
        3712  -3.41821575       3.26914668      0.689999998    
        3714  -3.75093436       2.01772571      0.689999998    
        3716  -3.62980199       2.34699988      0.680000007    
        3718  -3.65260458       1.99833918      0.689999998    
        3720  -3.65374780       2.33450437      0.689999998    
        3722  -3.36489677       2.88042879      0.680000007    
        3724  -3.25156426       3.23684144      0.680000007    
        3726  -3.18508124       3.48237562      0.689999998    
        3728  -3.44582272       2.30913997      0.670000017    
        3730  -3.63093591       2.21783900      0.680000007    
        3732  -3.62187767       1.89977789      0.670000017    
        3734  -3.76471186       1.62397766      0.670000017    
        3736  -3.50922585       2.05619836      0.660000026    
        3738  -3.54566431       2.18195748      0.660000026    
        3740  -3.54820085       1.97133422      0.660000026    
        3742  -3.51811051       2.78557348      0.670000017    
        3744  -3.85887718       2.05972362      0.680000007    
        3746  -3.63352060       2.23688769      0.660000026    
        3748  -3.73054123       1.95603490      0.660000026    
        3750  -3.60898566       2.66852140      0.670000017    
        3752  -3.79899240       1.96190166      0.670000017    
        3754  -3.80929852       2.01441193      0.670000017    
        3756  -3.42408967       2.84512520      0.670000017    
        3758  -3.37624788       3.43916750      0.670000017    
        3760  -3.45984244       3.12575674      0.670000017    
        3762  -3.51488400       2.52835941      0.670000017    
        3764  -3.64284253       2.60801172      0.680000007    
        3766  -3.64517069       2.41675448      0.680000007    
        3768  -3.48394561       2.68417597      0.680000007    
        3770  -3.47278810       2.87414885      0.680000007    
        3772  -3.43014073       3.14532948      0.680000007    
        3774  -3.57989240       2.53310037      0.680000007    
        3776  -3.21985412       3.90935707      0.689999998    
        3778  -3.55611730       2.88597393      0.689999998    
        3780  -3.87133932       1.49010706      0.689999998    
        3782  -3.91424704       1.17412603      0.689999998    
        3784  -3.94605565      0.877654731      0.699999988    
        3786  -3.87546563       1.22481966      0.699999988    
        3788  -3.94518185       1.26344848      0.699999988    
        3790  -4.00121641       1.00563121      0.689999998    
        3792  -3.75150132       1.81740677      0.689999998    
        3794  -3.71374035       2.01544929      0.689999998    
        3796  -3.76829219       1.73247898      0.689999998    
        3798  -3.88899946       1.16939843      0.689999998    
        3800  -3.67893696       2.16937995      0.689999998    
        3802  -3.65208411       2.59842968      0.689999998    
        3804  -3.53088117       2.82269502      0.689999998    
        3806  -3.34906411       3.94458604      0.699999988    
        3808  -3.87806153       2.43513060      0.709999979    
        3810  -4.04753828       1.80544174      0.709999979    
        3812  -3.95027280       2.43027925      0.709999979    
        3814  -3.97867322       2.28505397      0.709999979    
        3816  -3.82213831       2.37681627      0.720000029    
        3818  -3.78392148       3.11825132      0.730000019    
        3820  -4.15554714       1.65748239      0.730000019    
        3822  -4.00953007       2.51375699      0.730000019    
        3824  -4.08352900       1.80751443      0.720000029    
        3826  -4.07778931       2.08285069      0.720000029    
        3828  -4.03309536       1.92909205      0.720000029    
        3830  -4.01005602       1.63188148      0.709999979    
        3832  -3.90379763       2.47508430      0.709999979    
        3834  -4.05988359       2.23341846      0.709999979    
        3836  -3.93039608       2.31644344      0.709999979    
        3838  -3.85741901       2.35108042      0.709999979    
        3840  -3.76881337       2.65465260      0.699999988    
        3842  -3.68005586       2.90204072      0.699999988    
        3844  -3.69419122       3.09104872      0.699999988    
        3846  -3.58283401       3.68059826      0.699999988    
        3848  -3.70960999       3.12435174      0.699999988    
        3850  -3.54313993       3.66455793      0.699999988    
        3852  -3.73968196       2.58725739      0.680000007    
        3854  -3.76675487       2.48122311      0.689999998    
        3856  -3.69171691       2.84650350      0.689999998    
        3858  -3.69866443       2.80768657      0.689999998    
        3860  -3.69643307       2.96997142      0.689999998    
        3862  -3.75954485       3.87126350      0.709999979    
        3864  -3.72801805       3.82084322      0.720000029    
        3866  -3.75256419       3.91989350      0.720000029    
        3868  -3.39302373       5.57875156      0.730000019    
        3870  -3.73872209       4.03285503      0.730000019    
        3872  -3.96109605       3.27496576      0.730000019    
        3874  -3.71039200       4.33410883      0.740000010    
        3876  -3.68685770       4.63747978      0.740000010    
        3878  -3.93679118       3.34095526      0.740000010    
        3880  -3.81926560       3.61158586      0.740000010    
        3882  -3.90897298       3.25361085      0.740000010    
        3884  -3.76414037       3.63847184      0.730000019    
        3886  -3.72629666       3.65323091      0.720000029    
        3888  -3.86527157       3.53342438      0.730000019    
        3890  -4.00017023       3.03911710      0.730000019    
        3892  -3.95431566       3.05305362      0.730000019    
        3894  -4.14590502       2.41177964      0.740000010    
        3896  -4.02984524       2.97295547      0.740000010    
        3898  -4.09511709       2.34727287      0.740000010    
        3900  -4.10585642       2.37499261      0.740000010    
        3902  -3.94896460       2.85287881      0.740000010    
        3904  -4.05483294       2.82883048      0.750000000    
        3906  -4.00403690       2.94262886      0.750000000    
        3908  -3.66988778       3.95293164      0.750000000    
        3910  -3.70177507       4.11449337      0.750000000    
        3912  -3.93511152       3.51671243      0.750000000    
        3914  -3.96570778       3.34236026      0.750000000    
        3916  -4.02336979       3.28975034      0.750000000    
        3918  -4.02134609       3.06447172      0.750000000    
        3920  -4.11755848       2.69213414      0.750000000    
        3922  -4.20437717       1.94073296      0.750000000    
        3924  -4.12383080       2.40263295      0.750000000    
        3926  -3.95627880       3.35244679      0.750000000    
        3928  -3.78809452       4.02416468      0.750000000    
        3930  -3.97023129       3.02298999      0.750000000    
        3932  -4.14631653       2.28423405      0.750000000    
        3934  -3.97908568       2.73259211      0.750000000    
        3936  -4.01471615       2.58805990      0.750000000    
        3938  -3.80604219       3.59474778      0.750000000    
        3940  -3.96709323       2.87304258      0.750000000    
        3942  -3.89080954       2.96064568      0.750000000    
        3944  -3.95783329       2.94273400      0.750000000    
        3946  -3.88290071       3.30416536      0.750000000    
        3948  -3.85852623       3.67201209      0.740000010    
        3950  -3.98100758       3.01445770      0.740000010    
        3952  -4.09667683       2.30592561      0.740000010    
        3954  -4.03010178       2.68367314      0.740000010    
        3956  -4.09966326       2.55933189      0.750000000    
        3958  -4.02743959       2.81447601      0.750000000    
        3960  -4.07424212       2.58175707      0.750000000    
        3962  -4.15909624       1.78853285      0.740000010    
        3964  -4.03581667       1.52607799      0.730000019    
        3966  -3.99664831       2.21449804      0.740000010    
        3968  -4.16367912       1.93915749      0.740000010    
        3970  -3.91708207       2.94961715      0.730000019    
        3972  -3.77030778       3.70995736      0.730000019    
        3974  -3.97748160       1.93826568      0.709999979    
        3976  -3.91479182       2.16092992      0.709999979    
        3978  -3.91918015       2.43059015      0.709999979    
        3980  -3.84234905       2.57269931      0.709999979    
        3982  -3.61664891       3.86871195      0.709999979    
        3984  -3.71399212       3.19108558      0.720000029    
        3986  -3.73337746       2.37495852      0.699999988    
        3988  -3.91660094       1.28057456      0.689999998    
        3990  -3.64428830       2.57121849      0.689999998    
        3992  -4.08987951      0.952356160      0.689999998    
        3994  -4.00719643       1.30234885      0.689999998    
        3996  -3.92641020       2.48486352      0.709999979    
        3998  -3.83552861       2.98504233      0.709999979    
        4000  -3.74067092       2.40772390      0.699999988    
        4002  -3.82780862       1.87181365      0.699999988    
        4004  -3.89644408       1.80276906      0.699999988    
        4006  -3.72581029       2.47448897      0.699999988    
        4008  -3.59051681       2.69802761      0.689999998    
        4010  -3.69682026       1.76992333      0.680000007    
        4012  -3.43185616       3.44761682      0.689999998    
        4014  -3.40125108       3.72083950      0.689999998    
        4016  -3.67950249       2.62648487      0.689999998    
        4018  -3.34514451       3.79330230      0.699999988    
        4020  -3.48828173       2.93985605      0.699999988    
        4022  -3.59445119       2.66898131      0.699999988    
        4024  -3.76672578       2.00476384      0.689999998    
        4026  -3.76581192       2.45854115      0.699999988    
        4028  -4.01640654       1.33091259      0.699999988    
        4030  -3.85424495       2.54029632      0.699999988    
        4032  -3.88694286       2.79725075      0.699999988    
        4034  -3.71937227       3.67611933      0.709999979    
        4036  -3.83670068       3.21965384      0.709999979    
        4038  -3.63714337       3.39894748      0.689999998    
        4040  -3.86924362       2.70754504      0.699999988    
        4042  -3.71291208       3.25630546      0.699999988    
        4044  -3.69013858       2.80864835      0.699999988    
        4046  -3.61208439       2.85434675      0.699999988    
        4048  -3.56723261       3.04051685      0.689999998    
        4050  -3.66528106       2.70931220      0.689999998    
        4052  -3.47564650       3.39976978      0.689999998    
        4054  -3.75549269       1.81917059      0.689999998    
        4056  -3.78815961       2.00813842      0.680000007    
        4058  -3.59268761       2.76540256      0.680000007    
        4060  -3.39974689       3.14133596      0.680000007    
        4062  -3.85579181       2.16935921      0.689999998    
        4064  -3.66123223       2.94331574      0.689999998    
        4066  -3.77430773       2.03285170      0.689999998    
        4068  -3.75982046       2.28708792      0.699999988    
        4070  -3.59706664       3.06070375      0.699999988    
        4072  -3.95029020       1.74577487      0.699999988    
        4074  -3.85877323       1.78384471      0.699999988    
        4076  -3.66934490       3.07326484      0.699999988    
        4078  -3.80715847       2.61573482      0.699999988    
        4080  -3.64016247       3.51706648      0.720000029    
        4082  -3.99289918       1.98160124      0.720000029    
        4084  -3.76161027       3.03208637      0.720000029    
        4086  -3.92436743       2.07533717      0.720000029    
        4088  -3.81609201       2.63214326      0.720000029    
        4090  -3.63353539       3.51416945      0.720000029    
        4092  -3.78610396       2.57519460      0.720000029    
        4094  -3.68133259       3.54183626      0.730000019    
        4096  -3.72153974       3.48827624      0.730000019    
        4098  -3.53573465       3.68868709      0.720000029    
        4100  -3.81238461       2.82571578      0.720000029    
        4102  -3.54150033       3.60358787      0.720000029    
        4104  -3.76464391       2.67786098      0.720000029    
        4106  -3.69889522       2.83230495      0.720000029    
        4108  -3.88537049       2.12670350      0.720000029    
        4110  -3.87157440       2.42429972      0.720000029    
        4112  -3.85658288       2.36400771      0.720000029    
        4114  -3.71335602       3.05517721      0.730000019    
        4116  -3.75918865       2.99048543      0.730000019    
        4118  -4.08904362       1.55976129      0.730000019    
        4120  -3.74183702       3.23304796      0.730000019    
        4122  -3.86385727       2.82666802      0.730000019    
        4124  -3.62791419       4.10262442      0.730000019    
        4126  -3.77984262       3.57546043      0.730000019    
        4128  -3.70101047       3.50824332      0.730000019    
        4130  -3.94635916       2.46762490      0.730000019    
        4132  -3.50905514       4.28577471      0.730000019    
        4134  -3.67678070       3.44161081      0.720000029    
        4136  -3.80220532       3.19430518      0.730000019    
        4138  -3.76393056       2.42407036      0.709999979    
        4140  -3.72003770       2.37471247      0.709999979    
        4142  -3.58502650       2.57144952      0.709999979    
        4144  -3.57200074       3.02282834      0.720000029    
        4146  -3.47986913       3.46534514      0.720000029    
        4148  -3.35629106       3.67270732      0.709999979    
        4150  -3.64273381       2.97236800      0.720000029    
        4152  -3.91129112       2.10378027      0.720000029    
        4154  -3.82299066       2.38715529      0.720000029    
        4156  -3.80246305       2.73131156      0.720000029    
        4158  -3.63530636       3.07289362      0.720000029    
        4160  -3.77744365       2.45858145      0.720000029    
        4162  -3.90312719       2.39211869      0.720000029    
        4164  -3.64185596       3.51144695      0.730000019    
        4166  -3.82102776       2.21929979      0.730000019    
        4168  -3.71127534       2.92424297      0.730000019    
        4170  -3.91050839       2.15110469      0.730000019    
        4172  -3.66226149       3.01878881      0.730000019    
        4174  -3.53240871       3.21662784      0.720000029    
        4176  -3.69191909       2.28616166      0.720000029    
        4178  -3.51833868       3.44566655      0.720000029    
        4180  -3.51892853       3.37489080      0.730000019    
        4182  -3.95124197       1.76403809      0.730000019    
        4184  -3.91832614       2.15890884      0.730000019    
        4186  -4.16969490       1.44231844      0.740000010    
        4188  -4.06528425       1.76278079      0.740000010    
        4190  -3.94471407       1.92685223      0.740000010    
        4192  -3.82599545       2.30194092      0.730000019    
        4194  -3.68474412       2.90766144      0.730000019    
        4196  -3.83118415       2.25427341      0.730000019    
        4198  -3.95716596       2.08909225      0.740000010    
        4200  -3.57458615       3.83160782      0.740000010    
        4202  -3.85109687       2.68078423      0.720000029    
        4204  -3.88534236       2.55634189      0.709999979    
        4206  -3.56738019       3.82433128      0.709999979    
        4208  -3.49987221       3.74001360      0.720000029    
        4210  -3.73523235       2.85970402      0.720000029    
        4212  -3.66566992       3.19901609      0.720000029    
        4214  -3.78627491       2.56219506      0.720000029    
        4216  -3.64826131       3.51914048      0.730000019    
        4218  -3.80219436       2.65273118      0.720000029    
        4220  -3.70680356       2.92470813      0.720000029    
        4222  -3.95105505       2.00087357      0.730000019    
        4224  -4.02173948       1.41350663      0.720000029    
        4226  -3.89201355       1.91337335      0.720000029    
        4228  -4.12816095       1.51611710      0.720000029    
        4230  -4.04054546       1.67447996      0.720000029    
        4232  -4.00395870       1.63598573      0.720000029    
        4234  -4.02019262       1.91350651      0.720000029    
        4236  -3.82411551       2.72340441      0.709999979    
        4238  -3.76777029       2.64795685      0.709999979    
        4240  -3.90973520       2.61891055      0.720000029    
        4242  -3.99785209       2.19576836      0.720000029    
        4244  -3.95447159       2.34647393      0.730000019    
        4246  -3.96720219       1.98422134      0.720000029    
        4248  -3.93189144       1.82814455      0.720000029    
        4250  -3.94825220       1.68182981      0.720000029    
        4252  -3.76479387       2.61472368      0.720000029    
        4254  -3.94917750       2.14854836      0.720000029    
        4256  -3.83568501       2.89018321      0.720000029    
        4258  -3.87048936       2.63678265      0.720000029    
        4260  -3.98634672       2.48864436      0.730000019    
        4262  -3.82814765       2.85032439      0.730000019    
        4264  -3.65687132       3.15059924      0.720000029    
        4266  -3.89720392       2.72985744      0.730000019    
        4268  -3.85190415       2.39988995      0.709999979    
        4270  -3.85455608       2.10067368      0.709999979    
        4272  -3.80320573       2.18976498      0.709999979    
        4274  -3.83198285       2.35498786      0.709999979    
        4276  -3.89298987       1.63679159      0.699999988    
        4278  -3.88282704       1.68857479      0.699999988    
        4280  -3.62504268       2.62137818      0.699999988    
        4282  -3.75907493       2.29419851      0.699999988    
        4284  -3.85816598       1.72925222      0.689999998    
        4286  -3.91891384       1.47715247      0.689999998    
        4288  -3.93908882       1.46177101      0.699999988    
        4290  -3.82663989       1.80353713      0.689999998    
        4292  -4.01422358      0.802467883      0.689999998    
        4294  -3.94365668       1.36864591      0.689999998    
        4296  -3.67525315       2.75314283      0.689999998    
        4298  -3.84880900       2.13876057      0.699999988    
        4300  -3.60291886       3.01619577      0.689999998    
        4302  -3.81571031       1.87577724      0.689999998    
        4304  -3.81663299       1.74727011      0.689999998    
        4306  -3.76145411       2.04481006      0.699999988    
        4308  -3.91763020       1.49175036      0.699999988    
        4310  -3.80332661       1.45849907      0.670000017    
        4312  -3.84506559      0.900590539      0.670000017    
        4314  -3.64275169       1.73240244      0.670000017    
        4316  -3.72371221       1.38354957      0.670000017    
        4318  -3.68352056       2.09928703      0.670000017    
        4320  -3.64102268       2.04298019      0.670000017    
        4322  -3.42486215       2.71830511      0.670000017    
        4324  -3.76886439       1.22799957      0.660000026    
        4326  -3.51540065       1.92166626      0.660000026    
        4328  -3.56113982       1.70158410      0.649999976    
        4330  -3.48477077       1.88042665      0.649999976    
        4332  -3.47161746       1.90598452      0.649999976    
        4334  -3.53221393       1.93141747      0.649999976    
        4336  -3.56119919       1.87027478      0.649999976    
        4338  -3.73096967       1.35047734      0.649999976    
        4340  -3.54454207       2.56329942      0.660000026    
        4342  -3.51639724       3.18135071      0.670000017    
        4344  -3.39908457       2.88814783      0.670000017    
        4346  -3.47075057       2.80533600      0.670000017    
        4348  -3.67488742       2.79072046      0.699999988    
        4350  -3.78065658       2.17770147      0.689999998    
        4352  -3.71624470       2.61506009      0.699999988    
        4354  -3.70968986       3.19434547      0.699999988    
        4356  -3.65323019       3.06568813      0.689999998    
        4358  -3.67709947       2.78090167      0.689999998    
        4360  -3.70293808       2.45959520      0.689999998    
        4362  -3.79733658       2.45567250      0.689999998    
        4364  -3.66401005       2.88586831      0.689999998    
        4366  -3.58263302       3.28145576      0.680000007    
        4368  -3.79046893       2.54957938      0.680000007    
        4370  -3.62375379       3.08086300      0.699999988    
        4372  -3.76704812       2.56768942      0.699999988    
        4374  -3.85603428       1.97595263      0.689999998    
        4376  -4.00748634       1.25443232      0.689999998    
        4378  -4.06763506       1.18344009      0.689999998    
        4380  -3.78999090       1.93079686      0.680000007    
        4382  -3.67102909       2.40118194      0.680000007    
        4384  -3.82202697       1.35879421      0.680000007    
        4386  -3.40998077       2.49838161      0.670000017    
        4388  -3.61329055       1.75273001      0.660000026    
        4390  -3.69718122       1.42224038      0.649999976    
        4392  -3.64341235       1.29590428      0.649999976    
        4394  -3.62716842       1.78171396      0.649999976    
        4396  -3.67220402       1.83082795      0.660000026    
        4398  -3.78169560       1.36599660      0.660000026    
        4400  -3.72349167       1.93018663      0.660000026    
        4402  -3.76083255       1.50380325      0.670000017    
        4404  -3.70741773       1.84676969      0.670000017    
        4406  -3.63490582       1.64733696      0.660000026    
        4408  -3.12481523       3.53653669      0.649999976    
        4410  -3.30585313       3.16306472      0.649999976    
        4412  -3.30537033       3.36866546      0.649999976    
        4414  -3.34641767       3.58052278      0.660000026    
        4416  -3.25661349       3.81727242      0.660000026    
        4418  -3.54581618       3.27295184      0.680000007    
        4420  -3.59084010       3.70661044      0.689999998    
        4422  -3.81929946       2.69022703      0.699999988    
        4424  -3.89844227       2.24915552      0.689999998    
        4426  -3.97534132       2.19453955      0.689999998    
        4428  -3.91241002       2.38112879      0.689999998    
        4430  -3.52361727       4.14522362      0.699999988    
        4432  -3.67398977       4.06437397      0.709999979    
        4434  -3.66403365       3.99309969      0.709999979    
        4436  -3.65977216       3.87299395      0.699999988    
        4438  -3.96267152       2.75208306      0.699999988    
        4440  -3.95146942       2.66393161      0.709999979    
        4442  -3.91639423       2.44963551      0.709999979    
        4444  -4.00638676       1.92626226      0.699999988    
        4446  -3.94114137       1.81737125      0.699999988    
        4448  -4.01197004       1.56158245      0.699999988    
        4450  -3.65866852       2.86715102      0.699999988    
        4452  -3.75225043       2.69344592      0.699999988    
        4454  -3.94748712       1.63685930      0.699999988    
        4456  -3.96315098       1.95073366      0.699999988    
        4458  -3.89860749       2.67798090      0.709999979    
        4460  -3.94381404       2.59833550      0.709999979    
        4462  -3.55722308       4.03395271      0.709999979    
        4464  -3.63516569       2.96726942      0.689999998    
        4466  -3.63667536       2.56096292      0.689999998    
        4468  -3.45598793       3.36993742      0.699999988    
        4470  -3.55789566       3.20248890      0.699999988    
        4472  -3.79844713       2.20991445      0.699999988    
        4474  -3.54683757       2.76468086      0.699999988    
        4476  -3.63833451       2.38039756      0.699999988    
        4478  -3.48451567       3.00201082      0.699999988    
        4480  -3.64891529       2.22270393      0.699999988    
        4482  -3.73703742       2.00141191      0.699999988    
        4484  -3.37814140       3.35255289      0.699999988    
        4486  -3.30880761       3.73554063      0.699999988    
        4488  -3.51749897       3.01069474      0.689999998    
        4490  -3.75637388       1.93482256      0.680000007    
        4492  -3.68595076       2.27957153      0.689999998    
        4494  -3.78716350       1.89535451      0.689999998    
        4496  -3.87796640       1.18613052      0.689999998    
        4498  -3.62565303       2.40849876      0.689999998    
        4500  -3.63239837       2.64923954      0.699999988    
        4502  -3.80181146       2.28493214      0.699999988    
        4504  -3.78425503       2.92360544      0.709999979    
        4506  -3.65039444       3.55146980      0.720000029    
        4508  -3.83406782       2.81558514      0.740000010    
        4510  -3.80769300       3.69241428      0.750000000    
        4512  -3.87413597       3.23589635      0.750000000    
        4514  -3.92690706       3.12032747      0.750000000    
        4516  -3.97302914       2.76745200      0.750000000    
        4518  -3.91545582       3.13917065      0.750000000    
        4520  -3.93387699       2.90051198      0.750000000    
        4522  -4.05777979       2.60382938      0.759999990    
        4524  -4.00223827       2.83468485      0.759999990    
        4526  -3.85306263       3.46047926      0.779999971    
        4528  -4.00332165       2.71514893      0.779999971    
        4530  -3.71903825       3.81398344      0.769999981    
        4532  -3.93914652       2.94058704      0.769999981    
        4534  -3.87808728       3.22455215      0.769999981    
        4536  -3.84512854       3.38135219      0.759999990    
        4538  -3.78254533       3.66457129      0.769999981    
        4540  -4.05705929       2.72104812      0.769999981    
        4542  -4.05531406       3.16010857      0.769999981    
        4544  -3.99262118       3.31076384      0.769999981    
        4546  -4.05771017       2.99347830      0.769999981    
        4548  -4.18980885       2.39161658      0.769999981    
        4550  -4.07405567       2.22650480      0.759999990    
        4552  -4.23202801       1.08742845      0.750000000    
        4554  -3.94215584       2.42496085      0.750000000    
        4556  -3.87969971       2.68216300      0.740000010    
        4558  -3.86901593       2.52226472      0.740000010    
        4560  -3.90626001       2.60176516      0.750000000    
        4562  -3.83012319       2.71373367      0.750000000    
        4564  -4.04406214       2.03794146      0.750000000    
        4566  -3.89698982       2.50588679      0.750000000    
        4568  -3.90497637       2.63254857      0.750000000    
        4570  -3.62107253       3.49744081      0.750000000    
        4572  -4.02826309       2.07179570      0.750000000    
        4574  -3.88870645       2.81455350      0.750000000    
        4576  -3.59505749       4.07162571      0.759999990    
        4578  -3.87323594       3.06727719      0.759999990    
        4580  -3.82345939       3.30106187      0.759999990    
        4582  -3.91472697       2.69330931      0.750000000    
        4584  -3.59688902       3.66640496      0.750000000    
        4586  -3.56473374       4.09400988      0.740000010    
        4588  -3.59724760       4.50286055      0.759999990    
        4590  -3.54387546       5.02271700      0.759999990    
        4592  -3.70399666       3.69084358      0.750000000    
        4594  -3.67043924       3.41564441      0.740000010    
        4596  -4.01471710       2.18791938      0.750000000    
        4598  -3.77316499       3.09806156      0.740000010    
        4600  -3.91046309       2.62524343      0.730000019    
        4602  -3.91551709       2.50920200      0.730000019    
        4604  -3.76730824       3.64632463      0.730000019    
        4606  -3.93835998       2.88894510      0.740000010    
        4608  -3.79400778       3.21800828      0.740000010    
        4610  -3.79545546       2.46693015      0.730000019    
        4612  -3.94939828       2.04089880      0.730000019    
        4614  -3.90867877       2.25478840      0.730000019    
        4616  -3.76458144       2.60892630      0.720000029    
        4618  -3.72881365       2.81956100      0.720000029    
        4620  -3.81634665       2.55995011      0.730000019    
        4622  -3.93718839       2.39065623      0.730000019    
        4624  -3.53968430       3.51969743      0.720000029    
        4626  -3.66140985       2.97945642      0.720000029    
        4628  -3.63839960       2.70346951      0.720000029    
        4630  -3.59199810       2.75695443      0.709999979    
        4632  -3.38733006       3.35621595      0.709999979    
        4634  -3.77285028       2.78227973      0.740000010    
        4636  -3.96089053       1.99385488      0.730000019    
        4638  -3.89799380       2.33503246      0.730000019    
        4640  -3.78337026       2.53096747      0.730000019    
        4642  -3.78817725       2.47090244      0.730000019    
        4644  -3.97081614       1.73010135      0.730000019    
        4646  -3.87347007       2.18951654      0.730000019    
        4648  -3.93012047       2.26673174      0.730000019    
        4650  -3.79261494       2.80738759      0.730000019    
        4652  -3.84256506       2.41544271      0.730000019    
        4654  -3.89237595       2.25686097      0.720000029    
        4656  -3.93946791       1.74020171      0.720000029    
        4658  -4.00001001       1.52837491      0.720000029    
        4660  -4.05267763       1.60505652      0.720000029    
        4662  -4.04421282       1.65691268      0.720000029    
        4664  -4.01500750       1.70096922      0.720000029    
        4666  -3.84055591       2.36728168      0.730000019    
        4668  -3.88400221       1.90483487      0.730000019    
        4670  -3.91242266       1.75052917      0.720000029    
        4672  -3.80476999       2.57223439      0.720000029    
        4674  -3.71928167       3.09758997      0.720000029    
        4676  -3.61044955       3.45048285      0.720000029    
        4678  -3.79023504       2.76966476      0.720000029    
        4680  -3.72166395       2.56497741      0.720000029    
        4682  -3.78630066       2.35792565      0.720000029    
        4684  -3.78923297       2.44138074      0.720000029    
        4686  -3.76857448       2.64561319      0.720000029    
        4688  -3.88888383       1.92971635      0.720000029    
        4690  -3.98094749       1.78961933      0.730000019    
        4692  -3.74782372       2.63892722      0.730000019    
        4694  -3.73857450       2.83602810      0.720000029    
        4696  -3.89658165       1.67782795      0.699999988    
        4698  -4.10822725       1.55117571      0.709999979    
        4700  -3.97632647       2.00936890      0.699999988    
        4702  -3.86226702       2.24613953      0.699999988    
        4704  -3.73059845       2.50732636      0.699999988    
        4706  -3.74563408       2.62761641      0.709999979    
        4708  -3.84722018       2.02378392      0.699999988    
        4710  -4.04241705       1.53236854      0.699999988    
        4712  -3.95424080       1.88515460      0.709999979    
        4714  -3.85148120       1.98656094      0.709999979    
        4716  -3.85971761       1.95348263      0.709999979    
        4718  -3.69038630       2.15819430      0.699999988    
        4720  -3.56019902       2.89879155      0.699999988    
        4722  -3.64700389       2.47106028      0.699999988    
        4724  -3.71254444       2.18430829      0.699999988    
        4726  -3.74885535       1.95482290      0.699999988    
        4728  -3.66783977       1.99269283      0.699999988    
        4730  -3.53813887       2.80298090      0.699999988    
        4732  -3.82125950       2.20904279      0.699999988    
        4734  -3.73932672       2.54995012      0.699999988    
        4736  -3.84206867       2.04967046      0.699999988    
        4738  -3.85221815       2.13591957      0.699999988    
        4740  -3.61958480       2.51943779      0.689999998    
        4742  -3.56386018       2.96731830      0.689999998    
        4744  -3.71713495       2.35047650      0.699999988    
        4746  -3.60485315       2.45684075      0.699999988    
        4748  -3.77807927       2.31943607      0.720000029    
        4750  -3.70925641       2.51590800      0.720000029    
        4752  -3.97403455       2.53022075      0.740000010    
        4754  -3.83812451       3.27248168      0.740000010    
        4756  -3.80718994       3.64053392      0.740000010    
        4758  -3.84118581       3.34917188      0.740000010    
        4760  -3.75792098       3.34697056      0.740000010    
        4762  -3.84623384       3.21080899      0.740000010    
        4764  -3.84327650       3.08988428      0.720000029    
        4766  -3.65211153       3.52639890      0.720000029    
        4768  -3.49485016       3.83835745      0.720000029    
        4770  -3.68583775       3.07611203      0.720000029    
        4772  -3.77518606       2.52462006      0.720000029    
        4774  -3.92294455       2.49535418      0.720000029    
        4776  -3.91338634       2.32796144      0.720000029    
        4778  -3.98504114       2.41387010      0.720000029    
        4780  -3.90253282       2.59212613      0.720000029    
        4782  -3.97711706       2.36597419      0.720000029    
        4784  -3.95344067       2.05366635      0.720000029    
        4786  -3.86058497       2.45823479      0.709999979    
        4788  -3.76395321       2.80162024      0.709999979    
        4790  -4.02463722       1.69004321      0.709999979    
        4792  -3.88674498       2.27494121      0.709999979    
        4794  -3.91845727       2.46333098      0.709999979    
        4796  -3.96465826       2.05303931      0.709999979    
        4798  -3.66520000       3.57801938      0.709999979    
        4800  -3.66094041       3.94722843      0.720000029    
        4802  -3.87292457       3.08846331      0.720000029    
        4804  -3.94434190       3.13130403      0.720000029    
        4806  -4.18831491       1.86804354      0.720000029    
        4808  -4.00032139       2.93797350      0.730000019    
        4810  -3.95687437       2.91205168      0.730000019    
        4812  -4.00082207       2.84669280      0.740000010    
        4814  -3.92106724       3.01971912      0.740000010    
        4816  -3.87084579       3.10484242      0.730000019    
        4818  -4.16525507       1.91569221      0.730000019    
        4820  -3.98200321       2.56384921      0.740000010    
        4822  -3.94667912       3.18367100      0.740000010    
        4824  -4.08797979       2.79935479      0.750000000    
        4826  -3.99508643       2.84830523      0.740000010    
        4828  -4.21238804       2.04979110      0.730000019    
        4830  -4.11746311       2.04478216      0.730000019    
        4832  -4.25097275       1.30610228      0.730000019    
        4834  -4.02737999       2.63912368      0.730000019    
        4836  -4.05816746       2.30297136      0.730000019    
        4838  -4.18159389       1.96912289      0.730000019    
        4840  -4.22044373       2.05649352      0.740000010    
        4842  -3.73051739       4.44569492      0.759999990    
        4844  -4.00953054       3.07528162      0.750000000    
        4846  -4.22953129       2.13981247      0.750000000    
        4848  -4.10435152       2.30835748      0.750000000    
        4850  -3.67739749       3.85593915      0.750000000    
        4852  -4.01282597       2.51456904      0.750000000    
        4854  -3.89404106       3.22260690      0.750000000    
        4856  -4.15236902       1.81790543      0.740000010    
        4858  -3.85841966       3.25364256      0.740000010    
        4860  -3.83237267       3.51514959      0.740000010    
        4862  -3.68578482       3.94238567      0.740000010    
        4864  -3.75395298       3.75325727      0.740000010    
        4866  -3.81445956       3.57152176      0.740000010    
        4868  -3.89709020       2.79593205      0.730000019    
        4870  -3.71893930       3.72703934      0.740000010    
        4872  -3.84737325       3.06250048      0.730000019    
        4874  -3.76442790       2.99457550      0.720000029    
        4876  -4.06666899       2.06382203      0.730000019    
        4878  -4.02277946       2.18093109      0.730000019    
        4880  -3.72181892       2.97361660      0.720000029    
        4882  -3.90832591       2.22135758      0.720000029    
        4884  -3.89733052       2.02616739      0.709999979    
        4886  -3.89822006       2.17391038      0.709999979    
        4888  -3.98348188       2.07521152      0.709999979    
        4890  -3.91988730       2.17410660      0.709999979    
        4892  -3.88584304       2.19237256      0.720000029    
        4894  -3.99057961       1.92761266      0.720000029    
        4896  -3.99332976       1.86914217      0.720000029    
        4898  -3.73646903       2.95959544      0.720000029    
        4900  -3.85384393       2.84659076      0.720000029    
        4902  -3.74783039       3.00690341      0.720000029    
        4904  -3.97400737       1.78190947      0.709999979    
        4906  -3.95162010       1.90392673      0.699999988    
        4908  -3.91278434       2.40493226      0.709999979    
        4910  -3.79600286       2.85577536      0.709999979    
        4912  -3.95762229       3.06202006      0.720000029    
        4914  -3.90318012       2.80485153      0.720000029    
        4916  -3.92191315       2.29451966      0.720000029    
        4918  -3.81726670       2.94555497      0.720000029    
        4920  -3.68564677       3.79066014      0.720000029    
        4922  -3.79754758       3.21704865      0.720000029    
        4924  -3.73969126       2.83513236      0.720000029    
        4926  -3.98053312       1.77841389      0.720000029    
        4928  -3.65799880       3.17212129      0.720000029    
        4930  -3.94360685       2.22733593      0.720000029    
        4932  -3.64022422       3.28318286      0.720000029    
        4934  -3.81065536       2.50063682      0.699999988    
        4936  -3.80514383       2.32060671      0.699999988    
        4938  -3.80746961       2.00861335      0.699999988    
        4940  -3.56668973       3.07101512      0.709999979    
        4942  -3.74918342       2.27783132      0.699999988    
        4944  -3.82275796       2.24571204      0.699999988    
        4946  -3.70558429       2.53418279      0.699999988    
        4948  -3.68394351       2.85843849      0.709999979    
        4950  -3.74903345       2.82001495      0.720000029    
        4952  -3.96962237       1.75837493      0.720000029    
        4954  -3.90221095       1.62331533      0.709999979    
        4956  -3.95740891       1.32542574      0.709999979    
        4958  -3.73394370       2.10578609      0.699999988    
        4960  -3.68462706       2.11235619      0.699999988    
        4962  -3.63432121       2.21527290      0.699999988    
        4964  -3.58358741       2.72906351      0.709999979    
        4966  -3.43708038       3.26938915      0.709999979    
        4968  -3.49837208       3.19910026      0.709999979    
        4970  -3.62560081       2.54221272      0.709999979    
        4972  -3.52476311       2.76508474      0.699999988    
        4974  -3.39788032       2.86107135      0.689999998    
        4976  -3.53265047       2.82870102      0.689999998    
        4978  -3.61657143       2.18485236      0.689999998    
        4980  -3.63392735       2.09982300      0.689999998    
        4982  -3.71776628       1.81384444      0.689999998    
        4984  -3.72014332       2.05168366      0.699999988    
        4986  -3.60678697       2.81336451      0.689999998    
        4988  -3.59333944       2.58800888      0.680000007    
        4990  -3.81295156       1.49078262      0.680000007    
        4992  -3.58653569       2.64636350      0.689999998    
        4994  -3.54857349       2.36282802      0.680000007    
        4996  -3.82180452       1.46106732      0.680000007    
        4998  -3.68523836       1.89531279      0.680000007    
        5000  -3.81154108       1.56045139      0.689999998    
        5002  -3.71698689       2.08141112      0.689999998    
        5004  -3.67748332       2.79042101      0.699999988    
        5006  -3.86320591       2.26247811      0.699999988    
        5008  -3.81859493       2.41807938      0.699999988    
        5010  -3.70043230       3.38970304      0.720000029    
        5012  -3.65007401       3.87412262      0.730000019    
        5014  -3.78631926       3.68229389      0.740000010    
        5016  -4.09897566       2.50344610      0.740000010    
        5018  -3.81260324       3.75350189      0.740000010    
        5020  -3.86476588       2.47346330      0.720000029    
        5022  -3.77456713       2.72825289      0.709999979    
        5024  -3.72291803       2.84064746      0.720000029    
        5026  -3.54582524       3.27449012      0.720000029    
        5028  -3.60279751       3.14662743      0.720000029    
        5030  -3.73739314       2.66743565      0.709999979    
        5032  -3.82984376       2.41899180      0.709999979    
        5034  -3.90652966       1.97900629      0.699999988    
        5036  -3.57650256       3.67095780      0.720000029    
        5038  -3.64710903       3.14126325      0.709999979    
        5040  -3.93425107       1.69475591      0.699999988    
        5042  -3.70332909       2.58161378      0.699999988    
        5044  -3.75323105       2.28857398      0.699999988    
        5046  -3.88538027       2.11178827      0.699999988    
        5048  -3.82173300       2.15647578      0.709999979    
        5050  -3.87035942       2.15868950      0.709999979    
        5052  -3.85587382       1.97876012      0.709999979    
        5054  -3.73891616       2.83275771      0.720000029    
        5056  -3.85946012       2.87298036      0.730000019    
        5058  -3.97648644       2.31320262      0.730000019    
        5060  -3.80237579       3.17454314      0.730000019    
        5062  -4.00521374       2.68704057      0.730000019    
        5064  -3.88888121       3.28932071      0.730000019    
        5066  -3.94056416       3.16111040      0.730000019    
        5068  -3.80756688       3.44736409      0.730000019    
        5070  -4.00765562       2.77440715      0.730000019    
        5072  -3.85910368       2.96724629      0.730000019    
        5074  -3.92519617       2.74890018      0.730000019    
        5076  -3.85933065       3.48735142      0.730000019    
        5078  -4.12926626       2.65358639      0.740000010    
        5080  -3.86241460       3.10952473      0.730000019    
        5082  -3.72015023       3.67167211      0.730000019    
        5084  -3.82088661       3.48874235      0.730000019    
        5086  -3.91646886       2.94991851      0.730000019    
        5088  -3.64145660       4.03808451      0.740000010    
        5090  -4.08864355       1.96847415      0.740000010    
        5092  -3.75108266       3.11594796      0.740000010    
        5094  -3.77630115       3.28058839      0.740000010    
        5096  -3.81488705       3.12144971      0.750000000    
        5098  -3.98541927       2.15254045      0.740000010    
        5100  -4.01494837       1.97588539      0.740000010    
        5102  -4.06869364       2.00540543      0.750000000    
        5104  -3.71296978       3.24680614      0.750000000    
        5106  -3.91740131       3.02288914      0.759999990    
        5108  -3.77185035       3.54219699      0.759999990    
        5110  -3.91695333       2.88005400      0.759999990    
        5112  -4.01200581       2.60348034      0.759999990    
        5114  -3.97566628       2.76974082      0.759999990    
        5116  -3.97680354       2.85067058      0.759999990    
        5118  -4.06302023       1.95291877      0.759999990    
        5120  -4.16281891       1.63596547      0.759999990    
        5122  -3.86188865       3.08676147      0.759999990    
        5124  -4.01312208       2.62118363      0.759999990    
        5126  -4.05517340       2.78024149      0.750000000    
        5128  -4.19722986       1.98700857      0.750000000    
        5130  -4.13744688       2.20385242      0.750000000    
        5132  -3.95233631       2.87744999      0.750000000    
        5134  -3.97999978       3.01718926      0.750000000    
        5136  -3.72837448       4.15008926      0.750000000    
        5138  -3.81966543       3.40772343      0.750000000    
        5140  -4.02657795       2.75840998      0.740000010    
        5142  -3.81594443       3.69561028      0.740000010    
        5144  -3.92159152       3.43283534      0.750000000    
        5146  -4.02291965       2.49681878      0.740000010    
        5148  -3.89186406       3.02506685      0.740000010    
        5150  -3.69596887       3.63461518      0.740000010    
        5152  -4.07360172       2.15093088      0.740000010    
        5154  -4.05453014       1.44531047      0.720000029    
        5156  -4.03469610       1.57393432      0.720000029    
        5158  -3.82004333       2.19615340      0.720000029    
        5160  -3.78247833       2.52491093      0.720000029    
        5162  -3.45300221       4.14094210      0.720000029    
        5164  -3.67922616       2.85657239      0.709999979    
        5166  -3.56311488       2.71510911      0.689999998    
        5168  -3.65578151       2.88048530      0.709999979    
        5170  -3.88368607       2.29273272      0.709999979    
        5172  -3.64185095       3.75835872      0.720000029    
        5174  -3.83184338       3.11971617      0.720000029    
        5176  -3.77390957       2.87862825      0.720000029    
        5178  -3.71259379       3.14696884      0.720000029    
        5180  -3.56088138       3.46673584      0.720000029    
        5182  -3.64611912       3.25049639      0.720000029    
        5184  -3.65284681       3.28112030      0.720000029    
        5186  -3.61653614       3.38527775      0.730000019    
        5188  -3.71026874       2.98751998      0.730000019    
        5190  -3.87510943       2.54816747      0.730000019    
        5192  -3.94188285       2.34730887      0.730000019    
        5194  -3.62332892       3.87508368      0.730000019    
        5196  -3.83702588       3.58900285      0.750000000    
        5198  -3.73495150       4.07630110      0.750000000    
        5200  -3.44393253       5.19621134      0.750000000    
        5202  -3.96804404       3.11601257      0.750000000    
        5204  -3.83472514       3.72611904      0.750000000    
        5206  -3.72518778       3.76761746      0.750000000    
        5208  -3.58673739       4.19147348      0.740000010    
        5210  -3.76423788       2.65916371      0.720000029    
        5212  -4.00243187       1.78006887      0.720000029    
        5214  -3.84681988       2.15202904      0.709999979    
        5216  -3.85840511       1.86378968      0.709999979    
        5218  -3.35196304       4.13496590      0.709999979    
        5220  -3.60471129       3.01351309      0.709999979    
        5222  -3.49295378       3.59890819      0.709999979    
        5224  -3.44633627       3.46585035      0.709999979    
        5226  -3.62862158       2.89716673      0.709999979    
        5228  -3.77203655       2.39996290      0.709999979    
        5230  -3.62630439       2.88799834      0.709999979    
        5232  -3.69693613       2.54517031      0.720000029    
        5234  -3.76399350       2.38042545      0.720000029    
        5236  -3.88015389       1.98276174      0.720000029    
        5238  -3.53626275       3.38628912      0.720000029    
        5240  -3.64003491       2.75090122      0.720000029    
        5242  -3.73171401       3.11320400      0.740000010    
        5244  -3.82985187       3.20383739      0.740000010    
        5246  -3.89625287       2.68562078      0.740000010    
        5248  -3.98474503       2.55536270      0.740000010    
        5250  -3.99185419       2.71500850      0.740000010    
        5252  -3.92430973       2.67628264      0.740000010    
        5254  -4.01044083       2.52150059      0.740000010    
        5256  -3.97606993       2.53895235      0.740000010    
        5258  -3.60013914       4.17634344      0.740000010    
        5260  -3.83710885       3.07501197      0.740000010    
        5262  -3.89321542       2.78426576      0.740000010    
        5264  -3.87980103       2.89950204      0.740000010    
        5266  -3.97546291       2.83489013      0.740000010    
        5268  -3.54406071       4.36403561      0.740000010    
        5270  -3.50018573       4.15024471      0.730000019    
        5272  -3.60634279       4.03912830      0.730000019    
        5274  -3.72267246       3.55094004      0.730000019    
        5276  -3.87848997       3.21675730      0.730000019    
        5278  -3.54196286       3.94628477      0.730000019    
        5280  -3.84969044       2.03542805      0.709999979    
        5282  -3.69287658       2.43319368      0.709999979    
        5284  -3.92825079       1.31384563      0.720000029    
        5286  -3.83947086       1.84964573      0.720000029    
        5288  -3.97851920       1.62914658      0.720000029    
        5290  -4.00663376       1.52429545      0.720000029    
        5292  -4.08978701       1.37654483      0.720000029    
        5294  -3.80951905       2.21876216      0.709999979    
        5296  -3.78438020       2.29636836      0.709999979    
        5298  -3.76660275       2.21684337      0.699999988    
        5300  -3.71191406       2.53079057      0.699999988    
        5302  -3.59064364       2.85564709      0.699999988    
        5304  -3.79171228       1.48484397      0.680000007    
        5306  -3.73204684       1.48978782      0.680000007    
        5308  -3.74116707       1.21519315      0.680000007    
        5310  -3.51821351       2.92503929      0.699999988    
        5312  -3.67565370       2.26173472      0.699999988    
        5314  -3.76694942       1.75860834      0.699999988    
        5316  -3.48335052       2.82942414      0.699999988    
        5318  -3.59598160       2.07487679      0.699999988    
        5320  -3.64116240       2.19878864      0.699999988    
        5322  -3.66435671       2.20305657      0.709999979    
        5324  -3.50502300       3.19190359      0.709999979    
        5326  -3.76722026       2.33713150      0.720000029    
        5328  -3.96140361       1.29603171      0.699999988    
        5330  -3.71930766       1.92310953      0.680000007    
        5332  -3.84813523       1.59743977      0.680000007    
        5334  -3.76884604       1.98376095      0.680000007    
        5336  -3.93209863       1.39936078      0.680000007    
        5338  -3.77452946       1.79852986      0.680000007    
        5340  -4.08724213      0.659827709      0.680000007    
        5342  -4.11306953      0.689881206      0.680000007    
        5344  -3.98281622       1.21276057      0.680000007    
        5346  -3.91122365       1.54656589      0.680000007    
        5348  -3.60199213       2.73792481      0.680000007    
        5350  -3.66633296       2.66881728      0.680000007    
        5352  -3.57288074       3.54590225      0.699999988    
        5354  -3.87711883       2.40006709      0.699999988    
        5356  -3.82052302       2.66432166      0.699999988    
        5358  -3.84245872       2.97647953      0.709999979    
        5360  -3.69813275       3.67927122      0.709999979    
        5362  -3.71215558       3.06581187      0.699999988    
        5364  -3.63997388       2.93591189      0.699999988    
        5366  -3.83019185       2.28608155      0.699999988    
        5368  -3.74426985       2.56012392      0.699999988    
        5370  -4.01144552       1.77574027      0.699999988    
        5372  -3.77050662       2.58883142      0.699999988    
        5374  -3.87041044       2.07527661      0.680000007    
        5376  -3.82199812       2.69601321      0.680000007    
        5378  -3.66980338       3.26247501      0.709999979    
        5380  -3.81083894       2.67848873      0.709999979    
        5382  -3.77293277       3.06429100      0.709999979    
        5384  -3.74297285       3.16471720      0.709999979    
        5386  -3.78111815       3.29501629      0.709999979    
        5388  -3.59230590       3.58141470      0.709999979    
        5390  -3.87414145       2.44005489      0.699999988    
        5392  -3.82136989       2.45054793      0.699999988    
        5394  -3.67597795       2.78474212      0.699999988    
        5396  -3.76386333       2.25623274      0.689999998    
        5398  -3.56113243       2.75306869      0.689999998    
        5400  -3.62872362       2.70824504      0.699999988    
        5402  -3.55395222       3.02106237      0.699999988    
        5404  -3.56231833       3.25198174      0.699999988    
        5406  -3.81092048       1.94669628      0.699999988    
        5408  -3.73409319       2.28071404      0.699999988    
        5410  -3.64764142       2.55995512      0.689999998    
        5412  -3.43312669       3.21708441      0.689999998    
        5414  -3.65914130       1.69898450      0.670000017    
        5416  -3.72573042       1.83859849      0.680000007    
        5418  -3.52847409       2.62159348      0.680000007    
        5420  -3.68774939       2.15547419      0.680000007    
        5422  -3.58931708       2.26275849      0.670000017    
        5424  -3.64784074       2.08861852      0.670000017    
        5426  -3.67783570       2.27945685      0.680000007    
        5428  -3.58475852       2.59938884      0.689999998    
        5430  -3.77018046       1.79837334      0.689999998    
        5432  -3.37056160       3.18628359      0.689999998    
        5434  -3.54501772       2.54381180      0.689999998    
        5436  -3.73221898       1.64738202      0.689999998    
        5438  -3.81608772       1.48651052      0.689999998    
        5440  -3.57937241       2.24570942      0.689999998    
        5442  -3.71369195       2.21171045      0.689999998    
        5444  -3.84192109       1.46501863      0.689999998    
        5446  -3.67941976       2.21828341      0.689999998    
        5448  -3.68635201       2.26486850      0.699999988    
        5450  -3.62954187       2.26178813      0.699999988    
        5452  -3.94389677       1.45675135      0.709999979    
        5454  -3.88465977       1.87290001      0.720000029    
        5456  -4.01622152       1.37027478      0.720000029    
        5458  -3.89847565       1.98425579      0.720000029    
        5460  -3.99657583       1.50137269      0.720000029    
        5462  -4.01059389       1.64809048      0.720000029    
        5464  -3.99158740       1.99299705      0.730000019    
        5466  -3.80398488       2.49835896      0.720000029    
        5468  -3.72025847       2.79368186      0.720000029    
        5470  -3.86922717       2.63292718      0.730000019    
        5472  -3.96692753       2.27403331      0.730000019    
        5474  -3.71182489       3.26567745      0.730000019    
        5476  -3.55680919       3.79189157      0.730000019    
        5478  -3.60011268       3.08960986      0.730000019    
        5480  -3.96080995       1.81887841      0.720000029    
        5482  -3.71680522       2.79240036      0.720000029    
        5484  -3.65337658       3.40778923      0.720000029    
        5486  -3.74732351       2.74555826      0.709999979    
        5488  -3.66895151       3.47810626      0.720000029    
        5490  -3.57597899       3.57083201      0.720000029    
        5492  -3.78324556       3.10069418      0.720000029    
        5494  -3.77564287       3.56416392      0.730000019    
        5496  -3.85226965       3.05741978      0.730000019    
        5498  -3.82537389       3.12809896      0.730000019    
        5500  -3.87823153       2.10312486      0.720000029    
        5502  -3.82076430       2.09970117      0.709999979    
        5504  -3.94000983       1.71134114      0.709999979    
        5506  -3.75322723       2.69157219      0.709999979    
        5508  -3.83781075       2.57711911      0.720000029    
        5510  -3.79768538       2.31796956      0.720000029    
        5512  -3.92717791       2.49454665      0.730000019    
        5514  -3.93551326       2.38401961      0.730000019    
        5516  -3.72274423       3.44005775      0.730000019    
        5518  -3.98370147       2.62775230      0.740000010    
        5520  -3.98080683       2.73363709      0.750000000    
        5522  -3.92304683       3.20473862      0.750000000    
        5524  -4.00297976       2.70597148      0.750000000    
        5526  -4.35104561       1.45025074      0.750000000    
        5528  -4.13664579       2.44232106      0.750000000    
        5530  -3.93718481       3.31201339      0.750000000    
        5532  -3.84712553       3.97262669      0.750000000    
        5534  -3.85965657       3.53177643      0.750000000    
        5536  -4.08892202       2.66683960      0.750000000    
        5538  -3.89706206       3.08494544      0.740000010    
        5540  -4.06450987       2.35416722      0.730000019    
        5542  -4.07512999       2.61463809      0.730000019    
        5544  -3.95523787       3.01455188      0.730000019    
        5546  -3.85339427       3.27697778      0.730000019    
        5548  -3.61238170       4.27998543      0.730000019    
        5550  -3.89940786       3.04695082      0.720000029    
        5552  -3.95770073       2.92272949      0.720000029    
        5554  -3.96421838       3.12997532      0.730000019    
        5556  -3.87683129       3.33652043      0.730000019    
        5558  -3.77642918       4.01718140      0.730000019    
        5560  -3.64409375       4.18207407      0.730000019    
        5562  -3.70246911       3.89737797      0.730000019    
        5564  -4.29417419       1.69270384      0.740000010    
        5566  -4.20396137       2.18926072      0.740000010    
        5568  -4.09219694       2.86434436      0.740000010    
        5570  -3.86365318       3.39255214      0.730000019    
        5572  -3.94586563       3.19001770      0.730000019    
        5574  -3.62876749       4.35554981      0.720000029    
        5576  -3.81174493       3.06638551      0.720000029    
        5578  -3.67938137       3.56052876      0.720000029    
        5580  -3.59727883       3.43550849      0.709999979    
        5582  -3.83777976       2.59129906      0.709999979    
        5584  -3.92832232       2.21923590      0.709999979    
        5586  -3.75199246       3.21124649      0.720000029    
        5588  -3.57506847       3.28038859      0.699999988    
        5590  -3.49317884       3.58354831      0.699999988    
        5592  -3.72136712       2.49810433      0.689999998    
        5594  -3.82101297       2.56409001      0.699999988    
        5596  -3.75746894       2.18608046      0.689999998    
        5598  -3.87554932       1.70538306      0.689999998    
        5600  -3.77571082       2.36304665      0.699999988    
        5602  -3.67727399       2.70404601      0.699999988    
        5604  -3.67041636       2.63998151      0.699999988    
        5606  -3.74206376       2.75476146      0.709999979    
        5608  -3.89510512       1.99084878      0.709999979    
        5610  -3.71272826       3.24099422      0.720000029    
        5612  -3.65070057       3.16911125      0.720000029    
        5614  -3.88057780       2.90592313      0.720000029    
        5616  -3.88531423       2.01304102      0.709999979    
        5618  -3.58649278       3.20572519      0.709999979    
        5620  -3.64426613       3.12685895      0.720000029    
        5622  -3.73959494       2.90523243      0.709999979    
        5624  -3.65052581       2.83359051      0.709999979    
        5626  -3.73759103       1.96019757      0.699999988    
        5628  -3.61059761       2.20566869      0.689999998    
        5630  -3.60299110       2.56128359      0.689999998    
        5632  -3.70594406       1.87715995      0.689999998    
        5634  -3.63869524       2.39012551      0.689999998    
        5636  -3.79178572       1.88973641      0.699999988    
        5638  -3.69664931       2.80943608      0.709999979    
        5640  -3.81554770       1.98160934      0.699999988    
        5642  -3.56758499       2.61009836      0.699999988    
        5644  -3.72132730       1.99338663      0.699999988    
        5646  -3.45687008       2.26773858      0.680000007    
        5648  -3.57651234       1.73499441      0.680000007    
        5650  -3.58529615       1.87705183      0.680000007    
        5652  -3.82556009       1.47186017      0.689999998    
        5654  -3.89329195       1.50410247      0.689999998    
        5656  -3.96365237       1.44920063      0.689999998    
        5658  -3.73445964       2.16770124      0.689999998    
        5660  -3.57211065       1.84170640      0.660000026    
        5662  -3.72696304       1.48046410      0.670000017    
        5664  -3.52430320       2.94015813      0.680000007    
        5666  -3.64575195       2.36525488      0.680000007    
        5668  -3.65914345       2.03203201      0.680000007    
        5670  -3.37128687       2.72139382      0.670000017    
        5672  -3.61913085       2.07814026      0.680000007    
        5674  -3.74194598       1.82980931      0.680000007    
        5676  -3.80191255       1.59619212      0.680000007    
        5678  -3.55635715       2.32905412      0.670000017    
        5680  -3.47167444       2.59119749      0.660000026    
        5682  -3.64784074       2.11689210      0.660000026    
        5684  -3.60643291       2.35102105      0.670000017    
        5686  -3.57998133       2.71266961      0.670000017    
        5688  -3.84578228       1.66650772      0.670000017    
        5690  -3.68952131       2.35748172      0.680000007    
        5692  -3.73127031       2.19795060      0.680000007    
        5694  -3.70803118       2.39605069      0.670000017    
        5696  -3.74582148       1.35693014      0.660000026    
        5698  -3.88788772       1.15327096      0.660000026    
        5700  -3.93109655       1.67455399      0.680000007    
        5702  -4.05341291       1.20677376      0.680000007    
        5704  -3.98356509       1.74058115      0.680000007    
        5706  -4.01758003       1.26957381      0.680000007    
        5708  -3.98946428       1.36222100      0.680000007    
        5710  -3.97224045       1.47273803      0.680000007    
        5712  -4.04424047       1.46835458      0.670000017    
        5714  -3.73021889       2.83527303      0.670000017    
        5716  -3.71753049       2.65481400      0.660000026    
        5718  -3.77532578       2.34183812      0.660000026    
        5720  -3.61049891       2.89537263      0.660000026    
        5722  -3.47178173       2.71692538      0.660000026    
        5724  -3.58680511       1.77985847      0.649999976    
        5726  -3.65508533       1.62376451      0.649999976    
        5728  -3.71812892       2.02635098      0.649999976    
        5730  -3.25714183       3.17459393      0.649999976    
        5732  -3.33607054       2.89513826      0.649999976    
        5734  -3.88293600       1.23988175      0.639999986    
        5736  -3.83171964       1.57801795      0.639999986    
        5738  -3.60390019       2.07748771      0.629999995    
        5740  -3.45264935       2.82294250      0.649999976    
        5742  -3.71011662       2.13164473      0.660000026    
        5744  -3.76434326       1.83663678      0.660000026    
        5746  -3.87892294       1.65635407      0.670000017    
        5748  -3.90799022       1.37812531      0.670000017    
        5750  -3.34766817       3.08886671      0.660000026    
        5752  -3.63046169       1.76213217      0.660000026    
        5754  -3.54764199       2.35778785      0.660000026    
        5756  -3.60826707       1.95685732      0.660000026    
        5758  -3.89747405       1.39370608      0.680000007    
        5760  -3.81285810       2.28137732      0.689999998    
        5762  -3.99704576       2.00112224      0.699999988    
        5764  -3.76883101       2.66508675      0.699999988    
        5766  -3.79578733       2.41389298      0.699999988    
        5768  -3.73785353       2.83045554      0.689999998    
        5770  -3.74985456       2.96077776      0.680000007    
        5772  -3.94016552       2.11324620      0.680000007    
        5774  -3.64909935       2.14264750      0.670000017    
        5776  -3.90073562       1.29182732      0.670000017    
        5778  -3.65634322       2.28924251      0.670000017    
        5780  -3.94787884       1.17845595      0.670000017    
        5782  -3.30608463       3.27323079      0.670000017    
        5784  -3.43566728       2.71616125      0.660000026    
        5786  -3.34095430       2.98043990      0.649999976    
        5788  -3.48881841       2.99606490      0.660000026    
        5790  -3.50192070       2.69092131      0.660000026    
        5792  -3.68104362       2.45332861      0.680000007    
        5794  -3.47883868       2.64402699      0.680000007    
        5796  -3.57745862       2.21961498      0.680000007    
        5798  -3.48961234       3.10818744      0.699999988    
        5800  -3.79438686       2.16977859      0.699999988    
        5802  -3.81228256       1.92723715      0.699999988    
        5804  -3.75852561       2.02463412      0.699999988    
        5806  -3.60995007       2.83978891      0.699999988    
        5808  -3.87957597       2.04903793      0.699999988    
        5810  -3.82134771       2.55910707      0.709999979    
        5812  -3.95353937       2.28396106      0.709999979    
        5814  -3.73782516       2.96229577      0.709999979    
        5816  -3.84117150       2.43362689      0.709999979    
        5818  -3.76378775       3.14961243      0.709999979    
        5820  -3.65118313       3.63314009      0.709999979    
        5822  -3.91914845       2.38399100      0.709999979    
        5824  -3.95739007       1.80349553      0.699999988    
        5826  -3.86610460       2.82165408      0.709999979    
        5828  -3.93283534       2.31619191      0.709999979    
        5830  -3.78534627       2.96633482      0.709999979    
        5832  -3.91486216       2.13963127      0.709999979    
        5834  -3.81272244       2.86667824      0.720000029    
        5836  -3.88719511       2.12362647      0.709999979    
        5838  -3.70156002       3.11128306      0.720000029    
        5840  -3.78851271       2.60166597      0.720000029    
        5842  -3.31959581       4.24231577      0.699999988    
        5844  -3.66861963       2.74631429      0.689999998    
        5846  -3.71198201       1.80081701      0.670000017    
        5848  -3.76842904       1.98268163      0.670000017    
        5850  -3.53537726       2.63673925      0.670000017    
        5852  -3.48093820       2.67671633      0.680000007    
        5854  -3.32667351       2.75685048      0.660000026    
        5856  -3.66796541       1.72186649      0.670000017    
        5858  -3.80113864       1.41419315      0.670000017    
        5860  -3.81857777       1.01451588      0.670000017    
        5862  -3.44483042       2.56418896      0.670000017    
        5864  -3.52088332       1.68724549      0.649999976    
        5866  -3.63554931       1.79416668      0.649999976    
        5868  -3.60108733       1.56374526      0.649999976    
        5870  -3.53788137       1.65769196      0.649999976    
        5872  -3.46362281       2.21006989      0.660000026    
        5874  -3.36198378       2.52143455      0.660000026    
        5876  -3.57211399       1.82948840      0.660000026    
        5878  -3.66269088       1.43895745      0.660000026    
        5880  -3.33590531       2.48530364      0.660000026    
        5882  -3.50482106       2.16447830      0.660000026    
        5884  -3.60937285       1.98532784      0.670000017    
        5886  -3.62049317       2.06383967      0.670000017    
        5888  -3.66396189       2.36825275      0.680000007    
        5890  -3.59416389       2.60627556      0.680000007    
        5892  -3.68227839       2.36449194      0.680000007    
        5894  -3.75448084       2.34586072      0.689999998    
        5896  -3.57400274       3.02204156      0.689999998    
        5898  -3.90292215       1.47302890      0.689999998    
        5900  -3.79487753       1.93107986      0.689999998    
        5902  -3.54591751       2.85380077      0.680000007    
        5904  -3.77807903       2.19425416      0.689999998    
        5906  -3.67955303       2.50749707      0.699999988    
        5908  -3.71506453       2.39194846      0.689999998    
        5910  -3.67167974       2.47248840      0.689999998    
        5912  -3.48187423       2.96440864      0.680000007    
        5914  -3.52930975       2.42854118      0.680000007    
        5916  -3.52304530       2.74702740      0.680000007    
        5918  -3.41761327       3.32673597      0.689999998    
        5920  -3.58938217       2.42435622      0.689999998    
        5922  -3.58603883       2.77823639      0.699999988    
        5924  -3.68924809       2.31284428      0.689999998    
        5926  -3.49570704       2.32650208      0.660000026    
        5928  -3.49318671       2.12756705      0.660000026    
        5930  -3.52307487       1.82889867      0.660000026    
        5932  -3.32811666       2.49837804      0.660000026    
        5934  -3.36168861       2.12003398      0.660000026    
        5936  -3.36339116       1.90616035      0.649999976    
        5938  -3.22505307       2.50872278      0.660000026    
        5940  -3.34113574       2.36246967      0.660000026    
        5942  -3.21629047       2.81549120      0.660000026    
        5944  -3.52208018       1.77728605      0.660000026    
        5946  -3.65972972       1.33213639      0.660000026    
        5948  -3.64569664       1.75635159      0.670000017    
        5950  -3.55387831       1.86986411      0.660000026    
        5952  -3.36600995       2.72464633      0.660000026    
        5954  -3.36610675       3.07372236      0.670000017    
        5956  -3.36072350       2.61403728      0.670000017    
        5958  -3.34005117       2.59731293      0.670000017    
        5960  -3.41002226       1.87822378      0.649999976    
        5962  -3.58638597       1.68757403      0.660000026    
        5964  -3.63832998       1.56459785      0.660000026    
        5966  -3.59559011       1.90111411      0.670000017    
        5968  -3.71295094       1.39362383      0.670000017    
        5970  -3.38144279       2.19657087      0.670000017    
        5972  -3.47842979       1.89487672      0.670000017    
        5974  -3.50904274       1.89867246      0.670000017    
        5976  -3.57431912       1.36835086      0.670000017    
        5978  -3.53251624       1.34771216      0.670000017    
        5980  -3.23864222       2.82341218      0.680000007    
        5982  -3.24846029       3.33594608      0.680000007    
        5984  -3.24833870       3.04245400      0.680000007    
        5986  -3.46892524       2.33220172      0.680000007    
        5988  -3.38352084       2.51561546      0.680000007    
        5990  -3.39578342       2.67220259      0.680000007    
        5992  -3.55062294       1.66664147      0.660000026    
        5994  -3.86527944       1.06724250      0.670000017    
        5996  -3.63625765       1.69784796      0.660000026    
        5998  -3.64319205       1.67652190      0.660000026    
        6000  -3.71879530       1.43418157      0.649999976    
        6002  -3.76237774       1.22650743      0.649999976    
        6004  -3.63185167       1.76747024      0.649999976    
        6006  -3.63916993       1.24316168      0.639999986    
        6008  -3.55955243       1.90870965      0.649999976    
        6010  -3.50220942       2.36180615      0.649999976    
        6012  -3.30904150       2.90233254      0.649999976    
        6014  -3.48104763       1.74191153      0.629999995    
        6016  -3.31265068       1.80252469      0.620000005    
        6018  -3.48889136       1.17617548      0.639999986    
        6020  -3.30484390       1.78226423      0.639999986    
        6022  -3.26286006       1.94006944      0.639999986    
        6024  -3.37545180       1.44764555      0.639999986    
        6026  -3.40910506       1.66818607      0.639999986    
        6028  -3.37645054       1.33787632      0.639999986    
        6030  -3.51923537      0.983937740      0.639999986    
        6032  -3.42375565       1.31642318      0.639999986    
        6034  -3.40567350       1.78221416      0.649999976    
        6036  -3.44852400       1.63098800      0.649999976    
        6038  -3.37173963       1.85795748      0.649999976    
        6040  -3.39687300       1.89193404      0.649999976    
        6042  -3.05135465       2.63829803      0.629999995    
        6044  -2.83745384       3.21486521      0.620000005    
        6046  -3.09265566       2.42140508      0.629999995    
        6048  -3.31431675       2.07503462      0.629999995    
        6050  -3.45344138       1.25640094      0.620000005    
        6052  -3.54427528       1.36667252      0.620000005    
        6054  -3.29549408       2.15989447      0.620000005    
        6056  -3.33653474       2.03396297      0.610000014    
        6058  -3.36137819       2.38072515      0.610000014    
        6060  -3.46950722       1.65730858      0.610000014    
        6062  -3.56516242       1.37638497      0.610000014    
        6064  -3.37550759       1.76777518      0.600000024    
        6066  -3.32264304       1.39579773      0.600000024    
        6068  -3.02143955       2.02309680      0.600000024    
        6070  -3.39787269       1.39109588      0.610000014    
        6072  -3.29620504       2.06595778      0.620000005    
        6074  -3.46895695       1.55277395      0.620000005    
        6076  -3.42583895       1.66690898      0.620000005    
        6078  -3.12489367       2.42423964      0.610000014    
        6080  -3.27765322       1.65414310      0.610000014    
        6082  -2.84755778       2.52412057      0.610000014    
        6084  -3.17885923       1.50114036      0.620000005    
        6086  -3.04626679       1.96671629      0.620000005    
        6088  -3.18717551       1.63776219      0.620000005    
        6090  -3.24014568       2.31976271      0.639999986    
        6092  -2.98861027       3.03777266      0.639999986    
        6094  -3.22393322       2.58551073      0.649999976    
        6096  -3.52389908       1.56586766      0.660000026    
        6098  -3.53098583       1.44740319      0.660000026    
        6100  -3.60819125       1.28070402      0.660000026    
        6102  -3.48406124       1.91840196      0.670000017    
        6104  -3.48856521       2.15423965      0.680000007    
        6106  -3.30637431       3.06451440      0.680000007    
        6108  -3.33024931       2.93279743      0.689999998    
        6110  -3.42259502       2.59857273      0.689999998    
        6112  -3.53820491       2.55966163      0.689999998    
        6114  -3.59115887       1.97369826      0.689999998    
        6116  -3.63338208       1.97034585      0.689999998    
        6118  -3.67316484       1.79265606      0.680000007    
        6120  -3.77510357       1.83441269      0.689999998    
        6122  -3.66030169       1.93143868      0.689999998    
        6124  -3.67050219       2.12399364      0.689999998    
        6126  -3.68644595       2.14690924      0.689999998    
        6128  -3.65656137       2.40681696      0.689999998    
        6130  -3.78779793       1.70693433      0.689999998    
        6132  -3.58515787       2.56562352      0.699999988    
        6134  -3.70005608       2.43747091      0.709999979    
        6136  -3.89519620       1.88701606      0.709999979    
        6138  -3.81038380       1.86531758      0.699999988    
        6140  -3.41181231       3.39293456      0.699999988    
        6142  -3.21251535       3.86676121      0.689999998    
        6144  -3.26159024       3.93677354      0.689999998    
        6146  -3.20214081       4.54655409      0.699999988    
        6148  -3.24308825       4.13765049      0.699999988    
        6150  -3.48044944       3.15001702      0.699999988    
        6152  -3.77079797       1.84177828      0.699999988    
        6154  -3.46790838       3.02754021      0.699999988    
        6156  -3.59529614       2.25675631      0.699999988    
        6158  -3.75982738       1.68991661      0.699999988    
        6160  -3.70201278       2.70224571      0.720000029    
        6162  -3.56818104       3.14665771      0.720000029    
        6164  -3.80635953       2.32903051      0.720000029    
        6166  -3.63215923       3.14486003      0.720000029    
        6168  -3.73576808       3.16521144      0.720000029    
        6170  -3.57259488       4.44314766      0.730000019    
        6172  -3.70191550       4.00015736      0.740000010    
        6174  -3.64450932       3.57595205      0.740000010    
        6176  -3.96435928       2.75641870      0.750000000    
        6178  -3.96479678       2.98342729      0.740000010    
        6180  -3.71704793       4.18311977      0.740000010    
        6182  -3.65760422       4.12817526      0.730000019    
        6184  -3.74116635       3.74115014      0.740000010    
        6186  -3.77266383       3.76593995      0.730000019    
        6188  -3.65494490       3.53779030      0.720000029    
        6190  -3.44544196       4.06053543      0.720000029    
        6192  -3.76005912       3.12358665      0.720000029    
        6194  -3.96906829       2.42730999      0.720000029    
        6196  -3.91866899       2.45648479      0.709999979    
        6198  -3.82282996       2.50990081      0.709999979    
        6200  -3.54307508       3.26639652      0.709999979    
        6202  -3.82714820       1.65577757      0.699999988    
        6204  -3.68702579       1.97674656      0.699999988    
        6206  -3.84730577       1.80426824      0.720000029    
        6208  -3.90814042       1.46700311      0.720000029    
        6210  -3.69366431       2.18557286      0.720000029    
        6212  -3.51501942       2.87587833      0.709999979    
        6214  -3.56375742       2.70355582      0.709999979    
        6216  -3.55729938       2.77844501      0.699999988    
        6218  -3.76709390       2.34161186      0.689999998    
        6220  -3.53377748       3.32707500      0.689999998    
        6222  -3.49997401       3.47678971      0.699999988    
        6224  -3.50030112       2.77922082      0.689999998    
        6226  -3.67265201       2.24443865      0.689999998    
        6228  -3.47240257       3.36579108      0.689999998    
        6230  -3.72819638       2.64935088      0.699999988    
        6232  -3.79689193       2.15216994      0.699999988    
        6234  -3.74347544       2.26135540      0.699999988    
        6236  -3.62113714       2.41685295      0.699999988    
        6238  -3.66743994       2.37948966      0.699999988    
        6240  -3.69486117       2.33044434      0.709999979    
        6242  -3.85607314       1.70390201      0.709999979    
        6244  -3.63617325       2.78885841      0.709999979    
        6246  -3.93918014       1.32819247      0.709999979    
        6248  -3.92223287       1.48283386      0.709999979    
        6250  -3.93374515       1.73366368      0.709999979    
        6252  -3.99449873       1.51296830      0.709999979    
        6254  -3.58052611       3.71707678      0.720000029    
        6256  -3.42050290       4.24527788      0.720000029    
        6258  -3.76098490       2.55851007      0.709999979    
        6260  -3.86160970       2.18334556      0.699999988    
        6262  -3.67637157       2.69696355      0.689999998    
        6264  -3.86995912       1.91299522      0.689999998    
        6266  -3.88103867       1.99002790      0.689999998    
        6268  -3.82453895       2.26020336      0.689999998    
        6270  -3.66832733       2.45249486      0.670000017    
        6272  -3.67293024       2.43512988      0.670000017    
        6274  -3.76150227       2.26222968      0.670000017    
        6276  -3.52237225       2.96178317      0.670000017    
        6278  -3.77035832       2.36544847      0.680000007    
        6280  -3.78845811       2.43932486      0.680000007    
        6282  -3.55040908       3.16371775      0.680000007    
        6284  -3.46463180       3.29328156      0.680000007    
        6286  -3.47378016       3.80786729      0.689999998    
        6288  -3.64173865       2.68365169      0.680000007    
        6290  -3.56290364       3.76409411      0.689999998    
        6292  -3.91375589       2.53531027      0.689999998    
        6294  -3.74038053       3.05389380      0.689999998    
        6296  -3.91668606       2.28523040      0.680000007    
        6298  -3.75861764       2.55842710      0.680000007    
        6300  -3.87399912       1.90316808      0.680000007    
        6302  -3.67113328       2.63937140      0.680000007    
        6304  -3.56562209       3.38976169      0.699999988    
        6306  -3.72473192       2.77041006      0.699999988    
        6308  -3.70251775       2.28987885      0.689999998    
        6310  -3.63460827       2.67986751      0.689999998    
        6312  -3.51324153       3.10232711      0.699999988    
        6314  -3.85776544       1.72772181      0.699999988    
        6316  -3.85496330       2.40962887      0.699999988    
        6318  -3.87655544       2.61736202      0.699999988    
        6320  -3.67040849       2.77739930      0.699999988    
        6322  -3.97215152       1.81105137      0.699999988    
        6324  -3.79977489       2.36119914      0.699999988    
        6326  -3.75708628       3.10443735      0.709999979    
        6328  -3.89730024       2.54370522      0.709999979    
        6330  -3.61647820       3.74642754      0.709999979    
        6332  -3.78994370       3.05112600      0.709999979    
        6334  -3.73601651       3.36885834      0.709999979    
        6336  -3.90936160       2.80056143      0.720000029    
        6338  -3.67058682       3.97293401      0.720000029    
        6340  -3.75751805       3.45616984      0.709999979    
        6342  -3.92811489       2.08660126      0.699999988    
        6344  -3.99414849       1.91185057      0.699999988    
        6346  -3.79862475       2.68425179      0.699999988    
        6348  -3.77431655       2.90695548      0.699999988    
        6350  -3.82569671       2.62746119      0.699999988    
        6352  -3.92917275       2.49929118      0.699999988    
        6354  -3.56888533       3.92017436      0.709999979    
        6356  -3.76057720       3.36151290      0.699999988    
        6358  -3.96171641       2.33589268      0.709999979    
        6360  -3.61080790       3.82847476      0.709999979    
        6362  -3.48755264       4.28120995      0.709999979    
        6364  -3.64902711       3.17059112      0.709999979    
        6366  -3.85395026       2.16274929      0.699999988    
        6368  -3.83487606       2.56223154      0.709999979    
        6370  -4.04751444       1.17083836      0.709999979    
        6372  -3.79467916       2.54170203      0.709999979    
        6374  -4.00450134       1.75788558      0.709999979    
        6376  -3.80976343       2.31328130      0.709999979    
        6378  -3.93172002       2.19829798      0.720000029    
        6380  -4.11507273       1.58177269      0.709999979    
        6382  -4.09065866       1.83199108      0.730000019    
        6384  -4.00417280       2.04041052      0.720000029    
        6386  -3.79335546       2.90810919      0.720000029    
        6388  -3.86984754       2.25997138      0.720000029    
        6390  -3.74269962       3.63507032      0.740000010    
        6392  -3.79128170       3.08295369      0.730000019    
        6394  -3.80867219       2.67784882      0.740000010    
        6396  -3.81068420       2.63665009      0.740000010    
        6398  -3.75842333       2.56241822      0.740000010    
        6400  -4.00457811       1.49656940      0.730000019    
        6402  -3.94845748       2.51969719      0.740000010    
        6404  -3.92027235       2.09088349      0.730000019    
        6406  -3.68555260       2.79879904      0.730000019    
        6408  -3.83997822       2.43730831      0.730000019    
        6410  -3.84693074       1.66678047      0.720000029    
        6412  -3.54209805       3.05719423      0.709999979    
        6414  -3.44860840       3.15868664      0.709999979    
        6416  -3.53735900       3.14345956      0.709999979    
        6418  -3.54979229       2.09160495      0.680000007    
        6420  -3.67913508       1.41352689      0.670000017    
        6422  -3.62469959       1.15571892      0.660000026    
        6424  -3.40713978       1.62813771      0.660000026    
        6426  -3.32897425       1.89460778      0.649999976    
        6428  -3.41968155       1.92146003      0.649999976    
        6430  -3.20078802       2.31377649      0.639999986    
        6432  -3.48075485       1.63672805      0.649999976    
        6434  -3.78010392       1.04113626      0.660000026    
        6436  -3.53077483       2.40376496      0.670000017    
        6438  -3.57762480       2.11280823      0.670000017    
        6440  -3.49390173       2.46415281      0.660000026    
        6442  -3.22851634       3.30663300      0.660000026    
        6444  -3.35826421       2.69109631      0.660000026    
        6446  -3.42652774       2.42105699      0.660000026    
        6448  -3.72805905       1.35936260      0.649999976    
        6450  -3.70206356       1.44076705      0.639999986    
        6452  -3.37378001       2.83354759      0.649999976    
        6454  -3.37700272       2.57246137      0.649999976    
        6456  -3.37048483       2.53521395      0.649999976    
        6458  -3.43483686       2.55665350      0.649999976    
        6460  -3.44561386       2.54152131      0.649999976    
        6462  -3.51490664       2.42183113      0.660000026    
        6464  -3.30677724       3.08109641      0.660000026    
        6466  -3.29026413       3.04459238      0.660000026    
        6468  -3.82381392      0.842959642      0.660000026    
        6470  -3.62485290       1.76944649      0.660000026    
        6472  -3.44659758       1.89721465      0.649999976    
        6474  -3.49375153       1.58611321      0.649999976    
        6476  -3.83595276      0.518039942      0.639999986    
        6478  -3.55822444       1.19851780      0.629999995    
        6480  -3.49158072       1.04945087      0.620000005    
        6482  -3.53169084      0.897184014      0.639999986    
        6484  -3.56070328      0.934399903      0.639999986    
        6486  -3.36805296       1.54265273      0.639999986    
        6488  -3.32588506      0.997425854      0.620000005    
        6490  -3.15275335       1.91091335      0.610000014    
        6492  -3.32934356       1.24813032      0.600000024    
        6494  -3.09728193       2.01680732      0.600000024    
        6496  -3.11632323       2.23075604      0.600000024    
        6498  -3.20985937       1.76407707      0.600000024    
        6500  -3.06197071       1.82979798      0.600000024    
        6502  -3.32107449       1.26381147      0.589999974    
        6504  -3.26807213       1.14226222      0.589999974    
        6506  -3.33086514       1.10944414      0.589999974    
        6508  -3.24232721       1.58935106      0.600000024    
        6510  -3.32690811      0.919012904      0.600000024    
        6512  -3.08694148       1.85077870      0.600000024    
        6514  -3.35371304      0.845812023      0.600000024    
        6516  -3.38040495      0.741945565      0.610000014    
        6518  -3.21231508       1.77226853      0.620000005    
        6520  -3.24029684       1.78301001      0.620000005    
        6522  -3.42309093      0.686349332      0.610000014    
        6524  -3.36235619      0.995708168      0.610000014    
        6526  -3.24615049       1.61516678      0.610000014    
        6528  -3.32105017       1.56034064      0.610000014    
        6530  -3.23783946       1.84038866      0.610000014    
        6532  -3.38603163       1.23011053      0.610000014    
        6534  -3.05712819       2.18289161      0.600000024    
        6536  -3.36080384       1.66798687      0.600000024    
        6538  -3.43848991       1.13198745      0.600000024    
        6540  -3.35810709       1.50913155      0.600000024    
        6542  -3.27097011       1.58232534      0.600000024    
        6544  -3.29872751       1.66086912      0.600000024    
        6546  -3.27934408       1.96869969      0.620000005    
        6548  -3.45374918       1.06967223      0.620000005    
        6550  -3.36194634       1.61462641      0.620000005    
        6552  -3.24969673       1.77430320      0.620000005    
        6554  -3.27177453       2.45109630      0.639999986    
        6556  -3.21210861       3.12853837      0.660000026    
        6558  -3.25702381       2.96998119      0.660000026    
        6560  -3.50649619       2.35076714      0.660000026    
        6562  -3.48748231       2.37439084      0.660000026    
        6564  -3.27348948       3.24243069      0.660000026    
        6566  -3.44718766       2.76815915      0.660000026    
        6568  -3.13884664       3.55802751      0.660000026    
        6570  -3.62313557       2.28752828      0.670000017    
        6572  -3.57558775       2.49929500      0.670000017    
        6574  -3.60798001       2.06430650      0.660000026    
        6576  -3.44587708       2.87123609      0.660000026    
        6578  -3.67442584       1.68285072      0.660000026    
        6580  -3.72706676       1.85660768      0.670000017    
        6582  -3.74442005       1.88940012      0.660000026    
        6584  -3.56498432       2.33311987      0.660000026    
        6586  -3.63245106       2.27903008      0.670000017    
        6588  -3.80614686       1.57607496      0.670000017    
        6590  -3.70259333       1.92522895      0.670000017    
        6592  -3.57560110       2.98131704      0.689999998    
        6594  -3.37536311       3.74377370      0.680000007    
        6596  -3.54934072       3.15403724      0.680000007    
        6598  -3.71959162       2.50001812      0.680000007    
        6600  -3.78233218       2.11229730      0.680000007    
        6602  -3.51251721       2.71675968      0.670000017    
        6604  -3.80499196       1.65948772      0.670000017    
        6606  -3.87444949       1.26181185      0.670000017    
        6608  -3.98530936       1.03055239      0.680000007    
        6610  -3.50047374       2.72861218      0.670000017    
        6612  -3.84358001       1.17837441      0.670000017    
        6614  -3.60878563       1.97605574      0.670000017    
        6616  -3.50343013       2.19448137      0.670000017    
        6618  -3.55912876       2.35088301      0.670000017    
        6620  -3.57407999       2.51221275      0.670000017    
        6622  -3.59553409       2.53609514      0.680000007    
        6624  -3.56737089       2.59272838      0.680000007    
        6626  -3.59557366       2.45225286      0.689999998    
        6628  -3.72366953       3.05809212      0.709999979    
        6630  -3.89112520       2.35647750      0.709999979    
        6632  -3.68794036       3.20197201      0.709999979    
        6634  -3.83679104       2.24267220      0.709999979    
        6636  -4.01981592       1.41025722      0.709999979    
        6638  -4.09909534      0.890389442      0.709999979    
        6640  -4.09514093       1.07726479      0.709999979    
        6642  -3.96003246       1.83626509      0.709999979    
        6644  -3.84256363       1.81546628      0.699999988    
        6646  -3.73254609       2.22729206      0.699999988    
        6648  -3.73136878       2.21233010      0.699999988    
        6650  -3.62309170       2.80376267      0.699999988    
        6652  -3.81828952       2.32879829      0.709999979    
        6654  -3.80312085       2.26752520      0.709999979    
        6656  -3.65242314       2.87336993      0.709999979    
        6658  -3.55869055       3.03008747      0.709999979    
        6660  -3.76067066       2.19104934      0.709999979    
        6662  -3.60803342       3.05916500      0.709999979    
        6664  -3.49346328       3.38436723      0.709999979    
        6666  -3.66638422       2.33119512      0.699999988    
        6668  -3.58931994       2.85278177      0.699999988    
        6670  -3.70728111       2.13685942      0.709999979    
        6672  -3.64692497       2.61251950      0.709999979    
        6674  -3.52893782       2.77218294      0.709999979    
        6676  -3.35668826       3.51685095      0.709999979    
        6678  -3.73391747       3.08756876      0.730000019    
        6680  -3.78571224       3.80949712      0.740000010    
        6682  -3.70675111       3.54955173      0.740000010    
        6684  -3.52711487       4.47988033      0.740000010    
        6686  -3.76792479       3.54081488      0.740000010    
        6688  -3.52035570       4.71899509      0.750000000    
        6690  -3.97992301       2.35837960      0.740000010    
        6692  -3.88807201       2.63660693      0.740000010    
        6694  -3.94919944       2.28934598      0.740000010    
        6696  -3.98574352       2.29607463      0.740000010    
        6698  -4.02394676       2.30177927      0.740000010    
        6700  -3.88336468       2.79556870      0.740000010    
        6702  -3.79997540       2.89051366      0.730000019    
        6704  -3.84625721       2.52319527      0.720000029    
        6706  -3.84936094       2.23645711      0.709999979    
        6708  -4.09227610      0.925708473      0.699999988    
        6710  -3.84321761       2.06689954      0.709999979    
        6712  -3.87196970       2.00096631      0.709999979    
        6714  -3.63789368       3.21836638      0.709999979    
        6716  -3.77566338       3.09437680      0.709999979    
        6718  -3.79789162       2.59395337      0.720000029    
        6720  -3.95184326       2.16121435      0.720000029    
        6722  -4.06064034       2.12457776      0.720000029    
        6724  -3.81485987       2.86750960      0.720000029    
        6726  -3.75768399       2.96077061      0.709999979    
        6728  -3.67563534       3.51043200      0.720000029    
        6730  -3.80763412       3.18178296      0.730000019    
        6732  -3.94797516       2.69264150      0.730000019    
        6734  -3.71906376       3.08652210      0.720000029    
        6736  -3.93395972       2.35624719      0.730000019    
        6738  -3.55027819       3.15071678      0.720000029    
        6740  -3.81618261       3.07039642      0.730000019    
        6742  -3.96331000       1.81148517      0.709999979    
        6744  -3.89534140       2.16883993      0.720000029    
        6746  -3.97089458       2.10860562      0.730000019    
        6748  -3.91830134       2.71652150      0.730000019    
        6750  -3.94453859       2.56970787      0.730000019    
        6752  -3.68169427       3.93032455      0.730000019    
        6754  -3.51241231       4.26523399      0.740000010    
        6756  -4.00170612       2.20835781      0.730000019    
        6758  -3.67569709       3.34013343      0.730000019    
        6760  -3.62293339       3.56638408      0.730000019    
        6762  -3.62757206       3.35936451      0.730000019    
        6764  -3.60561299       3.44174838      0.730000019    
        6766  -3.75513625       2.83477759      0.730000019    
        6768  -4.05415249       2.17652750      0.740000010    
        6770  -3.89429164       2.72976375      0.740000010    
        6772  -3.61456704       3.82105970      0.740000010    
        6774  -3.45767570       4.81580114      0.750000000    
        6776  -3.70784235       3.67168236      0.750000000    
        6778  -3.82633662       2.96104383      0.740000010    
        6780  -3.71478534       3.12776923      0.740000010    
        6782  -3.76011801       2.94686151      0.750000000    
        6784  -3.98520923       2.23180819      0.750000000    
        6786  -3.74231052       3.27504373      0.750000000    
        6788  -3.84372711       2.91240573      0.750000000    
        6790  -3.94475198       2.03877044      0.740000010    
        6792  -3.98511720       2.42328572      0.740000010    
        6794  -4.00478888       2.43947506      0.740000010    
        6796  -4.12736225       1.75469768      0.730000019    
        6798  -4.04098940       1.72763109      0.730000019    
        6800  -3.79928923       2.66128063      0.730000019    
        6802  -3.78982711       2.37043381      0.730000019    
        6804  -3.77899504       2.64490938      0.730000019    
        6806  -3.88866258       1.79575145      0.730000019    
        6808  -3.91142130       2.47752714      0.730000019    
        6810  -3.94220805       2.56680179      0.740000010    
        6812  -3.90309620       2.05327463      0.720000029    
        6814  -3.94376183       2.09387279      0.720000029    
        6816  -4.07382488       1.68499506      0.720000029    
        6818  -3.89409304       2.62765908      0.720000029    
        6820  -3.43951869       3.56688309      0.709999979    
        6822  -3.53015304       3.23077655      0.709999979    
        6824  -3.31874967       4.23251629      0.720000029    
        6826  -3.41052294       3.75235009      0.720000029    
        6828  -3.47907305       4.03059673      0.730000019    
        6830  -3.75747705       3.02142620      0.730000019    
        6832  -3.74950719       3.02291346      0.730000019    
        6834  -3.87478185       2.97742271      0.740000010    
        6836  -3.72417116       3.83694863      0.740000010    
        6838  -3.97865367       3.26855564      0.750000000    
        6840  -3.98203230       3.22883749      0.759999990    
        6842  -4.16712570       2.44310045      0.759999990    
        6844  -4.15262175       2.36674404      0.759999990    
        6846  -4.06864071       2.75700521      0.759999990    
        6848  -4.02016115       2.73719239      0.750000000    
        6850  -4.10607672       2.37734795      0.750000000    
        6852  -3.97830749       2.90128922      0.750000000    
        6854  -4.06729984       2.36580634      0.750000000    
        6856  -3.96464849       2.78535628      0.740000010    
        6858  -3.95235157       2.44261527      0.740000010    
        6860  -3.73775005       3.14631891      0.730000019    
        6862  -3.79530215       3.28892994      0.730000019    
        6864  -3.64583683       3.68574309      0.730000019    
        6866  -3.78618813       3.09604406      0.740000010    
        6868  -4.03378868       2.34167433      0.740000010    
        6870  -3.81632686       3.27193332      0.740000010    
        6872  -3.66278911       4.13821363      0.750000000    
        6874  -3.70858002       3.88510013      0.750000000    
        6876  -4.01877928       2.65530491      0.750000000    
        6878  -3.89564037       3.14755511      0.750000000    
        6880  -3.89592695       3.43826675      0.750000000    
        6882  -3.96515226       3.09106851      0.750000000    
        6884  -3.82468605       3.75134659      0.759999990    
        6886  -3.77757525       3.93389368      0.759999990    
        6888  -3.72168517       3.97810125      0.759999990    
        6890  -3.96413779       3.06740284      0.759999990    
        6892  -4.05917692       2.83569956      0.759999990    
        6894  -4.18525028       2.40364528      0.769999981    
        6896  -4.11250973       2.96849298      0.769999981    
        6898  -4.26519871       2.12969995      0.769999981    
        6900  -3.91909051       3.32188177      0.769999981    
        6902  -3.72886539       4.32385445      0.769999981    
        6904  -3.83449912       3.50778103      0.769999981    
        6906  -4.07215261       2.72803521      0.759999990    
        6908  -4.10528612       2.83038092      0.759999990    
        6910  -4.01561260       2.95942879      0.769999981    
        6912  -3.87396145       3.59107733      0.769999981    
        6914  -3.88593030       3.38651466      0.769999981    
        6916  -3.91355181       3.33174348      0.769999981    
        6918  -3.86411452       3.42038989      0.759999990    
        6920  -3.92532134       2.90833020      0.759999990    
        6922  -3.76348162       3.66554427      0.759999990    
        6924  -3.84476089       3.65373588      0.759999990    
        6926  -3.85954666       3.76885939      0.759999990    
        6928  -3.67195415       4.09586143      0.740000010    
        6930  -3.81844687       3.24196410      0.740000010    
        6932  -3.70229268       3.96613574      0.750000000    
        6934  -3.91902804       3.20575976      0.750000000    
        6936  -3.66886353       4.28674555      0.750000000    
        6938  -3.99890542       3.30129433      0.759999990    
        6940  -3.85084724       3.63415408      0.759999990    
        6942  -3.85669518       3.72103357      0.759999990    
        6944  -4.00932026       3.14496851      0.769999981    
        6946  -4.02904654       3.03643084      0.769999981    
        6948  -3.96260691       3.26045728      0.769999981    
        6950  -3.86260557       3.54591298      0.759999990    
        6952  -3.76827526       4.14646006      0.759999990    
        6954  -3.77168441       4.06388092      0.759999990    
        6956  -3.85208130       3.53010774      0.759999990    
        6958  -3.66272235       4.68284559      0.759999990    
        6960  -3.60362983       4.50486469      0.759999990    
        6962  -3.65629268       3.83204722      0.750000000    
        6964  -3.77613831       3.50553632      0.750000000    
        6966  -3.80820417       3.26301455      0.750000000    
        6968  -3.96535444       2.20741320      0.740000010    
        6970  -3.93669057       2.62333560      0.740000010    
        6972  -3.95843053       2.72118521      0.740000010    
        6974  -4.09442568       2.06974506      0.740000010    
        6976  -4.11354446       2.13173223      0.750000000    
        6978  -4.02616024       2.64801764      0.750000000    
        6980  -3.92506218       2.87887478      0.740000010    
        6982  -3.99816036       2.29482532      0.730000019    
        6984  -3.81483603       3.20195436      0.730000019    
        6986  -3.84495282       2.71942687      0.730000019    
        6988  -3.87817645       2.49732542      0.730000019    
        6990  -4.09756231       1.24219096      0.730000019    
        6992  -3.87444687       2.09603548      0.730000019    
        6994  -3.83646917       2.05780101      0.730000019    
        6996  -3.79894495       2.35788774      0.730000019    
        6998  -3.80997348       1.99248445      0.730000019    
        7000  -3.97566891       1.39505625      0.720000029    
        7002  -3.91745758       1.58028007      0.709999979    
        7004  -3.89182782       1.78759956      0.709999979    
        7006  -3.60247827       2.78132343      0.699999988    
        7008  -3.77267551       2.20163727      0.699999988    
        7010  -3.80330873       1.91376114      0.689999998    
        7012  -3.62551284       2.42807412      0.689999998    
        7014  -3.55278659       2.40846181      0.689999998    
        7016  -3.58414841       1.68061614      0.670000017    
        7018  -3.61280346       1.53513885      0.680000007    
        7020  -3.80077910      0.905942142      0.680000007    
        7022  -3.55167365       1.74417055      0.670000017    
        7024  -3.48322225       2.15914369      0.670000017    
        7026  -3.57143307       1.84057915      0.670000017    
        7028  -3.71788073      0.862075865      0.670000017    
        7030  -3.57670021       1.57240355      0.670000017    
        7032  -3.74182773      0.979234993      0.670000017    
        7034  -3.58424473       1.27813315      0.649999976    
        7036  -3.63374662       1.40973794      0.649999976    
        7038  -3.41236424       2.23323750      0.660000026    
        7040  -3.49553537       1.81973481      0.649999976    
        7042  -3.78689671       1.11110413      0.649999976    
        7044  -3.61829782       1.77160120      0.660000026    
        7046  -3.58141088       1.54635227      0.649999976    
        7048  -3.53299975       1.66864312      0.649999976    
        7050  -3.18357420       2.72929883      0.629999995    
        7052  -3.41408491       1.95690787      0.629999995    
        7054  -3.31116867       2.41396666      0.629999995    
        7056  -3.29477692       2.82883430      0.629999995    
        7058  -3.48942709       2.05666065      0.629999995    
        7060  -3.68061900       1.50291491      0.629999995    
        7062  -3.66111422       1.64595747      0.629999995    
        7064  -3.69619799       1.62280524      0.639999986    
        7066  -3.71337843       1.44356537      0.629999995    
        7068  -3.60383224       1.63920999      0.629999995    
        7070  -3.49359298       1.87952614      0.629999995    
        7072  -3.60992956       1.28052294      0.629999995    
        7074  -3.37239909       2.09584475      0.629999995    
        7076  -3.18783212       3.24688482      0.639999986    
        7078  -3.33867884       2.73085594      0.639999986    
        7080  -3.47370005       1.99112725      0.639999986    
        7082  -3.65372705       1.19987452      0.639999986    
        7084  -3.41709757       1.59725821      0.629999995    
        7086  -3.35107970       1.58465672      0.629999995    
        7088  -3.25493264       2.33483410      0.639999986    
        7090  -3.48955894       1.44557261      0.639999986    
        7092  -3.35826612       2.34073997      0.639999986    
        7094  -3.28782248       2.88352370      0.649999976    
        7096  -3.55386138       2.24718451      0.649999976    
        7098  -3.48597479       2.66131210      0.660000026    
        7100  -3.35133004       2.38443613      0.660000026    
        7102  -3.38047075       2.67228150      0.670000017    
        7104  -3.09882808       3.72876573      0.670000017    
        7106  -3.14684677       3.55197978      0.680000007    
        7108  -3.35904574       2.47434664      0.670000017    
        7110  -3.49854946       1.75302172      0.670000017    
        7112  -3.23786736       2.90680361      0.670000017    
        7114  -3.62426734       1.80789077      0.680000007    
        7116  -3.61307740       1.93216741      0.680000007    
        7118  -3.92461729       1.04299200      0.680000007    
        7120  -3.70290637       2.04289794      0.699999988    
        7122  -3.66076469       2.25820756      0.699999988    
        7124  -4.02868843       1.18318629      0.699999988    
        7126  -3.77494693       1.81576526      0.699999988    
        7128  -3.80209017       1.70153987      0.699999988    
        7130  -3.58143425       2.65127444      0.699999988    
        7132  -3.71103835       1.79091978      0.689999998    
        7134  -3.43789959       3.12342858      0.689999998    
        7136  -3.60811186       2.09290242      0.680000007    
        7138  -3.68071175       2.36680794      0.689999998    
        7140  -3.66047835       1.74719977      0.670000017    
        7142  -3.62829852       1.97443414      0.670000017    
        7144  -3.70290732       1.53056479      0.670000017    
        7146  -3.57660937       1.62156260      0.670000017    
        7148  -3.76127148       1.45814204      0.680000007    
        7150  -3.80787373       1.47127795      0.670000017    
        7152  -3.60487700       1.99477410      0.670000017    
        7154  -3.63538575       2.23139167      0.680000007    
        7156  -3.75654888       1.70383549      0.680000007    
        7158  -3.85694838       1.96211660      0.689999998    
        7160  -3.86095858       1.90468061      0.689999998    
        7162  -3.99277091       1.36675525      0.699999988    
        7164  -3.89646006       1.63313639      0.699999988    
        7166  -3.73166966       1.54176545      0.689999998    
        7168  -3.91879916       1.38005495      0.699999988    
        7170  -3.72944498       2.09019709      0.699999988    
        7172  -3.90938401       1.61361337      0.699999988    
        7174  -4.00345182       2.09696031      0.720000029    
        7176  -3.89629817       2.08360863      0.709999979    
        7178  -3.86259317       2.28246045      0.709999979    
        7180  -3.79826283       2.76402402      0.709999979    
        7182  -3.65649223       2.67497754      0.709999979    
        7184  -3.73675585       2.79867673      0.720000029    
        7186  -3.79387736       1.85709226      0.709999979    
        7188  -3.71139002       2.35394526      0.709999979    
        7190  -3.92018890       2.22511005      0.730000019    
        7192  -3.36031079       3.99863291      0.720000029    
        7194  -3.75555062       2.18603349      0.720000029    
        7196  -3.79000211       2.80557084      0.730000019    
        7198  -3.71408796       2.95552254      0.730000019    
        7200  -3.92010927       2.01772332      0.730000019    
        7202  -3.62492704       2.63204217      0.720000029    
        7204  -3.80643868       1.72906435      0.709999979    
        7206  -3.86620355       1.87038314      0.709999979    
        7208  -3.83380866       1.84050798      0.720000029    
        7210  -3.46811295       3.10942721      0.720000029    
        7212  -3.76979685       1.26800799      0.699999988    
        7214  -3.52143073       2.82225442      0.720000029    
        7216  -3.83722973       1.81941164      0.720000029    
        7218  -3.87495494       1.82243598      0.720000029    
        7220  -3.82438827       2.28227115      0.720000029    
        7222  -3.83627844       2.57844400      0.720000029    
        7224  -3.83245277       2.13535738      0.709999979    
        7226  -3.93792558       1.68392849      0.709999979    
        7228  -3.96497011       1.56539464      0.720000029    
        7230  -3.78879786       2.46460843      0.730000019    
        7232  -3.84562922       1.92821372      0.720000029    
        7234  -3.90429330       2.01571465      0.720000029    
        7236  -3.63360810       3.04861403      0.720000029    
        7238  -3.81516600       2.36942625      0.720000029    
        7240  -3.68487239       2.70748639      0.720000029    
        7242  -3.75284147       2.35332608      0.720000029    
        7244  -3.59970808       2.60044932      0.709999979    
        7246  -3.65457153       2.83474755      0.709999979    
        7248  -3.79660892       2.41164494      0.709999979    
        7250  -3.94590902       2.04195642      0.720000029    
        7252  -3.83255100       3.30094409      0.740000010    
        7254  -3.87556195       2.62241817      0.730000019    
        7256  -3.95368981       2.16649795      0.730000019    
        7258  -3.86424255       2.16677690      0.720000029    
        7260  -3.79341555       2.78380346      0.720000029    
        7262  -3.77448559       3.14652300      0.720000029    
        7264  -3.85488224       2.95746374      0.730000019    
        7266  -3.82103896       3.01085353      0.730000019    
        7268  -3.80825973       2.93154573      0.730000019    
        7270  -3.79273820       2.89601684      0.730000019    
        7272  -3.74180365       3.52072239      0.730000019    
        7274  -3.95536733       2.40452170      0.720000029    
        7276  -3.72612405       2.88448071      0.720000029    
        7278  -3.79656887       2.96107602      0.720000029    
        7280  -3.61802626       3.24969006      0.709999979    
        7282  -3.70919847       2.72679448      0.709999979    
        7284  -3.79712248       2.72498083      0.720000029    
        7286  -3.57422209       3.39048624      0.720000029    
        7288  -3.37901425       3.86753607      0.720000029    
        7290  -3.67535877       3.06624031      0.709999979    
        7292  -3.94844913       1.84071338      0.709999979    
        7294  -3.73305607       3.19593406      0.730000019    
        7296  -3.76963258       2.70863509      0.720000029    
        7298  -3.77044201       2.73944187      0.720000029    
        7300  -3.56482267       3.27169418      0.720000029    
        7302  -3.92669797       1.72676563      0.720000029    
        7304  -3.82006860       1.90395784      0.720000029    
        7306  -3.59655619       2.58565879      0.709999979    
        7308  -3.86403728       1.59154534      0.709999979    
        7310  -4.02956009       1.73608541      0.730000019    
        7312  -3.86324000       2.18193460      0.730000019    
        7314  -3.96340728       1.56200600      0.730000019    
        7316  -3.96980619       1.66420436      0.730000019    
        7318  -3.75760055       2.29248524      0.730000019    
        7320  -4.06974649      0.950270653      0.730000019    
        7322  -3.99914742       2.06002021      0.750000000    
        7324  -3.85529995       2.64846277      0.740000010    
        7326  -3.74991870       3.13040400      0.740000010    
        7328  -4.06360149       2.36070752      0.750000000    
        7330  -4.04487228       2.54912829      0.759999990    
        7332  -3.88071847       3.51504803      0.759999990    
        7334  -3.85275388       3.60054708      0.759999990    
        7336  -3.74806547       3.97887707      0.740000010    
        7338  -3.74739766       3.89963984      0.740000010    
        7340  -3.84829283       3.44461560      0.740000010    
        7342  -3.69302917       3.86340928      0.740000010    
        7344  -3.72175264       3.20584369      0.730000019    
        7346  -3.69605613       3.47067833      0.730000019    
        7348  -3.68375611       3.11942339      0.730000019    
        7350  -3.78269935       2.90127230      0.730000019    
        7352  -3.69739532       2.74307227      0.730000019    
        7354  -3.88971663       2.04296231      0.730000019    
        7356  -3.48567057       3.80519342      0.740000010    
        7358  -3.87331247       2.35833359      0.740000010    
        7360  -3.79269147       2.49565840      0.740000010    
        7362  -3.86447740       1.75647068      0.740000010    
        7364  -3.91533279       2.13943696      0.740000010    
        7366  -3.95900369       2.23981285      0.750000000    
        7368  -3.83356905       2.82608414      0.750000000    
        7370  -4.00021315       2.20587683      0.750000000    
        7372  -4.03994322       2.08274531      0.750000000    
        7374  -4.11130667       2.07119751      0.750000000    
        7376  -4.06965351       1.81739986      0.740000010    
        7378  -3.69296050       3.52404118      0.740000010    
        7380  -3.89314747       3.03190422      0.740000010    
        7382  -3.71307397       3.62739301      0.730000019    
        7384  -3.83809996       3.13655281      0.740000010    
        7386  -3.80767894       3.52823544      0.740000010    
        7388  -3.84877872       2.91905093      0.740000010    
        7390  -3.99930024       1.74604678      0.730000019    
        7392  -3.74247932       2.21314621      0.720000029    
        7394  -3.81809616       2.65124965      0.740000010    
        7396  -3.95119119       2.03805232      0.750000000    
        7398  -3.88848376       2.41774774      0.750000000    
        7400  -3.79603624       2.93054175      0.750000000    
        7402  -3.76300430       3.31953120      0.750000000    
        7404  -3.65828133       3.60063791      0.759999990    
        7406  -3.95517349       2.01291776      0.759999990    
        7408  -3.93097019       2.48076439      0.759999990    
        7410  -4.11024189       1.85775936      0.759999990    
        7412  -3.99321651       2.61923170      0.759999990    
        7414  -3.95735049       3.42274427      0.769999981    
        7416  -4.11188841       2.42429495      0.769999981    
        7418  -4.03486967       3.00093126      0.769999981    
        7420  -4.09663486       2.58793521      0.769999981    
        7422  -4.09070158       2.50394511      0.779999971    
        7424  -3.92584157       3.22638535      0.779999971    
        7426  -4.13589573       2.30668259      0.779999971    
        7428  -3.75091147       3.96603870      0.779999971    
        7430  -4.00710773       3.50528979      0.779999971    
        7432  -3.94281578       3.78141689      0.779999971    
        7434  -3.89183664       3.95758677      0.779999971    
        7436  -3.95015574       3.78674054      0.769999981    
        7438  -4.04341745       2.95597339      0.759999990    
        7440  -4.30266905       1.77207506      0.750000000    
        7442  -4.05424547       3.02729058      0.759999990    
        7444  -4.14880371       2.88588977      0.750000000    
        7446  -4.12821627       2.39717698      0.740000010    
        7448  -4.01360369       2.59504962      0.740000010    
        7450  -4.01597261       2.55200863      0.740000010    
        7452  -4.12153292       1.54538715      0.730000019    
        7454  -4.03562498       1.90738153      0.720000029    
        7456  -3.89061236       2.59997439      0.720000029    
        7458  -4.06432486       2.31608605      0.730000019    
        7460  -4.02754068       2.55271697      0.740000010    
        7462  -3.80289769       3.56154156      0.730000019    
        7464  -3.82672739       3.31031537      0.730000019    
        7466  -3.98918796       2.73927855      0.730000019    
        7468  -3.80586052       3.55186701      0.730000019    
        7470  -3.81222391       3.38012767      0.740000010    
        7472  -4.09219933       2.19849849      0.740000010    
        7474  -3.96885419       2.65214205      0.740000010    
        7476  -4.01731873       2.43923163      0.740000010    
        7478  -4.02674198       2.30305600      0.740000010    
        7480  -4.02079153       2.53371978      0.740000010    
        7482  -3.90576124       2.64689922      0.740000010    
        7484  -3.87561083       2.84067678      0.740000010    
        7486  -3.73677564       3.59763408      0.740000010    
        7488  -3.56769657       4.62340498      0.740000010    
        7490  -3.56581092       4.51622677      0.740000010    
        7492  -3.47002673       4.96244717      0.740000010    
        7494  -3.76510310       3.55820107      0.740000010    
        7496  -3.89826131       2.62329602      0.730000019    
        7498  -3.96611381       2.87583661      0.740000010    
        7500  -3.64590049       4.59418201      0.750000000    
        7502  -4.07661819       3.11537385      0.750000000    
        7504  -3.68730402       4.59899426      0.750000000    
        7506  -3.71223164       4.21963549      0.750000000    
        7508  -3.67631888       4.22918320      0.740000010    
        7510  -3.86211133       3.43283176      0.740000010    
        7512  -4.09097099       2.27970910      0.740000010    
        7514  -3.75856996       3.48086119      0.740000010    
        7516  -3.67620301       3.59321880      0.740000010    
        7518  -3.98086762       2.11219215      0.730000019    
        7520  -3.92030740       1.95350385      0.709999979    
        7522  -3.96400428       1.94536364      0.709999979    
        7524  -3.70328808       2.31927752      0.689999998    
        7526  -3.65919638       2.30134988      0.689999998    
        7528  -3.82578063       2.40803099      0.709999979    
        7530  -3.93535614       1.76101482      0.720000029    
        7532  -3.86501384       2.10699105      0.720000029    
        7534  -4.00306702       1.16417491      0.720000029    
        7536  -3.92040205       2.07309318      0.720000029    
        7538  -3.89701056       2.35107088      0.720000029    
        7540  -3.99492049       2.05101371      0.730000019    
        7542  -3.96459937       2.30562234      0.730000019    
        7544  -3.89318323       2.37542796      0.720000029    
        7546  -3.87131333       2.73058629      0.720000029    
        7548  -3.86018133       2.66113257      0.709999979    
        7550  -3.92518544       2.43331385      0.709999979    
        7552  -3.88952136       2.93240547      0.709999979    
        7554  -3.93578219       2.37226844      0.709999979    
        7556  -3.94983554       2.32946062      0.709999979    
        7558  -3.80844021       2.68204236      0.709999979    
        7560  -3.85245967       2.63643599      0.720000029    
        7562  -4.01293230       2.11399436      0.730000019    
        7564  -4.13541508       1.61531258      0.730000019    
        7566  -4.17157030       1.73166585      0.730000019    
        7568  -3.95944071       2.58956838      0.720000029    
        7570  -3.75822139       3.34470654      0.720000029    
        7572  -3.87507200       2.85754895      0.730000019    
        7574  -4.00912762       2.21715569      0.730000019    
        7576  -3.81163263       2.97597980      0.730000019    
        7578  -3.79662418       3.46363664      0.740000010    
        7580  -3.63642001       4.19340277      0.750000000    
        7582  -3.80991983       3.52182269      0.750000000    
        7584  -3.47669625       4.30876207      0.740000010    
        7586  -3.60800576       4.20945501      0.740000010    
        7588  -3.58871102       4.32183170      0.740000010    
        7590  -3.50496936       4.65812492      0.740000010    
        7592  -3.45695996       4.25989294      0.720000029    
        7594  -3.63952923       3.07590246      0.709999979    
        7596  -3.68828559       3.17662740      0.730000019    
        7598  -3.63627195       3.70613337      0.730000019    
        7600  -3.56462765       4.15653658      0.730000019    
        7602  -3.59584785       4.17109585      0.730000019    
        7604  -3.63483167       4.06700325      0.740000010    
        7606  -3.81195974       3.81807899      0.750000000    
        7608  -3.98281336       3.02911520      0.750000000    
        7610  -3.96469545       3.03298402      0.750000000    
        7612  -3.87011600       3.17935109      0.750000000    
        7614  -3.94506788       2.59797764      0.740000010    
        7616  -3.81152987       2.93423605      0.740000010    
        7618  -3.99408054       2.27987051      0.740000010    
        7620  -3.93177748       2.68599796      0.740000010    
        7622  -3.96686482       2.25747156      0.730000019    
        7624  -3.72025943       3.47632623      0.730000019    
        7626  -3.64766216       3.05947900      0.720000029    
        7628  -3.66189122       3.57029319      0.730000019    
        7630  -3.78391361       3.25559258      0.740000010    
        7632  -3.94392133       2.51975179      0.740000010    
        7634  -3.82661462       2.93181515      0.750000000    
        7636  -4.02361917       2.61630774      0.750000000    
        7638  -4.09583330       2.27849340      0.750000000    
        7640  -4.13675928       2.26891613      0.750000000    
        7642  -3.70888948       4.02268934      0.750000000    
        7644  -4.02438641       2.64400792      0.750000000    
        7646  -3.77604055       3.35103750      0.750000000    
        7648  -3.61975574       4.03197384      0.759999990    
        7650  -3.94634438       2.69737983      0.750000000    
        7652  -4.03216267       2.24264979      0.740000010    
        7654  -3.94530368       2.48377538      0.730000019    
        7656  -3.87429929       2.81822371      0.730000019    
        7658  -3.82865071       3.07203817      0.720000029    
        7660  -3.91400695       2.82572961      0.720000029    
        7662  -3.87177920       3.46141958      0.730000019    
        7664  -3.84652948       3.12274647      0.720000029    
        7666  -3.75105810       2.99151778      0.720000029    
        7668  -3.88040257       2.65895748      0.730000019    
        7670  -3.94270420       2.36842632      0.730000019    
        7672  -4.14259768       1.44182479      0.730000019    
        7674  -3.99675965       2.11956763      0.730000019    
        7676  -3.83790660       2.62565756      0.730000019    
        7678  -4.04037142       2.11583757      0.730000019    
        7680  -3.84071827       2.53206849      0.720000029    
        7682  -3.78762293       2.64473844      0.720000029    
        7684  -3.65449500       3.21019149      0.720000029    
        7686  -3.81562495       2.66286945      0.720000029    
        7688  -3.80096102       2.77597117      0.720000029    
        7690  -3.88206434       2.46448898      0.720000029    
        7692  -3.81538701       2.59985685      0.720000029    
        7694  -3.76998377       2.93157721      0.720000029    
        7696  -3.78177571       2.84822989      0.730000019    
        7698  -3.97118592       2.20719433      0.730000019    
        7700  -3.93004656       2.36537480      0.730000019    
        7702  -3.89109254       2.75228381      0.730000019    
        7704  -3.89082909       2.48226500      0.720000029    
        7706  -3.81024313       2.75541067      0.730000019    
        7708  -3.69451642       3.95475411      0.740000010    
        7710  -3.67410493       4.19828701      0.740000010    
        7712  -3.71910691       3.73124170      0.730000019    
        7714  -4.04925108       2.35824370      0.730000019    
        7716  -4.03433990       2.16468048      0.730000019    
        7718  -3.97965097       2.29453802      0.730000019    
        7720  -3.91071463       2.60327220      0.730000019    
        7722  -3.96962738       2.41191220      0.730000019    
        7724  -4.02740145       2.37446022      0.740000010    
        7726  -3.86049843       3.28146148      0.740000010    
        7728  -3.83896828       3.03529549      0.740000010    
        7730  -3.51897526       4.43055487      0.740000010    
        7732  -3.67991924       3.73366857      0.740000010    
        7734  -3.92840290       2.99756861      0.740000010    
        7736  -3.84795475       3.20180225      0.740000010    
        7738  -3.70073867       3.53356361      0.740000010    
        7740  -3.95868015       2.86655498      0.740000010    
        7742  -3.85142899       3.33988094      0.740000010    
        7744  -3.67466044       3.71191978      0.740000010    
        7746  -3.79224372       3.11240983      0.740000010    
        7748  -3.83641171       3.42001152      0.740000010    
        7750  -3.86769938       3.18869352      0.740000010    
        7752  -3.71247745       3.05974126      0.720000029    
        7754  -3.26206231       4.01113987      0.709999979    
        7756  -3.49989414       3.01244712      0.699999988    
        7758  -3.73501372       2.44198751      0.699999988    
        7760  -3.60686326       2.90735769      0.699999988    
        7762  -3.86069465       2.23907256      0.720000029    
        7764  -3.81482172       1.78452802      0.709999979    
        7766  -3.58446407       2.59160495      0.709999979    
        7768  -3.54438591       2.81295753      0.709999979    
        7770  -3.65324330       3.06376553      0.709999979    
        7772  -3.61388564       3.16143179      0.709999979    
        7774  -3.69782972       2.53747773      0.709999979    
        7776  -3.70974064       2.02305245      0.699999988    
        7778  -3.60927320       2.63486576      0.699999988    
        7780  -3.49327421       2.54182339      0.689999998    
        7782  -3.57664299       2.78919768      0.689999998    
        7784  -3.49824023       2.62164426      0.680000007    
        7786  -3.59340334       2.55368996      0.680000007    
        7788  -3.71535063       1.95882320      0.680000007    
        7790  -3.61201382       2.41849375      0.680000007    
        7792  -3.54183865       2.30771780      0.680000007    
        7794  -3.53862190       2.36687160      0.680000007    
        7796  -3.39504099       3.02555418      0.680000007    
        7798  -3.63083911       1.95802224      0.680000007    
        7800  -3.45699692       3.27568913      0.680000007    
        7802  -3.37628365       3.58617091      0.680000007    
        7804  -3.46259785       2.50700259      0.670000017    
        7806  -3.72674417       2.18519831      0.680000007    
        7808  -3.55766582       2.31077647      0.680000007    
        7810  -3.70786071       2.04365468      0.689999998    
        7812  -3.85989118       1.23112738      0.689999998    
        7814  -3.45589137       2.85460925      0.689999998    
        7816  -3.55029988       2.77895498      0.699999988    
        7818  -3.80719686       1.81160092      0.699999988    
        7820  -3.66737056       1.72815061      0.680000007    
        7822  -3.47140408       2.21372604      0.670000017    
        7824  -3.65840912       1.06998932      0.670000017    
        7826  -3.38184977       1.98966932      0.660000026    
        7828  -3.63438630       1.31877434      0.660000026    
        7830  -3.52889252       1.40699291      0.660000026    
        7832  -3.17399144       2.77263355      0.660000026    
        7834  -3.42862606       2.49099088      0.670000017    
        7836  -3.33418632       2.26325226      0.670000017    
        7838  -3.39740920       2.05689692      0.660000026    
        7840  -3.62858295       1.67530775      0.670000017    
        7842  -3.58514094       1.44073617      0.660000026    
        7844  -3.66646409       1.93032587      0.689999998    
        7846  -3.67722225       1.60428786      0.689999998    
        7848  -3.73207045       1.44929266      0.689999998    
        7850  -3.73202300       1.78532267      0.689999998    
        7852  -3.56364346       2.29819655      0.680000007    
        7854  -3.61091614       2.41458988      0.680000007    
        7856  -3.48605561       2.65668201      0.680000007    
        7858  -3.68381095       2.03996682      0.680000007    
        7860  -3.56940699       2.39739323      0.670000017    
        7862  -3.83317900       1.41930628      0.680000007    
        7864  -3.81959510       1.73732150      0.689999998    
        7866  -3.99332857      0.819221616      0.689999998    
        7868  -3.88752079       1.60057914      0.689999998    
        7870  -3.54425049       2.74403858      0.689999998    
        7872  -3.46621370       2.97892714      0.680000007    
        7874  -3.69157362       2.42257166      0.689999998    
        7876  -3.90580940       1.19833922      0.689999998    
        7878  -3.56894588       2.63288069      0.689999998    
        7880  -3.47678995       3.00615788      0.689999998    
        7882  -3.71250296       2.16019297      0.689999998    
        7884  -3.77372050       1.94976938      0.689999998    
        7886  -3.57778192       2.24516129      0.680000007    
        7888  -3.56667447       2.33793545      0.680000007    
        7890  -3.70914793       1.79872739      0.680000007    
        7892  -3.57162833       2.52942753      0.680000007    
        7894  -3.87012458       1.45580399      0.680000007    
        7896  -3.82702732       1.54699922      0.680000007    
        7898  -3.76687765       1.75258100      0.689999998    
        7900  -3.66788030       2.29665160      0.689999998    
        7902  -3.66714478       2.05344343      0.689999998    
        7904  -3.77764487       1.90363443      0.689999998    
        7906  -3.79487371       1.84360385      0.689999998    
        7908  -3.79061270       1.75091922      0.689999998    
        7910  -3.61547518       2.18023348      0.689999998    
        7912  -3.69377065       1.82462490      0.689999998    
        7914  -3.80235267       1.26147580      0.689999998    
        7916  -3.85773730       1.99643624      0.699999988    
        7918  -3.86142468       1.61107385      0.689999998    
        7920  -3.80282688       2.00735712      0.689999998    
        7922  -3.70672727       2.07557821      0.689999998    
        7924  -3.81380272       1.95315206      0.699999988    
        7926  -3.92702007       1.45143592      0.699999988    
        7928  -3.80472875       2.05647969      0.699999988    
        7930  -3.91134095       1.87908506      0.699999988    
        7932  -3.70354819       2.04708910      0.699999988    
        7934  -3.98499751       1.35832000      0.699999988    
        7936  -3.99155331       1.68156815      0.699999988    
        7938  -4.10923481       1.54280627      0.709999979    
        7940  -3.86723161       2.17143321      0.709999979    
        7942  -3.85873079       2.08580756      0.699999988    
        7944  -3.74681830       2.47910476      0.689999998    
        7946  -3.63293028       3.03438711      0.680000007    
        7948  -3.71923208       2.78182840      0.680000007    
        7950  -3.41915131       3.51175523      0.680000007    
        7952  -3.35400701       3.72841120      0.670000017    
        7954  -3.38013363       3.21215725      0.680000007    
        7956  -3.39229774       3.08341980      0.680000007    
        7958  -3.48662496       3.29687977      0.689999998    
        7960  -3.43751550       3.15011621      0.680000007    
        7962  -3.53602052       2.36030197      0.660000026    
        7964  -3.69743133       1.80434966      0.649999976    
        7966  -3.33762860       3.20810962      0.670000017    
        7968  -3.36185074       2.71432686      0.670000017    
        7970  -3.34835720       1.96489048      0.649999976    
        7972  -3.50839257       1.31610096      0.660000026    
        7974  -3.48075700       1.45229101      0.660000026    
        7976  -3.34958291       2.09874201      0.660000026    
        7978  -3.18899584       3.05056739      0.660000026    
        7980  -3.30405688       2.56219172      0.660000026    
        7982  -3.53213453       2.15572786      0.670000017    
        7984  -3.62323713       2.19190288      0.680000007    
        7986  -3.42331457       2.41995621      0.680000007    
        7988  -3.39043522       2.46940136      0.680000007    
        7990  -3.77604365      0.845675170      0.680000007    
        7992  -3.79107904       1.41548133      0.689999998    
        7994  -3.65094018       2.06215143      0.689999998    
        7996  -3.70967317       2.00368834      0.689999998    
        7998  -3.77842855       1.96432817      0.699999988    
        8000  -3.84482050       1.65332568      0.699999988    
        8002  -3.77965403       2.17333364      0.699999988    
        8004  -3.79998374       2.20182037      0.709999979    
        8006  -3.67466998       3.06051755      0.720000029    
        8008  -3.82637882       2.52309251      0.720000029    
        8010  -3.65531540       3.40646482      0.720000029    
        8012  -3.84182596       2.62503052      0.730000019    
        8014  -3.73973203       3.04346514      0.730000019    
        8016  -3.56553793       4.29930639      0.740000010    
        8018  -3.96993685       2.60011888      0.740000010    
        8020  -4.04712200       2.21090841      0.730000019    
        8022  -3.92689610       3.10505152      0.730000019    
        8024  -3.87279701       2.99235177      0.730000019    
        8026  -3.72097325       3.72475457      0.730000019    
        8028  -3.79487157       4.09270668      0.740000010    
        8030  -3.67903829       4.50189734      0.740000010    
        8032  -3.72085810       4.32518101      0.740000010    
        8034  -3.67322683       3.93051147      0.730000019    
        8036  -3.72638535       3.71113753      0.730000019    
        8038  -3.54720306       4.57254314      0.730000019    
        8040  -3.54866028       4.38199282      0.730000019    
        8042  -4.00705910       2.40426397      0.730000019    
        8044  -3.76661611       3.64623594      0.740000010    
        8046  -3.41165400       5.08922911      0.740000010    
        8048  -3.77383256       3.75323558      0.750000000    
        8050  -3.98160720       3.58732772      0.750000000    
        8052  -3.93173909       4.04406977      0.750000000    
        8054  -3.89820957       3.65881014      0.740000010    
        8056  -3.70820308       4.06884146      0.740000010    
        8058  -4.03403854       2.66203880      0.730000019    
        8060  -3.90859866       3.27900743      0.730000019    
        8062  -3.89199328       3.31968689      0.730000019    
        8064  -3.88508224       2.82347226      0.720000029    
        8066  -3.86783719       2.68121576      0.720000029    
        8068  -3.99069262       1.91231775      0.720000029    
        8070  -4.07586861       1.69812143      0.720000029    
        8072  -3.64668941       3.16994214      0.720000029    
        8074  -3.87578297       2.38792229      0.720000029    
        8076  -3.77303076       2.06354189      0.709999979    
        8078  -3.87172961       1.49911749      0.699999988    
        8080  -3.75671315       1.42332888      0.689999998    
        8082  -3.68673897       1.93108761      0.699999988    
        8084  -3.65855670       2.05603170      0.699999988    
        8086  -3.78232670       1.60397172      0.699999988    
        8088  -3.70675492       1.78075504      0.699999988    
        8090  -3.81288910       1.68645930      0.699999988    
        8092  -3.63569188       2.25775909      0.720000029    
        8094  -3.74313617       1.98922729      0.720000029    
        8096  -3.53463817       3.14705515      0.730000019    
        8098  -3.49550152       2.97547793      0.720000029    
        8100  -3.71748114       1.61657465      0.699999988    
        8102  -3.54389501       2.37025857      0.699999988    
        8104  -3.58794236       2.31440020      0.699999988    
        8106  -3.55407453       2.96565437      0.699999988    
        8108  -3.68472052       2.23489380      0.699999988    
        8110  -3.50460029       2.99565101      0.699999988    
        8112  -3.74871373       1.86312211      0.699999988    
        8114  -3.54427481       2.03683829      0.699999988    
        8116  -3.71874881       1.77740169      0.699999988    
        8118  -3.68796587       2.58625770      0.709999979    
        8120  -3.49868107       3.42862010      0.699999988    
        8122  -3.61268425       2.79580116      0.699999988    
        8124  -3.60682869       2.81285405      0.699999988    
        8126  -3.72647882       2.13143587      0.689999998    
        8128  -3.76663828       2.20104814      0.689999998    
        8130  -3.69933128       2.26121831      0.689999998    
        8132  -3.65112591       2.68283010      0.689999998    
        8134  -3.58176637       2.93463230      0.689999998    
        8136  -3.79856801       1.85419655      0.680000007    
        8138  -3.44589901       2.23617053      0.670000017    
        8140  -3.74812484      0.930044055      0.670000017    
        8142  -3.77484465       1.40641463      0.670000017    
        8144  -3.40717888       2.43847632      0.670000017    
        8146  -3.61033607       1.69422209      0.670000017    
        8148  -3.64195848       1.72536683      0.670000017    
        8150  -3.83812237       1.49005103      0.689999998    
        8152  -3.79399943       1.81620860      0.689999998    
        8154  -3.69912767       2.16471338      0.699999988    
        8156  -3.66506791       2.54968286      0.709999979    
        8158  -3.72217488       2.21089125      0.709999979    
        8160  -3.67012119       2.52595711      0.709999979    
        8162  -3.65086532       2.75723910      0.709999979    
        8164  -3.74676061       2.05876470      0.699999988    
        8166  -3.66893601       2.10665202      0.699999988    
        8168  -3.59199357       2.60374761      0.699999988    
        8170  -3.44965029       3.35581565      0.699999988    
        8172  -3.61574030       3.07091951      0.709999979    
        8174  -3.72515988       2.40987778      0.709999979    
        8176  -3.69180059       2.18030858      0.699999988    
        8178  -3.47783065       2.83662963      0.689999998    
        8180  -3.36969590       3.59760690      0.699999988    
        8182  -3.79374552       2.03540921      0.709999979    
        8184  -3.67031980       2.64541960      0.709999979    
        8186  -3.79641843       2.45511866      0.720000029    
        8188  -3.58069754       3.00008917      0.709999979    
        8190  -3.67752934       2.96786928      0.720000029    
        8192  -3.84000731       2.29869723      0.720000029    
        8194  -3.80373454       2.20352244      0.720000029    
        8196  -3.77380157       2.57342434      0.720000029    
        8198  -3.75714302       2.22966385      0.699999988    
        8200  -3.70548439       2.35945177      0.699999988    
        8202  -3.67006850       2.37630796      0.699999988    
        8204  -3.56802130       2.74101830      0.689999998    
        8206  -3.63859653       1.82306314      0.680000007    
        8208  -3.71704459       1.62097943      0.689999998    
        8210  -3.52558780       1.69373775      0.670000017    
        8212  -3.44157743       1.69337463      0.660000026    
        8214  -3.50958967       1.79424000      0.660000026    
        8216  -3.40646935       2.21461582      0.660000026    
        8218  -3.20372128       2.96986222      0.670000017    
        8220  -3.53530717       2.42620206      0.680000007    
        8222  -3.43494630       2.94598985      0.680000007    
        8224  -3.73408151       2.04326510      0.689999998    
        8226  -3.72195840       2.22201872      0.689999998    
        8228  -3.53149533       2.77040935      0.689999998    
        8230  -3.66036201       2.10712266      0.680000007    
        8232  -3.86245370       1.15302324      0.680000007    
        8234  -3.71844888       1.87125814      0.680000007    
        8236  -3.65464854       1.94762683      0.680000007    
        8238  -3.70516086       1.77478909      0.689999998    
        8240  -3.75865149       1.78167605      0.699999988    
        8242  -3.91104841       1.02898812      0.699999988    
        8244  -3.70954418       2.30178666      0.709999979    
        8246  -3.61361313       2.19537282      0.699999988    
        8248  -3.63813400       2.63345027      0.680000007    
        8250  -3.83510423       1.57968402      0.680000007    
        8252  -3.64135528       2.64497542      0.680000007    
        8254  -3.78201079       2.33784246      0.680000007    
        8256  -4.04461575       1.75597107      0.689999998    
        8258  -4.00258541       1.95108998      0.680000007    
        8260  -3.94036937       2.02944231      0.680000007    
        8262  -4.05969715       1.47109032      0.680000007    
        8264  -3.68336153       2.98392868      0.680000007    
        8266  -3.82295489       2.50454068      0.680000007    
        8268  -3.90893841       1.92460907      0.680000007    
        8270  -3.78503966       2.32969570      0.670000017    
        8272  -3.82834363       2.41565514      0.670000017    
        8274  -3.88317442       1.94108677      0.680000007    
        8276  -3.69019222       2.26150894      0.680000007    
        8278  -3.56124043       2.96477056      0.680000007    
        8280  -3.75714946       2.35953569      0.680000007    
        8282  -3.80896568       2.39992547      0.680000007    
        8284  -3.81998086       2.12247181      0.680000007    
        8286  -3.69877601       2.28016806      0.680000007    
        8288  -3.64458966       2.61267304      0.689999998    
        8290  -3.82881474       1.75518930      0.689999998    
        8292  -3.55546975       3.12822962      0.689999998    
        8294  -3.61738372       2.61917210      0.689999998    
        8296  -3.63016939       2.33352351      0.689999998    
        8298  -3.45802927       3.14018154      0.680000007    
        8300  -3.52570248       3.09940600      0.680000007    
        8302  -3.44617248       3.42068338      0.680000007    
        8304  -3.67383623       2.96764350      0.689999998    
        8306  -3.70107031       2.48643064      0.689999998    
        8308  -3.88202572       1.97171247      0.689999998    
        8310  -3.88995194       1.65607965      0.680000007    
        8312  -3.82440758       2.03207016      0.680000007    
        8314  -3.83892131       2.27770352      0.680000007    
        8316  -3.92541814       1.71931207      0.660000026    
        8318  -3.44451952       2.57180715      0.649999976    
        8320  -3.63164639       2.00998902      0.639999986    
        8322  -3.50748229       2.31694126      0.620000005    
        8324  -3.48814774       2.88641834      0.660000026    
        8326  -3.66488123       2.38297296      0.660000026    
        8328  -3.44984078       2.88048625      0.660000026    
        8330  -3.59867430       2.08696580      0.649999976    
        8332  -3.83870077       1.52723789      0.660000026    
        8334  -3.95204544       2.26640010      0.680000007    
        8336  -3.61569667       3.33217716      0.680000007    
        8338  -3.93049526       2.48447180      0.680000007    
        8340  -4.07261562       1.76476598      0.680000007    
        8342  -3.76685667       2.42969704      0.680000007    
        8344  -3.96115088       2.08498669      0.680000007    
        8346  -3.83095002       2.54117823      0.680000007    
        8348  -3.83818650       2.69601774      0.689999998    
        8350  -4.04393435       1.75315058      0.699999988    
        8352  -4.02410698       1.70835567      0.699999988    
        8354  -3.91809559       2.02477574      0.699999988    
        8356  -3.99725914       1.91025853      0.709999979    
        8358  -3.99340296       1.88445890      0.709999979    
        8360  -4.06577873       1.87860739      0.720000029    
        8362  -3.94270706       2.02619267      0.709999979    
        8364  -3.79174519       2.62845349      0.709999979    
        8366  -3.62877083       3.12691998      0.709999979    
        8368  -3.79578876       2.42137170      0.699999988    
        8370  -3.81110907       2.12912488      0.699999988    
        8372  -3.84634233       1.75327110      0.699999988    
        8374  -3.73624420       2.07531166      0.699999988    
        8376  -3.61995220       2.96955371      0.699999988    
        8378  -3.77543426       2.02343559      0.689999998    
        8380  -3.74524784       2.68027020      0.709999979    
        8382  -3.81323647       2.60400414      0.720000029    
        8384  -3.84046531       2.43025136      0.720000029    
        8386  -3.79724836       2.33694744      0.699999988    
        8388  -3.93668795       2.00741315      0.699999988    
        8390  -3.69351363       2.48989797      0.689999998    
        8392  -3.55994701       3.09364867      0.689999998    
        8394  -3.63184929       2.84927940      0.699999988    
        8396  -3.79708767       2.28479338      0.689999998    
        8398  -3.87251663       1.84219921      0.689999998    
        8400  -3.83579254       2.12640643      0.699999988    
        8402  -3.74811721       3.02922416      0.709999979    
        8404  -3.87533092       2.95113063      0.720000029    
        8406  -3.76042795       3.74346542      0.730000019    
        8408  -3.56907225       4.58624554      0.730000019    
        8410  -3.63010049       4.05297470      0.720000029    
        8412  -3.88229442       2.47162724      0.709999979    
        8414  -3.94020152       2.36526394      0.709999979    
        8416  -3.79382634       2.80066538      0.709999979    
        8418  -3.86589527       2.70404291      0.709999979    
        8420  -3.76252270       3.15388918      0.709999979    
        8422  -3.75961733       3.35690236      0.720000029    
        8424  -3.56821465       3.71591043      0.709999979    
        8426  -3.58456635       3.02700949      0.699999988    
        8428  -3.71677685       2.80003524      0.709999979    
        8430  -3.71317768       2.41273046      0.689999998    
        8432  -3.70983815       2.99148965      0.699999988    
        8434  -3.60055876       3.64287090      0.699999988    
        8436  -3.95549035       2.20601225      0.699999988    
        8438  -3.82458234       2.53877950      0.699999988    
        8440  -3.89522552       2.54341483      0.699999988    
        8442  -3.56337500       3.68616748      0.699999988    
        8444  -3.88321757       2.16536880      0.689999998    
        8446  -3.67332649       3.11366010      0.689999998    
        8448  -3.58677530       3.77166295      0.699999988    
        8450  -3.56382680       3.76038933      0.689999998    
        8452  -3.92676234       2.48285985      0.689999998    
        8454  -3.50619173       4.09231138      0.689999998    
        8456  -3.69896173       3.09592605      0.699999988    
        8458  -3.44118738       4.11974335      0.709999979    
        8460  -3.71022415       2.99026322      0.709999979    
        8462  -3.76937437       2.49732995      0.699999988    
        8464  -3.69623351       2.85072970      0.699999988    
        8466  -3.70534015       2.31792808      0.689999998    
        8468  -3.51800108       2.72641492      0.680000007    
        8470  -3.75202775       2.19115424      0.689999998    
        8472  -3.37402034       3.59801435      0.689999998    
        8474  -3.56445384       3.42574668      0.699999988    
        8476  -3.63522029       2.99283767      0.699999988    
        8478  -3.79458022       2.46416783      0.699999988    
        8480  -3.57542920       3.25773787      0.699999988    
        8482  -3.39841485       4.03416777      0.709999979    
        8484  -3.42359638       4.08207989      0.709999979    
        8486  -3.71470404       2.88771915      0.720000029    
        8488  -3.69417477       2.96083236      0.720000029    
        8490  -3.66132355       3.35627198      0.730000019    
        8492  -3.69519496       3.50386071      0.740000010    
        8494  -4.00345421       2.48285580      0.740000010    
        8496  -3.69389009       3.61559391      0.740000010    
        8498  -3.79419851       3.13578153      0.740000010    
        8500  -3.77144694       2.96810722      0.730000019    
        8502  -3.91578650       2.71884656      0.740000010    
        8504  -3.95312238       2.77568078      0.740000010    
        8506  -3.73348331       3.55947351      0.750000000    
        8508  -3.85327053       3.31541848      0.750000000    
        8510  -3.52712536       4.08599806      0.740000010    
        8512  -3.72815037       3.26183558      0.740000010    
        8514  -3.65826106       3.49318385      0.740000010    
        8516  -4.09834146       2.57011366      0.750000000    
        8518  -3.93739653       3.26735640      0.750000000    
        8520  -3.74131894       3.82454801      0.750000000    
        8522  -3.83284140       3.23542619      0.750000000    
        8524  -3.70588613       3.74715304      0.750000000    
        8526  -3.61843324       4.19018364      0.759999990    
        8528  -3.47909784       4.94794035      0.759999990    
        8530  -3.52654529       4.61438894      0.759999990    
        8532  -3.74160528       3.73757195      0.759999990    
        8534  -3.91672492       3.25805950      0.759999990    
        8536  -3.80964422       3.59018302      0.759999990    
        8538  -4.12870884       2.11142945      0.759999990    
        8540  -3.93223143       3.25424576      0.759999990    
        8542  -4.17070627       2.74348164      0.779999971    
        8544  -4.17950153       2.77008700      0.779999971    
        8546  -4.10163355       3.09545326      0.769999981    
        8548  -4.05254745       3.37703919      0.769999981    
        8550  -3.96448207       3.83061266      0.769999981    
        8552  -4.01066017       2.90996885      0.759999990    
        8554  -3.62329626       3.89810061      0.750000000    
        8556  -4.07621622       2.03388357      0.750000000    
        8558  -3.72994757       3.02537107      0.740000010    
        8560  -3.89820743       2.07460570      0.730000019    
        8562  -3.87611485       2.05985546      0.730000019    
        8564  -3.87400246       1.58846533      0.720000029    
        8566  -4.07904720      0.668220758      0.720000029    
        8568  -3.74710107       1.88598561      0.699999988    
        8570  -3.63966632       2.51869774      0.689999998    
        8572  -3.75713038       1.89038074      0.689999998    
        8574  -3.59408593       2.45626211      0.689999998    
        8576  -3.73456073       2.05338478      0.689999998    
        8578  -3.55109644       1.99325943      0.680000007    
        8580  -3.78138638       1.36400068      0.680000007    
        8582  -3.68932295       1.72500348      0.670000017    
        8584  -3.55716276       2.49903798      0.670000017    
        8586  -3.73072672       1.59123123      0.660000026    
        8588  -3.57208920       2.19623995      0.660000026    
        8590  -3.41161895       2.94652200      0.670000017    
        8592  -3.46455336       3.04734564      0.680000007    
        8594  -3.72254992       2.29924297      0.680000007    
        8596  -3.64300632       2.79957700      0.680000007    
        8598  -3.59782910       2.96015072      0.680000007    
        8600  -3.84957743       2.00368929      0.689999998    
        8602  -4.04706526       1.49728954      0.689999998    
        8604  -3.80520225       2.53741670      0.699999988    
        8606  -3.77155399       3.47966337      0.709999979    
        8608  -3.83508897       3.38235807      0.709999979    
        8610  -3.80890489       3.00899053      0.709999979    
        8612  -3.67660546       3.67369819      0.709999979    
        8614  -3.68936276       3.72588587      0.709999979    
        8616  -3.69363427       3.52443266      0.689999998    
        8618  -3.77501392       3.18190598      0.699999988    
        8620  -3.83476019       3.25560617      0.709999979    
        8622  -3.63231587       4.06224108      0.720000029    
        8624  -3.61849570       3.74353743      0.720000029    
        8626  -3.48079300       4.31991291      0.720000029    
        8628  -3.41261125       4.54116726      0.720000029    
        8630  -3.70778680       3.41024184      0.720000029    
        8632  -3.75297523       2.99355602      0.720000029    
        8634  -3.91923380       2.05533218      0.720000029    
        8636  -3.81475282       2.10549116      0.720000029    
        8638  -3.76469159       2.57987881      0.720000029    
        8640  -3.87164807       2.52419829      0.740000010    
        8642  -3.85401297       2.53205800      0.740000010    
        8644  -3.65089297       3.18889117      0.740000010    
        8646  -3.75742841       2.82941389      0.730000019    
        8648  -3.64336228       3.60476446      0.740000010    
        8650  -3.89455175       2.29238510      0.740000010    
        8652  -3.96616650       2.06783342      0.740000010    
        8654  -4.03858805       1.94906712      0.740000010    
        8656  -3.98023939       2.46094060      0.740000010    
        8658  -3.85112047       3.09499478      0.750000000    
        8660  -3.96100068       2.56244850      0.750000000    
        8662  -4.02950907       2.50396705      0.740000010    
        8664  -3.83124542       3.06453919      0.740000010    
        8666  -3.78688502       2.88180518      0.730000019    
        8668  -3.73995638       3.04514480      0.720000029    
        8670  -3.87505364       2.59343696      0.730000019    
        8672  -3.88437748       2.53181219      0.730000019    
        8674  -4.00082541       2.20595813      0.730000019    
        8676  -4.01909447       1.97847128      0.720000029    
        8678  -3.63102651       3.60193086      0.720000029    
        8680  -3.82449508       2.61421657      0.709999979    
        8682  -3.82453442       2.78250551      0.709999979    
        8684  -3.98608732       2.13458824      0.709999979    
        8686  -3.84576035       2.55136752      0.699999988    
        8688  -3.78423643       2.55750561      0.699999988    
        8690  -3.72207403       2.80834985      0.699999988    
        8692  -3.79940391       2.20934081      0.699999988    
        8694  -3.82445455       2.44698095      0.699999988    
        8696  -3.86373806       2.57914233      0.709999979    
        8698  -3.77505469       3.60336900      0.730000019    
        8700  -3.90684223       3.23049831      0.740000010    
        8702  -4.01839113       2.30168343      0.740000010    
        8704  -3.79796028       3.42136598      0.740000010    
        8706  -3.90829301       2.92421460      0.730000019    
        8708  -3.58229041       4.46857452      0.740000010    
        8710  -3.48680997       4.81399822      0.730000019    
        8712  -3.78457117       4.14164925      0.740000010    
        8714  -3.69064045       4.26248884      0.740000010    
        8716  -3.81917214       3.69745302      0.750000000    
        8718  -3.82320762       3.49675298      0.750000000    
        8720  -3.95366764       2.97238135      0.750000000    
        8722  -3.79784298       3.71731925      0.750000000    
        8724  -3.85388923       3.18721461      0.750000000    
        8726  -3.74595046       4.15962648      0.750000000    
        8728  -3.71833420       3.98177052      0.750000000    
        8730  -3.67375088       3.89028430      0.740000010    
        8732  -3.86982751       3.21282291      0.740000010    
        8734  -4.06999254       2.53624701      0.750000000    
        8736  -4.07527781       2.38557315      0.740000010    
        8738  -3.92182088       2.79063177      0.740000010    
        8740  -3.81189680       3.26810718      0.740000010    
        8742  -3.95368719       2.73808503      0.740000010    
        8744  -3.94356012       3.10224652      0.740000010    
        8746  -3.95216560       3.02118111      0.750000000    
        8748  -3.81396461       3.27530432      0.740000010    
        8750  -3.76568556       3.65069795      0.740000010    
        8752  -3.50988460       5.00510263      0.750000000    
        8754  -3.57054019       4.69778872      0.759999990    
        8756  -3.42989588       5.05662441      0.759999990    
        8758  -3.72117090       3.65436053      0.759999990    
        8760  -3.88961792       3.13424158      0.750000000    
        8762  -3.95025158       2.86396575      0.740000010    
        8764  -3.90352368       2.61572742      0.730000019    
        8766  -3.82616472       2.54837203      0.720000029    
        8768  -3.70916629       2.77764177      0.720000029    
        8770  -3.86043310       2.71002769      0.720000029    
        8772  -3.77803254       2.71879077      0.709999979    
        8774  -3.69704771       2.96770787      0.699999988    
        8776  -3.82813859       2.26842928      0.699999988    
        8778  -3.87333441       2.03522134      0.699999988    
        8780  -3.79310274       2.24880886      0.699999988    
        8782  -3.87763190       1.44860685      0.699999988    
        8784  -3.81477189       2.02801800      0.699999988    
        8786  -3.79375076       2.28263116      0.699999988    
        8788  -3.76971078       2.45194173      0.699999988    
        8790  -3.71605325       3.46095252      0.720000029    
        8792  -3.80009437       2.92755795      0.720000029    
        8794  -3.74403739       2.78533411      0.720000029    
        8796  -3.80432796       3.06324196      0.730000019    
        8798  -3.75754166       3.24214864      0.730000019    
        8800  -3.79769731       2.81607962      0.730000019    
        8802  -3.62257028       3.45866442      0.730000019    
        8804  -3.54016900       3.59510183      0.730000019    
        8806  -3.95269179       2.02096987      0.730000019    
        8808  -3.75043654       2.84863114      0.730000019    
        8810  -3.96482158       1.91091263      0.730000019    
        8812  -3.84363365       2.04310703      0.720000029    
        8814  -4.02176476       1.30366051      0.720000029    
        8816  -3.63890767       3.32099843      0.720000029    
        8818  -3.89433670       1.79524505      0.720000029    
        8820  -3.98133612       1.72570062      0.720000029    
        8822  -3.87793303       1.90647709      0.720000029    
        8824  -3.95187187       2.01619864      0.730000019    
        8826  -3.83560753       2.63989687      0.730000019    
        8828  -3.96140003       2.10685086      0.720000029    
        8830  -3.67015481       2.67418361      0.709999979    
        8832  -3.63101149       2.77439499      0.709999979    
        8834  -3.77963352       2.30284905      0.709999979    
        8836  -3.52437878       3.02542686      0.720000029    
        8838  -3.47919679       2.43653798      0.689999998    
        8840  -3.49697089       2.49471760      0.699999988    
        8842  -3.71853113       1.56701994      0.699999988    
        8844  -3.56313300       2.41741419      0.699999988    
        8846  -3.50757742       2.22948790      0.689999998    
        8848  -3.47708964       2.93202972      0.689999998    
        8850  -3.71256495       1.34195757      0.680000007    
        8852  -3.60209322       1.58775127      0.680000007    
        8854  -3.84046340       1.04307580      0.699999988    
        8856  -3.74345160       2.21458244      0.709999979    
        8858  -3.83046317       1.99458504      0.709999979    
        8860  -3.90432334       1.79895484      0.709999979    
        8862  -3.77751064       1.94228959      0.699999988    
        8864  -3.75304174       2.19487381      0.699999988    
        8866  -3.62006497       2.24559498      0.699999988    
        8868  -3.92372656       1.76565731      0.709999979    
        8870  -3.80795765       2.18996334      0.709999979    
        8872  -3.57826519       3.07553792      0.709999979    
        8874  -3.85018897       2.84170818      0.750000000    
        8876  -3.69021344       3.03555918      0.740000010    
        8878  -3.87830329       1.92241430      0.730000019    
        8880  -3.80467415       2.19841218      0.730000019    
        8882  -3.76267838       2.47449636      0.730000019    
        8884  -3.61497116       2.89878964      0.730000019    
        8886  -3.59798455       3.15367699      0.730000019    
        8888  -3.52827692       3.36199403      0.730000019    
        8890  -3.66382527       2.80505943      0.730000019    
        8892  -3.61201406       2.72408342      0.720000029    
        8894  -3.70743799       2.23351407      0.720000029    
        8896  -3.71704578       1.98254538      0.720000029    
        8898  -3.40625405       3.64485240      0.720000029    
        8900  -3.65207791       2.60187244      0.720000029    
        8902  -3.48796058       3.42972517      0.720000029    
        8904  -3.67969346       2.68601632      0.720000029    
        8906  -3.67704487       3.35785651      0.730000019    
        8908  -3.62692189       4.05490398      0.730000019    
        8910  -3.66048717       3.73773432      0.730000019    
        8912  -3.77063870       2.55528212      0.720000029    
        8914  -3.64269519       3.23477340      0.720000029    
        8916  -3.44759560       3.43058157      0.709999979    
        8918  -3.76246357       2.22730660      0.709999979    
        8920  -3.48093629       3.18373632      0.709999979    
        8922  -3.32453060       3.96136498      0.709999979    
        8924  -3.54209614       2.98128867      0.709999979    
        8926  -3.64007139       2.74631166      0.709999979    
        8928  -3.72039723       2.48701787      0.709999979    
        8930  -3.69333267       2.46746230      0.720000029    
        8932  -3.92229629       1.55019796      0.720000029    
        8934  -3.69925547       2.67978120      0.720000029    
        8936  -3.92703533       2.01580644      0.730000019    
        8938  -3.78370833       3.01179028      0.740000010    
        8940  -3.84380531       2.57167649      0.730000019    
        8942  -3.85067296       2.88462329      0.740000010    
        8944  -3.71845531       2.93777418      0.730000019    
        8946  -3.73352385       3.54035211      0.730000019    
        8948  -3.99484754       2.60485840      0.730000019    
        8950  -3.81225777       2.78351045      0.720000029    
        8952  -3.68376231       3.73514628      0.730000019    
        8954  -4.03228951       2.10812140      0.730000019    
        8956  -3.78028536       2.89259553      0.730000019    
        8958  -3.59504652       3.35261583      0.730000019    
        8960  -3.85914111       2.70991325      0.730000019    
        8962  -3.94876313       2.92721701      0.740000010    
        8964  -3.98974872       3.01788473      0.740000010    
        8966  -3.92625642       2.68446374      0.740000010    
        8968  -4.06333542       2.41337347      0.750000000    
        8970  -4.01363039       2.88100266      0.750000000    
        8972  -3.94875669       2.96835279      0.750000000    
        8974  -3.82954597       3.02420425      0.740000010    
        8976  -3.94355083       2.53792119      0.730000019    
        8978  -3.50018334       4.08270407      0.740000010    
        8980  -3.81253147       2.97693920      0.750000000    
        8982  -3.66463757       3.61976099      0.759999990    
        8984  -3.96831226       2.18233109      0.750000000    
        8986  -4.01330471       2.49738431      0.750000000    
        8988  -4.01595592       2.60382700      0.759999990    
        8990  -3.95426583       2.49703217      0.750000000    
        8992  -3.39969540       4.99916410      0.750000000    
        8994  -3.48753572       4.98732519      0.750000000    
        8996  -3.65400100       4.08408356      0.750000000    
        8998  -3.78253222       3.07536459      0.740000010    
        9000  -3.89045405       3.12035489      0.750000000    
        9002  -3.95553660       2.75360823      0.740000010    
        9004  -4.01310587       2.83481407      0.740000010    
        9006  -3.93763256       3.21838021      0.740000010    
        9008  -4.02627468       3.68703413      0.750000000    
        9010  -3.79330754       3.79508877      0.740000010    
        9012  -3.91025734       2.81512356      0.740000010    
        9014  -3.72575545       4.12190676      0.740000010    
        9016  -4.09323168       1.67102551      0.730000019    
        9018  -4.01654863       2.10445738      0.730000019    
        9020  -4.06013107       2.15558624      0.730000019    
        9022  -3.97142482       3.02795863      0.740000010    
        9024  -3.94715977       3.10693288      0.740000010    
        9026  -4.07798719       3.31680655      0.750000000    
        9028  -3.90498352       3.88421774      0.750000000    
        9030  -3.82530046       4.50977230      0.759999990    
        9032  -4.07535505       3.35283947      0.759999990    
        9034  -4.10619402       2.92888355      0.759999990    
        9036  -3.99811935       3.26070309      0.759999990    
        9038  -4.11995316       3.42328644      0.769999981    
        9040  -3.92934036       3.33854151      0.750000000    
        9042  -3.91682124       3.45722914      0.750000000    
        9044  -3.88585401       3.55847883      0.740000010    
        9046  -4.08448362       2.48000836      0.720000029    
        9048  -3.88117433       3.27206159      0.720000029    
        9050  -4.15677452       2.43849754      0.730000019    
        9052  -4.05717421       2.60350752      0.720000029    
        9054  -4.00909472       3.09162116      0.720000029    
        9056  -3.84121299       3.58332562      0.720000029    
        9058  -3.80023432       3.04327369      0.709999979    
        9060  -3.67361665       3.52135181      0.709999979    
        9062  -3.32697034       4.64515209      0.699999988    
        9064  -3.37546062       4.29301167      0.699999988    
        9066  -3.59535861       3.29317737      0.689999998    
        9068  -3.54633212       3.30788565      0.689999998    
        9070  -3.53271389       2.96501708      0.689999998    
        9072  -3.43330240       2.87861824      0.680000007    
        9074  -3.72478127       1.44301736      0.680000007    
        9076  -3.46569514       2.30373764      0.670000017    
        9078  -3.64555097       1.55784321      0.670000017    
        9080  -3.55776930       2.22564006      0.680000007    
        9082  -3.54413366       2.06973457      0.680000007    
        9084  -3.65912366       1.57670879      0.680000007    
        9086  -3.56676149       1.89375782      0.670000017    
        9088  -3.90019989      0.795390844      0.670000017    
        9090  -3.52853584       2.45120215      0.660000026    
        9092  -3.47549725       2.17078018      0.660000026    
        9094  -3.65185761       2.24221754      0.660000026    
        9096  -3.74821377       1.66035211      0.660000026    
        9098  -3.74536681       1.57077122      0.660000026    
        9100  -3.58008695       2.26077557      0.660000026    
        9102  -3.59992027       2.37731385      0.670000017    
        9104  -3.22284007       4.00112200      0.670000017    
        9106  -3.71198797       2.22531343      0.680000007    
        9108  -3.35587478       3.31157279      0.680000007    
        9110  -3.68565488       2.26845431      0.689999998    
        9112  -3.38813186       3.08000684      0.680000007    
        9114  -3.64358640       2.08519220      0.670000017    
        9116  -3.66706443       1.93725598      0.670000017    
        9118  -3.56345916       2.43477845      0.670000017    
        9120  -3.35488296       3.19412494      0.670000017    
        9122  -3.52339315       2.05313778      0.670000017    
        9124  -3.64808083       1.98755777      0.670000017    
        9126  -3.70200419       2.15987062      0.670000017    
        9128  -3.50587845       2.69342351      0.670000017    
        9130  -3.73036695       1.90083253      0.680000007    
        9132  -3.41381574       2.85887074      0.680000007    
        9134  -3.81691670       1.23725307      0.689999998    
        9136  -3.71136284       2.51420903      0.709999979    
        9138  -3.83785272       1.77883184      0.699999988    
        9140  -3.56969833       2.65149140      0.689999998    
        9142  -3.59025526       2.81220722      0.689999998    
        9144  -3.57592106       2.56528115      0.689999998    
        9146  -3.52919960       2.58990884      0.680000007    
        9148  -3.52873659       2.40402579      0.689999998    
        9150  -3.55317712       2.27595735      0.689999998    
        9152  -3.60910511       2.34989810      0.689999998    
        9154  -3.51013446       2.50669551      0.689999998    
        9156  -3.65849686       1.91383636      0.689999998    
        9158  -3.53429246       2.31245041      0.680000007    
        9160  -3.30767202       2.75931692      0.670000017    
        9162  -3.60012102       1.44976747      0.680000007    
        9164  -3.74818873       1.02902222      0.680000007    
        9166  -3.52892685       1.71689308      0.680000007    
        9168  -3.66452026       1.53495395      0.680000007    
        9170  -3.58630204       1.38880754      0.680000007    
        9172  -3.82628727      0.602736533      0.689999998    
        9174  -3.41976309       2.07430625      0.689999998    
        9176  -3.63774133       1.54612482      0.689999998    
        9178  -3.93543601      0.695743024      0.699999988    
        9180  -3.65135384       1.84070385      0.699999988    
        9182  -3.59868765       2.34875441      0.699999988    
        9184  -3.81452060       1.22636521      0.699999988    
        9186  -3.79689837       1.44828856      0.709999979    
        9188  -3.82352138       1.31028354      0.709999979    
        9190  -3.66582394       2.10000849      0.709999979    
        9192  -3.65220332       2.22678590      0.709999979    
        9194  -3.76955271       1.80316019      0.699999988    
        9196  -3.55944514       2.44935060      0.699999988    
        9198  -3.63975883       2.02638459      0.699999988    
        9200  -3.30706787       3.21753788      0.699999988    
        9202  -3.50686955       2.42899823      0.699999988    
        9204  -3.52518582       2.57555604      0.699999988    
        9206  -3.66422701       1.49651682      0.689999998    
        9208  -3.50300455       2.32668233      0.699999988    
        9210  -3.47964382       2.20076394      0.689999998    
        9212  -3.39271998       2.93955088      0.699999988    
        9214  -3.45607090       2.74602818      0.699999988    
        9216  -3.59498930       2.69517446      0.709999979    
        9218  -3.74281025       2.38739896      0.720000029    
        9220  -3.88672733       1.67318690      0.720000029    
        9222  -3.70105863       2.64684105      0.709999979    
        9224  -3.67536402       2.94505239      0.709999979    
        9226  -3.86970830       1.95355618      0.720000029    
        9228  -3.82994962       2.32692599      0.720000029    
        9230  -3.45675659       3.95003438      0.720000029    
        9232  -3.35693717       3.67641211      0.699999988    
        9234  -3.80711293       1.69218934      0.699999988    
        9236  -3.43115377       3.35085392      0.699999988    
        9238  -3.55433464       2.61029434      0.689999998    
        9240  -3.75731158       1.53917098      0.689999998    
        9242  -3.65109086       2.09903002      0.689999998    
        9244  -3.54289079       2.15769005      0.689999998    
        9246  -3.55242205       2.52618909      0.689999998    
        9248  -3.53483152       2.91885710      0.689999998    
        9250  -3.54231310       3.05699968      0.689999998    
        9252  -3.69241214       2.92030239      0.689999998    
        9254  -3.78043103       2.46394849      0.689999998    
        9256  -3.57446098       3.25346732      0.689999998    
        9258  -3.42883015       3.42125678      0.689999998    
        9260  -3.24255896       4.48062897      0.699999988    
        9262  -3.48518634       3.43019509      0.699999988    
        9264  -3.69793272       2.47325039      0.689999998    
        9266  -3.71342111       1.98162282      0.689999998    
        9268  -3.59216571       2.24969363      0.689999998    
        9270  -3.61069846       2.21671176      0.699999988    
        9272  -3.60090709       2.46302080      0.699999988    
        9274  -3.74984670       2.03190207      0.709999979    
        9276  -3.84041572       1.96370852      0.720000029    
        9278  -3.67254996       2.19760156      0.720000029    
        9280  -3.44905496       3.27826786      0.720000029    
        9282  -3.69944000       2.11013651      0.720000029    
        9284  -3.67649627       2.50022793      0.720000029    
        9286  -3.80621004       1.57985616      0.720000029    
        9288  -3.79541659       1.69103336      0.720000029    
        9290  -3.85017538       1.89473128      0.730000019    
        9292  -3.55952430       3.11360073      0.730000019    
        9294  -3.50441575       3.41661549      0.730000019    
        9296  -3.81200624       2.29183245      0.730000019    
        9298  -3.43181491       4.01579857      0.740000010    
        9300  -3.73599458       2.59815526      0.740000010    
        9302  -3.85733056       2.32894897      0.740000010    
        9304  -3.78711438       2.93163443      0.740000010    
        9306  -3.69730639       3.52305841      0.740000010    
        9308  -3.54144073       3.94412446      0.740000010    
        9310  -3.79577708       2.78411031      0.730000019    
        9312  -3.98026657       1.39550364      0.720000029    
        9314  -3.87865138       1.65133345      0.709999979    
        9316  -3.76651764       1.81957078      0.709999979    
        9318  -3.46103120       2.82499361      0.699999988    
        9320  -3.80552506       1.68667209      0.709999979    
        9322  -3.87725210       1.51035476      0.709999979    
        9324  -3.68699813       2.51887774      0.709999979    
        9326  -3.85149574       2.14153719      0.720000029    
        9328  -3.63794756       2.71497536      0.720000029    
        9330  -3.73564959       2.26604033      0.720000029    
        9332  -3.72580862       2.04555345      0.699999988    
        9334  -3.63206410       2.51863170      0.699999988    
        9336  -3.58401513       3.18782902      0.699999988    
        9338  -3.84410810       1.91286349      0.699999988    
        9340  -3.72303891       2.88959050      0.709999979    
        9342  -3.56826758       3.83442378      0.720000029    
        9344  -3.79725647       2.58840322      0.720000029    
        9346  -3.63760090       2.99655056      0.720000029    
        9348  -3.84193420       2.32983303      0.720000029    
        9350  -3.72858071       2.82268286      0.730000019    
        9352  -3.54964018       3.82350993      0.730000019    
        9354  -3.78593588       2.95627332      0.730000019    
        9356  -3.94159079       2.50590277      0.730000019    
        9358  -3.81106281       2.82866979      0.730000019    
        9360  -3.95153594       2.73392463      0.730000019    
        9362  -3.92339206       2.48297596      0.730000019    
        9364  -3.81789947       2.86153936      0.730000019    
        9366  -3.90296841       2.27498388      0.720000029    
        9368  -3.69517064       3.30135679      0.720000029    
        9370  -3.99169111       2.59061170      0.730000019    
        9372  -4.11503744       2.21615863      0.730000019    
        9374  -4.24094439       1.79596770      0.730000019    
        9376  -4.08258915       2.07273746      0.720000029    
        9378  -4.11304283       1.79355371      0.720000029    
        9380  -3.78314686       3.44414306      0.720000029    
        9382  -3.98538995       2.74586844      0.720000029    
        9384  -3.88968158       3.16604280      0.720000029    
        9386  -3.94262290       2.84157252      0.730000019    
        9388  -3.83425426       3.16543627      0.740000010    
        9390  -3.56034589       4.39671421      0.740000010    
        9392  -3.90954494       3.16017532      0.740000010    
        9394  -3.99801731       2.61064601      0.730000019    
        9396  -3.89106488       3.17944074      0.720000029    
        9398  -3.98931980       2.45287585      0.720000029    
        9400  -3.83445597       2.69306207      0.720000029    
        9402  -3.75755024       3.40534902      0.730000019    
        9404  -4.08093214       2.03710508      0.730000019    
        9406  -4.04879713       1.88771665      0.730000019    
        9408  -3.83263206       2.85456109      0.730000019    
        9410  -3.86549783       2.71199059      0.730000019    
        9412  -3.99250269       2.71991897      0.740000010    
        9414  -4.06651115       2.15048814      0.730000019    
        9416  -4.15380812       1.96730769      0.730000019    
        9418  -3.94775844       2.57467604      0.730000019    
        9420  -3.84391642       3.42966413      0.740000010    
        9422  -3.94608688       2.94851136      0.740000010    
        9424  -3.71956635       3.91486120      0.740000010    
        9426  -3.90118670       3.40889621      0.740000010    
        9428  -3.55365205       4.51654243      0.740000010    
        9430  -3.98617625       3.08701062      0.740000010    
        9432  -3.96031713       3.27636194      0.750000000    
        9434  -4.01938009       2.59154439      0.740000010    
        9436  -3.83371043       3.10186052      0.740000010    
        9438  -3.88341618       2.78503084      0.740000010    
        9440  -3.57896376       3.92410517      0.740000010    
        9442  -3.86267519       2.90561342      0.750000000    
        9444  -3.82731032       3.12266898      0.750000000    
        9446  -3.94761872       2.71494150      0.750000000    
        9448  -3.94955611       2.58551526      0.750000000    
        9450  -3.86853790       3.54615855      0.759999990    
        9452  -3.92345834       2.95749187      0.750000000    
        9454  -3.84417057       2.76134539      0.740000010    
        9456  -3.83619571       3.31012392      0.740000010    
        9458  -3.67897654       3.50341725      0.740000010    
        9460  -3.68283701       3.15970492      0.730000019    
        9462  -3.51835680       3.88761377      0.730000019    
        9464  -3.73144579       3.54942131      0.740000010    
        9466  -3.93479204       2.67261267      0.740000010    
        9468  -4.06809044       2.01500535      0.740000010    
        9470  -4.08325911       2.28614879      0.740000010    
        9472  -4.01541567       2.36776137      0.740000010    
        9474  -3.78477955       2.82422233      0.730000019    
        9476  -3.92414403       2.29945850      0.730000019    
        9478  -3.84393549       2.73665977      0.709999979    
        9480  -3.68310189       2.68905830      0.699999988    
        9482  -3.73701143       2.42240500      0.699999988    
        9484  -3.54205966       3.19657874      0.699999988    
        9486  -3.68492317       2.64807034      0.699999988    
        9488  -3.71764350       2.41760755      0.699999988    
        9490  -3.90236330       1.60060334      0.699999988    
        9492  -3.93777323       1.63093555      0.699999988    
        9494  -3.69464517       2.37105536      0.689999998    
        9496  -3.65853310       3.33454561      0.709999979    
        9498  -3.86697626       2.49638700      0.709999979    
        9500  -3.78248525       2.51844621      0.709999979    
        9502  -3.71185017       3.20431876      0.709999979    
        9504  -3.82130957       2.74350524      0.709999979    
        9506  -3.53284073       3.91883612      0.720000029    
        9508  -3.59993339       3.71097755      0.720000029    
        9510  -3.77423620       2.75026703      0.720000029    
        9512  -3.53956532       3.50479555      0.730000019    
        9514  -3.62467265       3.03630376      0.730000019    
        9516  -3.59862447       3.11010814      0.720000029    
        9518  -3.49863744       3.44559097      0.720000029    
        9520  -3.49094605       3.33326459      0.720000029    
        9522  -3.56776285       2.90872574      0.720000029    
        9524  -3.66897750       2.28754187      0.720000029    
        9526  -3.75932598       2.06424880      0.720000029    
        9528  -3.86762929       1.30405200      0.699999988    
        9530  -3.80475354       2.08253622      0.709999979    
        9532  -3.63014078       2.63038087      0.709999979    
        9534  -3.49398351       3.16076851      0.709999979    
        9536  -3.50405407       2.98120832      0.689999998    
        9538  -3.70878267       2.15960622      0.689999998    
        9540  -3.45909238       2.91650891      0.689999998    
        9542  -3.58185959       2.59927750      0.689999998    
        9544  -3.61551213       2.48754096      0.680000007    
        9546  -3.49474192       2.49767709      0.670000017    
        9548  -3.48305893       2.93224406      0.689999998    
        9550  -3.39944839       3.05778098      0.680000007    
        9552  -3.47476435       2.60424232      0.680000007    
        9554  -3.57780504       2.36886454      0.680000007    
        9556  -3.71302271       1.98963606      0.680000007    
        9558  -3.53212166       2.20298672      0.680000007    
        9560  -3.47850847       2.57334518      0.680000007    
        9562  -3.55625272       2.25799251      0.670000017    
        9564  -3.68253708       1.76931393      0.660000026    
        9566  -3.64192176       1.96267283      0.660000026    
        9568  -3.47216153       2.16538119      0.660000026    
        9570  -3.48909640       2.11750937      0.649999976    
        9572  -3.70628405      0.826832950      0.649999976    
        9574  -3.63794923      0.915469170      0.649999976    
        9576  -3.76838613      0.520477772      0.649999976    
        9578  -3.72941685       1.04630864      0.660000026    
        9580  -3.74065518      0.823036492      0.660000026    
        9582  -3.45353341       2.56819272      0.680000007    
        9584  -3.56908870       2.47400141      0.670000017    
        9586  -3.62477517       1.86363649      0.670000017    
        9588  -3.65105081       2.51484990      0.670000017    
        9590  -3.39034271       3.27334952      0.670000017    
        9592  -3.52473164       2.62857127      0.670000017    
        9594  -3.09322715       3.81495500      0.660000026    
        9596  -3.60777497       1.28319085      0.639999986    
        9598  -3.61703515       1.12056565      0.639999986    
        9600  -3.71087503       1.13610899      0.649999976    
        9602  -3.73140144      0.820427418      0.649999976    
        9604  -3.67324615      0.960197508      0.649999976    
        9606  -3.70801473      0.990207672      0.649999976    
        9608  -3.72594261       1.21080029      0.649999976    
        9610  -3.71489239      0.902091801      0.639999986    
        9612  -3.87089705      0.438550949      0.649999976    
        9614  -3.80178308       1.04433942      0.670000017    
        9616  -3.50358987       1.80718768      0.660000026    
        9618  -3.57943225       1.46674502      0.649999976    
        9620  -3.31885672       2.13106489      0.639999986    
        9622  -3.40947866       1.99452662      0.649999976    
        9624  -3.60260677       1.66175187      0.649999976    
        9626  -3.73595452       1.14188468      0.660000026    
        9628  -3.44958758       2.19095135      0.670000017    
        9630  -3.41406584       2.11956167      0.660000026    
        9632  -3.31021047       2.57892513      0.660000026    
        9634  -3.57051539       1.68799818      0.670000017    
        9636  -3.67699623       1.00987518      0.660000026    
        9638  -3.53023720       1.23350501      0.660000026    
        9640  -3.02111363       3.19002914      0.660000026    
        9642  -3.16931176       2.92851186      0.660000026    
        9644  -3.48829746       1.67025638      0.660000026    
        9646  -3.11760378       2.82204556      0.649999976    
        9648  -3.09514618       2.93709588      0.639999986    
        9650  -2.78754807       4.27479839      0.639999986    
        9652  -3.44319797       1.50203156      0.639999986    
        9654  -3.18983459       3.07399821      0.649999976    
        9656  -3.24459457       2.92292213      0.649999976    
        9658  -3.68391418       1.03821516      0.660000026    
        9660  -3.32520175       2.22151232      0.660000026    
        9662  -3.27274394       2.22944593      0.660000026    
        9664  -3.54780078       1.63066351      0.660000026    
        9666  -3.59104896       1.82413876      0.660000026    
        9668  -3.46867323       1.76552033      0.660000026    
        9670  -3.28328300       2.38858938      0.660000026    
        9672  -3.20412254       2.39044714      0.660000026    
        9674  -3.24612761       2.23278213      0.660000026    
        9676  -3.45015645       1.45986092      0.660000026    
        9678  -3.40613580       1.47783279      0.660000026    
        9680  -3.68563151      0.884178758      0.649999976    
        9682  -3.48254585       1.42472374      0.649999976    
        9684  -3.66508603       1.05850983      0.649999976    
        9686  -3.66054940      0.698428333      0.649999976    
        9688  -3.52350855       1.27531815      0.639999986    
        9690  -3.66741872       1.03868866      0.649999976    
        9692  -3.52190375       1.25414765      0.649999976    
        9694  -3.61542320       1.40332234      0.660000026    
        9696  -3.64426088       1.50232303      0.660000026    
        9698  -3.67752504       1.59114659      0.680000007    
        9700  -3.76304317       1.45274436      0.680000007    
        9702  -3.77729821       1.72183573      0.670000017    
        9704  -3.72141361       2.13509560      0.670000017    
        9706  -3.52989602       2.50871110      0.670000017    
        9708  -3.55882621       2.08853626      0.670000017    
        9710  -3.50088501       2.66705275      0.670000017    
        9712  -3.64557743       1.46590292      0.660000026    
        9714  -3.40942574       2.30840659      0.660000026    
        9716  -3.57007885       1.89496624      0.660000026    
        9718  -3.39610028       2.46416092      0.660000026    
        9720  -3.34187579       2.44696522      0.660000026    
        9722  -3.54423165       1.68155706      0.649999976    
        9724  -3.40316868       1.94643331      0.639999986    
        9726  -3.61824346       1.66019392      0.649999976    
        9728  -3.46501613       2.11811996      0.649999976    
        9730  -3.52963543       1.41990781      0.649999976    
        9732  -3.69014525      0.692789435      0.639999986    
        9734  -3.65450311      0.746397495      0.629999995    
        9736  -3.28246689       2.17060661      0.639999986    
        9738  -3.40201497       2.07036257      0.660000026    
        9740  -3.20701861       2.55966115      0.660000026    
        9742  -3.46357369       2.06710362      0.660000026    
        9744  -3.40818334       2.72109699      0.660000026    
        9746  -3.51255131       2.20494366      0.649999976    
        9748  -3.50460219       1.68587852      0.639999986    
        9750  -3.30158257       2.67349362      0.639999986    
        9752  -3.34328389       2.10314727      0.620000005    
        9754  -3.39612722       2.10330534      0.639999986    
        9756  -3.34610581       2.51431942      0.649999976    
        9758  -3.15784788       3.62900496      0.660000026    
        9760  -3.22092581       3.34243488      0.660000026    
        9762  -3.57130313       2.47493029      0.660000026    
        9764  -3.73654723       2.04534841      0.660000026    
        9766  -3.66132617       1.98865771      0.649999976    
        9768  -3.54967022       2.01022530      0.649999976    
        9770  -3.39824677       2.28225136      0.639999986    
        9772  -3.46876907       2.35309196      0.670000017    
        9774  -3.65285754       2.20682240      0.680000007    
        9776  -3.75114560       1.99823129      0.680000007    
        9778  -3.24755383       3.48198962      0.670000017    
        9780  -3.48495293       2.50493693      0.680000007    
        9782  -3.71538830       1.49477470      0.680000007    
        9784  -3.69864130       1.17523587      0.680000007    
        9786  -3.76238394       1.62327647      0.689999998    
        9788  -3.76815677       2.16205359      0.699999988    
        9790  -3.68204546       2.21411061      0.689999998    
        9792  -3.70869827       1.96751130      0.680000007    
        9794  -3.62196994       2.52549100      0.689999998    
        9796  -3.84734726       1.88589716      0.689999998    
        9798  -3.83511424       2.09299135      0.689999998    
        9800  -3.63575435       3.17254949      0.689999998    
        9802  -3.60262942       2.64623523      0.670000017    
        9804  -3.65415072       2.18917251      0.670000017    
        9806  -3.34781766       3.27819705      0.660000026    
        9808  -3.31075144       2.94298267      0.649999976    
        9810  -3.64447474       1.67200494      0.649999976    
        9812  -3.53827119       2.34206939      0.660000026    
        9814  -3.55274677       2.30385423      0.660000026    
        9816  -3.65357924       1.94532454      0.649999976    
        9818  -3.90849686       1.06501317      0.660000026    
        9820  -3.56677556       2.30841064      0.660000026    
        9822  -3.71267796       2.32413340      0.670000017    
        9824  -3.78167152       2.28056145      0.670000017    
        9826  -3.52693081       3.38016486      0.680000007    
        9828  -3.59786892       2.90418482      0.689999998    
        9830  -3.52565455       2.75476456      0.689999998    
        9832  -3.64268947       1.99780440      0.680000007    
        9834  -3.63270283       1.79928768      0.670000017    
        9836  -3.65149784       1.77696586      0.680000007    
        9838  -3.69000649       1.75473166      0.670000017    
        9840  -3.82773280       1.93494630      0.680000007    
        9842  -3.86937118       1.63895631      0.680000007    
        9844  -3.92020583       1.80793285      0.699999988    
        9846  -3.82470703       2.07553697      0.709999979    
        9848  -3.84312987       1.98542023      0.709999979    
        9850  -3.90681243       1.52620959      0.709999979    
        9852  -3.73037887       2.90643120      0.730000019    
        9854  -3.76880550       2.88352513      0.730000019    
        9856  -3.62533402       3.15175581      0.730000019    
        9858  -3.57328200       3.39700031      0.730000019    
        9860  -3.54617524       3.08317518      0.720000029    
        9862  -3.46982932       3.23059273      0.709999979    
        9864  -3.30793881       4.21472502      0.720000029    
        9866  -3.31686449       4.64567614      0.730000019    
        9868  -3.32512283       4.42804766      0.730000019    
        9870  -3.45254469       4.08795071      0.730000019    
        9872  -3.50613713       3.60185242      0.709999979    
        9874  -3.69604230       2.51590252      0.709999979    
        9876  -3.72490358       3.13630152      0.730000019    
        9878  -4.01284790       2.06444836      0.730000019    
        9880  -3.84264135       2.01557136      0.720000029    
        9882  -3.52414417       3.72955680      0.730000019    
        9884  -3.86855960       2.44318986      0.730000019    
        9886  -3.74127030       2.57009792      0.720000029    
        9888  -3.88831902       1.70918548      0.720000029    
        9890  -3.66170788       2.93000269      0.720000029    
        9892  -3.55383968       3.04740858      0.709999979    
        9894  -3.86288548       2.18617940      0.709999979    
        9896  -3.83379316       2.31706691      0.709999979    
        9898  -3.65702081       2.71872139      0.709999979    
        9900  -3.93022418       2.24078870      0.709999979    
        9902  -3.89841461       2.52193737      0.720000029    
        9904  -3.77981305       3.35132456      0.720000029    
        9906  -4.01188374       1.93372691      0.709999979    
        9908  -3.76116109       2.96818924      0.709999979    
        9910  -3.73880863       2.62178636      0.709999979    
        9912  -3.79310012       2.40993643      0.709999979    
        9914  -3.90244031       2.12060952      0.709999979    
        9916  -3.74873734       2.54469013      0.709999979    
        9918  -3.81552768       2.45431113      0.709999979    
        9920  -3.73601532       2.94652963      0.709999979    
        9922  -3.74444962       2.71554399      0.709999979    
        9924  -3.74526596       2.51135802      0.709999979    
        9926  -3.73696017       2.55035758      0.709999979    
        9928  -3.76501226       2.86728334      0.709999979    
        9930  -3.93931818       2.47997570      0.730000019    
        9932  -3.96489191       2.28624392      0.730000019    
        9934  -3.76517224       3.40909696      0.730000019    
        9936  -3.68584013       3.97981215      0.730000019    
        9938  -3.65649152       3.61567903      0.730000019    
        9940  -3.52337742       4.09395456      0.730000019    
        9942  -3.81117773       2.65321779      0.730000019    
        9944  -3.76906061       2.93353438      0.720000029    
        9946  -3.76882911       3.09309459      0.720000029    
        9948  -3.86000514       2.82778502      0.720000029    
        9950  -3.97822285       2.86046529      0.720000029    
        9952  -3.77358317       2.85782623      0.720000029    
        9954  -3.88267565       2.94982958      0.720000029    
        9956  -3.95755553       2.90981054      0.720000029    
        9958  -3.86993623       3.10357046      0.720000029    
        9960  -3.93254662       3.27554655      0.730000019    
        9962  -3.90654016       2.74891520      0.730000019    
        9964  -3.99595618       2.90361190      0.740000010    
        9966  -4.03685570       2.65884304      0.740000010    
        9968  -3.81522155       3.31108379      0.740000010    
        9970  -3.88014388       2.87699819      0.740000010    
        9972  -4.04842710       2.32892013      0.740000010    
        9974  -4.04857922       2.50502968      0.750000000    
        9976  -4.03569365       2.52293062      0.750000000    
        9978  -4.03718805       2.33616948      0.750000000    
        9980  -3.84330440       2.76049066      0.750000000    
        9982  -3.81170678       3.20015025      0.750000000    
        9984  -3.90789819       3.35318875      0.750000000    
        9986  -4.01593733       2.42782450      0.740000010    
        9988  -4.14566517       2.24339247      0.750000000    
        9990  -4.00366974       2.96308923      0.750000000    
        9992  -3.72170758       4.44785166      0.759999990    
        9994  -3.88402629       3.67204952      0.750000000    
        9996  -3.73454118       4.70554638      0.759999990    
        9998  -3.59917808       5.58345079      0.759999990    
       10000  -3.68140626       4.70842838      0.750000000    
