           2  -4.32886505       2.27472806      0.790000021    
           4  -4.22862864       2.90351605      0.800000012    
           6  -4.16850996       3.63346052      0.800000012    
           8  -4.20566368       3.77268028      0.810000002    
          10  -4.11234856       4.59084606      0.810000002    
          12  -4.13850975       4.62295961      0.810000002    
          14  -4.28684807       3.72808599      0.810000002    
          16  -4.20605850       4.09178972      0.810000002    
          18  -4.33977270       3.60772181      0.800000012    
          20  -4.28370857       3.59579468      0.800000012    
          22  -4.24464941       3.50279140      0.790000021    
          24  -4.32171106       2.91717410      0.790000021    
          26  -4.19374943       4.47347784      0.810000002    
          28  -4.24810505       4.40880346      0.810000002    
          30  -4.08902931       4.99202490      0.810000002    
          32  -4.14069414       4.61857843      0.810000002    
          34  -4.14470673       4.43289757      0.810000002    
          36  -4.21426678       3.83261037      0.800000012    
          38  -4.18553638       4.01208067      0.800000012    
          40  -4.08617592       4.34736872      0.800000012    
          42  -4.10415888       4.25665236      0.800000012    
          44  -4.18404675       4.32832050      0.810000002    
          46  -4.09563446       4.46067238      0.810000002    
          48  -4.08100939       4.44360638      0.810000002    
          50  -4.23707199       3.61767101      0.810000002    
          52  -4.09639502       3.99787545      0.810000002    
          54  -4.08234644       3.99600697      0.800000012    
          56  -4.02495480       4.33376598      0.800000012    
          58  -3.99835992       4.40011930      0.800000012    
          60  -3.84806490       5.19252729      0.800000012    
          62  -4.38685560       2.86226749      0.800000012    
          64  -4.28427219       2.89699531      0.800000012    
          66  -4.26560640       3.37045503      0.800000012    
          68  -4.30514765       3.00968170      0.790000021    
          70  -4.06175327       4.21111107      0.790000021    
          72  -4.38501120       2.95891356      0.779999971    
          74  -4.38500690       2.67064452      0.779999971    
          76  -4.27119589       3.26961732      0.779999971    
          78  -4.30604982       2.85034060      0.769999981    
          80  -4.13878822       3.32016373      0.769999981    
          82  -4.37946177       2.34023547      0.759999990    
          84  -4.19223452       3.28680801      0.759999990    
          86  -4.02307558       3.84786987      0.769999981    
          88  -4.23070860       3.26408696      0.779999971    
          90  -4.30723476       2.61624146      0.769999981    
          92  -4.30013323       2.70142627      0.769999981    
          94  -4.19011879       2.88848567      0.759999990    
          96  -4.06212378       3.45514894      0.759999990    
          98  -4.11088896       3.13159609      0.759999990    
         100  -4.08115816       3.48836446      0.759999990    
         102  -4.10791206       3.39497232      0.759999990    
         104  -3.88170505       4.16561937      0.759999990    
         106  -3.61278057       5.02377033      0.759999990    
         108  -3.77255487       4.24763012      0.759999990    
         110  -3.85699773       4.23366976      0.769999981    
         112  -3.78755951       4.47835350      0.769999981    
         114  -4.03050470       3.49819565      0.769999981    
         116  -4.07599831       3.25418329      0.769999981    
         118  -3.79437852       4.24556637      0.759999990    
         120  -3.98064280       3.44183755      0.759999990    
         122  -3.94372511       4.05995131      0.759999990    
         124  -3.66523671       4.79624891      0.759999990    
         126  -3.94604158       3.41767478      0.759999990    
         128  -4.01102209       3.17595315      0.759999990    
         130  -4.00592470       3.25151134      0.759999990    
         132  -3.98105574       3.28734851      0.759999990    
         134  -3.87630844       2.96233487      0.750000000    
         136  -3.69631362       3.86718583      0.750000000    
         138  -3.62547231       4.09916019      0.750000000    
         140  -4.02845907       2.59329247      0.750000000    
         142  -3.49307823       4.86603165      0.750000000    
         144  -3.87523341       3.92730594      0.759999990    
         146  -4.12639809       2.47718382      0.759999990    
         148  -3.98664951       3.06981564      0.759999990    
         150  -4.03623486       2.75446200      0.759999990    
         152  -3.78369069       3.56874681      0.759999990    
         154  -3.87569785       3.27665472      0.759999990    
         156  -3.89653683       3.05136323      0.759999990    
         158  -4.12095261       2.35503626      0.769999981    
         160  -4.09918737       2.60736418      0.769999981    
         162  -4.12726259       2.23429751      0.769999981    
         164  -3.78794050       4.31397963      0.790000021    
         166  -4.01241732       3.63527274      0.790000021    
         168  -3.85366726       4.16215420      0.779999971    
         170  -3.84877920       4.31387043      0.790000021    
         172  -3.88603568       4.14629459      0.790000021    
         174  -4.10567188       3.27203107      0.779999971    
         176  -3.95779872       3.86246753      0.779999971    
         178  -4.12862349       2.55966234      0.769999981    
         180  -3.92655206       3.94585752      0.779999971    
         182  -4.12473583       3.12537050      0.779999971    
         184  -4.23017883       2.28002644      0.779999971    
         186  -4.09385681       2.40646458      0.779999971    
         188  -3.93012667       3.07962012      0.779999971    
         190  -3.83413982       3.83427119      0.779999971    
         192  -3.97610521       3.26688552      0.779999971    
         194  -3.90634751       3.63349748      0.779999971    
         196  -3.98604560       3.48493290      0.779999971    
         198  -3.99503493       3.47383833      0.779999971    
         200  -3.80550122       4.27836657      0.779999971    
         202  -4.09681988       3.16333866      0.779999971    
         204  -3.86947680       3.70829797      0.779999971    
         206  -3.85849595       3.97141123      0.779999971    
         208  -3.66962075       4.79984426      0.779999971    
         210  -3.68838477       4.77442694      0.779999971    
         212  -4.09876585       3.13370538      0.779999971    
         214  -3.90180850       3.29861116      0.779999971    
         216  -4.20917749       1.93844378      0.779999971    
         218  -3.96786857       2.75253510      0.779999971    
         220  -4.05996037       2.45111251      0.779999971    
         222  -3.58080840       4.55299520      0.779999971    
         224  -3.85696101       3.86158347      0.779999971    
         226  -4.00503922       3.49660110      0.790000021    
         228  -4.23025179       2.47443175      0.790000021    
         230  -4.10074139       3.13932014      0.790000021    
         232  -4.06393385       3.50405526      0.790000021    
         234  -4.07971621       3.58822203      0.790000021    
         236  -4.33271360       2.66326046      0.790000021    
         238  -4.20870066       3.20672083      0.800000012    
         240  -4.14333916       3.76721835      0.800000012    
         242  -4.20735359       3.80648923      0.800000012    
         244  -4.40600395       2.81450820      0.790000021    
         246  -4.18142128       3.06951022      0.779999971    
         248  -4.05143785       3.69993424      0.779999971    
         250  -4.30238962       2.68934011      0.779999971    
         252  -4.32398319       3.01228952      0.779999971    
         254  -4.29455137       3.01833940      0.779999971    
         256  -4.31592464       2.69721770      0.779999971    
         258  -4.01526594       3.64541197      0.769999981    
         260  -4.09479713       3.02764344      0.759999990    
         262  -4.26024008       2.50992513      0.759999990    
         264  -4.22395372       2.57532978      0.759999990    
         266  -4.28994846       1.88552284      0.759999990    
         268  -4.24047947       2.34890723      0.769999981    
         270  -4.07689047       3.13382006      0.769999981    
         272  -4.38210773       2.08630061      0.769999981    
         274  -4.24738455       2.81247640      0.769999981    
         276  -4.23118448       2.79908776      0.769999981    
         278  -4.14936733       3.03878760      0.769999981    
         280  -3.99437761       3.83194375      0.769999981    
         282  -4.31958866       2.47091198      0.769999981    
         284  -4.16577482       2.92610121      0.769999981    
         286  -4.14890385       2.72437787      0.759999990    
         288  -3.99314928       3.01382661      0.759999990    
         290  -4.21248293       2.30112100      0.759999990    
         292  -3.88716984       4.11314821      0.759999990    
         294  -4.20938444       3.02928472      0.759999990    
         296  -4.08418274       3.69947290      0.759999990    
         298  -3.99067664       4.17584276      0.759999990    
         300  -3.76439357       5.48317957      0.759999990    
         302  -3.81969619       5.45187473      0.769999981    
         304  -4.02433920       4.22595739      0.759999990    
         306  -4.05029058       3.99417257      0.759999990    
         308  -4.04220152       4.09006643      0.759999990    
         310  -4.08027315       4.03023100      0.759999990    
         312  -4.16878986       3.54153705      0.759999990    
         314  -4.12862396       3.79652643      0.769999981    
         316  -4.02444792       3.93227792      0.769999981    
         318  -4.08774710       3.64883566      0.769999981    
         320  -4.10294533       3.40293312      0.779999971    
         322  -4.27612019       2.75060749      0.779999971    
         324  -4.10683775       3.44695425      0.779999971    
         326  -4.16176319       2.71021962      0.769999981    
         328  -3.93884516       3.48962474      0.769999981    
         330  -4.20408535       2.32854223      0.769999981    
         332  -3.62571192       4.32851505      0.759999990    
         334  -3.69347930       3.73162031      0.750000000    
         336  -3.69628668       4.21928835      0.750000000    
         338  -3.89878082       3.44498777      0.750000000    
         340  -4.01314449       3.16315222      0.750000000    
         342  -3.79830647       3.64656973      0.740000010    
         344  -3.82153606       3.51814413      0.740000010    
         346  -3.87285972       3.01515770      0.750000000    
         348  -4.06016159       2.79852581      0.759999990    
         350  -3.76088405       3.80298233      0.759999990    
         352  -3.92516208       3.13149333      0.759999990    
         354  -3.84936237       3.67150927      0.759999990    
         356  -3.84909010       3.67945099      0.769999981    
         358  -3.96507692       3.22948623      0.769999981    
         360  -4.00307322       2.89796805      0.769999981    
         362  -3.96302223       3.09944391      0.769999981    
         364  -4.09491777       2.55873752      0.769999981    
         366  -4.22443628       2.10383034      0.769999981    
         368  -4.24114561       1.74207318      0.769999981    
         370  -4.01683331       2.97117257      0.769999981    
         372  -4.07923317       2.66161919      0.769999981    
         374  -4.14780474       2.24805927      0.769999981    
         376  -4.10791302       2.40193963      0.769999981    
         378  -4.06423807       2.38287401      0.769999981    
         380  -3.96324873       2.84906340      0.769999981    
         382  -4.00227642       3.26702714      0.779999971    
         384  -3.79516363       3.96962690      0.779999971    
         386  -4.11997366       2.90722418      0.779999971    
         388  -4.15304089       2.73896003      0.769999981    
         390  -4.14411879       2.63375187      0.769999981    
         392  -3.91496277       3.80992484      0.769999981    
         394  -3.63517165       5.14423943      0.769999981    
         396  -3.74595213       4.20642424      0.759999990    
         398  -3.84568644       3.73793054      0.759999990    
         400  -4.05530548       2.75110722      0.759999990    
         402  -4.13412380       2.92601943      0.769999981    
         404  -3.93264961       3.48760104      0.769999981    
         406  -3.99810481       3.44167900      0.769999981    
         408  -3.99992275       3.51568818      0.769999981    
         410  -4.18985081       2.97467351      0.759999990    
         412  -3.93146253       3.50310135      0.759999990    
         414  -3.93037128       3.76029205      0.759999990    
         416  -3.81336904       4.07664061      0.759999990    
         418  -3.57111812       5.23669577      0.769999981    
         420  -3.71529913       4.61036396      0.759999990    
         422  -3.96997309       3.23880529      0.750000000    
         424  -4.17786932       2.69867325      0.750000000    
         426  -3.88698888       4.08666229      0.759999990    
         428  -3.70757747       4.62079668      0.759999990    
         430  -4.09906578       2.93989873      0.759999990    
         432  -4.04360008       3.19852281      0.759999990    
         434  -3.97171235       3.46110201      0.759999990    
         436  -4.09844160       2.92672563      0.750000000    
         438  -4.04018641       3.08752441      0.750000000    
         440  -4.03375626       3.26695609      0.750000000    
         442  -3.72374940       4.53428507      0.750000000    
         444  -3.52006197       4.90481806      0.740000010    
         446  -3.87940931       3.47413659      0.740000010    
         448  -3.88246250       3.47638965      0.740000010    
         450  -3.87136173       3.35318136      0.740000010    
         452  -3.82795262       3.60269761      0.740000010    
         454  -3.78524375       3.74048662      0.740000010    
         456  -3.87826753       3.43037415      0.730000019    
         458  -3.91013956       3.29028797      0.730000019    
         460  -3.86735678       3.53564954      0.740000010    
         462  -4.16808748       2.36470914      0.740000010    
         464  -3.87924147       3.59018683      0.750000000    
         466  -3.92491865       3.39754105      0.750000000    
         468  -3.99281073       3.57498002      0.759999990    
         470  -4.22071314       2.53340411      0.759999990    
         472  -4.02239466       3.16018033      0.759999990    
         474  -4.24196672       2.75949526      0.759999990    
         476  -4.04723358       2.77399755      0.750000000    
         478  -3.95961356       3.12141204      0.750000000    
         480  -4.01848507       3.17652416      0.750000000    
         482  -4.14864159       1.61751175      0.720000029    
         484  -4.10837317       2.07544827      0.730000019    
         486  -3.99728417       2.34206438      0.730000019    
         488  -4.04372072       1.93027592      0.730000019    
         490  -4.04855728       1.67012441      0.730000019    
         492  -4.17133045       1.28735697      0.730000019    
         494  -4.38314104      0.792601407      0.730000019    
         496  -4.07697105       2.10552287      0.730000019    
         498  -4.09027433       1.73432219      0.730000019    
         500  -3.91503286       2.93847013      0.740000010    
         502  -3.73518229       3.65478897      0.740000010    
         504  -4.03555822       2.52572823      0.740000010    
         506  -3.92285466       2.46556783      0.740000010    
         508  -3.71666265       3.81211901      0.740000010    
         510  -3.70251536       3.92421317      0.740000010    
         512  -4.00624180       2.66410041      0.740000010    
         514  -3.95758009       2.65803337      0.740000010    
         516  -3.88546252       2.78609085      0.740000010    
         518  -3.87656784       2.86419797      0.740000010    
         520  -4.06548071       2.41993713      0.740000010    
         522  -4.03068256       2.63854957      0.740000010    
         524  -3.98549390       2.90479469      0.740000010    
         526  -3.53920650       4.66515589      0.740000010    
         528  -3.84435725       2.86846542      0.730000019    
         530  -3.72563243       3.94180989      0.740000010    
         532  -3.65769410       4.35819435      0.740000010    
         534  -3.56816840       4.79182577      0.740000010    
         536  -3.77493882       3.64734459      0.740000010    
         538  -4.11708260       2.36920929      0.740000010    
         540  -3.90193057       3.36348462      0.750000000    
         542  -4.25019646       1.89868653      0.750000000    
         544  -4.11770773       2.86038327      0.750000000    
         546  -3.87923479       3.86571550      0.750000000    
         548  -3.91306591       3.62271070      0.750000000    
         550  -3.96324754       3.22231221      0.750000000    
         552  -3.86071849       3.46156335      0.750000000    
         554  -3.98935413       3.08939981      0.750000000    
         556  -3.90888238       3.71365023      0.759999990    
         558  -4.09217310       3.03931713      0.769999981    
         560  -4.00007963       3.50265002      0.769999981    
         562  -3.81672406       4.24919415      0.769999981    
         564  -3.72661257       4.65895414      0.769999981    
         566  -3.84184909       3.86975932      0.759999990    
         568  -4.05924368       3.10168290      0.759999990    
         570  -3.89858127       3.64306068      0.759999990    
         572  -4.06570911       2.79948187      0.750000000    
         574  -4.02494287       2.83643270      0.750000000    
         576  -3.99253154       3.20874906      0.750000000    
         578  -4.16338253       2.49144006      0.750000000    
         580  -4.23188400       2.11558700      0.750000000    
         582  -4.03641129       3.15567040      0.750000000    
         584  -4.06641483       3.47025275      0.759999990    
         586  -4.17052650       3.01345778      0.759999990    
         588  -4.21301413       2.85990858      0.759999990    
         590  -4.36729479       2.10191393      0.769999981    
         592  -4.22765160       2.80108023      0.779999971    
         594  -3.97331142       3.71690464      0.779999971    
         596  -4.10435152       3.43510914      0.779999971    
         598  -4.20833397       3.34837389      0.779999971    
         600  -4.13632059       4.04888964      0.790000021    
         602  -4.22078753       3.66379285      0.790000021    
         604  -4.42641544       2.79712749      0.790000021    
         606  -4.27977419       3.38531923      0.790000021    
         608  -4.45433664       2.61800003      0.790000021    
         610  -4.18538857       3.70174813      0.790000021    
         612  -4.35592318       3.08733296      0.790000021    
         614  -4.28203583       3.47836828      0.800000012    
         616  -4.24336481       3.29585528      0.800000012    
         618  -4.42887068       2.72918010      0.800000012    
         620  -4.26849842       3.55413008      0.800000012    
         622  -4.17111444       3.81581497      0.800000012    
         624  -4.08872938       3.98580003      0.800000012    
         626  -4.00835371       4.78203678      0.800000012    
         628  -3.87257528       4.88363123      0.790000021    
         630  -3.91734123       4.63563061      0.790000021    
         632  -3.81256080       4.98745537      0.790000021    
         634  -3.67459297       5.53028297      0.790000021    
         636  -4.08445311       4.12922668      0.800000012    
         638  -3.99085093       4.64147806      0.800000012    
         640  -4.35360289       3.49272132      0.810000002    
         642  -4.19011879       4.18633795      0.810000002    
         644  -4.19141197       4.09290695      0.810000002    
         646  -4.22548151       3.94573903      0.810000002    
         648  -4.10402489       3.70362902      0.790000021    
         650  -4.12981510       3.79989243      0.790000021    
         652  -3.89685583       4.49125957      0.790000021    
         654  -3.88341188       4.81059551      0.790000021    
         656  -4.09513664       3.69986939      0.790000021    
         658  -4.05090857       4.09873104      0.790000021    
         660  -3.88806486       5.00340033      0.800000012    
         662  -4.02144337       4.22406483      0.800000012    
         664  -4.17560387       2.97660804      0.790000021    
         666  -4.02712727       3.80042028      0.810000002    
         668  -4.18456697       2.96802998      0.800000012    
         670  -3.98928761       3.35466695      0.790000021    
         672  -4.03290415       2.96846390      0.779999971    
         674  -4.04052877       2.90960073      0.779999971    
         676  -4.06802750       2.51206398      0.779999971    
         678  -4.14670563       2.50750017      0.779999971    
         680  -3.77542329       4.11939669      0.779999971    
         682  -3.88515759       4.11399317      0.790000021    
         684  -3.96540165       3.78247952      0.790000021    
         686  -3.58494639       4.89921236      0.779999971    
         688  -3.97523808       3.56096935      0.779999971    
         690  -4.00577593       3.42821836      0.779999971    
         692  -3.93249869       4.13149643      0.779999971    
         694  -3.72179365       4.90931940      0.779999971    
         696  -4.01356697       3.87615037      0.779999971    
         698  -3.60206556       5.14750576      0.779999971    
         700  -3.56560302       5.37484598      0.779999971    
         702  -3.93086720       4.26496410      0.779999971    
         704  -4.02939987       3.72600031      0.779999971    
         706  -3.74271846       5.10104561      0.779999971    
         708  -3.90025401       4.05675650      0.779999971    
         710  -3.65793443       5.05814409      0.779999971    
         712  -3.57003856       5.58011389      0.790000021    
         714  -3.64894271       5.36421442      0.790000021    
         716  -3.75113106       4.75394917      0.779999971    
         718  -3.88212442       3.85938311      0.769999981    
         720  -4.07315922       3.09108734      0.769999981    
         722  -4.09309626       2.99522376      0.769999981    
         724  -4.01188421       3.14684772      0.769999981    
         726  -3.97433233       3.85640669      0.779999971    
         728  -4.10547686       3.24223614      0.779999971    
         730  -4.22333431       2.72747636      0.779999971    
         732  -4.10347128       3.34007788      0.779999971    
         734  -4.18195009       3.05901408      0.779999971    
         736  -4.14323711       3.29483128      0.779999971    
         738  -4.20280409       2.98582482      0.790000021    
         740  -4.08873940       3.76430202      0.790000021    
         742  -4.00775814       4.13332415      0.790000021    
         744  -4.25494766       3.20737672      0.790000021    
         746  -3.88541293       4.83287811      0.790000021    
         748  -4.03026819       3.75685406      0.759999990    
         750  -4.08268976       3.15547276      0.750000000    
         752  -3.86318445       3.87591052      0.750000000    
         754  -3.80257273       4.07645702      0.750000000    
         756  -3.62214589       4.86921835      0.750000000    
         758  -3.71093535       4.41495419      0.759999990    
         760  -4.07818174       2.70040631      0.750000000    
         762  -4.03889275       2.65333319      0.750000000    
         764  -4.03643894       3.24391365      0.759999990    
         766  -3.93896818       3.58610868      0.750000000    
         768  -3.80343413       4.17260408      0.759999990    
         770  -3.93916225       3.92463136      0.769999981    
         772  -4.27263737       2.58545637      0.769999981    
         774  -3.98457909       3.72246432      0.769999981    
         776  -3.90642619       3.91764498      0.759999990    
         778  -4.10329962       3.38927817      0.769999981    
         780  -3.91268897       4.91945410      0.790000021    
         782  -4.01333570       4.39643669      0.790000021    
         784  -4.13772392       3.70670724      0.790000021    
         786  -4.23786116       3.36665392      0.790000021    
         788  -4.05916595       3.71701384      0.779999971    
         790  -3.98202324       4.08881903      0.779999971    
         792  -4.00253487       3.92860126      0.779999971    
         794  -4.01380348       3.67652845      0.779999971    
         796  -4.09324408       3.09666300      0.769999981    
         798  -4.03230238       3.79561496      0.779999971    
         800  -4.04650784       3.73245716      0.779999971    
         802  -3.97188210       4.04306269      0.779999971    
         804  -3.80782270       4.97108507      0.790000021    
         806  -3.99883747       4.06377983      0.790000021    
         808  -3.93778849       4.25510836      0.790000021    
         810  -3.72925711       5.16046333      0.790000021    
         812  -3.38605452       6.87850285      0.790000021    
         814  -3.69907165       5.77492809      0.790000021    
         816  -3.65793681       6.18195152      0.790000021    
         818  -3.82149410       5.66453505      0.800000012    
         820  -3.79176211       5.84361887      0.800000012    
         822  -3.87549067       4.94995975      0.790000021    
         824  -3.84878445       5.25181770      0.790000021    
         826  -4.09591722       4.21503115      0.790000021    
         828  -4.17732573       3.63858509      0.790000021    
         830  -4.33724403       3.25938964      0.790000021    
         832  -4.15939331       3.54295278      0.790000021    
         834  -4.14309597       3.75624347      0.779999971    
         836  -3.85976291       5.08006859      0.779999971    
         838  -3.79445815       5.20455122      0.769999981    
         840  -3.95553970       4.43676138      0.779999971    
         842  -4.24872160       2.82339644      0.779999971    
         844  -3.88142252       4.17958546      0.779999971    
         846  -3.83175993       4.36942673      0.779999971    
         848  -3.68685317       4.92359209      0.779999971    
         850  -3.93212223       3.85856199      0.779999971    
         852  -3.83827972       4.32022572      0.779999971    
         854  -3.94552779       3.87174273      0.779999971    
         856  -3.81626177       4.71091366      0.779999971    
         858  -3.92313838       4.00093651      0.769999981    
         860  -4.04963684       3.31243396      0.759999990    
         862  -3.59945011       5.08471489      0.759999990    
         864  -3.76757669       4.38039637      0.759999990    
         866  -3.66944361       4.58624935      0.769999981    
         868  -3.64309740       5.24354029      0.769999981    
         870  -3.83599377       4.28558540      0.769999981    
         872  -3.46514440       5.68608713      0.759999990    
         874  -3.50189996       5.59523630      0.769999981    
         876  -3.77598977       4.13949347      0.769999981    
         878  -4.05658102       3.06894851      0.769999981    
         880  -4.07782125       2.92058706      0.769999981    
         882  -3.87953830       3.73955083      0.769999981    
         884  -3.84051967       4.11376286      0.769999981    
         886  -4.01652050       3.78658581      0.769999981    
         888  -4.06362343       3.16257429      0.769999981    
         890  -4.07106209       3.17213893      0.779999971    
         892  -4.12108898       2.87069392      0.779999971    
         894  -4.07116032       3.31338024      0.779999971    
         896  -3.93007994       3.97908831      0.779999971    
         898  -3.86303043       4.76519680      0.779999971    
         900  -3.76068139       5.00690079      0.779999971    
         902  -3.86583877       4.42553854      0.779999971    
         904  -3.88774252       4.12442493      0.779999971    
         906  -3.75334358       5.02267027      0.779999971    
         908  -3.96538615       3.72726679      0.769999981    
         910  -4.25194645       2.12806344      0.769999981    
         912  -4.10760736       2.50002837      0.769999981    
         914  -4.18223000       1.90910399      0.769999981    
         916  -3.82665730       3.46192193      0.769999981    
         918  -3.92465782       3.15658736      0.759999990    
         920  -3.93339205       3.40620184      0.759999990    
         922  -4.00202894       3.09428024      0.759999990    
         924  -4.00405169       2.62598133      0.759999990    
         926  -4.04660892       2.27928233      0.759999990    
         928  -3.65169597       3.82725668      0.759999990    
         930  -3.99587321       2.32306170      0.759999990    
         932  -3.80649495       3.64580297      0.759999990    
         934  -4.01174164       2.50878954      0.759999990    
         936  -3.76095796       4.00741243      0.759999990    
         938  -3.74458694       3.73329711      0.750000000    
         940  -3.64480090       4.12699842      0.750000000    
         942  -3.72146249       3.94000220      0.759999990    
         944  -3.80377817       3.67179728      0.759999990    
         946  -4.04797125       2.98329163      0.769999981    
         948  -3.93453932       3.67061090      0.769999981    
         950  -3.98241091       3.49098492      0.769999981    
         952  -3.67274547       4.49435139      0.759999990    
         954  -3.90063977       2.87235332      0.750000000    
         956  -3.83700228       3.09613252      0.750000000    
         958  -3.72795939       4.25297260      0.769999981    
         960  -3.56219125       5.02052021      0.769999981    
         962  -3.64286160       4.54239225      0.769999981    
         964  -3.84062314       3.97175002      0.769999981    
         966  -3.80357027       4.10671043      0.769999981    
         968  -4.01927423       2.99416161      0.769999981    
         970  -3.72932053       4.31115818      0.769999981    
         972  -3.97978520       3.24796510      0.769999981    
         974  -3.79768157       4.40321493      0.779999971    
         976  -3.78327250       4.25529051      0.779999971    
         978  -3.91192198       3.80740428      0.779999971    
         980  -3.76259947       5.10145044      0.790000021    
         982  -3.93641925       4.03769445      0.779999971    
         984  -3.85636711       4.28458786      0.779999971    
         986  -3.90387440       4.59742308      0.779999971    
         988  -3.95796227       4.38005209      0.779999971    
         990  -4.07022190       3.84024882      0.779999971    
         992  -4.02635145       3.83286047      0.769999981    
         994  -4.29249620       3.08288288      0.769999981    
         996  -4.23529768       2.80492282      0.769999981    
         998  -4.15436983       3.12065196      0.769999981    
        1000  -3.89967108       4.11776209      0.769999981    
        1002  -4.17063475       3.07769012      0.769999981    
        1004  -4.07234287       2.94224215      0.769999981    
        1006  -4.06332541       3.06245065      0.769999981    
        1008  -3.89150929       3.82797241      0.769999981    
        1010  -4.01600313       3.24226618      0.769999981    
        1012  -3.97136021       3.47396255      0.769999981    
        1014  -4.04642153       2.85165358      0.769999981    
        1016  -3.94322371       3.52721310      0.769999981    
        1018  -3.81546569       4.07543230      0.769999981    
        1020  -4.03919792       3.32104588      0.769999981    
        1022  -4.08373928       3.19551086      0.769999981    
        1024  -3.99393654       3.33089209      0.769999981    
        1026  -4.14950085       2.60075259      0.769999981    
        1028  -4.03937960       3.61726642      0.769999981    
        1030  -3.81952739       4.41641235      0.769999981    
        1032  -3.83674908       4.34319115      0.769999981    
        1034  -3.90924406       4.19457769      0.769999981    
        1036  -3.79660392       4.32720900      0.759999990    
        1038  -3.89889312       3.94592929      0.759999990    
        1040  -4.07351589       3.28017950      0.759999990    
        1042  -4.07251930       3.05769825      0.759999990    
        1044  -3.79426622       4.33564949      0.759999990    
        1046  -4.04636955       3.36619067      0.759999990    
        1048  -3.96203232       3.79249048      0.759999990    
        1050  -3.97837543       3.58686042      0.769999981    
        1052  -4.02766085       3.45793629      0.769999981    
        1054  -3.79838705       4.75243807      0.779999971    
        1056  -3.88845634       4.45903158      0.779999971    
        1058  -3.97026873       4.06178236      0.769999981    
        1060  -4.05464935       3.90990067      0.769999981    
        1062  -3.93541813       3.94142056      0.769999981    
        1064  -4.02387190       3.35628796      0.769999981    
        1066  -3.94260240       3.67777514      0.769999981    
        1068  -4.02279949       3.35798693      0.769999981    
        1070  -3.97293878       3.68939996      0.769999981    
        1072  -4.03375673       3.38504720      0.769999981    
        1074  -4.12028074       3.13745403      0.779999971    
        1076  -4.20983982       2.39859557      0.779999971    
        1078  -4.02817678       3.10710883      0.779999971    
        1080  -4.17021656       2.62699723      0.779999971    
        1082  -4.01332855       3.45935082      0.779999971    
        1084  -4.21821642       2.70430231      0.779999971    
        1086  -4.16429710       2.92228031      0.779999971    
        1088  -4.16113758       2.99246454      0.779999971    
        1090  -3.98953629       3.40129662      0.779999971    
        1092  -3.99490714       3.46993303      0.779999971    
        1094  -4.06748199       3.20524597      0.779999971    
        1096  -4.08693027       3.09113979      0.779999971    
        1098  -4.06379747       3.45007849      0.779999971    
        1100  -3.98467445       3.77219486      0.779999971    
        1102  -4.09172821       3.42810583      0.790000021    
        1104  -4.00099564       4.49492264      0.800000012    
        1106  -3.85853386       4.80344963      0.800000012    
        1108  -4.08759785       3.91166782      0.800000012    
        1110  -3.72921467       5.30874491      0.800000012    
        1112  -3.97805977       4.74175596      0.800000012    
        1114  -4.03950453       4.86324167      0.800000012    
        1116  -3.96448135       4.87850428      0.800000012    
        1118  -4.14729261       4.32483244      0.800000012    
        1120  -4.25793171       3.64460278      0.800000012    
        1122  -4.00897503       4.39364481      0.790000021    
        1124  -3.90115786       5.00644684      0.790000021    
        1126  -4.17312956       3.56942892      0.790000021    
        1128  -4.28382969       2.96802402      0.790000021    
        1130  -3.98755670       4.12428427      0.790000021    
        1132  -4.12184000       4.03988647      0.790000021    
        1134  -4.06028318       4.56187916      0.800000012    
        1136  -4.02564526       5.03263712      0.810000002    
        1138  -4.19653034       4.60286522      0.819999993    
        1140  -4.13460398       5.44772291      0.829999983    
        1142  -4.19923496       4.85896444      0.829999983    
        1144  -4.39742661       3.78579664      0.829999983    
        1146  -4.01207495       5.58125639      0.829999983    
        1148  -4.03205442       5.42693949      0.829999983    
        1150  -3.94988918       6.00398397      0.829999983    
        1152  -4.13219547       4.74661064      0.829999983    
        1154  -4.35315418       3.86056995      0.839999974    
        1156  -4.33504200       4.18531275      0.839999974    
        1158  -4.26411533       4.53370905      0.839999974    
        1160  -4.21836329       4.60084009      0.839999974    
        1162  -4.02682304       5.50942659      0.839999974    
        1164  -4.28555250       4.20344305      0.829999983    
        1166  -4.26687670       4.41431808      0.829999983    
        1168  -4.46883202       3.41338730      0.829999983    
        1170  -4.21035004       4.82984686      0.839999974    
        1172  -4.13194799       4.84742546      0.839999974    
        1174  -4.35303354       4.31886387      0.839999974    
        1176  -4.21604633       4.82937765      0.839999974    
        1178  -4.27165365       4.14554644      0.839999974    
        1180  -4.39653492       3.55906510      0.839999974    
        1182  -4.54180765       2.65533829      0.829999983    
        1184  -4.24245453       3.75230026      0.829999983    
        1186  -4.26930666       3.85887885      0.829999983    
        1188  -4.37884045       3.50916672      0.829999983    
        1190  -4.46843910       2.95573020      0.829999983    
        1192  -4.69992638       1.92326128      0.829999983    
        1194  -4.51223230       2.74008656      0.829999983    
        1196  -4.42572737       3.26749229      0.829999983    
        1198  -4.29532194       3.92336297      0.829999983    
        1200  -4.09643126       4.83148909      0.829999983    
        1202  -4.27736330       4.22649288      0.829999983    
        1204  -4.43992519       3.33182311      0.829999983    
        1206  -4.33667326       4.02999687      0.829999983    
        1208  -4.28176212       4.06289911      0.829999983    
        1210  -4.34479380       4.39449692      0.829999983    
        1212  -4.40884113       4.14814711      0.829999983    
        1214  -4.43847609       3.93116570      0.819999993    
        1216  -4.11464930       5.26671124      0.819999993    
        1218  -4.19652081       4.81102276      0.819999993    
        1220  -4.04198790       5.31390762      0.819999993    
        1222  -4.10481691       5.01243353      0.819999993    
        1224  -4.29125357       4.17136955      0.819999993    
        1226  -4.44908714       3.94432092      0.829999983    
        1228  -4.34507942       4.49461651      0.829999983    
        1230  -4.16017056       5.05097818      0.839999974    
        1232  -4.25130701       4.49056768      0.839999974    
        1234  -4.39667797       3.97538209      0.839999974    
        1236  -4.37902927       3.80388904      0.839999974    
        1238  -4.15597439       4.47245741      0.829999983    
        1240  -4.29179430       3.58481526      0.819999993    
        1242  -4.19098282       4.04735756      0.819999993    
        1244  -4.16104078       4.12019682      0.819999993    
        1246  -4.24761105       3.90436721      0.819999993    
        1248  -4.29487991       3.43296194      0.819999993    
        1250  -4.35780954       3.09182739      0.819999993    
        1252  -4.11707735       4.49247313      0.819999993    
        1254  -3.89873695       5.14742756      0.819999993    
        1256  -3.95238924       4.73848915      0.819999993    
        1258  -4.10230637       4.08023357      0.810000002    
        1260  -3.95972991       4.64728928      0.810000002    
        1262  -3.95201159       4.56472540      0.810000002    
        1264  -4.29776144       3.10741329      0.810000002    
        1266  -4.14839888       3.86840963      0.810000002    
        1268  -4.42131853       2.40526605      0.810000002    
        1270  -4.29758692       2.98004961      0.810000002    
        1272  -4.37397432       2.83431053      0.810000002    
        1274  -4.17530537       3.70352340      0.810000002    
        1276  -4.27408075       3.35506988      0.810000002    
        1278  -4.18822479       3.61077833      0.790000021    
        1280  -4.06663561       4.59762955      0.810000002    
        1282  -4.06102991       4.51668167      0.810000002    
        1284  -4.13940477       4.28445005      0.810000002    
        1286  -3.95074129       5.41303062      0.819999993    
        1288  -4.20030546       4.45055723      0.819999993    
        1290  -4.30480623       4.05104828      0.819999993    
        1292  -4.21604633       4.10775042      0.819999993    
        1294  -4.17581177       4.22084236      0.819999993    
        1296  -4.15652990       4.12093449      0.819999993    
        1298  -4.16940308       4.50097895      0.819999993    
        1300  -4.27278090       3.97906733      0.819999993    
        1302  -4.27455997       3.71407056      0.819999993    
        1304  -4.31701183       3.65623212      0.819999993    
        1306  -4.54285479       2.20784187      0.819999993    
        1308  -4.32667542       2.91726136      0.800000012    
        1310  -4.18917274       3.60479331      0.800000012    
        1312  -4.21029139       3.80267811      0.800000012    
        1314  -4.12799168       3.82983184      0.800000012    
        1316  -4.11110449       3.68618250      0.790000021    
        1318  -4.32285070       3.10880017      0.800000012    
        1320  -3.98873591       4.67692375      0.800000012    
        1322  -4.07766247       4.04686356      0.800000012    
        1324  -3.98198414       4.55775690      0.800000012    
        1326  -3.95373297       4.48145580      0.800000012    
        1328  -4.25214291       2.78736424      0.790000021    
        1330  -4.04564524       3.61198473      0.790000021    
        1332  -4.15131569       3.28628874      0.790000021    
        1334  -3.88432145       4.34366083      0.790000021    
        1336  -3.97537756       3.99266696      0.790000021    
        1338  -3.80653310       4.59558010      0.790000021    
        1340  -3.98846412       3.81476808      0.790000021    
        1342  -4.18165255       2.76250672      0.790000021    
        1344  -3.91676998       3.86405683      0.790000021    
        1346  -3.91311669       4.17252684      0.790000021    
        1348  -4.07916164       3.00455046      0.790000021    
        1350  -3.98836184       3.64565015      0.790000021    
        1352  -4.00449133       3.80380821      0.790000021    
        1354  -4.00285912       3.83800793      0.800000012    
        1356  -4.15454960       3.17338967      0.800000012    
        1358  -4.12379932       3.43358350      0.800000012    
        1360  -4.04590130       3.57838893      0.800000012    
        1362  -4.20465565       2.95583272      0.800000012    
        1364  -3.75329661       5.02253389      0.800000012    
        1366  -4.13013268       3.54843187      0.800000012    
        1368  -3.81497169       4.26839209      0.790000021    
        1370  -3.85661817       4.46374512      0.790000021    
        1372  -3.98000550       3.47646713      0.779999971    
        1374  -3.79252362       4.20168877      0.779999971    
        1376  -3.98527026       2.84481740      0.769999981    
        1378  -4.25956964       1.83634138      0.769999981    
        1380  -4.03957653       2.41832995      0.759999990    
        1382  -4.06704044       2.29315734      0.759999990    
        1384  -3.83089113       3.40419507      0.759999990    
        1386  -3.88509846       3.43307209      0.759999990    
        1388  -4.00067949       2.29331374      0.750000000    
        1390  -3.79363322       3.91976953      0.769999981    
        1392  -3.85439277       3.70877552      0.769999981    
        1394  -4.05411196       3.16805911      0.769999981    
        1396  -4.10348701       3.07529759      0.769999981    
        1398  -4.09789371       2.75542331      0.769999981    
        1400  -4.22126675       2.41885042      0.769999981    
        1402  -4.06010771       3.07194400      0.769999981    
        1404  -4.22070789       2.63555264      0.769999981    
        1406  -4.21880198       2.83237052      0.769999981    
        1408  -4.27926779       2.54597783      0.769999981    
        1410  -3.81053448       4.43860960      0.769999981    
        1412  -3.84425116       3.81579375      0.769999981    
        1414  -4.03352928       3.27290463      0.769999981    
        1416  -4.05772638       3.33971405      0.769999981    
        1418  -3.84690142       3.94577861      0.759999990    
        1420  -4.07646036       2.88486338      0.759999990    
        1422  -3.80783367       4.45992184      0.759999990    
        1424  -3.85261416       3.98477864      0.759999990    
        1426  -3.70551395       4.64499569      0.759999990    
        1428  -3.90141129       3.85514355      0.759999990    
        1430  -3.67206049       4.88060141      0.769999981    
        1432  -3.84811020       4.01934195      0.769999981    
        1434  -3.69345140       4.10262251      0.769999981    
        1436  -3.77928877       3.18987942      0.759999990    
        1438  -3.90170550       2.65220976      0.750000000    
        1440  -3.78770924       2.92476225      0.750000000    
        1442  -3.76349783       3.16713977      0.750000000    
        1444  -3.94197702       2.42658520      0.759999990    
        1446  -4.00243378       2.31506157      0.759999990    
        1448  -3.64108491       3.59978223      0.759999990    
        1450  -3.49008775       4.16244411      0.750000000    
        1452  -3.55507565       3.65702438      0.750000000    
        1454  -3.58343720       3.55117655      0.750000000    
        1456  -3.95395160       2.27094984      0.750000000    
        1458  -3.67571783       3.38653541      0.750000000    
        1460  -4.09153271       2.15643263      0.759999990    
        1462  -4.02449369       2.54359126      0.759999990    
        1464  -3.82519794       2.92260528      0.750000000    
        1466  -3.57670450       4.24573946      0.750000000    
        1468  -3.56261611       4.15042305      0.750000000    
        1470  -3.91693664       2.45798707      0.740000010    
        1472  -3.77694702       2.92289042      0.740000010    
        1474  -4.14025831       1.36795878      0.740000010    
        1476  -4.11058140       1.48535466      0.740000010    
        1478  -3.95104504       1.62458670      0.730000019    
        1480  -3.82896495       2.52722502      0.730000019    
        1482  -3.76823378       2.34837461      0.720000029    
        1484  -3.88719845       1.94371021      0.720000029    
        1486  -3.83918738       2.01353717      0.720000029    
        1488  -3.86623836       1.95083630      0.720000029    
        1490  -3.78760576       2.55202794      0.720000029    
        1492  -3.56982112       3.69715095      0.730000019    
        1494  -3.59208202       3.61323071      0.730000019    
        1496  -3.61900234       3.21994758      0.730000019    
        1498  -3.85666919       2.64734197      0.740000010    
        1500  -3.71918273       3.12825370      0.740000010    
        1502  -3.63397360       3.52266431      0.740000010    
        1504  -3.78702044       3.06301069      0.740000010    
        1506  -3.68449640       3.56439662      0.740000010    
        1508  -3.65510201       3.33031201      0.740000010    
        1510  -3.51365614       4.31688833      0.750000000    
        1512  -3.62336564       3.82489181      0.750000000    
        1514  -3.67399025       3.38520074      0.750000000    
        1516  -3.71150327       3.21411228      0.750000000    
        1518  -3.69756055       3.78344131      0.759999990    
        1520  -3.49761200       4.93819809      0.759999990    
        1522  -3.70983553       4.10169697      0.759999990    
        1524  -3.77058125       4.16461420      0.769999981    
        1526  -3.75018287       3.90714455      0.759999990    
        1528  -3.85945153       3.68664384      0.769999981    
        1530  -3.71957803       4.77869940      0.769999981    
        1532  -3.52344489       5.11078691      0.759999990    
        1534  -3.71743584       4.22955751      0.750000000    
        1536  -3.75259709       4.34777498      0.759999990    
        1538  -3.82461143       3.53620172      0.750000000    
        1540  -3.94241214       2.97823524      0.750000000    
        1542  -3.86375570       3.29710650      0.750000000    
        1544  -3.96227860       2.62108898      0.740000010    
        1546  -3.89703751       3.33571434      0.750000000    
        1548  -3.83022571       3.41216469      0.750000000    
        1550  -3.86189961       3.20588493      0.750000000    
        1552  -3.63668680       4.06827354      0.750000000    
        1554  -3.59780669       3.99748397      0.750000000    
        1556  -3.71807265       3.53053904      0.750000000    
        1558  -3.71208024       3.55874586      0.750000000    
        1560  -3.98110795       2.62828279      0.750000000    
        1562  -3.77639723       3.02180600      0.750000000    
        1564  -3.78346729       3.11122680      0.750000000    
        1566  -3.82340503       2.82789850      0.750000000    
        1568  -3.95206022       2.16806507      0.750000000    
        1570  -3.92799139       2.12925649      0.740000010    
        1572  -3.86217833       2.55010629      0.740000010    
        1574  -3.79341865       2.87444878      0.740000010    
        1576  -3.88846397       2.72113633      0.740000010    
        1578  -3.87462306       3.00753975      0.750000000    
        1580  -3.81162834       3.13360405      0.750000000    
        1582  -3.76160431       3.23268652      0.750000000    
        1584  -3.91523290       2.71982145      0.750000000    
        1586  -3.92312741       2.55467534      0.740000010    
        1588  -4.07520294       1.60152590      0.740000010    
        1590  -3.93203616       2.17303276      0.740000010    
        1592  -4.03679895       2.17854571      0.750000000    
        1594  -3.89269805       3.41143036      0.759999990    
        1596  -3.95944905       2.86475182      0.759999990    
        1598  -3.80918837       3.39573836      0.759999990    
        1600  -4.01152515       1.99822617      0.750000000    
        1602  -3.80913949       2.77736592      0.750000000    
        1604  -3.52337885       3.94890857      0.750000000    
        1606  -3.70390558       3.15855551      0.750000000    
        1608  -3.78826070       2.63562179      0.750000000    
        1610  -4.03226089       1.53173542      0.750000000    
        1612  -4.04847908       1.37201452      0.750000000    
        1614  -3.86428404       2.55016541      0.750000000    
        1616  -3.64312649       4.01509666      0.759999990    
        1618  -3.97024775       2.52584195      0.759999990    
        1620  -3.76897454       3.61560607      0.759999990    
        1622  -3.80261040       3.26435542      0.750000000    
        1624  -3.69234467       3.52196074      0.750000000    
        1626  -4.04742670       2.02677608      0.740000010    
        1628  -3.93894792       2.56021094      0.740000010    
        1630  -3.82327223       2.85198545      0.740000010    
        1632  -3.96963882       2.66534257      0.750000000    
        1634  -3.89861274       2.77477407      0.750000000    
        1636  -3.98253322       2.96755290      0.750000000    
        1638  -3.89632487       3.06741643      0.750000000    
        1640  -3.64637828       4.01611423      0.750000000    
        1642  -3.81805396       3.44920683      0.750000000    
        1644  -4.06562281       2.15330529      0.750000000    
        1646  -3.81195927       2.96481466      0.740000010    
        1648  -3.81646752       2.83225131      0.740000010    
        1650  -4.04483414       2.08262873      0.750000000    
        1652  -3.76254129       2.91236019      0.750000000    
        1654  -3.94582629       2.07239962      0.750000000    
        1656  -3.75494981       2.59787989      0.740000010    
        1658  -3.75356746       2.47755480      0.740000010    
        1660  -3.75777340       2.16714954      0.740000010    
        1662  -3.78094149       2.29557300      0.740000010    
        1664  -3.69293809       2.77643323      0.740000010    
        1666  -3.73974586       2.84549069      0.740000010    
        1668  -3.85334158       2.44349337      0.740000010    
        1670  -3.77627110       2.73596621      0.740000010    
        1672  -3.64833689       3.09997129      0.740000010    
        1674  -3.63946152       3.37423778      0.750000000    
        1676  -3.71474314       2.95191860      0.750000000    
        1678  -3.64877725       3.06711507      0.750000000    
        1680  -3.83658743       2.50927377      0.750000000    
        1682  -3.90765309       2.57292557      0.750000000    
        1684  -3.79126883       3.09439087      0.750000000    
        1686  -3.71744990       3.10125327      0.750000000    
        1688  -3.78035665       2.82296991      0.750000000    
        1690  -3.82890844       2.86994100      0.750000000    
        1692  -3.82632351       3.11458349      0.750000000    
        1694  -3.43817329       4.47885227      0.750000000    
        1696  -4.00314617       2.17084742      0.750000000    
        1698  -4.01467133       2.47270918      0.750000000    
        1700  -3.90999794       3.10343075      0.750000000    
        1702  -3.76939774       3.59222865      0.750000000    
        1704  -4.17241001       1.62180948      0.750000000    
        1706  -3.73046255       4.02523947      0.750000000    
        1708  -4.08613491       2.46879268      0.740000010    
        1710  -3.82712364       3.19876862      0.740000010    
        1712  -3.93532634       2.45883489      0.740000010    
        1714  -3.92770243       2.59294486      0.740000010    
        1716  -4.03850317       1.67697096      0.740000010    
        1718  -3.85756898       2.96482062      0.740000010    
        1720  -3.90537357       3.01877356      0.750000000    
        1722  -3.82189417       3.54422641      0.750000000    
        1724  -3.83191705       3.24636221      0.750000000    
        1726  -3.83749771       3.44559932      0.759999990    
        1728  -3.98272872       2.63388848      0.759999990    
        1730  -4.08539104       2.31691241      0.759999990    
        1732  -4.01157475       2.16856503      0.740000010    
        1734  -3.77994680       3.58309221      0.740000010    
        1736  -3.90530896       3.48377109      0.740000010    
        1738  -3.86985207       3.53162646      0.740000010    
        1740  -3.95543647       3.64352274      0.740000010    
        1742  -3.81547451       4.21056604      0.740000010    
        1744  -3.96448469       3.41152310      0.730000019    
        1746  -4.23606873       2.39477110      0.740000010    
        1748  -4.09056568       3.28368235      0.750000000    
        1750  -4.23029613       2.62131715      0.750000000    
        1752  -4.22599602       3.03584194      0.759999990    
        1754  -3.91852593       4.21830988      0.759999990    
        1756  -4.01018667       3.89159584      0.759999990    
        1758  -3.81471539       4.32759476      0.759999990    
        1760  -3.72829747       4.58565855      0.759999990    
        1762  -3.95307422       4.20824957      0.779999971    
        1764  -4.15519857       3.34352493      0.779999971    
        1766  -4.18922043       2.95100260      0.779999971    
        1768  -4.01307487       3.74838018      0.790000021    
        1770  -3.90327883       4.36103487      0.800000012    
        1772  -3.99916959       3.98767686      0.810000002    
        1774  -3.74809790       4.59149027      0.800000012    
        1776  -3.90243936       4.12910938      0.800000012    
        1778  -3.86107826       5.22032356      0.810000002    
        1780  -3.90447783       4.86883497      0.810000002    
        1782  -4.21300888       3.31611705      0.810000002    
        1784  -4.17957926       3.48085713      0.810000002    
        1786  -4.04475689       3.96147919      0.810000002    
        1788  -4.10160923       3.60111523      0.810000002    
        1790  -4.02603722       3.82180810      0.810000002    
        1792  -4.15815639       3.38029170      0.810000002    
        1794  -4.22973871       3.07961106      0.810000002    
        1796  -3.89548445       4.46408796      0.810000002    
        1798  -4.11865902       3.79902887      0.819999993    
        1800  -4.06256437       4.12465715      0.819999993    
        1802  -3.94428611       4.88065720      0.819999993    
        1804  -3.99330902       4.31871319      0.810000002    
        1806  -3.97320938       4.06775236      0.810000002    
        1808  -4.20075417       3.21972561      0.810000002    
        1810  -4.29715919       2.59446120      0.810000002    
        1812  -4.27721119       2.62673926      0.810000002    
        1814  -4.12021255       3.43267059      0.810000002    
        1816  -4.00069475       4.05440855      0.810000002    
        1818  -4.03106785       4.79028940      0.819999993    
        1820  -4.18620634       3.98489952      0.819999993    
        1822  -3.95293713       4.97159767      0.819999993    
        1824  -4.04810524       4.38201904      0.819999993    
        1826  -3.93650293       4.80532122      0.819999993    
        1828  -3.77817059       5.09699106      0.800000012    
        1830  -3.79008842       5.13818979      0.800000012    
        1832  -3.44593525       6.28028393      0.800000012    
        1834  -3.64216805       5.57980347      0.800000012    
        1836  -4.04742193       3.79083180      0.800000012    
        1838  -3.82345533       5.01474524      0.810000002    
        1840  -4.12596893       3.71355271      0.810000002    
        1842  -4.15552425       3.46201539      0.810000002    
        1844  -4.12265873       4.14814425      0.819999993    
        1846  -4.11940765       4.15379524      0.819999993    
        1848  -4.16077375       4.03025723      0.829999983    
        1850  -3.96056247       4.84461355      0.819999993    
        1852  -3.80492711       5.69673395      0.819999993    
        1854  -4.06488132       4.88336515      0.829999983    
        1856  -4.12074232       4.28529310      0.819999993    
        1858  -4.14580631       4.50547647      0.819999993    
        1860  -4.14303637       4.38648033      0.819999993    
        1862  -3.65641069       6.08480692      0.819999993    
        1864  -4.05056334       4.27422667      0.810000002    
        1866  -3.86762810       5.01259327      0.810000002    
        1868  -3.91531610       4.93653917      0.810000002    
        1870  -3.87127090       5.10711432      0.810000002    
        1872  -4.07596827       3.03883553      0.779999971    
        1874  -4.02741575       3.34724736      0.779999971    
        1876  -4.06783295       3.13913035      0.779999971    
        1878  -3.94337845       3.53964305      0.769999981    
        1880  -4.26914787       2.27774835      0.769999981    
        1882  -4.11498022       2.87948442      0.769999981    
        1884  -3.91765285       3.67032003      0.769999981    
        1886  -4.05682373       3.34450102      0.769999981    
        1888  -3.76776981       4.34054422      0.769999981    
        1890  -3.97751927       3.13182211      0.769999981    
        1892  -4.18951654       2.46793628      0.769999981    
        1894  -3.87228751       3.76584935      0.769999981    
        1896  -4.07717419       2.88578367      0.769999981    
        1898  -4.09881306       2.98839545      0.759999990    
        1900  -3.92489529       3.41089296      0.759999990    
        1902  -4.07609463       2.66141915      0.759999990    
        1904  -3.65468669       4.34854937      0.750000000    
        1906  -3.68131185       4.12642384      0.750000000    
        1908  -3.38519669       5.50549841      0.750000000    
        1910  -3.88083649       3.57228208      0.750000000    
        1912  -4.06862974       2.96029854      0.750000000    
        1914  -4.03424358       2.92592239      0.750000000    
        1916  -3.86309266       3.96837378      0.750000000    
        1918  -3.53943276       4.95940733      0.740000010    
        1920  -3.72798324       4.15101385      0.730000019    
        1922  -3.85451102       3.98045325      0.740000010    
        1924  -3.91366315       4.01603127      0.750000000    
        1926  -3.81865239       3.98346257      0.750000000    
        1928  -3.65817881       5.03433657      0.759999990    
        1930  -3.96239495       3.61388159      0.759999990    
        1932  -3.91493654       3.70560741      0.750000000    
        1934  -3.74019027       4.21283531      0.750000000    
        1936  -3.89844942       3.56723976      0.750000000    
        1938  -4.00496912       3.16482806      0.750000000    
        1940  -3.89098763       3.72753239      0.750000000    
        1942  -4.13794756       2.95527148      0.750000000    
        1944  -4.14919138       3.24865770      0.750000000    
        1946  -4.13414717       2.60399580      0.750000000    
        1948  -4.10600090       2.97004867      0.750000000    
        1950  -3.84206796       3.65387177      0.750000000    
        1952  -3.84644389       3.95487285      0.750000000    
        1954  -3.71264291       3.90400863      0.750000000    
        1956  -3.72603750       3.81833792      0.750000000    
        1958  -3.78451467       3.88463068      0.750000000    
        1960  -3.81900668       3.79472351      0.750000000    
        1962  -3.93029284       3.25856042      0.750000000    
        1964  -4.14338446       2.19544959      0.750000000    
        1966  -3.89352107       3.45418382      0.750000000    
        1968  -3.91505718       3.07982612      0.750000000    
        1970  -3.78234792       3.36508298      0.740000010    
        1972  -3.73863840       3.35441732      0.740000010    
        1974  -3.85484576       3.03979445      0.750000000    
        1976  -3.79987359       3.34579229      0.759999990    
        1978  -3.95751619       2.86401820      0.759999990    
        1980  -3.97401166       3.50370574      0.769999981    
        1982  -3.93372178       3.14937544      0.769999981    
        1984  -3.86580181       3.36026955      0.769999981    
        1986  -3.60881114       4.38753033      0.769999981    
        1988  -3.68773150       4.23852873      0.769999981    
        1990  -3.83317351       3.65267253      0.769999981    
        1992  -4.06479836       3.00639701      0.769999981    
        1994  -3.82047939       4.72517729      0.779999971    
        1996  -4.08328676       3.59293699      0.779999971    
        1998  -4.01242018       4.02225685      0.779999971    
        2000  -4.30627537       2.22508430      0.779999971    
        2002  -4.22602224       2.48862028      0.779999971    
        2004  -4.00619745       3.75526428      0.779999971    
        2006  -4.07477140       3.66257215      0.779999971    
        2008  -4.11814022       3.35679531      0.779999971    
        2010  -3.80985785       5.37903070      0.790000021    
        2012  -4.04701900       4.40119982      0.790000021    
        2014  -4.06950045       3.94808841      0.790000021    
        2016  -4.06679916       3.83176732      0.790000021    
        2018  -4.06632614       4.10177135      0.790000021    
        2020  -4.26736736       3.12334061      0.790000021    
        2022  -4.22608042       2.82785821      0.779999971    
        2024  -3.99230790       3.90732431      0.779999971    
        2026  -4.11486864       3.50826383      0.779999971    
        2028  -4.15685701       3.48507190      0.779999971    
        2030  -3.80871534       5.31982851      0.779999971    
        2032  -4.24320602       3.20627117      0.769999981    
        2034  -4.43232632       2.33322906      0.769999981    
        2036  -4.37907553       2.45445037      0.769999981    
        2038  -3.96261573       4.40086222      0.779999971    
        2040  -4.23430204       3.27261400      0.779999971    
        2042  -3.90298533       4.69063234      0.779999971    
        2044  -3.99382520       4.44893837      0.790000021    
        2046  -3.86905718       4.75917006      0.790000021    
        2048  -3.99017596       4.19598055      0.790000021    
        2050  -3.81058478       5.44595957      0.800000012    
        2052  -3.96564770       4.85809898      0.800000012    
        2054  -3.94353604       4.53133774      0.800000012    
        2056  -3.99993253       4.33287239      0.800000012    
        2058  -3.93821836       4.34144926      0.800000012    
        2060  -3.92651105       4.26700735      0.800000012    
        2062  -4.11478996       3.32858109      0.800000012    
        2064  -4.00569010       4.25063705      0.800000012    
        2066  -4.11526299       4.07842970      0.790000021    
        2068  -4.21104336       3.39167619      0.790000021    
        2070  -4.29134417       2.92269850      0.790000021    
        2072  -4.20704937       3.73069000      0.790000021    
        2074  -4.09547424       3.78839803      0.790000021    
        2076  -4.08203363       3.54252052      0.790000021    
        2078  -4.11084747       3.80888581      0.790000021    
        2080  -3.89976978       4.67930079      0.790000021    
        2082  -3.74219108       5.18736076      0.790000021    
        2084  -3.78593469       5.10276604      0.790000021    
        2086  -4.04263353       4.05982494      0.790000021    
        2088  -3.87328267       4.56612349      0.779999971    
        2090  -3.81000209       4.83911800      0.779999971    
        2092  -3.61443233       5.39586496      0.779999971    
        2094  -3.86062932       4.16129351      0.779999971    
        2096  -3.80323458       4.61990309      0.779999971    
        2098  -3.77939105       4.71011066      0.779999971    
        2100  -4.17432404       2.62760949      0.769999981    
        2102  -4.05287313       3.20555449      0.769999981    
        2104  -3.92150450       3.71860957      0.769999981    
        2106  -3.78576398       4.07149935      0.769999981    
        2108  -4.06310797       2.98519301      0.769999981    
        2110  -4.00040436       3.32465577      0.769999981    
        2112  -4.25022125       2.46806598      0.769999981    
        2114  -4.25050449       2.22842598      0.769999981    
        2116  -3.95138097       3.46332908      0.769999981    
        2118  -4.09298277       2.65456748      0.769999981    
        2120  -3.87508821       3.47740579      0.769999981    
        2122  -4.18975353       2.09005976      0.769999981    
        2124  -4.25049686       1.95620084      0.759999990    
        2126  -4.26208687       1.59167612      0.759999990    
        2128  -4.34587908       1.22121418      0.759999990    
        2130  -4.23022652       1.93764150      0.759999990    
        2132  -4.29906034       1.84692967      0.759999990    
        2134  -4.07869577       2.62882996      0.759999990    
        2136  -4.02969694       2.98655462      0.759999990    
        2138  -3.95208502       3.04437566      0.759999990    
        2140  -4.03033018       2.33981848      0.759999990    
        2142  -4.09186602       2.10735846      0.759999990    
        2144  -3.81173563       3.70470309      0.769999981    
        2146  -3.91653633       2.50443316      0.759999990    
        2148  -3.81675482       2.87536025      0.759999990    
        2150  -4.06545877       1.73170877      0.759999990    
        2152  -3.83861470       3.00717020      0.759999990    
        2154  -3.95178199       2.76652408      0.759999990    
        2156  -3.84348583       3.49494410      0.759999990    
        2158  -3.95962954       3.16713309      0.759999990    
        2160  -4.09577465       2.46402359      0.759999990    
        2162  -3.86998510       3.06579661      0.759999990    
        2164  -3.99615502       2.93021894      0.769999981    
        2166  -3.97238183       2.89343619      0.769999981    
        2168  -3.92914271       2.92877364      0.759999990    
        2170  -3.86100411       3.35942006      0.759999990    
        2172  -3.70249200       3.92587996      0.759999990    
        2174  -3.71886015       3.93049622      0.759999990    
        2176  -3.99751329       2.75872827      0.759999990    
        2178  -3.98356819       2.94587994      0.759999990    
        2180  -3.88140273       3.41541290      0.759999990    
        2182  -3.97960663       2.83416247      0.750000000    
        2184  -3.79399490       3.73585892      0.759999990    
        2186  -4.05955744       2.68320394      0.759999990    
        2188  -4.20044708       2.48957920      0.759999990    
        2190  -4.04595757       3.12728000      0.759999990    
        2192  -4.07014227       2.89222836      0.759999990    
        2194  -3.98299074       3.29061294      0.759999990    
        2196  -4.07453823       2.74763203      0.759999990    
        2198  -4.11519337       2.37729597      0.750000000    
        2200  -3.89191484       3.13080096      0.750000000    
        2202  -3.80157232       3.40945649      0.750000000    
        2204  -3.78779006       3.37386417      0.750000000    
        2206  -3.89954233       3.20692158      0.750000000    
        2208  -3.98587537       3.02616620      0.750000000    
        2210  -3.93230295       3.47888780      0.750000000    
        2212  -4.04855251       2.74353695      0.750000000    
        2214  -4.06106329       2.93070626      0.750000000    
        2216  -3.96561933       3.27995586      0.750000000    
        2218  -3.95296454       2.70801449      0.740000010    
        2220  -3.90089703       2.77000332      0.740000010    
        2222  -3.73916030       4.38675356      0.750000000    
        2224  -3.65141559       4.22891283      0.740000010    
        2226  -3.86243200       3.39814091      0.750000000    
        2228  -3.74810243       3.80741215      0.750000000    
        2230  -4.02464342       2.69562030      0.750000000    
        2232  -3.85726523       3.44004893      0.759999990    
        2234  -3.78431869       4.20124054      0.769999981    
        2236  -3.90343642       3.56171203      0.769999981    
        2238  -3.77839780       4.43733263      0.769999981    
        2240  -3.66643095       4.81771660      0.779999971    
        2242  -3.66271639       4.60382366      0.769999981    
        2244  -3.60476518       5.48700857      0.779999971    
        2246  -3.64869857       5.38848495      0.779999971    
        2248  -3.87040424       4.01625633      0.779999971    
        2250  -3.68413281       4.76251888      0.779999971    
        2252  -3.76667047       4.47243357      0.779999971    
        2254  -3.93959618       3.58549738      0.779999971    
        2256  -3.83228922       3.71583772      0.769999981    
        2258  -3.83217001       3.82765841      0.769999981    
        2260  -3.85141349       3.92603254      0.769999981    
        2262  -3.94864273       3.58199120      0.769999981    
        2264  -3.69982815       4.23815823      0.769999981    
        2266  -3.91012239       3.43326879      0.769999981    
        2268  -3.86233330       3.73824501      0.769999981    
        2270  -3.90358233       3.50763965      0.769999981    
        2272  -3.89528036       3.82958031      0.769999981    
        2274  -3.83272529       4.01368761      0.769999981    
        2276  -3.59594560       4.49812412      0.759999990    
        2278  -3.85950732       3.73051047      0.759999990    
        2280  -3.67461014       4.37979937      0.759999990    
        2282  -3.74074578       4.05101347      0.759999990    
        2284  -3.67008114       3.87118316      0.750000000    
        2286  -3.89356565       2.90869236      0.750000000    
        2288  -4.02114296       2.38971186      0.750000000    
        2290  -3.92247510       3.21438479      0.750000000    
        2292  -4.10160828       2.40016103      0.750000000    
        2294  -3.94416380       3.02674627      0.759999990    
        2296  -3.85901999       3.46078134      0.759999990    
        2298  -3.65224624       4.17025280      0.750000000    
        2300  -3.78400064       3.30810070      0.740000010    
        2302  -3.63927388       3.77522254      0.740000010    
        2304  -3.53776646       4.89027882      0.750000000    
        2306  -3.85627079       3.09777737      0.750000000    
        2308  -4.14190054       1.53737020      0.750000000    
        2310  -4.09339762       1.64762211      0.750000000    
        2312  -4.18942499       1.53384411      0.750000000    
        2314  -4.02763128       1.64884377      0.750000000    
        2316  -3.99162483       1.77287292      0.750000000    
        2318  -3.83147717       2.68521833      0.759999990    
        2320  -3.88033366       3.03822017      0.759999990    
        2322  -3.93540573       2.47110271      0.759999990    
        2324  -4.22188473       1.54199517      0.759999990    
        2326  -4.21808624       1.61403871      0.759999990    
        2328  -4.08827591       1.91037107      0.759999990    
        2330  -4.03269005       2.51045966      0.769999981    
        2332  -4.10032034       2.23572707      0.759999990    
        2334  -4.39823437       1.62604117      0.759999990    
        2336  -4.16664553       2.78340411      0.759999990    
        2338  -4.07611942       3.00579619      0.759999990    
        2340  -4.09526157       3.11708808      0.759999990    
        2342  -4.27377081       2.36877060      0.759999990    
        2344  -4.04933643       3.41342092      0.759999990    
        2346  -3.94947433       3.89597726      0.759999990    
        2348  -4.06329012       3.07883596      0.759999990    
        2350  -4.17069244       2.72010303      0.759999990    
        2352  -4.15669012       2.89905524      0.759999990    
        2354  -4.03136396       3.22399664      0.759999990    
        2356  -4.15072203       2.86077237      0.759999990    
        2358  -4.18459320       2.72169280      0.759999990    
        2360  -3.97175908       3.53132081      0.759999990    
        2362  -3.84280968       3.79464912      0.759999990    
        2364  -3.82292509       4.32046509      0.759999990    
        2366  -3.83558893       4.69304848      0.769999981    
        2368  -3.78416467       4.81680918      0.769999981    
        2370  -4.03037500       3.77426863      0.769999981    
        2372  -4.13735819       3.84655952      0.779999971    
        2374  -4.07331324       4.17999125      0.779999971    
        2376  -4.01013899       4.57420349      0.790000021    
        2378  -3.84691167       4.31672668      0.769999981    
        2380  -3.82243538       4.29688168      0.769999981    
        2382  -3.89968419       4.07879400      0.769999981    
        2384  -4.00045776       3.44448161      0.769999981    
        2386  -4.06906557       3.05752015      0.769999981    
        2388  -3.73998976       4.27898121      0.769999981    
        2390  -4.28109455       1.89225447      0.769999981    
        2392  -4.16714191       2.18483233      0.769999981    
        2394  -4.16729116       2.32719183      0.769999981    
        2396  -4.30747461       1.72638643      0.769999981    
        2398  -4.13040447       2.82561231      0.769999981    
        2400  -3.85462189       3.96298981      0.769999981    
        2402  -3.73874712       4.81304741      0.779999971    
        2404  -3.97085357       3.54650402      0.779999971    
        2406  -3.96534705       3.90523934      0.779999971    
        2408  -3.92692137       3.86433744      0.779999971    
        2410  -4.04799747       3.35740185      0.779999971    
        2412  -3.94271088       3.78210378      0.779999971    
        2414  -3.97774267       3.28661990      0.779999971    
        2416  -3.98706508       3.18597865      0.779999971    
        2418  -4.15270615       2.63896513      0.779999971    
        2420  -3.94148898       3.70995736      0.779999971    
        2422  -3.96936536       3.18602347      0.779999971    
        2424  -4.18006849       2.29705024      0.779999971    
        2426  -3.94921899       3.48251390      0.779999971    
        2428  -4.01196480       3.38963652      0.779999971    
        2430  -3.87801671       3.88502645      0.779999971    
        2432  -3.86597610       3.84070015      0.769999981    
        2434  -3.94779778       3.70533204      0.779999971    
        2436  -3.82162261       4.03655338      0.779999971    
        2438  -4.11642265       3.09768772      0.779999971    
        2440  -4.04971600       3.29345751      0.779999971    
        2442  -3.82866454       4.13758898      0.779999971    
        2444  -3.86984062       4.13805771      0.779999971    
        2446  -3.88084936       4.00228071      0.779999971    
        2448  -3.90169191       4.06443357      0.779999971    
        2450  -3.72349334       4.09112644      0.769999981    
        2452  -3.86039782       4.09119320      0.769999981    
        2454  -3.90743494       4.15234137      0.779999971    
        2456  -3.73162484       4.99977684      0.779999971    
        2458  -3.96653819       3.94304061      0.779999971    
        2460  -4.09730530       3.92392063      0.779999971    
        2462  -4.23480034       3.33590794      0.790000021    
        2464  -4.37543344       3.01473784      0.790000021    
        2466  -4.10920525       4.38448763      0.790000021    
        2468  -4.11518145       4.25854445      0.779999971    
        2470  -4.08313608       4.50842428      0.779999971    
        2472  -3.97825217       4.84987593      0.769999981    
        2474  -4.10045195       3.94389510      0.769999981    
        2476  -4.10519361       3.88664699      0.769999981    
        2478  -3.90883207       4.62923574      0.769999981    
        2480  -3.87452435       4.18897533      0.759999990    
        2482  -3.86158514       4.22377634      0.759999990    
        2484  -3.91955733       3.73223495      0.759999990    
        2486  -4.07406807       3.00370502      0.759999990    
        2488  -4.14828444       2.53574634      0.759999990    
        2490  -4.06664419       3.21455646      0.759999990    
        2492  -3.85601330       4.19469690      0.769999981    
        2494  -3.89273214       3.90389919      0.779999971    
        2496  -3.79146457       4.10284662      0.759999990    
        2498  -3.86801958       3.78598285      0.759999990    
        2500  -3.84742236       3.69249201      0.759999990    
        2502  -3.84798670       4.02854443      0.759999990    
        2504  -3.79784513       4.04195356      0.769999981    
        2506  -4.08927822       3.02000570      0.769999981    
        2508  -3.87566400       4.39174509      0.779999971    
        2510  -3.92196488       4.23846436      0.779999971    
        2512  -4.05461884       3.53772783      0.769999981    
        2514  -4.17709112       3.21467447      0.779999971    
        2516  -3.92117596       4.38702202      0.779999971    
        2518  -3.98846555       3.66239905      0.759999990    
        2520  -3.74135804       4.10163260      0.750000000    
        2522  -3.82904959       3.60348988      0.740000010    
        2524  -3.93351364       2.90887356      0.730000019    
        2526  -3.81745815       3.59100962      0.730000019    
        2528  -3.85707378       3.34762168      0.730000019    
        2530  -4.14197206       2.48142195      0.740000010    
        2532  -4.12824821       2.44396448      0.740000010    
        2534  -4.19440317       2.31821156      0.740000010    
        2536  -4.19879913       2.37507582      0.740000010    
        2538  -3.99530983       3.04059196      0.740000010    
        2540  -3.74436021       4.07590580      0.750000000    
        2542  -3.78745675       3.71431994      0.750000000    
        2544  -4.11744404       2.37323642      0.750000000    
        2546  -3.98548269       2.87134767      0.750000000    
        2548  -3.97446847       3.00265145      0.750000000    
        2550  -3.89146352       3.15177011      0.750000000    
        2552  -3.97048426       2.61647964      0.750000000    
        2554  -3.97266078       3.00706983      0.750000000    
        2556  -3.94959807       3.21515918      0.759999990    
        2558  -3.95958352       3.08868170      0.759999990    
        2560  -4.08837938       2.68212867      0.759999990    
        2562  -3.84955382       3.60695648      0.750000000    
        2564  -4.07188988       2.32615209      0.750000000    
        2566  -3.99044418       2.93246293      0.750000000    
        2568  -4.12982082       2.49390149      0.759999990    
        2570  -4.12255716       3.30051231      0.779999971    
        2572  -3.91316557       4.02937937      0.779999971    
        2574  -4.24679184       2.96508741      0.779999971    
        2576  -4.19780922       3.03470826      0.779999971    
        2578  -3.92997408       3.85858440      0.779999971    
        2580  -4.05002117       3.62272644      0.779999971    
        2582  -4.04758501       3.52030849      0.779999971    
        2584  -4.21100807       2.92561412      0.779999971    
        2586  -4.04954290       3.69514894      0.779999971    
        2588  -4.14987421       3.64200234      0.779999971    
        2590  -4.10450697       3.84995127      0.779999971    
        2592  -4.32862329       2.59524918      0.779999971    
        2594  -4.18552208       3.16849971      0.779999971    
        2596  -4.17373800       3.18700266      0.779999971    
        2598  -4.23855925       2.71822929      0.779999971    
        2600  -4.13667393       3.23322105      0.779999971    
        2602  -4.14677525       3.06793523      0.779999971    
        2604  -4.21312141       3.17735672      0.779999971    
        2606  -4.06527805       3.95935869      0.779999971    
        2608  -4.23451662       2.98658872      0.769999981    
        2610  -4.37482119       2.63102269      0.769999981    
        2612  -4.34183741       3.03801489      0.769999981    
        2614  -4.31786823       2.94890308      0.769999981    
        2616  -4.08204460       3.90738058      0.779999971    
        2618  -3.96667981       4.54242754      0.790000021    
        2620  -3.75598001       5.82941675      0.790000021    
        2622  -3.89956760       5.10194588      0.790000021    
        2624  -3.76000357       5.38461637      0.779999971    
        2626  -4.26566076       3.37529016      0.790000021    
        2628  -4.42386436       2.72179317      0.790000021    
        2630  -4.32416773       3.05636215      0.800000012    
        2632  -4.19722652       3.64988184      0.800000012    
        2634  -4.15619850       3.84911728      0.800000012    
        2636  -4.34277916       3.00272274      0.800000012    
        2638  -4.15203190       3.74849176      0.800000012    
        2640  -4.36943626       2.40476632      0.790000021    
        2642  -4.29839754       2.77099442      0.790000021    
        2644  -4.21690750       3.47728586      0.790000021    
        2646  -4.24261093       3.29529095      0.790000021    
        2648  -4.23425055       3.38549900      0.790000021    
        2650  -4.45980597       2.50788593      0.790000021    
        2652  -4.07034779       3.97098112      0.790000021    
        2654  -4.01362276       4.22083664      0.790000021    
        2656  -4.07020235       3.26725006      0.779999971    
        2658  -4.15744495       2.62493277      0.769999981    
        2660  -3.90504360       3.79377270      0.769999981    
        2662  -4.21954298       2.56955290      0.769999981    
        2664  -4.14699030       2.62021780      0.769999981    
        2666  -4.17772150       2.34548116      0.769999981    
        2668  -4.05731678       2.92930746      0.769999981    
        2670  -4.01096153       3.17123151      0.769999981    
        2672  -4.00781488       3.31553841      0.769999981    
        2674  -3.95572877       3.47206378      0.769999981    
        2676  -3.89019918       3.55260468      0.759999990    
        2678  -4.05520487       3.26510310      0.759999990    
        2680  -4.01913881       2.83756542      0.750000000    
        2682  -3.95451069       3.34051609      0.750000000    
        2684  -3.92869186       3.46761489      0.750000000    
        2686  -3.73869705       3.81321192      0.750000000    
        2688  -4.00387669       3.34365749      0.750000000    
        2690  -4.06820583       2.89061594      0.750000000    
        2692  -4.04626799       2.89327621      0.750000000    
        2694  -4.10168886       2.57584739      0.750000000    
        2696  -4.15468216       2.60953355      0.750000000    
        2698  -3.96876597       3.34086752      0.750000000    
        2700  -4.26306963       2.02783918      0.750000000    
        2702  -3.91550183       3.48926234      0.750000000    
        2704  -3.64842606       4.49359941      0.740000010    
        2706  -3.59627342       4.33432722      0.740000010    
        2708  -3.83585334       3.53568435      0.750000000    
        2710  -3.93967509       3.19466758      0.750000000    
        2712  -4.17289972       2.02446461      0.750000000    
        2714  -4.03115082       3.35150838      0.759999990    
        2716  -4.11172152       2.52645898      0.750000000    
        2718  -4.00253344       3.00217676      0.750000000    
        2720  -4.02917194       2.68960810      0.750000000    
        2722  -3.92402601       3.04149365      0.750000000    
        2724  -4.23832321       2.10891819      0.750000000    
        2726  -4.05023050       2.65399194      0.750000000    
        2728  -4.28907728       1.48068094      0.750000000    
        2730  -4.29615784       1.63516450      0.750000000    
        2732  -4.16247606       2.34103084      0.750000000    
        2734  -4.08516169       2.34100819      0.750000000    
        2736  -3.85870409       3.15314913      0.740000010    
        2738  -3.71443796       4.06536198      0.750000000    
        2740  -3.89525867       3.45129156      0.750000000    
        2742  -3.92071080       3.16758323      0.750000000    
        2744  -3.86992669       3.32476950      0.750000000    
        2746  -3.81161952       3.29815292      0.740000010    
        2748  -3.53912401       4.37279367      0.740000010    
        2750  -3.49127698       4.95899487      0.740000010    
        2752  -3.46705079       4.73216534      0.740000010    
        2754  -3.79980445       2.15228796      0.720000029    
        2756  -3.63844705       2.84642482      0.720000029    
        2758  -3.73265219       2.46432638      0.720000029    
        2760  -3.65670681       3.13655853      0.730000019    
        2762  -3.78571796       2.70066023      0.720000029    
        2764  -3.66778255       3.30935311      0.730000019    
        2766  -3.81223798       2.78079033      0.720000029    
        2768  -3.62948608       3.22301555      0.720000029    
        2770  -3.85042930       2.53107476      0.720000029    
        2772  -3.66368937       3.07493329      0.720000029    
        2774  -3.65583491       3.31040192      0.720000029    
        2776  -3.80033135       2.87866879      0.720000029    
        2778  -3.95662808       2.52076530      0.730000019    
        2780  -4.11789179       1.88572669      0.730000019    
        2782  -3.75489163       3.10355973      0.730000019    
        2784  -3.65674233       3.62427473      0.740000010    
        2786  -3.68391585       3.83794212      0.750000000    
        2788  -3.75290561       3.59887528      0.750000000    
        2790  -4.03733730       2.45474076      0.750000000    
        2792  -3.87625194       3.81260657      0.759999990    
        2794  -4.04322386       2.68669629      0.740000010    
        2796  -3.83629465       3.69090796      0.740000010    
        2798  -3.85202813       3.49152160      0.740000010    
        2800  -3.93089342       2.92618990      0.740000010    
        2802  -3.77368283       3.43265510      0.740000010    
        2804  -3.85020852       3.31731081      0.740000010    
        2806  -3.98112774       2.54527497      0.730000019    
        2808  -3.81990790       3.20472789      0.740000010    
        2810  -3.95471692       2.88082266      0.740000010    
        2812  -3.86461091       2.96260500      0.740000010    
        2814  -3.78551698       3.69387364      0.740000010    
        2816  -3.90874147       2.98681593      0.730000019    
        2818  -3.78660226       3.96196485      0.740000010    
        2820  -4.10339117       2.36665034      0.740000010    
        2822  -4.00780869       2.82201648      0.740000010    
        2824  -3.77112794       3.50154638      0.720000029    
        2826  -3.75353742       3.54385829      0.730000019    
        2828  -3.64920855       3.95683384      0.720000029    
        2830  -3.68459892       3.20566225      0.720000029    
        2832  -3.79000092       3.18274450      0.730000019    
        2834  -3.63864732       3.92676449      0.730000019    
        2836  -3.81872296       2.90574431      0.720000029    
        2838  -4.06383896       1.96132696      0.720000029    
        2840  -3.82975769       2.81118345      0.720000029    
        2842  -3.75768375       3.32082820      0.720000029    
        2844  -3.92092180       2.82617950      0.720000029    
        2846  -3.54261732       4.18887568      0.730000019    
        2848  -3.75620008       3.13023806      0.720000029    
        2850  -3.81189227       2.78550768      0.720000029    
        2852  -3.70989728       3.16322136      0.720000029    
        2854  -3.95698667       2.14396691      0.720000029    
        2856  -4.19237471       1.31926250      0.720000029    
        2858  -3.95826650       2.39172292      0.720000029    
        2860  -3.84815216       2.59789944      0.720000029    
        2862  -3.80357599       2.86101532      0.720000029    
        2864  -4.13389397       1.45548999      0.720000029    
        2866  -4.06325006       2.19144750      0.730000019    
        2868  -3.94251943       2.55971503      0.730000019    
        2870  -4.04891634       2.40149903      0.740000010    
        2872  -4.09076166       2.05482459      0.740000010    
        2874  -4.08388853       2.65728188      0.750000000    
        2876  -4.19513273       2.14777374      0.750000000    
        2878  -3.99661136       3.03405952      0.750000000    
        2880  -3.75039721       4.43182278      0.750000000    
        2882  -3.74986839       4.03119469      0.750000000    
        2884  -3.96621442       3.28270960      0.740000010    
        2886  -4.18655586       2.28527474      0.740000010    
        2888  -4.16998863       2.03591037      0.740000010    
        2890  -3.94252563       3.07265949      0.740000010    
        2892  -3.95101833       3.25302982      0.740000010    
        2894  -3.99421763       3.35549569      0.750000000    
        2896  -3.61503959       4.34379864      0.750000000    
        2898  -4.03756094       2.64951229      0.759999990    
        2900  -3.79709172       3.40921760      0.750000000    
        2902  -3.79779696       3.47194672      0.750000000    
        2904  -3.84742999       3.26389909      0.750000000    
        2906  -3.67614603       4.42153406      0.759999990    
        2908  -3.85761046       3.78333116      0.759999990    
        2910  -3.95390511       3.29661322      0.759999990    
        2912  -4.12125206       2.94209862      0.759999990    
        2914  -4.11373711       2.82964897      0.759999990    
        2916  -4.22881746       2.35371923      0.750000000    
        2918  -4.07163620       2.98192382      0.750000000    
        2920  -4.10169935       2.59194732      0.740000010    
        2922  -4.11911249       3.18089366      0.750000000    
        2924  -3.91601300       3.95661426      0.750000000    
        2926  -4.06935883       3.66440606      0.759999990    
        2928  -4.06056643       3.66174650      0.759999990    
        2930  -4.16978931       2.78676510      0.750000000    
        2932  -3.99132395       3.59499931      0.750000000    
        2934  -4.17191982       2.55640650      0.750000000    
        2936  -4.14927816       2.39195919      0.750000000    
        2938  -3.98008585       3.58861136      0.750000000    
        2940  -4.04906464       3.64676476      0.759999990    
        2942  -4.00571728       3.70324183      0.759999990    
        2944  -3.95358706       3.79761219      0.759999990    
        2946  -3.78390455       4.40658092      0.759999990    
        2948  -3.41610789       6.36898804      0.769999981    
        2950  -4.02988434       4.05491209      0.769999981    
        2952  -3.65795708       5.34407282      0.769999981    
        2954  -3.81308198       4.62837029      0.759999990    
        2956  -4.00669622       3.85450315      0.750000000    
        2958  -4.16391611       2.91683698      0.750000000    
        2960  -3.93548274       3.99517465      0.759999990    
        2962  -3.85113931       4.28372526      0.740000010    
        2964  -3.71401453       4.87940979      0.740000010    
        2966  -3.58557653       4.95217514      0.740000010    
        2968  -3.90243745       3.43688369      0.740000010    
        2970  -3.98873544       2.89126921      0.730000019    
        2972  -3.95957398       2.77380276      0.720000029    
        2974  -3.97755814       2.70848370      0.720000029    
        2976  -3.80712390       3.17370892      0.709999979    
        2978  -4.17490768       1.36671162      0.709999979    
        2980  -3.95781636       2.34832931      0.709999979    
        2982  -3.95592546       1.94159830      0.709999979    
        2984  -3.74237943       2.76285076      0.709999979    
        2986  -3.84989190       2.55080962      0.709999979    
        2988  -3.77581549       2.93538117      0.709999979    
        2990  -3.74395895       3.01235366      0.709999979    
        2992  -3.98436666       1.69778931      0.699999988    
        2994  -3.87754679       2.37138486      0.709999979    
        2996  -3.90466070       2.08022594      0.709999979    
        2998  -4.00853157       1.25848830      0.709999979    
        3000  -4.11789608      0.907517254      0.709999979    
        3002  -3.97765875       1.55967724      0.709999979    
        3004  -3.79795408       2.70883465      0.730000019    
        3006  -3.80364466       2.53980827      0.720000029    
        3008  -4.08448648       1.59572351      0.730000019    
        3010  -4.11835861       1.82938492      0.730000019    
        3012  -3.92548585       2.70385003      0.730000019    
        3014  -3.97425628       2.24564624      0.730000019    
        3016  -3.97676682       2.58726883      0.730000019    
        3018  -4.07185698       2.00711250      0.730000019    
        3020  -4.00732899       1.98293424      0.730000019    
        3022  -4.21541500      0.954662442      0.730000019    
        3024  -4.08281422       1.69918740      0.730000019    
        3026  -4.01957464       2.05499101      0.730000019    
        3028  -4.04741716       2.21194458      0.730000019    
        3030  -4.07871008       1.77028453      0.720000029    
        3032  -3.81778836       2.55872178      0.720000029    
        3034  -3.86234808       2.46010923      0.720000029    
        3036  -3.88792634       2.79891014      0.730000019    
        3038  -3.70997071       3.24131680      0.740000010    
        3040  -3.93013859       2.20737958      0.730000019    
        3042  -3.78547668       2.30149913      0.730000019    
        3044  -3.73601294       2.67054224      0.730000019    
        3046  -3.82537198       2.42491841      0.730000019    
        3048  -3.50197220       3.65208268      0.730000019    
        3050  -3.62341475       3.32395315      0.730000019    
        3052  -4.09398556       1.45842278      0.730000019    
        3054  -3.93010783       2.04868031      0.730000019    
        3056  -3.96786118       2.08644271      0.730000019    
        3058  -3.99679279       2.09520411      0.730000019    
        3060  -3.98066783       2.43005633      0.730000019    
        3062  -3.95437479       2.16930604      0.730000019    
        3064  -3.69625020       3.27495265      0.730000019    
        3066  -3.84757781       2.86562753      0.730000019    
        3068  -3.87863684       2.44943762      0.720000029    
        3070  -3.89560342       2.47915959      0.740000010    
        3072  -3.80981851       3.10730600      0.740000010    
        3074  -3.95364237       2.03842163      0.730000019    
        3076  -3.96874332       3.24253392      0.759999990    
        3078  -3.77513385       4.13019943      0.759999990    
        3080  -3.78901839       4.78580570      0.779999971    
        3082  -3.81858158       4.38019037      0.779999971    
        3084  -4.01685858       3.38808680      0.779999971    
        3086  -3.95324826       3.19064593      0.769999981    
        3088  -3.83580470       3.88874483      0.769999981    
        3090  -3.98723555       3.44627070      0.769999981    
        3092  -4.02411842       3.27104902      0.769999981    
        3094  -4.04442072       2.77857804      0.769999981    
        3096  -4.08322620       2.94145823      0.769999981    
        3098  -4.15384626       2.67332721      0.779999971    
        3100  -3.99583173       3.35755777      0.779999971    
        3102  -3.85412812       3.95874691      0.790000021    
        3104  -4.08121252       3.11679506      0.790000021    
        3106  -4.04297209       3.17639589      0.790000021    
        3108  -4.00457668       3.30619740      0.790000021    
        3110  -4.05540466       2.68884754      0.779999971    
        3112  -4.12553453       2.77526379      0.779999971    
        3114  -3.87753963       4.34761095      0.790000021    
        3116  -3.84769964       4.06526566      0.779999971    
        3118  -4.04516554       3.19221902      0.779999971    
        3120  -3.84770441       4.04767227      0.779999971    
        3122  -3.82370234       4.63266993      0.800000012    
        3124  -3.99367571       4.24292040      0.800000012    
        3126  -4.30163431       3.11546803      0.800000012    
        3128  -4.28809023       3.18452096      0.800000012    
        3130  -3.94676447       4.64066792      0.800000012    
        3132  -4.02042055       4.08138609      0.800000012    
        3134  -4.00508165       4.01205444      0.800000012    
        3136  -4.23620224       3.04373884      0.800000012    
        3138  -4.16043139       3.62015128      0.800000012    
        3140  -4.15549326       3.36665297      0.790000021    
        3142  -4.16324615       3.61927485      0.790000021    
        3144  -4.02243137       4.16274691      0.790000021    
        3146  -3.88574409       4.83863544      0.790000021    
        3148  -4.14031219       4.42735147      0.800000012    
        3150  -4.22941351       4.10922432      0.800000012    
        3152  -4.37518358       3.45956898      0.800000012    
        3154  -4.23069096       3.84483051      0.800000012    
        3156  -4.00222206       4.51115322      0.790000021    
        3158  -4.25145531       3.50496554      0.790000021    
        3160  -3.94523883       5.04745531      0.800000012    
        3162  -4.20943832       3.70314097      0.800000012    
        3164  -4.14410925       3.99115396      0.800000012    
        3166  -4.42814255       2.99054599      0.800000012    
        3168  -4.35812950       3.10199738      0.800000012    
        3170  -4.12516022       4.20007801      0.800000012    
        3172  -4.04803038       4.38933992      0.800000012    
        3174  -3.98359680       4.26809406      0.779999971    
        3176  -4.13278008       4.01072168      0.790000021    
        3178  -4.09868860       4.39551163      0.800000012    
        3180  -3.95642257       4.93913841      0.800000012    
        3182  -3.80723739       5.27067184      0.790000021    
        3184  -3.87371826       4.82250214      0.790000021    
        3186  -3.70105028       5.64492273      0.779999971    
        3188  -4.16183424       3.58505297      0.790000021    
        3190  -4.28750801       3.12086463      0.790000021    
        3192  -4.27743340       3.21909142      0.790000021    
        3194  -3.98787355       4.29159307      0.790000021    
        3196  -3.76282024       5.11651802      0.790000021    
        3198  -3.93449402       4.21882153      0.790000021    
        3200  -4.14152241       3.28276324      0.790000021    
        3202  -3.93863630       4.18986988      0.779999971    
        3204  -3.84575462       4.17306709      0.779999971    
        3206  -3.70115399       4.46010303      0.769999981    
        3208  -4.06489038       2.84592581      0.769999981    
        3210  -3.85209727       3.79251981      0.769999981    
        3212  -3.81117177       3.89680290      0.769999981    
        3214  -4.00845909       2.99608302      0.769999981    
        3216  -3.93667936       3.78642535      0.779999971    
        3218  -3.73928452       4.54238462      0.779999971    
        3220  -3.99027228       3.84473753      0.779999971    
        3222  -4.11766624       3.17527366      0.779999971    
        3224  -4.23999739       2.73611546      0.779999971    
        3226  -4.31817627       2.41621423      0.779999971    
        3228  -4.08902168       3.34274220      0.779999971    
        3230  -3.90274453       4.19438934      0.779999971    
        3232  -4.09613991       3.77146459      0.790000021    
        3234  -4.17619610       2.78624725      0.779999971    
        3236  -4.16566706       2.59766459      0.779999971    
        3238  -3.98802638       2.92029953      0.779999971    
        3240  -4.03330994       2.93691444      0.779999971    
        3242  -3.97795057       3.81312966      0.790000021    
        3244  -3.93817806       4.04995966      0.790000021    
        3246  -4.11241484       3.62062883      0.790000021    
        3248  -4.27556324       2.56987381      0.790000021    
        3250  -4.43196058       2.01900506      0.790000021    
        3252  -4.24061871       2.57964826      0.790000021    
        3254  -4.37041998       2.62586355      0.800000012    
        3256  -4.42657661       2.48779464      0.800000012    
        3258  -4.26556587       2.95501614      0.800000012    
        3260  -4.21668434       3.00507617      0.800000012    
        3262  -4.07191610       3.91650414      0.800000012    
        3264  -4.19746733       3.42273974      0.800000012    
        3266  -4.40232277       2.62726927      0.800000012    
        3268  -4.24089050       3.31494784      0.790000021    
        3270  -4.29077005       2.79787588      0.790000021    
        3272  -4.21560812       2.53993535      0.779999971    
        3274  -4.05050802       3.53890228      0.779999971    
        3276  -3.91806769       3.77610731      0.779999971    
        3278  -3.87476659       3.84262896      0.779999971    
        3280  -4.19232130       2.45921564      0.779999971    
        3282  -4.13389540       3.26146984      0.779999971    
        3284  -3.89805079       4.31345081      0.779999971    
        3286  -4.22171640       2.64615226      0.779999971    
        3288  -4.06221819       3.18349814      0.769999981    
        3290  -4.20499325       2.43424678      0.769999981    
        3292  -4.06147432       3.56144404      0.779999971    
        3294  -4.12597322       2.91128922      0.769999981    
        3296  -4.19013977       2.36862016      0.769999981    
        3298  -3.88266158       3.40109181      0.759999990    
        3300  -4.12980890       2.77267194      0.769999981    
        3302  -3.91740274       3.75800323      0.769999981    
        3304  -3.84319735       4.34676361      0.779999971    
        3306  -3.87050271       3.86568022      0.779999971    
        3308  -3.80715847       4.26128531      0.779999971    
        3310  -4.12247229       3.08375835      0.779999971    
        3312  -3.93978572       3.93698978      0.779999971    
        3314  -3.85526347       4.49208403      0.779999971    
        3316  -3.97288203       3.48479295      0.769999981    
        3318  -3.80674100       5.24817657      0.790000021    
        3320  -3.90665507       4.67674351      0.779999971    
        3322  -3.86195564       4.48548937      0.779999971    
        3324  -4.01348162       3.52223587      0.779999971    
        3326  -3.91322970       3.87652922      0.779999971    
        3328  -4.12055779       3.46489358      0.790000021    
        3330  -3.98823810       4.51884174      0.800000012    
        3332  -4.20179129       3.62259746      0.800000012    
        3334  -4.23503828       3.37628651      0.800000012    
        3336  -4.07478094       4.09451818      0.800000012    
        3338  -4.26289701       3.38447237      0.800000012    
        3340  -4.06230450       4.12286329      0.800000012    
        3342  -4.16657162       3.87553000      0.800000012    
        3344  -4.05878687       4.25840712      0.800000012    
        3346  -4.13823366       4.28592157      0.810000002    
        3348  -4.12939072       3.80018592      0.800000012    
        3350  -4.40442944       2.34998345      0.800000012    
        3352  -4.03397274       3.96730494      0.800000012    
        3354  -3.91390824       4.57039976      0.800000012    
        3356  -4.06882524       4.14684391      0.810000002    
        3358  -4.17955494       3.54952884      0.810000002    
        3360  -3.83507705       4.77749538      0.810000002    
        3362  -3.76572466       5.15879917      0.810000002    
        3364  -3.81624317       5.66209793      0.810000002    
        3366  -4.08488941       3.72075653      0.800000012    
        3368  -4.11049414       3.55358624      0.800000012    
        3370  -4.06498814       3.48094249      0.800000012    
        3372  -4.14054871       3.17664146      0.800000012    
        3374  -4.06944370       3.28902221      0.800000012    
        3376  -4.02565718       3.75551176      0.800000012    
        3378  -3.95593572       3.77410078      0.790000021    
        3380  -3.62878203       4.80774736      0.790000021    
        3382  -3.60072064       4.70068407      0.779999971    
        3384  -3.74111724       4.25124931      0.779999971    
        3386  -3.98666477       3.30299568      0.779999971    
        3388  -3.96080256       3.65843558      0.779999971    
        3390  -4.11270475       2.75720477      0.779999971    
        3392  -4.12144566       2.89903283      0.790000021    
        3394  -4.04690075       3.07460284      0.790000021    
        3396  -4.04086161       3.14074731      0.790000021    
        3398  -3.77090883       4.53154278      0.790000021    
        3400  -3.81193781       4.53412580      0.790000021    
        3402  -3.86075377       4.07232761      0.779999971    
        3404  -4.05955601       3.13509107      0.779999971    
        3406  -3.97362733       3.77358150      0.779999971    
        3408  -3.90713501       3.92883801      0.779999971    
        3410  -3.80887318       4.57473087      0.790000021    
        3412  -3.92444563       3.64924908      0.779999971    
        3414  -3.83571768       3.98055768      0.779999971    
        3416  -3.84964705       4.47628832      0.779999971    
        3418  -3.79662514       4.94822168      0.790000021    
        3420  -3.84670830       4.67878675      0.790000021    
        3422  -3.87124872       4.20127296      0.790000021    
        3424  -4.11596584       3.04432058      0.790000021    
        3426  -4.10975456       2.91368389      0.790000021    
        3428  -3.85709071       4.21860266      0.790000021    
        3430  -4.14299726       3.02887321      0.790000021    
        3432  -3.94236064       4.11862087      0.790000021    
        3434  -4.05531454       3.51753044      0.779999971    
        3436  -4.08250332       3.07846355      0.779999971    
        3438  -4.05794621       3.07715678      0.779999971    
        3440  -3.65538692       4.96155596      0.779999971    
        3442  -3.73336434       4.38904858      0.779999971    
        3444  -3.95389771       3.56000829      0.779999971    
        3446  -4.08392668       3.27012825      0.779999971    
        3448  -4.09011507       3.32175469      0.779999971    
        3450  -4.02163363       3.73711777      0.779999971    
        3452  -3.68514705       4.97812939      0.779999971    
        3454  -3.75668788       4.87362671      0.779999971    
        3456  -3.64375162       5.04500341      0.779999971    
        3458  -3.89638138       3.83592629      0.779999971    
        3460  -3.74644732       4.80936575      0.779999971    
        3462  -3.84407711       4.61694336      0.779999971    
        3464  -3.69180822       5.28565073      0.779999971    
        3466  -4.00723124       3.94741797      0.779999971    
        3468  -4.21473408       3.23669720      0.779999971    
        3470  -4.12238503       3.37978649      0.779999971    
        3472  -4.17558718       2.95339465      0.779999971    
        3474  -3.95897365       3.91827703      0.779999971    
        3476  -3.99221849       3.69723701      0.779999971    
        3478  -4.06438923       3.49256134      0.790000021    
        3480  -4.20839977       2.69043517      0.790000021    
        3482  -4.19907904       3.18075061      0.790000021    
        3484  -4.16101933       3.36254644      0.790000021    
        3486  -4.16850948       3.04785705      0.790000021    
        3488  -4.20906353       2.99739218      0.790000021    
        3490  -4.10128736       3.33841252      0.790000021    
        3492  -4.07337284       3.51158834      0.790000021    
        3494  -4.24409056       2.71995807      0.790000021    
        3496  -4.20027924       3.15755963      0.790000021    
        3498  -4.06628942       3.82219028      0.790000021    
        3500  -3.82807803       4.38520575      0.790000021    
        3502  -3.94802547       3.82433248      0.790000021    
        3504  -3.97689891       3.82443619      0.790000021    
        3506  -4.16643143       2.98698997      0.790000021    
        3508  -4.00889492       3.73278189      0.790000021    
        3510  -4.13812876       3.32411623      0.790000021    
        3512  -3.99840927       4.13559723      0.790000021    
        3514  -3.96989536       4.62878847      0.800000012    
        3516  -3.89399123       4.41684723      0.790000021    
        3518  -3.87170601       3.96298409      0.779999971    
        3520  -3.67795157       5.05598068      0.779999971    
        3522  -4.03134060       3.40592933      0.779999971    
        3524  -4.15829563       2.81482315      0.779999971    
        3526  -4.00289583       3.60818028      0.779999971    
        3528  -4.09889698       3.12007761      0.779999971    
        3530  -4.21434689       2.80143690      0.779999971    
        3532  -4.14444971       2.97209811      0.779999971    
        3534  -4.01023531       3.19631529      0.779999971    
        3536  -4.10252714       2.87988400      0.779999971    
        3538  -4.10226393       2.83200908      0.779999971    
        3540  -4.03362226       3.62297440      0.779999971    
        3542  -4.16497564       2.38351822      0.769999981    
        3544  -4.07468176       2.93750620      0.769999981    
        3546  -4.21649933       1.95788372      0.769999981    
        3548  -3.84615946       3.13183594      0.759999990    
        3550  -3.82671595       3.60158134      0.759999990    
        3552  -3.90575075       3.36714768      0.759999990    
        3554  -3.89406729       3.18938398      0.759999990    
        3556  -3.72809815       4.16073227      0.759999990    
        3558  -3.80181742       3.60312152      0.759999990    
        3560  -3.88523412       3.14858174      0.769999981    
        3562  -3.71716619       3.75891972      0.769999981    
        3564  -4.03153181       3.17318988      0.779999971    
        3566  -4.10182428       2.89129090      0.779999971    
        3568  -3.95572567       3.27895021      0.779999971    
        3570  -3.97335696       2.94102120      0.779999971    
        3572  -3.82972431       3.85746670      0.779999971    
        3574  -4.11422253       2.66813827      0.779999971    
        3576  -3.74238563       4.32241058      0.779999971    
        3578  -4.04905462       3.09851527      0.779999971    
        3580  -4.01884890       3.47259498      0.790000021    
        3582  -3.96172476       3.63610220      0.790000021    
        3584  -4.08483458       2.68656659      0.790000021    
        3586  -4.08687830       2.87613344      0.790000021    
        3588  -4.05387783       2.97355604      0.779999971    
        3590  -4.22382402       2.52828217      0.790000021    
        3592  -4.09787607       3.35265040      0.800000012    
        3594  -4.23942423       2.89665198      0.800000012    
        3596  -4.22737074       2.81877089      0.800000012    
        3598  -4.00763845       3.87205839      0.800000012    
        3600  -3.99268961       4.73665142      0.810000002    
        3602  -3.95350933       4.81411409      0.810000002    
        3604  -4.09015560       4.59825182      0.810000002    
        3606  -4.17147684       4.08721590      0.810000002    
        3608  -4.12257385       4.30295563      0.810000002    
        3610  -4.32180500       3.48605847      0.810000002    
        3612  -4.19399118       3.74608088      0.810000002    
        3614  -4.02688837       4.29086542      0.810000002    
        3616  -4.14946651       3.67703724      0.810000002    
        3618  -4.24235773       3.35599256      0.810000002    
        3620  -3.95972323       5.09958029      0.810000002    
        3622  -3.99813008       4.39894676      0.800000012    
        3624  -4.21779299       3.46343946      0.800000012    
        3626  -4.31281805       2.98138356      0.800000012    
        3628  -4.09483671       3.85505772      0.800000012    
        3630  -4.08061838       3.96476316      0.800000012    
        3632  -4.13441229       3.79312515      0.800000012    
        3634  -3.89646530       4.89227200      0.800000012    
        3636  -3.92246938       4.92771816      0.800000012    
        3638  -4.02494860       4.53934526      0.800000012    
        3640  -4.05341291       4.21422768      0.800000012    
        3642  -3.90535641       4.99378157      0.800000012    
        3644  -3.92915463       4.66768360      0.800000012    
        3646  -3.99590468       4.11179781      0.800000012    
        3648  -3.80825019       4.64434910      0.790000021    
        3650  -4.01808453       3.65036154      0.790000021    
        3652  -4.17551470       3.18415928      0.790000021    
        3654  -4.28518248       2.44542432      0.790000021    
        3656  -4.32495070       2.05535984      0.790000021    
        3658  -4.19370222       2.20621324      0.779999971    
        3660  -4.16773844       2.46990991      0.779999971    
        3662  -3.83595443       4.08367872      0.779999971    
        3664  -3.97881341       2.82429051      0.769999981    
        3666  -3.85966492       3.10618210      0.769999981    
        3668  -3.93280292       2.39630389      0.759999990    
        3670  -3.66616559       3.74817801      0.759999990    
        3672  -3.82513738       3.08835125      0.759999990    
        3674  -3.95715785       2.52071285      0.759999990    
        3676  -3.70680046       3.78103900      0.759999990    
        3678  -4.01199961       3.01091003      0.769999981    
        3680  -3.71200323       4.27277517      0.769999981    
        3682  -3.67291594       4.69904423      0.779999971    
        3684  -3.93534279       3.67259812      0.779999971    
        3686  -4.16282415       2.43163991      0.769999981    
        3688  -3.87025094       3.49327350      0.769999981    
        3690  -3.79068828       3.95216227      0.769999981    
        3692  -3.94097233       2.96788549      0.759999990    
        3694  -3.78747773       3.75664759      0.759999990    
        3696  -3.89089584       3.02847934      0.759999990    
        3698  -4.01860094       2.96298122      0.759999990    
        3700  -3.86067724       3.51502204      0.759999990    
        3702  -3.95427442       3.19570637      0.769999981    
        3704  -3.92917609       3.53665686      0.779999971    
        3706  -4.15347290       2.55958748      0.779999971    
        3708  -4.09216595       2.66763735      0.779999971    
        3710  -3.72383356       4.42983484      0.779999971    
        3712  -3.80287266       4.01287651      0.779999971    
        3714  -3.88373756       4.07785416      0.790000021    
        3716  -4.05274010       3.46174526      0.790000021    
        3718  -3.95055413       4.33334637      0.790000021    
        3720  -3.98814440       4.10428953      0.790000021    
        3722  -4.01206255       4.08112526      0.790000021    
        3724  -4.17152023       3.55129695      0.790000021    
        3726  -4.11825275       3.59335613      0.790000021    
        3728  -4.17573118       3.02829576      0.790000021    
        3730  -4.25045538       2.66777110      0.790000021    
        3732  -4.36847496       2.48424411      0.790000021    
        3734  -4.26422596       2.90238976      0.790000021    
        3736  -4.11102438       3.68509412      0.790000021    
        3738  -4.10666180       3.45211601      0.790000021    
        3740  -4.07252884       3.84527683      0.790000021    
        3742  -4.11981201       3.40539432      0.790000021    
        3744  -4.36832905       3.04403615      0.800000012    
        3746  -4.16232395       3.36749482      0.790000021    
        3748  -4.13489151       3.20269680      0.779999971    
        3750  -4.15271378       3.09415364      0.779999971    
        3752  -4.07642126       3.37994361      0.779999971    
        3754  -3.84306526       4.21183395      0.769999981    
        3756  -4.12729740       3.15961146      0.759999990    
        3758  -3.92300177       3.94039631      0.769999981    
        3760  -4.09164476       3.27257061      0.769999981    
        3762  -4.07508039       3.05763578      0.769999981    
        3764  -4.08204508       2.89634776      0.769999981    
        3766  -4.20300293       3.28231144      0.779999971    
        3768  -4.25646877       2.65826583      0.779999971    
        3770  -4.09937668       3.28020334      0.779999971    
        3772  -4.33955812       2.53650904      0.779999971    
        3774  -3.83532524       4.23986864      0.779999971    
        3776  -3.73137546       4.91709852      0.779999971    
        3778  -3.98604679       3.42308450      0.779999971    
        3780  -4.22316360       2.74436140      0.779999971    
        3782  -3.99693108       3.97575855      0.779999971    
        3784  -4.06831932       3.70665169      0.779999971    
        3786  -4.11491776       3.53883290      0.779999971    
        3788  -3.82432389       4.81011200      0.779999971    
        3790  -4.18871927       2.79458570      0.779999971    
        3792  -4.35607529       2.25039101      0.779999971    
        3794  -4.10387897       3.14352059      0.779999971    
        3796  -4.22804117       2.58083987      0.779999971    
        3798  -4.03761768       3.66493273      0.779999971    
        3800  -4.10173750       3.53523278      0.779999971    
        3802  -4.06749582       3.40060353      0.779999971    
        3804  -4.07964945       3.19445634      0.779999971    
        3806  -4.07480288       3.45414829      0.779999971    
        3808  -4.20318460       2.72150397      0.769999981    
        3810  -4.27500010       2.23457026      0.769999981    
        3812  -3.85348129       3.92526889      0.769999981    
        3814  -4.21031475       2.74015141      0.769999981    
        3816  -4.25995493       2.44975877      0.769999981    
        3818  -4.32817745       2.44195342      0.769999981    
        3820  -4.24728918       2.94034433      0.769999981    
        3822  -3.77086616       5.03932810      0.769999981    
        3824  -3.97136116       4.41904163      0.769999981    
        3826  -4.25543880       3.23431706      0.769999981    
        3828  -4.01580429       4.18955517      0.769999981    
        3830  -4.29919004       3.25571966      0.769999981    
        3832  -4.22484732       3.49012566      0.769999981    
        3834  -4.22111082       3.29858494      0.769999981    
        3836  -4.07786036       3.71172071      0.759999990    
        3838  -3.99465871       4.25344896      0.769999981    
        3840  -4.09580374       3.93375254      0.769999981    
        3842  -4.16927767       3.35606337      0.769999981    
        3844  -4.10838175       3.42348456      0.769999981    
        3846  -4.22789431       2.63441563      0.759999990    
        3848  -3.85063291       4.80437613      0.769999981    
        3850  -3.86364985       3.82784224      0.759999990    
        3852  -4.01462984       3.05489898      0.759999990    
        3854  -3.95203567       3.34024215      0.759999990    
        3856  -3.68821836       4.55455160      0.769999981    
        3858  -3.99160457       3.62130666      0.769999981    
        3860  -3.97863245       3.41969752      0.769999981    
        3862  -4.10646391       2.79861856      0.769999981    
        3864  -3.77075338       4.43680477      0.769999981    
        3866  -3.97285771       4.13464212      0.769999981    
        3868  -4.05582714       3.80781150      0.769999981    
        3870  -3.99321318       4.39447451      0.769999981    
        3872  -3.66791391       5.42211342      0.769999981    
        3874  -4.05747366       4.14271832      0.779999971    
        3876  -4.16181707       3.84200764      0.779999971    
        3878  -4.02476311       4.52044058      0.779999971    
        3880  -3.97275448       4.60592604      0.779999971    
        3882  -4.26923943       2.77598405      0.769999981    
        3884  -4.15569210       3.14841533      0.769999981    
        3886  -3.85612202       3.79249096      0.759999990    
        3888  -4.02178001       3.59446573      0.769999981    
        3890  -4.16197777       3.15800810      0.769999981    
        3892  -4.21242571       3.29537416      0.769999981    
        3894  -4.13766718       4.01192236      0.779999971    
        3896  -4.02205420       4.32881165      0.779999971    
        3898  -4.32784510       2.67558908      0.779999971    
        3900  -4.40510607       2.44801283      0.779999971    
        3902  -4.39850903       2.78204703      0.790000021    
        3904  -4.45773745       2.72115135      0.790000021    
        3906  -4.32936954       3.23890758      0.790000021    
        3908  -4.38366270       3.31190276      0.790000021    
        3910  -4.48082018       2.81593966      0.790000021    
        3912  -4.27449989       3.84978580      0.790000021    
        3914  -4.16706657       4.57262754      0.790000021    
        3916  -4.06700516       4.81240988      0.790000021    
        3918  -4.08751822       4.36828804      0.779999971    
        3920  -4.14073086       3.76100421      0.779999971    
        3922  -4.27032471       3.04666185      0.779999971    
        3924  -4.05772209       4.33165741      0.779999971    
        3926  -3.99194694       4.47848654      0.779999971    
        3928  -3.92891932       4.50170088      0.779999971    
        3930  -4.10785532       3.84317970      0.779999971    
        3932  -3.92937040       4.56082582      0.779999971    
        3934  -3.81400156       4.68165016      0.779999971    
        3936  -3.90610385       3.97004795      0.779999971    
        3938  -3.85380483       3.89047670      0.779999971    
        3940  -3.94460487       4.01614332      0.790000021    
        3942  -4.19689608       2.55961108      0.790000021    
        3944  -3.95616102       3.54200244      0.790000021    
        3946  -4.22539568       2.59595323      0.790000021    
        3948  -4.10107374       3.20867562      0.790000021    
        3950  -4.29042721       2.26452279      0.790000021    
        3952  -4.14446068       2.61273670      0.779999971    
        3954  -3.97920728       3.34296989      0.779999971    
        3956  -4.13541269       2.47396398      0.769999981    
        3958  -3.89692020       3.04834032      0.769999981    
        3960  -3.70702958       3.71299601      0.759999990    
        3962  -3.66181707       3.78295994      0.759999990    
        3964  -3.83739853       3.49017811      0.769999981    
        3966  -3.91836953       3.09972048      0.759999990    
        3968  -3.90933895       3.08182740      0.759999990    
        3970  -3.90012598       3.04443932      0.759999990    
        3972  -4.07065821       2.31451750      0.759999990    
        3974  -4.15865755       2.25987720      0.759999990    
        3976  -3.88539815       3.52892089      0.759999990    
        3978  -3.74263096       4.36635256      0.759999990    
        3980  -3.75747776       4.14090204      0.759999990    
        3982  -3.98833656       2.90202737      0.759999990    
        3984  -3.86543489       3.84007025      0.769999981    
        3986  -3.66960263       5.27537298      0.790000021    
        3988  -3.55010676       5.61450005      0.779999971    
        3990  -3.92893410       3.98732209      0.779999971    
        3992  -3.73243856       4.63317966      0.779999971    
        3994  -3.78005648       4.13553524      0.779999971    
        3996  -3.88547111       3.54148579      0.769999981    
        3998  -3.86664605       3.80289221      0.769999981    
        4000  -4.04056835       2.80402374      0.769999981    
        4002  -3.91390920       3.07501149      0.759999990    
        4004  -4.06209183       2.95247579      0.759999990    
        4006  -4.04835701       2.83517408      0.759999990    
        4008  -3.90462232       2.97721791      0.750000000    
        4010  -3.87639832       3.43175006      0.750000000    
        4012  -4.04954863       2.11847210      0.740000010    
        4014  -3.95547175       2.29970694      0.740000010    
        4016  -3.85912418       3.01386380      0.740000010    
        4018  -3.96664572       2.30842066      0.740000010    
        4020  -3.77904606       3.08102345      0.740000010    
        4022  -4.03232765       2.24984193      0.750000000    
        4024  -4.08325720       1.77279902      0.750000000    
        4026  -3.88432717       2.52294207      0.750000000    
        4028  -3.61863685       3.53773618      0.750000000    
        4030  -3.68827271       2.99305296      0.740000010    
        4032  -3.59243441       3.61316013      0.740000010    
        4034  -3.64076233       3.50860071      0.740000010    
        4036  -3.61614633       3.48714900      0.740000010    
        4038  -3.94215584       1.66592515      0.730000019    
        4040  -3.74905205       2.46548033      0.730000019    
        4042  -4.01504087       1.03836834      0.730000019    
        4044  -3.85340929       1.75987244      0.720000029    
        4046  -3.82406044       1.75119913      0.720000029    
        4048  -3.98878241       1.10630929      0.720000029    
        4050  -3.82206225       1.78627491      0.720000029    
        4052  -3.80431795       2.20417285      0.720000029    
        4054  -3.93897510       2.08761930      0.740000010    
        4056  -3.87582970       2.37264800      0.740000010    
        4058  -3.96451473       1.94638586      0.740000010    
        4060  -3.84617209       2.75279498      0.750000000    
        4062  -3.57609081       3.79210186      0.740000010    
        4064  -3.77151346       3.22067213      0.740000010    
        4066  -3.89540195       2.97608757      0.740000010    
        4068  -3.57932639       3.86956191      0.730000019    
        4070  -3.81150794       3.06401372      0.740000010    
        4072  -4.04950619       2.63021088      0.750000000    
        4074  -4.07509470       2.47624969      0.750000000    
        4076  -3.92116523       3.01006484      0.750000000    
        4078  -3.75222969       3.29951239      0.730000019    
        4080  -4.05703688       1.26727259      0.720000029    
        4082  -4.10257339       1.25339365      0.720000029    
        4084  -4.05619192       1.55890965      0.730000019    
        4086  -3.82670450       2.66083050      0.730000019    
        4088  -3.89308214       2.60981560      0.730000019    
        4090  -4.24052477       1.06619704      0.730000019    
        4092  -4.21433496      0.992196023      0.730000019    
        4094  -4.09264946       1.43463397      0.730000019    
        4096  -3.84377313       2.39416552      0.730000019    
        4098  -4.03058958       1.68806267      0.730000019    
        4100  -4.07873964       1.52228904      0.730000019    
        4102  -3.85799026       2.45634508      0.730000019    
        4104  -3.91470647       2.25076222      0.730000019    
        4106  -3.95582533       1.95993352      0.730000019    
        4108  -4.10525322       1.67783713      0.730000019    
        4110  -3.81019878       3.02360272      0.730000019    
        4112  -4.09716511       1.61755133      0.720000029    
        4114  -3.89734840       2.79481387      0.730000019    
        4116  -4.06461954       2.19037032      0.730000019    
        4118  -3.88812327       2.78451562      0.730000019    
        4120  -3.77605057       3.50280809      0.740000010    
        4122  -3.80652809       3.49337888      0.740000010    
        4124  -3.92813945       3.00316882      0.740000010    
        4126  -3.89552402       2.90596294      0.740000010    
        4128  -3.92219925       3.12903380      0.740000010    
        4130  -3.94339848       3.13507843      0.740000010    
        4132  -3.93752265       3.66657424      0.750000000    
        4134  -3.83677602       3.52684069      0.740000010    
        4136  -3.66297531       4.09542894      0.740000010    
        4138  -3.79428554       3.42412615      0.740000010    
        4140  -3.93964791       2.73219419      0.740000010    
        4142  -3.92513514       2.95387959      0.740000010    
        4144  -3.89810061       2.75579572      0.740000010    
        4146  -3.75519514       3.42506981      0.740000010    
        4148  -3.78946376       3.07137084      0.730000019    
        4150  -3.74321079       3.13952780      0.720000029    
        4152  -3.58656621       3.35135126      0.709999979    
        4154  -3.69414878       3.18580627      0.709999979    
        4156  -3.66339278       3.15870953      0.709999979    
        4158  -3.75832796       2.45657158      0.689999998    
        4160  -3.49382305       3.44918871      0.689999998    
        4162  -3.61735916       3.74427128      0.709999979    
        4164  -3.81856251       2.90045404      0.709999979    
        4166  -3.72515559       2.88872504      0.709999979    
        4168  -3.69860077       2.85094905      0.709999979    
        4170  -3.92472601       1.90661490      0.709999979    
        4172  -3.75021219       2.29660010      0.709999979    
        4174  -3.82244205       2.27154708      0.709999979    
        4176  -3.93373632       1.72091639      0.709999979    
        4178  -3.74029279       2.48154163      0.709999979    
        4180  -4.03208494       1.55669069      0.720000029    
        4182  -3.78898144       2.85453558      0.730000019    
        4184  -3.82994413       2.92398930      0.730000019    
        4186  -3.68126822       3.51492143      0.730000019    
        4188  -3.60735798       3.95946336      0.730000019    
        4190  -3.65365958       3.57513523      0.730000019    
        4192  -3.85621619       2.54103875      0.730000019    
        4194  -3.85092092       2.53604174      0.730000019    
        4196  -3.73936176       2.76438498      0.720000029    
        4198  -3.66304326       3.13621569      0.720000029    
        4200  -3.77850890       2.80857086      0.720000029    
        4202  -3.89617467       2.37683916      0.720000029    
        4204  -3.62906075       3.40035152      0.720000029    
        4206  -3.79408789       3.09387970      0.720000029    
        4208  -3.85982275       3.06567001      0.730000019    
        4210  -3.81506801       3.34112978      0.740000010    
        4212  -3.96917200       2.65827727      0.740000010    
        4214  -4.03012466       2.61626244      0.750000000    
        4216  -3.82116842       3.09624434      0.750000000    
        4218  -3.99411464       2.64751577      0.740000010    
        4220  -3.80738616       3.35229993      0.730000019    
        4222  -3.84693909       2.93026567      0.730000019    
        4224  -3.77101731       3.52914214      0.730000019    
        4226  -3.70361257       3.80865145      0.730000019    
        4228  -3.93362880       3.09180212      0.730000019    
        4230  -4.04070616       2.13013172      0.720000029    
        4232  -3.84229732       2.61538768      0.720000029    
        4234  -4.12129593       1.24145579      0.709999979    
        4236  -3.88948274       2.70372844      0.720000029    
        4238  -3.92217350       2.64370847      0.720000029    
        4240  -3.98381901       2.46437049      0.720000029    
        4242  -3.75358129       3.56819201      0.720000029    
        4244  -3.67335486       3.81661296      0.720000029    
        4246  -3.71553206       3.28741574      0.720000029    
        4248  -3.78714967       2.59855103      0.720000029    
        4250  -4.06235027       1.59751427      0.720000029    
        4252  -4.10315800       1.51906443      0.720000029    
        4254  -3.94058657       2.06872034      0.720000029    
        4256  -3.93196297       2.52316833      0.720000029    
        4258  -3.97104645       1.98658276      0.709999979    
        4260  -3.85574460       2.48403597      0.720000029    
        4262  -3.45852518       4.52085543      0.720000029    
        4264  -3.47141027       4.36120462      0.720000029    
        4266  -3.58010817       4.11277819      0.709999979    
        4268  -3.64260268       3.39051700      0.709999979    
        4270  -3.77791190       2.64584470      0.709999979    
        4272  -3.73379016       2.79768229      0.709999979    
        4274  -3.86454201       2.18753505      0.709999979    
        4276  -3.89962769       1.97160220      0.709999979    
        4278  -3.99040031       1.75653827      0.709999979    
        4280  -3.77676439       2.92511511      0.709999979    
        4282  -3.69645429       3.09488630      0.709999979    
        4284  -3.66913486       3.25216532      0.709999979    
        4286  -4.00601387       1.98079252      0.709999979    
        4288  -3.73490834       3.03144503      0.709999979    
        4290  -3.81297755       2.83579946      0.709999979    
        4292  -3.58929825       3.30327511      0.709999979    
        4294  -3.81208587       2.71825457      0.709999979    
        4296  -3.64848757       3.30369759      0.709999979    
        4298  -3.73138547       2.89328837      0.709999979    
        4300  -3.53960013       3.51527548      0.709999979    
        4302  -3.51943278       3.92097664      0.709999979    
        4304  -3.74983764       3.49705505      0.709999979    
        4306  -3.88064384       2.47867942      0.709999979    
        4308  -3.74308968       2.86824989      0.709999979    
        4310  -3.83653927       2.11507583      0.709999979    
        4312  -3.80774856       2.25502992      0.709999979    
        4314  -3.57580614       3.12641048      0.699999988    
        4316  -3.84000301       2.20061564      0.699999988    
        4318  -3.93348002       1.29884851      0.689999998    
        4320  -3.62385082       2.84184361      0.699999988    
        4322  -3.73289990       2.30280614      0.689999998    
        4324  -3.80094194       2.73023653      0.699999988    
        4326  -3.86521387       2.18996644      0.699999988    
        4328  -3.73782396       2.87949181      0.709999979    
        4330  -3.76351857       2.96651244      0.709999979    
        4332  -3.92584705       2.33826494      0.709999979    
        4334  -3.89004326       2.72440290      0.720000029    
        4336  -3.83478975       3.10377049      0.730000019    
        4338  -3.67190599       4.23600578      0.750000000    
        4340  -3.92034745       3.05167007      0.750000000    
        4342  -3.84567094       4.02668095      0.759999990    
        4344  -3.66655731       4.75945330      0.759999990    
        4346  -3.53268576       4.96147442      0.759999990    
        4348  -3.60048604       4.96396399      0.769999981    
        4350  -3.87889838       4.10921574      0.769999981    
        4352  -3.81059909       4.37364483      0.769999981    
        4354  -3.78565955       4.59891224      0.769999981    
        4356  -3.98999476       3.84048390      0.769999981    
        4358  -4.00137663       3.73668575      0.769999981    
        4360  -4.04973412       3.41391611      0.759999990    
        4362  -3.97868848       3.61108875      0.759999990    
        4364  -3.72315335       4.92355633      0.759999990    
        4366  -4.08144760       3.19719720      0.759999990    
        4368  -4.00692987       3.56664252      0.759999990    
        4370  -4.05171347       3.01394033      0.759999990    
        4372  -3.73515701       4.22743654      0.759999990    
        4374  -3.84175920       3.91083193      0.750000000    
        4376  -3.86344028       3.42203450      0.740000010    
        4378  -4.15901613       2.38476825      0.740000010    
        4380  -4.09040833       2.58342195      0.740000010    
        4382  -3.99086452       3.14032769      0.740000010    
        4384  -3.77854180       3.79424810      0.730000019    
        4386  -3.64807487       3.84246588      0.730000019    
        4388  -3.66622519       3.99800181      0.730000019    
        4390  -3.73069715       3.95347762      0.730000019    
        4392  -3.68469667       3.82855129      0.730000019    
        4394  -3.96189666       2.74013352      0.740000010    
        4396  -4.14631748       1.84269345      0.740000010    
        4398  -3.80783677       3.37252355      0.750000000    
        4400  -3.85657096       3.48189139      0.759999990    
        4402  -4.11924124       2.35336447      0.759999990    
        4404  -4.11136389       1.92784512      0.759999990    
        4406  -4.25324392       1.97150528      0.759999990    
        4408  -4.14774370       2.87040138      0.769999981    
        4410  -4.21809053       2.60972428      0.769999981    
        4412  -4.10198879       3.29609656      0.769999981    
        4414  -4.08236599       3.44340730      0.769999981    
        4416  -4.29545927       2.13255954      0.769999981    
        4418  -4.29094887       2.40286183      0.769999981    
        4420  -4.17188597       3.27209020      0.769999981    
        4422  -4.11996412       3.05749011      0.769999981    
        4424  -4.02832603       3.59514666      0.779999971    
        4426  -3.98067760       3.61784148      0.779999971    
        4428  -3.90528560       4.04648066      0.779999971    
        4430  -3.85615134       4.53825474      0.779999971    
        4432  -4.20445585       3.54609299      0.790000021    
        4434  -4.10906553       3.96416736      0.790000021    
        4436  -4.36487532       2.82879853      0.790000021    
        4438  -3.98853493       4.52344513      0.790000021    
        4440  -3.86242962       4.40628147      0.779999971    
        4442  -3.77463698       5.21698046      0.779999971    
        4444  -3.84252644       4.97576618      0.779999971    
        4446  -3.76265931       5.16847229      0.779999971    
        4448  -3.89247894       4.68291378      0.779999971    
        4450  -3.73064137       5.49353170      0.779999971    
        4452  -3.85112381       4.92705154      0.779999971    
        4454  -4.04161310       3.88476133      0.779999971    
        4456  -4.25663328       2.52393317      0.769999981    
        4458  -4.01494074       3.60061812      0.779999971    
        4460  -4.03972816       3.43908167      0.779999971    
        4462  -4.03863335       3.91519117      0.779999971    
        4464  -4.12683201       3.21447468      0.779999971    
        4466  -4.00983953       4.38297272      0.790000021    
        4468  -4.19746733       3.21605802      0.779999971    
        4470  -4.26166964       2.90059352      0.779999971    
        4472  -4.35053587       2.50076890      0.779999971    
        4474  -4.21338940       3.07610893      0.779999971    
        4476  -4.41158962       2.45024204      0.779999971    
        4478  -4.30719185       2.86954808      0.790000021    
        4480  -4.16411018       3.40158796      0.790000021    
        4482  -4.11790514       3.90203285      0.790000021    
        4484  -4.16088390       3.67103076      0.790000021    
        4486  -4.33576488       2.96352959      0.790000021    
        4488  -4.07412434       4.11349392      0.800000012    
        4490  -4.16996241       3.70867109      0.800000012    
        4492  -3.93493032       4.60548544      0.800000012    
        4494  -4.10902786       3.98267388      0.800000012    
        4496  -4.22089767       3.36487079      0.800000012    
        4498  -4.32526064       2.87127090      0.800000012    
        4500  -4.25373697       3.31167698      0.800000012    
        4502  -4.28559065       2.81503296      0.790000021    
        4504  -4.11315107       3.37172961      0.790000021    
        4506  -4.36309242       2.51516509      0.790000021    
        4508  -4.34647751       2.44246864      0.790000021    
        4510  -4.12527418       3.09460306      0.779999971    
        4512  -4.02948999       3.60595059      0.779999971    
        4514  -4.26951838       2.51747394      0.779999971    
        4516  -4.11532640       2.86875176      0.779999971    
        4518  -4.09334993       2.60325599      0.769999981    
        4520  -3.95723915       3.75824738      0.769999981    
        4522  -3.84243178       4.13427877      0.779999971    
        4524  -3.93193054       3.46775770      0.769999981    
        4526  -3.95601249       3.00932288      0.759999990    
        4528  -3.90889549       3.55642343      0.759999990    
        4530  -3.94597220       3.41600585      0.769999981    
        4532  -4.00937366       3.24854994      0.769999981    
        4534  -3.94588423       3.72620273      0.769999981    
        4536  -4.03954220       2.93643093      0.769999981    
        4538  -3.94709921       3.37189126      0.769999981    
        4540  -3.52200866       5.44819736      0.769999981    
        4542  -3.77867246       4.35173702      0.769999981    
        4544  -3.93096495       4.15667152      0.779999971    
        4546  -4.07543993       3.88537073      0.779999971    
        4548  -3.76523232       5.04218674      0.779999971    
        4550  -3.87294674       4.47156286      0.779999971    
        4552  -3.70546341       5.45480251      0.769999981    
        4554  -3.91739106       4.51792574      0.769999981    
        4556  -4.03592348       3.90667033      0.769999981    
        4558  -4.01877785       3.70483685      0.769999981    
        4560  -4.02471018       3.92507601      0.769999981    
        4562  -3.93308306       4.31672478      0.769999981    
        4564  -3.94987559       4.14514589      0.779999971    
        4566  -3.91548586       4.34533644      0.779999971    
        4568  -3.78295946       4.79596853      0.779999971    
        4570  -4.03866291       3.67604327      0.779999971    
        4572  -4.18470573       3.54480147      0.779999971    
        4574  -4.01139116       3.82193494      0.790000021    
        4576  -4.01344061       3.26758933      0.779999971    
        4578  -4.14335632       2.85903788      0.779999971    
        4580  -4.03044319       3.01308465      0.779999971    
        4582  -3.95407867       3.09123707      0.779999971    
        4584  -4.28991413       2.06955123      0.779999971    
        4586  -4.26201391       2.20006943      0.779999971    
        4588  -4.43141270       2.16155863      0.790000021    
        4590  -4.38879967       2.49621677      0.790000021    
        4592  -4.15675354       3.37028360      0.790000021    
        4594  -3.86603332       5.25098753      0.800000012    
        4596  -3.92053080       4.68244171      0.800000012    
        4598  -3.93441510       4.42686987      0.790000021    
        4600  -3.94368744       4.31762743      0.790000021    
        4602  -4.01640224       3.79565597      0.790000021    
        4604  -4.04795265       3.56987071      0.790000021    
        4606  -4.01547432       3.98968673      0.790000021    
        4608  -3.99957919       3.94733787      0.790000021    
        4610  -3.72868919       5.25856161      0.790000021    
        4612  -3.95292044       4.56150293      0.790000021    
        4614  -3.91620183       4.85088015      0.800000012    
        4616  -4.04107666       4.15983534      0.800000012    
        4618  -3.84225869       5.43175173      0.810000002    
        4620  -3.84638381       5.46807575      0.810000002    
        4622  -4.05635118       4.89299822      0.810000002    
        4624  -4.16651440       4.54853773      0.810000002    
        4626  -4.19404602       4.38219929      0.810000002    
        4628  -4.19072485       4.37662363      0.810000002    
        4630  -4.09265232       5.40465260      0.810000002    
        4632  -3.81780338       5.94222498      0.800000012    
        4634  -4.33300972       3.80442572      0.800000012    
        4636  -4.09204483       4.58978701      0.800000012    
        4638  -4.03609324       4.87739563      0.800000012    
        4640  -4.00096846       5.16609240      0.790000021    
        4642  -4.18602610       4.46592093      0.790000021    
        4644  -4.22813082       4.62711334      0.790000021    
        4646  -4.33296585       3.99138737      0.790000021    
        4648  -4.34267235       3.77988529      0.790000021    
        4650  -4.23148155       4.50747776      0.800000012    
        4652  -3.94500065       5.79486132      0.800000012    
        4654  -4.15161467       4.42165995      0.800000012    
        4656  -4.25217581       3.82680750      0.800000012    
        4658  -4.14976168       4.48231936      0.800000012    
        4660  -4.36365986       3.53204584      0.800000012    
        4662  -4.31079102       3.50231576      0.800000012    
        4664  -4.47278309       2.96856546      0.800000012    
        4666  -4.25783443       3.80286574      0.800000012    
        4668  -4.13755751       4.46456528      0.800000012    
        4670  -4.27239132       4.08087826      0.800000012    
        4672  -4.21368933       3.91149926      0.800000012    
        4674  -4.07360935       4.40604353      0.800000012    
        4676  -4.00239277       4.32861328      0.800000012    
        4678  -4.02093315       4.23929024      0.800000012    
        4680  -4.18305969       3.59170079      0.800000012    
        4682  -4.23592520       3.36418915      0.800000012    
        4684  -4.31145954       3.46964645      0.800000012    
        4686  -4.41279936       2.72645879      0.800000012    
        4688  -4.52135134       2.56157351      0.800000012    
        4690  -4.61107445       2.17919350      0.800000012    
        4692  -4.31752634       3.59427571      0.790000021    
        4694  -3.89302397       4.16929388      0.769999981    
        4696  -3.85252166       4.12838650      0.769999981    
        4698  -4.15824032       2.40325356      0.759999990    
        4700  -4.25069380       2.63437414      0.769999981    
        4702  -4.30272532       2.56699133      0.769999981    
        4704  -4.21582794       2.67898941      0.759999990    
        4706  -4.30511951       2.37143660      0.759999990    
        4708  -4.13029146       3.06955075      0.759999990    
        4710  -4.24042559       2.39209008      0.769999981    
        4712  -4.15813875       2.47456574      0.769999981    
        4714  -4.16139078       2.28987050      0.759999990    
        4716  -4.08793259       2.84025931      0.759999990    
        4718  -4.15564775       2.52485991      0.759999990    
        4720  -4.12582541       2.68711948      0.750000000    
        4722  -4.10621881       2.79577923      0.759999990    
        4724  -4.25554419       2.89212680      0.790000021    
        4726  -4.25763178       2.80484033      0.790000021    
        4728  -4.24367142       2.36968899      0.790000021    
        4730  -4.03167343       3.43179154      0.790000021    
        4732  -4.08964348       3.21168590      0.790000021    
        4734  -4.11365128       3.28199887      0.790000021    
        4736  -4.10883713       3.18604231      0.790000021    
        4738  -4.39014149       1.69493222      0.779999971    
        4740  -4.27336121       2.27801156      0.779999971    
        4742  -3.99978399       3.43668389      0.779999971    
        4744  -4.07493544       3.24176979      0.779999971    
        4746  -4.29210615       2.17653918      0.779999971    
        4748  -4.15895510       2.54626131      0.779999971    
        4750  -4.24759150       2.21858168      0.779999971    
        4752  -4.14549732       2.75976062      0.779999971    
        4754  -4.04399872       3.23833776      0.779999971    
        4756  -4.21947145       2.56814408      0.779999971    
        4758  -4.15879059       3.24213386      0.790000021    
        4760  -4.13181877       2.94624305      0.779999971    
        4762  -4.24294901       2.47803950      0.779999971    
        4764  -3.88364959       3.52116418      0.779999971    
        4766  -4.14418507       3.27132225      0.790000021    
        4768  -4.13186216       3.42598724      0.790000021    
        4770  -4.00425243       3.84396553      0.790000021    
        4772  -4.10747910       3.21259975      0.790000021    
        4774  -3.93359399       3.88057065      0.790000021    
        4776  -4.04789114       3.81203675      0.790000021    
        4778  -3.88677669       4.27339840      0.790000021    
        4780  -4.05215931       3.48175955      0.790000021    
        4782  -3.91394377       3.70402074      0.790000021    
        4784  -3.98860955       3.35030532      0.790000021    
        4786  -4.02655125       3.26349044      0.800000012    
        4788  -4.09612417       3.45464301      0.800000012    
        4790  -4.00886869       4.14625120      0.800000012    
        4792  -4.29202890       2.69055247      0.800000012    
        4794  -3.92493343       4.24382639      0.800000012    
        4796  -4.10301304       3.28460789      0.800000012    
        4798  -4.08299398       3.35999990      0.790000021    
        4800  -4.14879036       3.78300214      0.800000012    
        4802  -3.98011827       4.00129604      0.790000021    
        4804  -3.92343092       4.33291483      0.790000021    
        4806  -3.77457690       5.21392012      0.790000021    
        4808  -3.85413909       4.80220127      0.790000021    
        4810  -4.01875019       4.48226309      0.800000012    
        4812  -4.22267962       3.26832795      0.800000012    
        4814  -4.03789139       4.03541660      0.800000012    
        4816  -4.09448671       3.62997079      0.800000012    
        4818  -4.09942007       3.58283472      0.800000012    
        4820  -3.98795676       4.28475285      0.800000012    
        4822  -4.03542709       4.08690405      0.800000012    
        4824  -3.98938131       3.80315328      0.800000012    
        4826  -4.13369989       3.42514873      0.800000012    
        4828  -3.97804403       4.53506184      0.790000021    
        4830  -4.15501499       3.65721059      0.800000012    
        4832  -4.05182362       3.67143798      0.800000012    
        4834  -4.05434608       4.07039261      0.810000002    
        4836  -3.96610522       4.53550482      0.810000002    
        4838  -4.20297813       3.70679593      0.810000002    
        4840  -4.13363504       4.35368299      0.810000002    
        4842  -4.24080801       3.70125771      0.810000002    
        4844  -4.26759911       3.24846482      0.810000002    
        4846  -4.17455053       3.72637868      0.810000002    
        4848  -4.12587738       3.88434672      0.810000002    
        4850  -4.17001534       3.55871868      0.810000002    
        4852  -4.25381136       3.39309835      0.810000002    
        4854  -4.02714062       4.44613981      0.810000002    
        4856  -3.91797590       4.71291018      0.810000002    
        4858  -3.85438156       5.14314365      0.810000002    
        4860  -4.03285027       4.14738607      0.810000002    
        4862  -3.91782689       4.93447924      0.810000002    
        4864  -3.79050398       5.26988029      0.810000002    
        4866  -3.96284723       4.47972298      0.810000002    
        4868  -3.73492408       5.47313213      0.810000002    
        4870  -3.84795237       4.68460846      0.800000012    
        4872  -3.91555500       4.47459078      0.790000021    
        4874  -3.83662605       4.53987026      0.790000021    
        4876  -3.96897793       3.44351768      0.779999971    
        4878  -4.02278805       3.37885976      0.779999971    
        4880  -3.95268917       4.30858326      0.779999971    
        4882  -3.96770740       4.30815125      0.779999971    
        4884  -3.82080173       4.96469736      0.779999971    
        4886  -3.70505452       4.32421970      0.759999990    
        4888  -3.67937946       3.83878303      0.750000000    
        4890  -3.65906072       4.13794088      0.759999990    
        4892  -3.62224102       4.20959616      0.759999990    
        4894  -3.95269108       2.69935679      0.759999990    
        4896  -3.92972231       3.04445171      0.769999981    
        4898  -3.77278209       3.56318378      0.769999981    
        4900  -3.80882454       3.34487176      0.769999981    
        4902  -4.00560951       2.71856117      0.769999981    
        4904  -3.67320013       4.03684235      0.769999981    
        4906  -3.78773975       4.06347418      0.769999981    
        4908  -3.76495004       4.29110384      0.769999981    
        4910  -3.88277864       3.89107752      0.769999981    
        4912  -3.60982060       4.73609018      0.769999981    
        4914  -3.73957610       4.48244095      0.779999971    
        4916  -3.79967713       4.22538900      0.779999971    
        4918  -3.65979910       4.84519196      0.779999971    
        4920  -3.81355309       4.36336040      0.779999971    
        4922  -3.86856437       3.24476314      0.759999990    
        4924  -4.03793049       2.27917981      0.759999990    
        4926  -3.85666275       3.16834378      0.759999990    
        4928  -3.83612919       3.62170172      0.759999990    
        4930  -3.73027873       3.59176469      0.750000000    
        4932  -3.72176313       3.62197590      0.750000000    
        4934  -3.67025638       3.88453484      0.750000000    
        4936  -3.77652121       3.38931465      0.750000000    
        4938  -3.74977994       3.57468891      0.750000000    
        4940  -3.90162420       3.27946925      0.759999990    
        4942  -4.00210047       2.64241314      0.750000000    
        4944  -3.95254779       2.88429499      0.750000000    
        4946  -4.04633904       2.69646549      0.759999990    
        4948  -4.10276461       1.83759320      0.750000000    
        4950  -3.96821237       2.29090238      0.750000000    
        4952  -3.91736984       2.57877779      0.750000000    
        4954  -4.01449919       2.09980321      0.750000000    
        4956  -3.94935775       2.47339129      0.750000000    
        4958  -4.11999273       2.25129199      0.759999990    
        4960  -4.24982214       1.52072537      0.759999990    
        4962  -4.05341196       2.78955722      0.759999990    
        4964  -4.14859867       2.55218959      0.759999990    
        4966  -4.07812548       2.34948778      0.759999990    
        4968  -4.04820538       2.73968339      0.759999990    
        4970  -4.17699003       2.09522915      0.759999990    
        4972  -4.04301119       2.86161089      0.759999990    
        4974  -3.99487185       3.16401052      0.759999990    
        4976  -4.07110071       2.40871286      0.759999990    
        4978  -4.01896429       2.53728771      0.759999990    
        4980  -4.15794325       2.35815024      0.759999990    
        4982  -3.76184344       3.37999773      0.750000000    
        4984  -3.63893127       3.49091196      0.730000019    
        4986  -3.61848664       3.72603226      0.730000019    
        4988  -3.84556508       2.88937116      0.740000010    
        4990  -3.88408828       2.84767032      0.740000010    
        4992  -3.62271500       4.40395641      0.750000000    
        4994  -3.81304812       3.39714360      0.750000000    
        4996  -4.00695372       2.48418689      0.750000000    
        4998  -3.99362922       2.50770283      0.750000000    
        5000  -3.88832760       3.01596069      0.750000000    
        5002  -3.89622641       2.75368595      0.740000010    
        5004  -4.08095789       2.02511621      0.740000010    
        5006  -3.82386971       2.80760813      0.740000010    
        5008  -3.97315526       1.91675425      0.730000019    
        5010  -3.70790839       3.28631854      0.740000010    
        5012  -4.05044603       1.98208547      0.740000010    
        5014  -3.97968864       2.36226511      0.740000010    
        5016  -4.12971306       1.79490256      0.740000010    
        5018  -4.09346056       1.90153921      0.740000010    
        5020  -3.54622650       4.84096861      0.750000000    
        5022  -4.08162165       2.71761799      0.740000010    
        5024  -4.01987410       2.74479508      0.740000010    
        5026  -3.90278053       3.21997809      0.740000010    
        5028  -4.07776976       2.73009515      0.740000010    
        5030  -3.92185116       3.41818833      0.740000010    
        5032  -3.90253043       3.45451045      0.750000000    
        5034  -4.06671953       3.00939012      0.759999990    
        5036  -3.88710093       3.65091801      0.759999990    
        5038  -3.87706780       3.92303681      0.769999981    
        5040  -4.14633703       2.43224359      0.769999981    
        5042  -4.13724804       2.47705698      0.759999990    
        5044  -4.17727327       2.33971691      0.759999990    
        5046  -4.00630236       3.16722369      0.759999990    
        5048  -3.98486233       3.70959735      0.769999981    
        5050  -4.17406940       3.50695848      0.769999981    
        5052  -4.24147558       3.41762161      0.779999971    
        5054  -4.22529173       3.38115239      0.779999971    
        5056  -4.08086205       3.80164814      0.779999971    
        5058  -4.38819456       2.45271802      0.790000021    
        5060  -4.19270086       3.69954085      0.790000021    
        5062  -4.18381262       3.69479895      0.790000021    
        5064  -4.17294931       3.92559600      0.790000021    
        5066  -4.14978600       4.07589483      0.790000021    
        5068  -4.14418793       3.96968484      0.790000021    
        5070  -3.89199114       5.04140329      0.790000021    
        5072  -4.16023159       3.62417722      0.790000021    
        5074  -4.24415636       2.89534593      0.790000021    
        5076  -4.18733835       3.13829899      0.790000021    
        5078  -4.04751158       3.65550876      0.790000021    
        5080  -3.94543433       4.02154970      0.790000021    
        5082  -4.17499971       2.87004328      0.779999971    
        5084  -4.44200420       1.56345451      0.779999971    
        5086  -4.20436239       3.00359225      0.779999971    
        5088  -3.98009038       3.85780931      0.779999971    
        5090  -4.31153774       2.42107749      0.779999971    
        5092  -4.01214886       3.52561569      0.779999971    
        5094  -4.30777073       2.15750170      0.779999971    
        5096  -4.21789885       2.38373852      0.779999971    
        5098  -4.22656012       2.65506411      0.769999981    
        5100  -3.96760583       3.48805189      0.769999981    
        5102  -4.04987097       3.46835041      0.769999981    
        5104  -3.63853931       4.83088017      0.769999981    
        5106  -3.82267690       3.75495195      0.759999990    
        5108  -4.04849577       2.94204688      0.759999990    
        5110  -3.96945143       3.22530651      0.759999990    
        5112  -3.72902822       3.91699457      0.759999990    
        5114  -3.74358773       3.48073030      0.759999990    
        5116  -4.03166676       2.65768766      0.759999990    
        5118  -3.96248341       2.86875939      0.759999990    
        5120  -3.92464471       3.24740911      0.759999990    
        5122  -4.11051941       2.57877755      0.759999990    
        5124  -3.99280357       2.88741136      0.759999990    
        5126  -4.01404285       2.79452825      0.759999990    
        5128  -3.99763536       2.47303748      0.759999990    
        5130  -3.95406580       3.02076769      0.759999990    
        5132  -4.09465837       2.37281346      0.759999990    
        5134  -4.20106506       1.88567841      0.759999990    
        5136  -3.95022178       2.98551512      0.759999990    
        5138  -4.06724262       2.53422499      0.769999981    
        5140  -4.14463377       1.88282335      0.769999981    
        5142  -4.00950813       2.90271020      0.769999981    
        5144  -4.03232527       2.97137785      0.769999981    
        5146  -4.05117083       2.85195446      0.779999971    
        5148  -3.92717505       3.26928544      0.769999981    
        5150  -3.89010119       3.66625333      0.769999981    
        5152  -4.03171349       3.02361989      0.769999981    
        5154  -3.92474222       3.60015798      0.759999990    
        5156  -4.06527138       3.04278040      0.759999990    
        5158  -3.71758509       3.81749725      0.750000000    
        5160  -3.87179780       3.48327494      0.750000000    
        5162  -3.94796205       2.86700296      0.750000000    
        5164  -3.98001480       2.68465495      0.750000000    
        5166  -3.97458434       2.47762752      0.750000000    
        5168  -3.97877073       2.76466775      0.750000000    
        5170  -3.91820884       2.90217900      0.759999990    
        5172  -3.89635682       3.47285938      0.769999981    
        5174  -4.15359926       2.49302530      0.769999981    
        5176  -3.96309471       3.23682237      0.759999990    
        5178  -3.68296695       4.23566151      0.759999990    
        5180  -3.92298150       3.29022408      0.759999990    
        5182  -4.00563192       3.05005097      0.750000000    
        5184  -3.82688785       3.62021232      0.750000000    
        5186  -3.75584316       4.33139086      0.759999990    
        5188  -3.83218884       3.75502729      0.750000000    
        5190  -3.76727605       3.44372225      0.750000000    
        5192  -4.07182121       2.28794885      0.750000000    
        5194  -3.77429438       3.53391194      0.750000000    
        5196  -4.02884722       2.87866735      0.759999990    
        5198  -3.78324771       4.11835051      0.759999990    
        5200  -3.76985168       4.50745392      0.759999990    
        5202  -4.09443283       3.04764652      0.759999990    
        5204  -3.97181249       3.66653705      0.759999990    
        5206  -4.13620472       2.98552513      0.759999990    
        5208  -3.95355535       3.57368779      0.759999990    
        5210  -4.26135540       2.04775620      0.759999990    
        5212  -4.07289982       2.92413092      0.759999990    
        5214  -3.87232804       3.83361292      0.750000000    
        5216  -4.05281115       3.00736427      0.750000000    
        5218  -3.93746376       3.39501429      0.750000000    
        5220  -4.10420322       2.80629897      0.750000000    
        5222  -4.12758207       2.58558011      0.750000000    
        5224  -4.08034658       2.62847757      0.750000000    
        5226  -4.03182793       2.79341197      0.750000000    
        5228  -3.96088862       3.26020551      0.750000000    
        5230  -3.96433449       3.24009871      0.750000000    
        5232  -3.96649575       3.18714714      0.750000000    
        5234  -4.09117317       2.71927953      0.750000000    
        5236  -4.11962700       2.61073947      0.750000000    
        5238  -4.06682968       2.81545281      0.750000000    
        5240  -4.13051128       2.57772398      0.750000000    
        5242  -3.94995213       3.55584049      0.759999990    
        5244  -3.98376942       3.50165558      0.759999990    
        5246  -4.08601713       3.05262375      0.759999990    
        5248  -4.00347233       3.56249452      0.759999990    
        5250  -3.82128000       4.25213099      0.759999990    
        5252  -4.02555990       3.67129540      0.759999990    
        5254  -4.02553844       3.33780122      0.759999990    
        5256  -3.81113315       4.21415281      0.759999990    
        5258  -4.15119457       3.04996538      0.759999990    
        5260  -4.09287453       3.82777429      0.779999971    
        5262  -3.94036555       4.86240435      0.790000021    
        5264  -4.19719315       3.69509602      0.790000021    
        5266  -4.23057270       3.65987635      0.790000021    
        5268  -4.14769173       3.62923408      0.779999971    
        5270  -4.18298769       3.61854029      0.779999971    
        5272  -4.34632397       3.27667189      0.790000021    
        5274  -4.32015276       3.58652830      0.790000021    
        5276  -4.39502478       3.21208405      0.790000021    
        5278  -4.04345417       4.49103737      0.790000021    
        5280  -4.35327721       3.14037514      0.790000021    
        5282  -4.10071659       4.16783857      0.790000021    
        5284  -4.08543921       4.08458185      0.790000021    
        5286  -4.15292978       3.70114517      0.790000021    
        5288  -4.35124254       2.89347076      0.790000021    
        5290  -4.29122210       3.19010544      0.790000021    
        5292  -4.05289078       4.13729811      0.790000021    
        5294  -4.23301315       3.42153096      0.790000021    
        5296  -4.15828419       3.86892772      0.790000021    
        5298  -4.09370327       4.04176235      0.790000021    
        5300  -4.44815350       2.14650702      0.779999971    
        5302  -4.29188013       3.01800132      0.779999971    
        5304  -4.22396946       3.29004574      0.779999971    
        5306  -4.22530317       3.18378615      0.779999971    
        5308  -4.10838556       3.75924993      0.779999971    
        5310  -4.07547426       3.72217846      0.779999971    
        5312  -3.76289845       5.34560061      0.779999971    
        5314  -4.16505814       3.39217973      0.769999981    
        5316  -4.10481310       3.28971887      0.759999990    
        5318  -3.92982388       3.99419117      0.759999990    
        5320  -4.21716833       2.53589559      0.759999990    
        5322  -4.05148220       3.57773972      0.769999981    
        5324  -4.12082148       3.28778338      0.769999981    
        5326  -3.89790726       4.05904770      0.759999990    
        5328  -3.79449487       4.62203646      0.759999990    
        5330  -3.86377788       3.69768453      0.740000010    
        5332  -3.81424570       4.06883335      0.740000010    
        5334  -3.88783073       3.65482092      0.740000010    
        5336  -4.09271336       2.65637422      0.740000010    
        5338  -4.03736115       3.14915705      0.740000010    
        5340  -4.05253124       2.87735868      0.740000010    
        5342  -4.23415518       2.33057475      0.740000010    
        5344  -4.06175280       3.04500890      0.750000000    
        5346  -3.70377851       4.42133665      0.759999990    
        5348  -3.71546888       4.37172365      0.759999990    
        5350  -3.92235041       3.62286878      0.759999990    
        5352  -4.00301695       3.03016210      0.759999990    
        5354  -3.93333340       3.44514871      0.759999990    
        5356  -3.74809766       4.45062160      0.759999990    
        5358  -3.69775391       4.14554930      0.750000000    
        5360  -3.68448043       4.72887850      0.759999990    
        5362  -3.43452120       5.57368708      0.759999990    
        5364  -3.79682326       3.59629345      0.740000010    
        5366  -3.77653146       3.26713824      0.740000010    
        5368  -4.01780367       2.25492096      0.740000010    
        5370  -4.36953211       1.23821342      0.750000000    
        5372  -3.94598556       3.24110818      0.759999990    
        5374  -4.07597542       2.48275089      0.759999990    
        5376  -3.97598505       2.98874426      0.759999990    
        5378  -4.16491032       2.02966905      0.759999990    
        5380  -4.22619534       1.79730344      0.759999990    
        5382  -4.05810976       2.63989687      0.759999990    
        5384  -3.82659888       3.74836969      0.759999990    
        5386  -4.07416964       2.49685049      0.759999990    
        5388  -4.20287895       2.16752458      0.759999990    
        5390  -4.08373737       3.07854962      0.759999990    
        5392  -4.10448122       3.20869565      0.759999990    
        5394  -4.00173807       3.57529640      0.759999990    
        5396  -3.89672256       3.91411543      0.759999990    
        5398  -3.98234940       3.54301190      0.759999990    
        5400  -3.81508112       4.14193201      0.769999981    
        5402  -3.78771448       4.03706026      0.769999981    
        5404  -4.10514212       3.09234405      0.759999990    
        5406  -4.17272758       2.76805067      0.759999990    
        5408  -4.26060724       2.24340558      0.759999990    
        5410  -3.94242787       3.59319377      0.769999981    
        5412  -4.04143095       2.69969654      0.759999990    
        5414  -3.66583705       4.17511415      0.759999990    
        5416  -3.98526955       2.87586498      0.759999990    
        5418  -3.96757007       2.91778016      0.759999990    
        5420  -3.98504281       2.95991778      0.759999990    
        5422  -3.90081048       3.57274437      0.759999990    
        5424  -3.97607636       2.98247766      0.759999990    
        5426  -4.02278662       2.98214459      0.759999990    
        5428  -4.07883453       2.95381665      0.759999990    
        5430  -3.95760775       3.89836335      0.769999981    
        5432  -4.15430593       3.08864951      0.779999971    
        5434  -4.31090689       2.45757413      0.779999971    
        5436  -4.30417919       2.34744525      0.779999971    
        5438  -4.21848965       2.62350512      0.779999971    
        5440  -4.26806164       2.54369354      0.779999971    
        5442  -4.38672781       2.09855103      0.779999971    
        5444  -4.14628124       3.00869203      0.779999971    
        5446  -3.96140289       3.70401001      0.779999971    
        5448  -4.07012796       3.28081107      0.779999971    
        5450  -3.92699051       3.63672400      0.779999971    
        5452  -4.19758844       2.16303205      0.769999981    
        5454  -4.14765978       2.32977009      0.769999981    
        5456  -4.24128294       2.38129187      0.769999981    
        5458  -4.06910658       3.20943666      0.769999981    
        5460  -4.15829182       2.73800659      0.769999981    
        5462  -3.87311769       3.86951041      0.759999990    
        5464  -3.84086394       3.51557755      0.759999990    
        5466  -4.00827360       2.65502691      0.759999990    
        5468  -4.03709602       2.74925756      0.759999990    
        5470  -3.98097301       2.87299657      0.759999990    
        5472  -3.91792727       3.03731275      0.759999990    
        5474  -3.83010077       3.69146228      0.759999990    
        5476  -3.93779922       3.45951128      0.769999981    
        5478  -4.09923410       2.87992787      0.769999981    
        5480  -4.07240868       3.06537867      0.769999981    
        5482  -3.99978065       3.41737866      0.769999981    
        5484  -3.83176088       4.28928137      0.769999981    
        5486  -3.78376508       4.59288073      0.769999981    
        5488  -3.98179340       3.65760112      0.769999981    
        5490  -4.04628468       3.23916459      0.769999981    
        5492  -4.05895233       3.43687510      0.769999981    
        5494  -3.89295602       4.02862835      0.769999981    
        5496  -3.48480511       5.90168238      0.769999981    
        5498  -3.79179883       4.91116667      0.779999971    
        5500  -3.76280594       5.17331553      0.779999971    
        5502  -3.79309249       4.66027021      0.790000021    
        5504  -3.96580791       3.81129837      0.790000021    
        5506  -4.06921291       3.01082206      0.790000021    
        5508  -3.85285020       3.97483826      0.790000021    
        5510  -4.07871675       3.18542862      0.790000021    
        5512  -3.85382867       4.12139893      0.790000021    
        5514  -3.83083677       4.19941521      0.790000021    
        5516  -4.22961569       2.45587349      0.790000021    
        5518  -4.15217590       2.50870466      0.779999971    
        5520  -3.96519232       3.85266209      0.790000021    
        5522  -4.17655039       3.15114307      0.790000021    
        5524  -4.06875324       3.79790926      0.790000021    
        5526  -3.91404748       4.21116018      0.790000021    
        5528  -3.90365076       4.25851440      0.790000021    
        5530  -3.81154895       4.39174557      0.779999971    
        5532  -3.73713446       4.30391264      0.769999981    
        5534  -3.56966734       5.00356340      0.769999981    
        5536  -3.66350389       4.63463688      0.769999981    
        5538  -3.67100596       4.56924248      0.769999981    
        5540  -3.45979309       5.11172438      0.759999990    
        5542  -3.82700753       3.92715931      0.759999990    
        5544  -3.88818860       3.55821967      0.759999990    
        5546  -4.09243250       2.83990431      0.759999990    
        5548  -3.53814268       5.01724052      0.769999981    
        5550  -4.01154423       3.39524961      0.769999981    
        5552  -3.70271134       4.76853895      0.769999981    
        5554  -3.91576815       3.92277050      0.769999981    
        5556  -3.75289559       4.91282415      0.779999971    
        5558  -3.81674385       4.59635115      0.779999971    
        5560  -3.87489772       4.15488672      0.769999981    
        5562  -4.09079361       3.16986513      0.769999981    
        5564  -4.18603563       2.73929024      0.769999981    
        5566  -4.26227856       2.70909643      0.790000021    
        5568  -4.33001089       2.95991182      0.790000021    
        5570  -4.20037365       3.40333056      0.790000021    
        5572  -3.86572313       4.56898403      0.779999971    
        5574  -3.75088406       5.12746382      0.790000021    
        5576  -3.87175131       4.85516405      0.800000012    
        5578  -4.01717186       4.06814146      0.800000012    
        5580  -4.10636187       3.44398379      0.800000012    
        5582  -4.18579197       3.28358316      0.800000012    
        5584  -4.22342157       3.06487298      0.800000012    
        5586  -4.18991756       3.36868501      0.790000021    
        5588  -4.00692081       3.78175688      0.790000021    
        5590  -3.89559031       4.37059975      0.790000021    
        5592  -4.01744175       4.05276871      0.790000021    
        5594  -4.01489925       4.22395897      0.790000021    
        5596  -3.97033739       4.16952562      0.790000021    
        5598  -4.07413054       4.00695181      0.790000021    
        5600  -3.99683666       4.36173820      0.790000021    
        5602  -4.11300325       4.23270416      0.790000021    
        5604  -4.04809523       4.07555914      0.790000021    
        5606  -3.98623562       4.13181973      0.790000021    
        5608  -3.68773508       5.34463167      0.790000021    
        5610  -3.75505519       4.80353117      0.790000021    
        5612  -3.97833204       3.83694434      0.790000021    
        5614  -3.98886657       3.08820748      0.779999971    
        5616  -4.07811451       2.98123002      0.779999971    
        5618  -3.83563185       4.22797728      0.779999971    
        5620  -4.07542372       3.67815375      0.790000021    
        5622  -4.04668808       4.01640844      0.790000021    
        5624  -3.82149482       5.11468220      0.790000021    
        5626  -4.02823782       4.10005331      0.779999971    
        5628  -4.08905125       4.00675392      0.790000021    
        5630  -4.26873159       3.25577354      0.790000021    
        5632  -4.30019283       3.03901196      0.779999971    
        5634  -4.12802124       3.99186325      0.779999971    
        5636  -4.15676594       3.75693560      0.779999971    
        5638  -3.95062017       4.62062693      0.779999971    
        5640  -3.99819636       4.23485708      0.779999971    
        5642  -4.21593809       3.36635494      0.779999971    
        5644  -4.26191616       3.08431053      0.779999971    
        5646  -4.39274740       2.73819852      0.779999971    
        5648  -4.13023853       3.94400907      0.779999971    
        5650  -4.10004425       3.97902966      0.779999971    
        5652  -4.19187689       3.30088496      0.769999981    
        5654  -4.34249210       2.93842697      0.769999981    
        5656  -4.42028952       2.30997872      0.769999981    
        5658  -4.40610409       2.61520386      0.769999981    
        5660  -4.38614464       2.83448362      0.769999981    
        5662  -4.29448462       2.88452721      0.769999981    
        5664  -4.10910606       3.76823688      0.769999981    
        5666  -4.15338421       3.49193430      0.769999981    
        5668  -3.80978799       4.09746885      0.769999981    
        5670  -4.11462593       2.60827875      0.759999990    
        5672  -3.99476385       2.99664593      0.759999990    
        5674  -4.20628977       2.39729953      0.769999981    
        5676  -4.08415508       2.91191912      0.769999981    
        5678  -3.98279619       3.44084668      0.769999981    
        5680  -4.14996433       2.62825871      0.769999981    
        5682  -4.06180954       2.99532652      0.769999981    
        5684  -4.08799839       3.02275848      0.769999981    
        5686  -4.07354975       3.46038198      0.769999981    
        5688  -4.29222250       2.77453852      0.779999971    
        5690  -4.46053648       2.14434910      0.779999971    
        5692  -4.42973328       2.38814259      0.779999971    
        5694  -4.19093990       3.42546988      0.779999971    
        5696  -4.03228712       3.91779399      0.779999971    
        5698  -4.12776995       3.60953999      0.779999971    
        5700  -4.06070280       3.88354230      0.779999971    
        5702  -3.92871070       4.14004278      0.779999971    
        5704  -3.96202040       4.11352205      0.779999971    
        5706  -4.15874958       3.54418302      0.779999971    
        5708  -4.18920088       3.05249476      0.769999981    
        5710  -4.20741320       2.92169404      0.769999981    
        5712  -4.21027565       2.82249045      0.769999981    
        5714  -3.99767303       3.57573009      0.769999981    
        5716  -4.19609499       2.92246699      0.779999971    
        5718  -4.00588846       3.45046210      0.779999971    
        5720  -4.05582190       3.30989051      0.779999971    
        5722  -4.08307028       3.45574760      0.779999971    
        5724  -3.72269845       4.87290478      0.779999971    
        5726  -3.98862410       3.44690967      0.769999981    
        5728  -4.15443039       2.42948031      0.769999981    
        5730  -3.95193934       3.10632610      0.769999981    
        5732  -3.93155551       3.08926392      0.769999981    
        5734  -4.16422033       2.41997170      0.769999981    
        5736  -4.24680567       2.17650938      0.769999981    
        5738  -4.22891808       2.08556938      0.769999981    
        5740  -4.00685740       2.93716788      0.769999981    
        5742  -4.00131989       2.97603512      0.769999981    
        5744  -3.65448833       4.88938189      0.779999971    
        5746  -3.90061712       4.69050598      0.800000012    
        5748  -4.18671656       3.56354451      0.800000012    
        5750  -4.07070827       4.28435707      0.810000002    
        5752  -4.31602955       3.48729515      0.810000002    
        5754  -4.14427948       4.00337744      0.810000002    
        5756  -4.39724398       3.15930271      0.819999993    
        5758  -4.42065573       2.67366076      0.819999993    
        5760  -4.16561556       3.52140951      0.810000002    
        5762  -4.28498363       2.87801933      0.810000002    
        5764  -4.12701654       3.32696557      0.810000002    
        5766  -4.25940514       2.75021720      0.810000002    
        5768  -3.99860311       3.98902655      0.810000002    
        5770  -3.87942600       4.45172930      0.810000002    
        5772  -3.90818453       4.10270882      0.800000012    
        5774  -4.12757921       3.58445668      0.810000002    
        5776  -4.13399839       3.67472720      0.810000002    
        5778  -4.03623819       4.17118931      0.810000002    
        5780  -3.91253853       4.80649185      0.810000002    
        5782  -3.99338460       4.35195255      0.810000002    
        5784  -3.87662148       4.96784353      0.810000002    
        5786  -4.06991434       3.61736488      0.800000012    
        5788  -4.13759422       3.39889503      0.800000012    
        5790  -4.06694031       3.84099126      0.800000012    
        5792  -4.13045835       3.51530004      0.800000012    
        5794  -3.97621036       3.83793521      0.790000021    
        5796  -4.07215214       3.32154536      0.779999971    
        5798  -4.11195517       3.05685997      0.779999971    
        5800  -4.16660213       3.03861213      0.779999971    
        5802  -3.91850066       4.32732058      0.790000021    
        5804  -3.90598512       4.28245306      0.790000021    
        5806  -4.16146088       3.15801215      0.779999971    
        5808  -4.20591784       3.20260525      0.779999971    
        5810  -4.19412184       2.95242715      0.779999971    
        5812  -3.87332034       4.18210602      0.779999971    
        5814  -4.19740772       2.93619227      0.769999981    
        5816  -4.07939529       3.37339449      0.779999971    
        5818  -4.16971493       3.30308437      0.779999971    
        5820  -4.26644802       3.08521700      0.779999971    
        5822  -4.20713806       3.46636462      0.779999971    
        5824  -4.12961292       3.67558384      0.769999981    
        5826  -4.21575069       3.32896614      0.769999981    
        5828  -4.20183372       3.14104652      0.769999981    
        5830  -4.11684608       3.59024668      0.769999981    
        5832  -3.99648309       3.70601726      0.769999981    
        5834  -4.09286356       3.29872060      0.769999981    
        5836  -4.07924128       3.42946172      0.779999971    
        5838  -4.10166264       3.35555267      0.779999971    
        5840  -4.15463972       3.19097567      0.769999981    
        5842  -4.02209663       3.46848512      0.769999981    
        5844  -3.74276829       4.07183123      0.769999981    
        5846  -3.80369854       3.40049314      0.759999990    
        5848  -3.97863150       3.00829506      0.759999990    
        5850  -3.63913798       4.52325201      0.759999990    
        5852  -3.68236613       4.31356573      0.759999990    
        5854  -3.98441267       3.21035075      0.759999990    
        5856  -3.79218531       3.93715048      0.759999990    
        5858  -4.30072880       1.91579962      0.759999990    
        5860  -4.33547401       1.65780926      0.759999990    
        5862  -3.91513586       3.32250643      0.759999990    
        5864  -3.97832584       3.20183134      0.759999990    
        5866  -3.88385034       3.37796330      0.759999990    
        5868  -4.02163887       2.88014674      0.759999990    
        5870  -3.84954286       3.33012462      0.759999990    
        5872  -3.85538912       3.29645157      0.759999990    
        5874  -3.71412587       3.76153970      0.759999990    
        5876  -3.92414594       2.72990847      0.759999990    
        5878  -3.95435905       2.85249496      0.759999990    
        5880  -3.76322627       3.40877295      0.759999990    
        5882  -3.72331595       3.83499312      0.759999990    
        5884  -3.85024118       2.91467857      0.750000000    
        5886  -3.76776409       2.94292784      0.750000000    
        5888  -4.11148787       1.54642761      0.750000000    
        5890  -3.94239855       1.98953688      0.740000010    
        5892  -3.60667276       3.33211637      0.740000010    
        5894  -3.73474813       3.05283880      0.730000019    
        5896  -3.68313074       3.15474105      0.740000010    
        5898  -3.69082046       3.24122596      0.740000010    
        5900  -3.77735090       2.81310391      0.740000010    
        5902  -3.97896147       2.70077276      0.759999990    
        5904  -4.12960720       1.88732696      0.750000000    
        5906  -4.11496592       1.92576063      0.750000000    
        5908  -3.96972084       2.47795534      0.750000000    
        5910  -3.70268893       3.58819532      0.750000000    
        5912  -3.93125153       2.71086836      0.750000000    
        5914  -3.98978925       2.76029992      0.759999990    
        5916  -4.00406885       2.73647833      0.759999990    
        5918  -3.83231449       3.19223237      0.759999990    
        5920  -3.94266963       2.72356725      0.759999990    
        5922  -3.95911598       2.76108217      0.759999990    
        5924  -3.88179302       3.27937460      0.759999990    
        5926  -3.59797549       4.56897402      0.759999990    
        5928  -4.00002480       2.65388894      0.759999990    
        5930  -4.07067108       2.22873521      0.759999990    
        5932  -3.87998581       3.46317005      0.759999990    
        5934  -3.72574592       4.90818071      0.769999981    
        5936  -3.98100924       3.68703341      0.769999981    
        5938  -3.76186180       4.34444809      0.769999981    
        5940  -3.86279488       3.59833026      0.769999981    
        5942  -4.12521887       2.98000765      0.769999981    
        5944  -4.12143373       3.22821879      0.779999971    
        5946  -4.10033607       2.89158702      0.779999971    
        5948  -4.00957584       3.23670387      0.779999971    
        5950  -4.15470600       2.44212627      0.779999971    
        5952  -4.12550402       2.70177126      0.779999971    
        5954  -4.18882275       2.41115403      0.779999971    
        5956  -4.16257095       2.63902521      0.779999971    
        5958  -4.25313854       2.39268041      0.779999971    
        5960  -4.29771519       1.95850718      0.779999971    
        5962  -4.23600197       2.35345411      0.779999971    
        5964  -4.18551874       2.90671921      0.779999971    
        5966  -4.05133295       3.49594426      0.779999971    
        5968  -3.88508987       4.43721342      0.779999971    
        5970  -4.30269480       3.00718737      0.779999971    
        5972  -4.28809977       2.67020059      0.769999981    
        5974  -3.95216155       3.79719663      0.769999981    
        5976  -4.03428030       3.62216210      0.769999981    
        5978  -4.16513109       3.10942340      0.769999981    
        5980  -4.00223494       3.25761247      0.759999990    
        5982  -4.27491713       1.95051801      0.759999990    
        5984  -4.20427704       2.39117551      0.759999990    
        5986  -4.15344286       2.24921107      0.759999990    
        5988  -3.96571398       2.74886250      0.750000000    
        5990  -3.93657398       2.91401458      0.750000000    
        5992  -4.01675224       2.39755917      0.750000000    
        5994  -3.96142817       2.37030387      0.750000000    
        5996  -3.86862636       3.04615903      0.750000000    
        5998  -4.04398012       2.64587998      0.750000000    
        6000  -4.16359901       2.10573816      0.750000000    
        6002  -4.10477829       2.56286311      0.750000000    
        6004  -4.05602121       2.66754937      0.750000000    
        6006  -3.73524928       4.03873825      0.759999990    
        6008  -3.76834488       3.62769914      0.750000000    
        6010  -3.87663031       3.07521391      0.750000000    
        6012  -3.97758079       2.72313571      0.740000010    
        6014  -3.88484907       2.99795341      0.750000000    
        6016  -3.83210278       3.03767133      0.750000000    
        6018  -3.78704500       3.37614822      0.750000000    
        6020  -3.78654313       3.39755845      0.750000000    
        6022  -3.73069715       3.37489367      0.750000000    
        6024  -4.20532274       2.06685734      0.759999990    
        6026  -3.93047118       3.49760389      0.759999990    
        6028  -3.90460467       3.51057458      0.750000000    
        6030  -3.85661387       3.61473274      0.750000000    
        6032  -3.80407214       3.79169965      0.750000000    
        6034  -3.85438919       3.73883390      0.750000000    
        6036  -3.91403723       3.39604926      0.750000000    
        6038  -3.94331098       3.21596456      0.750000000    
        6040  -3.82226348       3.25506425      0.750000000    
        6042  -4.00240040       2.77187133      0.750000000    
        6044  -3.84989023       3.81584764      0.750000000    
        6046  -3.87621880       3.47101545      0.750000000    
        6048  -3.98761225       2.84201026      0.750000000    
        6050  -4.22279406       2.08168077      0.750000000    
        6052  -4.21211672       1.98316205      0.740000010    
        6054  -4.24091005       1.93809855      0.740000010    
        6056  -4.25038290       2.43409920      0.740000010    
        6058  -4.19882011       2.16612411      0.740000010    
        6060  -4.21048069       2.58287978      0.740000010    
        6062  -4.03486252       2.82461810      0.740000010    
        6064  -3.77674484       3.80068517      0.740000010    
        6066  -4.06114006       2.94336510      0.740000010    
        6068  -3.80652308       3.71560764      0.740000010    
        6070  -3.91554976       3.26921844      0.740000010    
        6072  -3.80717921       3.48629522      0.740000010    
        6074  -3.46484995       4.76562309      0.730000019    
        6076  -3.73452711       3.31727886      0.730000019    
        6078  -3.60903788       4.15942574      0.730000019    
        6080  -3.55483866       4.06967258      0.730000019    
        6082  -3.56995106       3.95948076      0.730000019    
        6084  -3.58870888       3.32156515      0.720000029    
        6086  -3.48007870       3.57905245      0.720000029    
        6088  -3.36804032       3.98654914      0.720000029    
        6090  -3.70604205       2.48789549      0.709999979    
        6092  -3.53089738       2.85791969      0.699999988    
        6094  -3.61443424       2.66260052      0.699999988    
        6096  -3.75854659       2.11563778      0.699999988    
        6098  -3.72382808       2.23671269      0.699999988    
        6100  -3.57912326       2.85196519      0.699999988    
        6102  -3.86706018       1.62398040      0.699999988    
        6104  -3.93136024       1.62005842      0.699999988    
        6106  -3.62952447       2.37127137      0.689999998    
        6108  -3.78881383       1.63839269      0.689999998    
        6110  -3.62564540       2.44641900      0.689999998    
        6112  -3.45185590       2.79391170      0.689999998    
        6114  -3.77617788       1.78842556      0.689999998    
        6116  -3.68218231       1.92107272      0.689999998    
        6118  -3.70017743       1.94933808      0.689999998    
        6120  -3.65916395       2.88538647      0.699999988    
        6122  -3.50715137       3.57788515      0.709999979    
        6124  -3.81147480       2.56101131      0.709999979    
        6126  -3.86595988       2.28156304      0.709999979    
        6128  -4.12360334       1.39129913      0.709999979    
        6130  -3.71520281       2.51112390      0.709999979    
        6132  -3.75651097       1.96998274      0.699999988    
        6134  -3.71536231       2.36365175      0.699999988    
        6136  -3.93832803       1.49459708      0.699999988    
        6138  -3.88419151       1.77923810      0.699999988    
        6140  -3.90664244       1.83131695      0.699999988    
        6142  -3.75442743       2.43193007      0.689999998    
        6144  -3.80496931       1.80775297      0.670000017    
        6146  -3.67393780       2.44531155      0.670000017    
        6148  -4.04122782      0.991007328      0.689999998    
        6150  -3.73301101       2.43426085      0.689999998    
        6152  -3.83255935       2.44150901      0.699999988    
        6154  -3.82571626       2.45116854      0.699999988    
        6156  -3.83369708       2.35761881      0.699999988    
        6158  -3.84168983       2.31121254      0.709999979    
        6160  -3.77553248       2.66872358      0.720000029    
        6162  -3.80877709       2.89035130      0.730000019    
        6164  -4.03466368       2.43912721      0.750000000    
        6166  -3.91158271       2.91495323      0.750000000    
        6168  -3.92291355       2.77625084      0.750000000    
        6170  -3.94324040       2.85321546      0.750000000    
        6172  -3.97984695       2.56383514      0.750000000    
        6174  -4.02820873       2.21388793      0.750000000    
        6176  -3.93869543       2.47940469      0.750000000    
        6178  -3.74002194       3.25663710      0.750000000    
        6180  -3.87056637       2.87669826      0.750000000    
        6182  -3.81109166       3.08197927      0.759999990    
        6184  -3.91372252       2.90922546      0.759999990    
        6186  -3.69224024       3.89474821      0.769999981    
        6188  -3.86013651       3.22329712      0.769999981    
        6190  -3.76232338       3.53833008      0.759999990    
        6192  -4.08112097       2.40215278      0.759999990    
        6194  -3.69594932       4.01560736      0.750000000    
        6196  -4.08478880       2.35933805      0.750000000    
        6198  -4.01566935       2.43168020      0.750000000    
        6200  -3.71434236       3.38874578      0.750000000    
        6202  -3.85068369       3.13460803      0.750000000    
        6204  -3.84502864       3.38669658      0.750000000    
        6206  -3.95033646       2.66887641      0.750000000    
        6208  -3.74371576       3.59557867      0.750000000    
        6210  -3.94131064       3.32345104      0.769999981    
        6212  -3.44790316       5.36418152      0.779999971    
        6214  -3.80133367       4.00442553      0.779999971    
        6216  -3.78311992       4.76940536      0.779999971    
        6218  -4.09331131       2.93476796      0.769999981    
        6220  -4.01269102       3.34836459      0.769999981    
        6222  -3.85089445       3.96585870      0.769999981    
        6224  -3.95361972       3.49475431      0.769999981    
        6226  -4.17534781       2.94746661      0.779999971    
        6228  -4.24236202       2.53755736      0.779999971    
        6230  -3.96529746       3.68144274      0.779999971    
        6232  -3.78711319       4.54255152      0.779999971    
        6234  -4.06528950       3.42680550      0.779999971    
        6236  -4.19924116       2.85314202      0.779999971    
        6238  -4.00908613       3.88001752      0.779999971    
        6240  -3.98368859       4.88327217      0.810000002    
        6242  -4.06495285       4.31816578      0.810000002    
        6244  -4.22660875       3.28346133      0.810000002    
        6246  -4.17198133       3.85734081      0.810000002    
        6248  -4.10041332       4.51205969      0.810000002    
        6250  -4.28711176       3.85554028      0.810000002    
        6252  -4.22025728       3.97447729      0.810000002    
        6254  -4.47891760       2.80952644      0.810000002    
        6256  -4.36013985       3.57510042      0.810000002    
        6258  -4.36913538       3.35634041      0.810000002    
        6260  -4.36047459       3.13848567      0.810000002    
        6262  -4.36595774       2.86177802      0.810000002    
        6264  -4.06080246       4.40618134      0.810000002    
        6266  -4.18679619       3.90585113      0.800000012    
        6268  -4.17843580       3.75183702      0.800000012    
        6270  -4.18284702       3.96247268      0.800000012    
        6272  -4.14499903       3.95004416      0.800000012    
        6274  -4.22856140       3.57969856      0.800000012    
        6276  -4.26983452       3.35011101      0.800000012    
        6278  -4.08462191       3.93724132      0.800000012    
        6280  -4.15200520       3.96966791      0.800000012    
        6282  -4.20917988       3.82403994      0.790000021    
        6284  -4.07727861       3.76317096      0.779999971    
        6286  -3.99570298       4.14768171      0.779999971    
        6288  -3.92099786       4.54749155      0.779999971    
        6290  -3.83544016       4.72793818      0.779999971    
        6292  -4.13057899       3.39685035      0.779999971    
        6294  -4.20596218       3.33164239      0.779999971    
        6296  -4.02547598       4.15074444      0.779999971    
        6298  -4.05419588       3.86065292      0.779999971    
        6300  -4.10809326       3.98620892      0.779999971    
        6302  -4.17796612       3.52378845      0.779999971    
        6304  -4.02507496       3.91800117      0.779999971    
        6306  -4.02866745       3.64654899      0.779999971    
        6308  -4.12023687       3.61155534      0.790000021    
        6310  -4.31734848       3.44385791      0.810000002    
        6312  -4.13324070       4.11190081      0.810000002    
        6314  -4.40621996       3.00427794      0.810000002    
        6316  -4.07050848       4.20644665      0.800000012    
        6318  -3.99807477       4.29393768      0.790000021    
        6320  -3.83957624       4.94667721      0.790000021    
        6322  -4.17639780       3.40511727      0.790000021    
        6324  -4.19758892       3.08547831      0.790000021    
        6326  -4.48211670       1.93417740      0.790000021    
        6328  -4.19533968       3.05272317      0.790000021    
        6330  -4.09221458       3.42285085      0.790000021    
        6332  -4.24746704       2.75906420      0.790000021    
        6334  -3.97810578       4.14520884      0.790000021    
        6336  -4.39440060       2.35190082      0.790000021    
        6338  -4.46506977       2.17711139      0.800000012    
        6340  -4.13145828       3.42228889      0.800000012    
        6342  -4.11950970       3.37356496      0.800000012    
        6344  -4.10828447       4.00341988      0.800000012    
        6346  -4.16699171       3.00121784      0.790000021    
        6348  -4.16175842       2.80106902      0.790000021    
        6350  -4.07088566       3.04847074      0.790000021    
        6352  -4.13568211       2.97344232      0.790000021    
        6354  -4.29046249       2.11466122      0.790000021    
        6356  -4.18562555       2.83208728      0.790000021    
        6358  -3.79349923       4.52431440      0.790000021    
        6360  -3.97981381       3.67660880      0.790000021    
        6362  -3.98238039       3.80540776      0.790000021    
        6364  -3.88631344       4.41898727      0.790000021    
        6366  -3.95494461       4.10001564      0.790000021    
        6368  -3.90906549       3.98965907      0.779999971    
        6370  -4.03930330       3.70048809      0.779999971    
        6372  -4.03693151       3.94696355      0.779999971    
        6374  -4.26243162       2.93919420      0.779999971    
        6376  -4.26437712       2.96670508      0.779999971    
        6378  -4.04678965       3.55535555      0.779999971    
        6380  -3.85986900       4.89977074      0.790000021    
        6382  -3.82075977       5.33864021      0.790000021    
        6384  -3.87104774       4.81107330      0.790000021    
        6386  -3.96770453       4.18877268      0.790000021    
        6388  -3.96246552       3.95509648      0.790000021    
        6390  -3.85433483       4.57883406      0.790000021    
        6392  -3.91482449       4.79997110      0.790000021    
        6394  -4.01394606       4.29811525      0.790000021    
        6396  -4.24812603       2.77288103      0.779999971    
        6398  -4.17247200       3.28313136      0.779999971    
        6400  -4.38868952       2.73924375      0.779999971    
        6402  -4.09375048       3.74403715      0.779999971    
        6404  -4.00765562       4.07470894      0.779999971    
        6406  -4.11759806       3.43969965      0.779999971    
        6408  -4.14573336       3.41290927      0.779999971    
        6410  -3.92795181       4.31785727      0.779999971    
        6412  -3.97426200       3.87280631      0.779999971    
        6414  -4.14386702       2.79835105      0.779999971    
        6416  -4.06442213       2.86878514      0.769999981    
        6418  -4.21752405       2.14081836      0.769999981    
        6420  -4.11550426       2.72049689      0.769999981    
        6422  -4.03090572       3.12455964      0.769999981    
        6424  -3.98085594       2.82452798      0.759999990    
        6426  -3.81899142       3.39903617      0.759999990    
        6428  -4.09616232       2.54841614      0.759999990    
        6430  -4.00275755       2.71384978      0.759999990    
        6432  -3.86564851       2.94874072      0.759999990    
        6434  -3.64282703       3.93396187      0.759999990    
        6436  -3.84965944       3.25107431      0.759999990    
        6438  -3.58345294       4.05794096      0.750000000    
        6440  -3.91257763       2.95649719      0.750000000    
        6442  -3.92524600       3.09831166      0.750000000    
        6444  -3.91846967       3.36449242      0.769999981    
        6446  -4.00185919       2.95310450      0.769999981    
        6448  -3.76423192       3.37583518      0.759999990    
        6450  -3.84177685       3.56464410      0.769999981    
        6452  -3.65374684       4.80592012      0.769999981    
        6454  -3.51768374       4.73930693      0.759999990    
        6456  -3.80157089       3.50993013      0.759999990    
        6458  -3.70849562       3.92650247      0.759999990    
        6460  -3.93791080       3.22295046      0.769999981    
        6462  -4.14009571       2.34686208      0.769999981    
        6464  -4.12937975       2.35741973      0.769999981    
        6466  -4.06047344       2.83872080      0.769999981    
        6468  -4.07414103       2.53710723      0.769999981    
        6470  -4.01981163       2.47088528      0.769999981    
        6472  -4.04763651       2.45306993      0.769999981    
        6474  -4.01178885       3.14397693      0.769999981    
        6476  -4.16540766       2.65616894      0.769999981    
        6478  -3.91074705       3.39438987      0.759999990    
        6480  -4.06025028       2.57333207      0.759999990    
        6482  -3.80146551       3.67689967      0.750000000    
        6484  -3.90177774       3.48814082      0.750000000    
        6486  -3.92786098       3.35878539      0.759999990    
        6488  -4.05418444       2.90788579      0.769999981    
        6490  -3.82329583       4.14443254      0.759999990    
        6492  -3.81826901       4.01427364      0.759999990    
        6494  -3.52750969       4.94168472      0.759999990    
        6496  -3.75110197       4.03920937      0.759999990    
        6498  -3.78411555       4.04911613      0.759999990    
        6500  -3.84456372       3.71602869      0.759999990    
        6502  -3.91669846       3.58341074      0.759999990    
        6504  -3.55091476       5.38387012      0.750000000    
        6506  -3.61343312       4.98395777      0.750000000    
        6508  -3.65385056       5.12177992      0.759999990    
        6510  -3.83386636       4.53530884      0.769999981    
        6512  -3.70688486       4.94911289      0.769999981    
        6514  -3.89301682       4.44843245      0.769999981    
        6516  -3.88660145       4.09157038      0.769999981    
        6518  -3.84688902       4.68615961      0.779999971    
        6520  -3.88357902       4.51564980      0.779999971    
        6522  -3.86582303       3.58306193      0.750000000    
        6524  -3.67522526       5.30158901      0.769999981    
        6526  -3.91749096       4.46375465      0.769999981    
        6528  -3.95730639       4.45658445      0.769999981    
        6530  -3.92856240       4.75634956      0.769999981    
        6532  -4.00499535       4.25079346      0.769999981    
        6534  -3.94692826       4.49304390      0.779999971    
        6536  -4.19072866       3.36133099      0.779999971    
        6538  -4.04964733       4.25054216      0.790000021    
        6540  -3.92660570       4.94814682      0.800000012    
        6542  -4.06690550       4.35603189      0.800000012    
        6544  -4.15170431       3.51526690      0.800000012    
        6546  -4.16036272       3.01001716      0.800000012    
        6548  -4.42067862       2.05990148      0.800000012    
        6550  -4.34423542       2.56764746      0.800000012    
        6552  -4.19671440       3.52713251      0.800000012    
        6554  -4.35036087       2.88857126      0.800000012    
        6556  -4.15955973       3.82562208      0.800000012    
        6558  -4.20044327       3.46318960      0.800000012    
        6560  -4.25414038       3.78607678      0.819999993    
        6562  -4.35602760       3.38070941      0.819999993    
        6564  -4.45385647       2.98603296      0.819999993    
        6566  -4.29103947       3.80418229      0.819999993    
        6568  -4.39961052       3.45453048      0.819999993    
        6570  -4.16907692       4.18712234      0.819999993    
        6572  -3.96132827       5.12416744      0.819999993    
        6574  -4.21223927       4.13659430      0.819999993    
        6576  -4.17683983       4.36582994      0.819999993    
        6578  -4.07980347       5.02787447      0.819999993    
        6580  -3.93262315       5.44835234      0.810000002    
        6582  -3.84959674       5.38086128      0.810000002    
        6584  -4.06983948       4.60228157      0.810000002    
        6586  -4.09126616       4.03159952      0.810000002    
        6588  -4.21818256       3.67579103      0.810000002    
        6590  -4.16373634       3.63430715      0.810000002    
        6592  -4.06879950       4.03927469      0.810000002    
        6594  -4.03635550       4.54508638      0.810000002    
        6596  -3.89308977       4.93492460      0.810000002    
        6598  -4.10992861       3.88536406      0.800000012    
        6600  -4.10929251       3.50822592      0.800000012    
        6602  -4.01536131       3.89392185      0.800000012    
        6604  -3.93095136       3.96663070      0.800000012    
        6606  -4.09440279       3.58173227      0.800000012    
        6608  -4.14985561       3.94427013      0.810000002    
        6610  -4.19202948       3.60651064      0.810000002    
        6612  -4.32656193       3.30021739      0.810000002    
        6614  -4.33208227       3.16651368      0.810000002    
        6616  -4.32091093       3.58041143      0.819999993    
        6618  -4.21467590       4.18929195      0.829999983    
        6620  -4.34892941       3.79326725      0.829999983    
        6622  -4.32996702       3.53110743      0.829999983    
        6624  -4.41768646       3.37204623      0.829999983    
        6626  -4.21230650       4.30269003      0.829999983    
        6628  -4.34302902       3.42394924      0.829999983    
        6630  -4.44904470       2.80811715      0.829999983    
        6632  -4.13874388       4.14369869      0.829999983    
        6634  -4.10919094       4.09666920      0.819999993    
        6636  -4.27584410       3.44808221      0.819999993    
        6638  -4.59944105       2.18587184      0.819999993    
        6640  -4.54499197       2.45461106      0.819999993    
        6642  -4.37587118       2.81332421      0.819999993    
        6644  -4.01607180       4.48875666      0.810000002    
        6646  -3.90660214       4.94242048      0.810000002    
        6648  -4.06474972       4.15852118      0.810000002    
        6650  -4.03509808       4.24181366      0.810000002    
        6652  -3.89519763       4.92666960      0.800000012    
        6654  -3.99235511       4.70892811      0.800000012    
        6656  -3.55989838       6.25043344      0.800000012    
        6658  -3.62641430       5.93895578      0.800000012    
        6660  -4.01500368       4.22213602      0.800000012    
        6662  -3.99804306       4.39893484      0.810000002    
        6664  -4.14880514       3.61086297      0.800000012    
        6666  -4.11520481       3.74047852      0.800000012    
        6668  -4.27530956       2.85813689      0.800000012    
        6670  -4.18108892       3.35455894      0.800000012    
        6672  -4.04873705       4.05356407      0.800000012    
        6674  -3.87216043       4.99425554      0.800000012    
        6676  -4.10077190       4.04879713      0.800000012    
        6678  -3.98930788       4.12218046      0.779999971    
        6680  -3.71567702       5.18956566      0.779999971    
        6682  -3.81046581       5.05008936      0.779999971    
        6684  -3.99785304       4.76369667      0.800000012    
        6686  -4.07187891       4.64252615      0.810000002    
        6688  -4.04739857       4.80346060      0.810000002    
        6690  -4.23153210       4.40817928      0.810000002    
        6692  -3.99719191       5.30983686      0.810000002    
        6694  -4.15257263       4.67212772      0.810000002    
        6696  -4.13566828       4.32019234      0.810000002    
        6698  -4.19261122       4.25491190      0.800000012    
        6700  -4.08620214       4.62854242      0.800000012    
        6702  -4.29664850       3.74435687      0.810000002    
        6704  -4.19672537       4.15583086      0.810000002    
        6706  -4.02616405       4.99107409      0.819999993    
        6708  -4.39001179       3.28090358      0.819999993    
        6710  -4.17200565       4.63758802      0.819999993    
        6712  -4.09293270       5.18539047      0.819999993    
        6714  -4.19478035       4.96268272      0.819999993    
        6716  -4.24042892       4.73101711      0.819999993    
        6718  -4.39566708       4.48691273      0.839999974    
        6720  -4.32883835       4.59504414      0.839999974    
        6722  -4.28472424       4.90532589      0.839999974    
        6724  -4.34582424       4.64365339      0.839999974    
        6726  -4.33211756       4.27874899      0.839999974    
        6728  -4.40131855       4.00193834      0.839999974    
        6730  -4.48359919       4.17785597      0.850000024    
        6732  -4.44306135       3.99609828      0.850000024    
        6734  -4.20499086       5.22119379      0.850000024    
        6736  -4.29762268       4.86742592      0.850000024    
        6738  -4.42122746       4.23322248      0.850000024    
        6740  -4.47053003       4.17793322      0.850000024    
        6742  -4.38756561       4.55309391      0.850000024    
        6744  -3.89240408       7.03711700      0.850000024    
        6746  -4.16017342       5.52316809      0.850000024    
        6748  -4.59294844       3.67231035      0.850000024    
        6750  -4.32036448       4.98365211      0.850000024    
        6752  -4.25124931       4.93852472      0.850000024    
        6754  -4.47705793       3.97574401      0.850000024    
        6756  -4.48467636       4.15126181      0.850000024    
        6758  -4.45359802       4.37666845      0.850000024    
        6760  -4.43778181       4.41689491      0.860000014    
        6762  -4.41439724       4.41932201      0.860000014    
        6764  -4.75921631       2.74691772      0.860000014    
        6766  -4.47814226       4.20046711      0.860000014    
        6768  -4.47264576       4.20080996      0.860000014    
        6770  -4.30309772       4.84649467      0.850000024    
        6772  -4.42131567       4.29279375      0.850000024    
        6774  -4.35243988       4.27702427      0.850000024    
        6776  -4.15670204       5.37481117      0.850000024    
        6778  -4.00582647       6.23995066      0.850000024    
        6780  -4.20504141       5.68212986      0.850000024    
        6782  -4.13013315       5.26563025      0.839999974    
        6784  -4.41802645       4.01623297      0.839999974    
        6786  -4.13466263       5.05736113      0.839999974    
        6788  -4.45168352       3.34653449      0.839999974    
        6790  -4.48697662       3.33783293      0.839999974    
        6792  -4.44008017       3.83079386      0.839999974    
        6794  -4.34683657       4.60238075      0.839999974    
        6796  -4.31533003       4.72169685      0.839999974    
        6798  -4.43957949       3.95572734      0.839999974    
        6800  -4.31980896       4.36111784      0.839999974    
        6802  -4.27647161       4.72115707      0.839999974    
        6804  -4.40029478       3.41864419      0.819999993    
        6806  -3.95594454       4.89255047      0.810000002    
        6808  -4.27544165       3.35974121      0.810000002    
        6810  -4.15466547       4.30044174      0.819999993    
        6812  -4.26865244       3.93473744      0.819999993    
        6814  -4.18720293       3.85148954      0.810000002    
        6816  -4.06324625       4.51629877      0.800000012    
        6818  -4.26214695       3.66124535      0.800000012    
        6820  -4.38597441       3.05827045      0.800000012    
        6822  -4.28702497       3.28702307      0.800000012    
        6824  -4.39578104       2.48127747      0.790000021    
        6826  -4.27366114       3.13123250      0.790000021    
        6828  -4.21823788       3.56741953      0.790000021    
        6830  -4.18266916       3.68458676      0.790000021    
        6832  -4.16380548       3.60789728      0.790000021    
        6834  -4.12107182       4.09837580      0.790000021    
        6836  -4.23142862       3.48925447      0.790000021    
        6838  -4.11597395       4.72229481      0.810000002    
        6840  -4.02771807       4.88946533      0.810000002    
        6842  -4.07023954       4.88083649      0.819999993    
        6844  -4.08188820       5.19668722      0.819999993    
        6846  -4.18867397       4.62201595      0.819999993    
        6848  -4.20016718       4.97268867      0.829999983    
        6850  -4.28007126       4.70863104      0.829999983    
        6852  -4.32542086       4.45368958      0.829999983    
        6854  -4.32486534       4.42452478      0.829999983    
        6856  -4.32369804       4.32492113      0.829999983    
        6858  -4.36501980       3.93186927      0.829999983    
        6860  -4.27939510       4.71274519      0.829999983    
        6862  -4.31402779       4.47067833      0.829999983    
        6864  -4.19179344       4.37152004      0.819999993    
        6866  -4.21839190       3.68474364      0.810000002    
        6868  -4.09509897       4.31848001      0.810000002    
        6870  -4.02452946       4.67849112      0.810000002    
        6872  -3.81563520       5.82381344      0.810000002    
        6874  -4.13423729       4.68993521      0.810000002    
        6876  -4.10284662       4.41483021      0.800000012    
        6878  -4.10707998       4.25684500      0.800000012    
        6880  -4.10002232       4.16755295      0.790000021    
        6882  -4.14756536       3.30829740      0.779999971    
        6884  -4.32721281       2.60610843      0.779999971    
        6886  -4.32049131       2.36874199      0.779999971    
        6888  -4.01444817       3.83189726      0.779999971    
        6890  -4.03898191       3.41963935      0.779999971    
        6892  -4.01567268       3.24952579      0.779999971    
        6894  -4.02585793       2.81483126      0.779999971    
        6896  -4.02958345       2.89865494      0.769999981    
        6898  -3.87390924       3.83795142      0.769999981    
        6900  -3.69887185       4.79373598      0.769999981    
        6902  -3.90447116       3.79113603      0.769999981    
        6904  -3.77441406       4.08023930      0.759999990    
        6906  -4.08070326       3.04881191      0.759999990    
        6908  -3.96871448       3.10242939      0.759999990    
        6910  -3.99063349       2.92521906      0.759999990    
        6912  -3.94342446       3.64669943      0.759999990    
        6914  -4.08231926       3.22603679      0.759999990    
        6916  -3.90756726       3.76881933      0.759999990    
        6918  -4.00523663       3.19710517      0.759999990    
        6920  -3.89899182       3.71229792      0.759999990    
        6922  -3.92571878       3.45264530      0.759999990    
        6924  -3.93686080       3.24037910      0.759999990    
        6926  -3.86643791       4.24208832      0.769999981    
        6928  -4.00573206       3.44113612      0.759999990    
        6930  -4.09275723       3.09711957      0.759999990    
        6932  -3.91622496       3.39867282      0.750000000    
        6934  -4.02261686       3.09771729      0.750000000    
        6936  -4.05221510       2.45307946      0.750000000    
        6938  -4.11767960       2.42457438      0.750000000    
        6940  -4.08550978       2.60563111      0.750000000    
        6942  -3.98459506       3.31222558      0.750000000    
        6944  -4.17881632       2.94295502      0.750000000    
        6946  -4.12470484       2.98000050      0.750000000    
        6948  -4.04388428       2.86906314      0.740000010    
        6950  -3.74919462       3.89738488      0.740000010    
        6952  -3.87043333       3.51649308      0.740000010    
        6954  -3.78130651       3.53504133      0.740000010    
        6956  -4.03845263       2.57849479      0.740000010    
        6958  -4.11162281       2.64793015      0.740000010    
        6960  -4.14332151       2.28068042      0.740000010    
        6962  -3.99008632       2.94347429      0.740000010    
        6964  -3.78009844       4.16876793      0.750000000    
        6966  -3.67467380       4.49476528      0.759999990    
        6968  -4.01684189       2.94561672      0.759999990    
        6970  -4.08511686       3.18893147      0.759999990    
        6972  -4.11772251       3.14790297      0.759999990    
        6974  -4.18499041       2.75566483      0.759999990    
        6976  -4.17612553       2.72367311      0.759999990    
        6978  -4.03958893       3.50324988      0.759999990    
        6980  -4.06098223       3.36759281      0.759999990    
        6982  -4.11863232       2.81942916      0.759999990    
        6984  -4.00465679       3.35674596      0.759999990    
        6986  -4.06033707       3.49097157      0.759999990    
        6988  -3.97801852       3.31921172      0.750000000    
        6990  -4.12206030       2.36759615      0.740000010    
        6992  -3.81148863       2.82969546      0.720000029    
        6994  -3.93979216       2.03449535      0.720000029    
        6996  -4.07569933       1.40887463      0.720000029    
        6998  -3.87834930       2.43254566      0.720000029    
        7000  -4.07980204       1.74934578      0.720000029    
        7002  -3.94838619       2.25605941      0.720000029    
        7004  -4.12865400       1.58145607      0.720000029    
        7006  -3.98730183       2.36423540      0.720000029    
        7008  -3.99937892       2.55229139      0.720000029    
        7010  -3.81958818       2.63349390      0.709999979    
        7012  -3.94542933       2.55930495      0.730000019    
        7014  -3.97117543       2.74103498      0.730000019    
        7016  -3.76360035       3.67517662      0.730000019    
        7018  -3.65806484       4.23853922      0.740000010    
        7020  -3.69630265       4.18813801      0.740000010    
        7022  -3.95633292       3.08465576      0.740000010    
        7024  -4.11193132       2.01222491      0.740000010    
        7026  -3.82091856       2.98749495      0.740000010    
        7028  -4.01546144       2.25212288      0.740000010    
        7030  -4.00695086       2.32384205      0.740000010    
        7032  -3.78447723       2.98356342      0.730000019    
        7034  -3.81698370       2.83173704      0.730000019    
        7036  -3.68860126       3.25024462      0.730000019    
        7038  -3.71283197       3.23089075      0.730000019    
        7040  -3.74351597       3.05314302      0.730000019    
        7042  -3.85718155       2.51739001      0.730000019    
        7044  -3.67131042       3.05260992      0.730000019    
        7046  -3.77475572       2.85661411      0.730000019    
        7048  -3.52430391       3.53728938      0.730000019    
        7050  -3.53148055       3.65436125      0.730000019    
        7052  -3.54438996       3.67966366      0.740000010    
        7054  -3.76804352       2.88017559      0.740000010    
        7056  -3.67454815       3.24288154      0.740000010    
        7058  -3.66090512       3.05255485      0.730000019    
        7060  -3.74316525       2.98732018      0.730000019    
        7062  -3.57886577       3.66935706      0.730000019    
        7064  -3.84568620       2.67072701      0.730000019    
        7066  -4.14671612       1.61728537      0.740000010    
        7068  -4.11028337       2.06012464      0.740000010    
        7070  -3.75250554       3.38267422      0.730000019    
        7072  -3.94563890       2.73704767      0.730000019    
        7074  -3.85591483       3.09644866      0.730000019    
        7076  -3.55399632       3.62347436      0.709999979    
        7078  -4.03959084       1.97784770      0.709999979    
        7080  -3.91845846       2.71136045      0.709999979    
        7082  -3.96369863       2.19793558      0.699999988    
        7084  -3.82313514       2.71834993      0.699999988    
        7086  -3.72272134       2.72439623      0.699999988    
        7088  -3.64476943       3.19119883      0.720000029    
        7090  -3.50171828       3.77619004      0.720000029    
        7092  -3.81225848       2.71242166      0.720000029    
        7094  -3.86241698       2.31202865      0.720000029    
        7096  -3.78313613       2.90078568      0.720000029    
        7098  -3.89033628       2.78539300      0.720000029    
        7100  -3.93304372       2.51038837      0.720000029    
        7102  -3.88166571       2.83299398      0.720000029    
        7104  -3.94398785       2.32348871      0.720000029    
        7106  -3.76654315       2.89769244      0.709999979    
        7108  -3.88109827       2.24221849      0.699999988    
        7110  -3.56447148       3.11692786      0.699999988    
        7112  -3.92458844       1.63511288      0.699999988    
        7114  -3.76367283       2.41771007      0.709999979    
        7116  -3.82910132       3.39824033      0.730000019    
        7118  -3.87069798       2.95275044      0.730000019    
        7120  -3.96249890       2.52879953      0.740000010    
        7122  -3.91958451       2.51772141      0.740000010    
        7124  -3.97321391       2.34612799      0.740000010    
        7126  -3.98986244       2.26915050      0.740000010    
        7128  -3.78010178       3.30957174      0.740000010    
        7130  -3.79895329       3.22658396      0.740000010    
        7132  -4.01146269       2.17480659      0.740000010    
        7134  -3.86053133       3.00620198      0.740000010    
        7136  -3.71704721       4.09897804      0.740000010    
        7138  -3.94480157       2.77045369      0.740000010    
        7140  -3.93557191       2.78548717      0.740000010    
        7142  -3.77253103       3.60537195      0.740000010    
        7144  -3.94208193       2.76858759      0.740000010    
        7146  -4.07510424       2.09911799      0.740000010    
        7148  -3.96325421       2.46537948      0.740000010    
        7150  -3.76264954       3.28357291      0.740000010    
        7152  -4.02263069       2.42597055      0.750000000    
        7154  -4.10543489       2.10000229      0.750000000    
        7156  -3.98881221       2.39119244      0.750000000    
        7158  -4.00842810       2.64786839      0.759999990    
        7160  -4.28303289       1.61534214      0.759999990    
        7162  -4.11874485       2.64256835      0.769999981    
        7164  -3.97543168       3.24810696      0.769999981    
        7166  -4.03365040       3.10065818      0.759999990    
        7168  -3.83072376       4.32784605      0.769999981    
        7170  -3.78329372       4.69453859      0.779999971    
        7172  -4.00990629       3.67896724      0.790000021    
        7174  -4.04599285       3.46946549      0.790000021    
        7176  -3.94870901       4.18429708      0.790000021    
        7178  -3.93622637       4.43653011      0.800000012    
        7180  -4.02897215       3.98280978      0.800000012    
        7182  -4.04762316       3.65627074      0.800000012    
        7184  -4.04232931       3.70354271      0.800000012    
        7186  -4.17408133       3.27222180      0.800000012    
        7188  -4.18248510       3.84725261      0.810000002    
        7190  -4.06353807       4.19480848      0.810000002    
        7192  -4.11153507       4.02409458      0.810000002    
        7194  -4.13494825       3.77623868      0.810000002    
        7196  -4.14693451       4.15042734      0.810000002    
        7198  -4.21427441       3.93336916      0.810000002    
        7200  -4.22369814       3.76983476      0.810000002    
        7202  -4.34103251       2.76688409      0.810000002    
        7204  -4.10516644       4.16748524      0.810000002    
        7206  -4.44992828       3.04983091      0.810000002    
        7208  -4.53378725       3.00182271      0.810000002    
        7210  -4.41611099       3.00984478      0.810000002    
        7212  -4.52962446       2.48501873      0.810000002    
        7214  -4.54515505       2.33914185      0.810000002    
        7216  -4.43254042       2.69918108      0.810000002    
        7218  -4.58060455       2.26292706      0.810000002    
        7220  -4.40362453       3.11543036      0.810000002    
        7222  -4.34156799       3.84733152      0.819999993    
        7224  -4.48335934       3.17523050      0.819999993    
        7226  -4.46814966       2.94522572      0.819999993    
        7228  -4.16447926       4.13383675      0.819999993    
        7230  -4.28443670       3.40063143      0.810000002    
        7232  -4.40424204       2.81623960      0.810000002    
        7234  -4.22904539       3.46406031      0.810000002    
        7236  -4.23189068       3.26611257      0.810000002    
        7238  -4.30359316       2.87231874      0.810000002    
        7240  -4.18138313       3.46275377      0.810000002    
        7242  -4.13127327       3.80471110      0.810000002    
        7244  -4.13917398       4.33409595      0.810000002    
        7246  -4.00355291       4.48931122      0.810000002    
        7248  -4.00761557       4.30064201      0.810000002    
        7250  -4.17307186       3.38526416      0.810000002    
        7252  -4.00013018       4.36479521      0.810000002    
        7254  -3.79202199       5.24864578      0.810000002    
        7256  -4.09609127       3.89057565      0.810000002    
        7258  -4.00305939       4.41875410      0.800000012    
        7260  -3.97336912       4.54086876      0.800000012    
        7262  -4.13559055       3.87751436      0.800000012    
        7264  -4.13613224       4.34655905      0.810000002    
        7266  -4.12968445       4.72616053      0.810000002    
        7268  -4.26982498       3.43134594      0.800000012    
        7270  -4.11726284       3.88690305      0.800000012    
        7272  -4.30957842       2.92004156      0.800000012    
        7274  -4.28382874       3.10640597      0.800000012    
        7276  -4.06040716       3.60537672      0.800000012    
        7278  -4.04749155       3.89996243      0.800000012    
        7280  -3.98326659       4.53646564      0.800000012    
        7282  -4.21883297       3.39138007      0.810000002    
        7284  -4.00469446       4.42270994      0.819999993    
        7286  -4.08504438       4.35866690      0.819999993    
        7288  -4.36830330       3.53398609      0.819999993    
        7290  -4.13677263       4.45430517      0.819999993    
        7292  -4.07288599       4.76848412      0.819999993    
        7294  -4.08197689       4.65633535      0.819999993    
        7296  -4.12000275       4.19437313      0.810000002    
        7298  -4.45599890       2.55243587      0.810000002    
        7300  -4.56850815       2.25786757      0.810000002    
        7302  -4.39134407       3.07931232      0.810000002    
        7304  -4.34469509       2.73732591      0.810000002    
        7306  -4.34975958       3.02808261      0.810000002    
        7308  -4.38244820       2.75555730      0.810000002    
        7310  -4.35263205       3.02113414      0.810000002    
        7312  -4.21953344       3.57373548      0.810000002    
        7314  -4.29104519       3.02677059      0.810000002    
        7316  -4.05747795       4.06734610      0.810000002    
        7318  -3.96333551       4.34962368      0.810000002    
        7320  -4.11224222       3.98491001      0.810000002    
        7322  -4.08930302       4.02344513      0.810000002    
        7324  -4.35217667       2.97119403      0.810000002    
        7326  -4.29403353       3.34643054      0.810000002    
        7328  -4.22480440       3.27937150      0.800000012    
        7330  -4.20163965       3.23100185      0.800000012    
        7332  -4.19601774       3.28051925      0.800000012    
        7334  -4.04788685       4.15583658      0.800000012    
        7336  -3.94481182       4.39771795      0.800000012    
        7338  -4.05437660       3.56442952      0.790000021    
        7340  -3.93816328       3.92011595      0.779999971    
        7342  -3.96138930       3.99280477      0.779999971    
        7344  -3.89168048       4.08399439      0.779999971    
        7346  -3.84946489       4.34554863      0.779999971    
        7348  -3.62485051       5.26772738      0.779999971    
        7350  -4.04273129       3.52002215      0.779999971    
        7352  -4.28167677       2.52347398      0.779999971    
        7354  -4.21414375       2.98911715      0.779999971    
        7356  -3.88646603       3.51599216      0.759999990    
        7358  -4.06899023       3.01400661      0.759999990    
        7360  -4.01582098       3.07958603      0.759999990    
        7362  -4.07705593       3.36017632      0.769999981    
        7364  -3.85227036       4.21235085      0.769999981    
        7366  -3.85148191       4.50627565      0.779999971    
        7368  -3.88752675       4.55665874      0.779999971    
        7370  -3.94973803       4.62777233      0.769999981    
        7372  -3.85700011       5.55533695      0.779999971    
        7374  -4.04607582       4.33726072      0.779999971    
        7376  -4.13639259       3.63176203      0.769999981    
        7378  -4.10213232       3.44642353      0.769999981    
        7380  -3.91527534       4.19618607      0.769999981    
        7382  -4.03751469       4.09025669      0.769999981    
        7384  -4.10309458       3.88994956      0.769999981    
        7386  -4.28140879       3.26401067      0.769999981    
        7388  -4.22219133       3.27327108      0.769999981    
        7390  -4.24953890       2.95263529      0.769999981    
        7392  -4.10390854       3.44757128      0.769999981    
        7394  -4.03948927       3.91892242      0.769999981    
        7396  -4.10323381       2.92034936      0.759999990    
        7398  -4.01135540       3.31208777      0.759999990    
        7400  -3.88555646       3.96504951      0.769999981    
        7402  -3.76824427       4.25627851      0.769999981    
        7404  -3.99013114       3.23532796      0.759999990    
        7406  -4.13422108       2.84583497      0.769999981    
        7408  -4.13429737       2.71763587      0.769999981    
        7410  -4.02255106       3.09628224      0.769999981    
        7412  -3.90170455       3.67940211      0.769999981    
        7414  -3.98355293       3.38261652      0.769999981    
        7416  -3.68413949       4.60458803      0.779999971    
        7418  -3.72729564       4.44339657      0.779999971    
        7420  -3.71114683       4.95113707      0.779999971    
        7422  -4.03819466       3.65689969      0.779999971    
        7424  -4.24395800       2.79832911      0.779999971    
        7426  -4.32716513       2.70985579      0.779999971    
        7428  -3.94667363       4.50276566      0.779999971    
        7430  -4.05883455       3.68940353      0.779999971    
        7432  -3.87329650       4.23737717      0.779999971    
        7434  -4.15034628       2.92003036      0.779999971    
        7436  -4.11991453       3.31325102      0.779999971    
        7438  -4.23539114       2.95741487      0.779999971    
        7440  -4.14316654       3.05859351      0.779999971    
        7442  -4.04819250       3.33416414      0.779999971    
        7444  -4.07822609       3.19727111      0.779999971    
        7446  -4.13615942       3.01857924      0.779999971    
        7448  -3.95567775       3.84754443      0.779999971    
        7450  -4.05951166       3.38978028      0.779999971    
        7452  -4.16101646       2.94261980      0.779999971    
        7454  -3.88010359       4.01009703      0.779999971    
        7456  -3.94678044       3.91556621      0.790000021    
        7458  -4.08577061       3.48858452      0.790000021    
        7460  -3.98086619       4.01572180      0.790000021    
        7462  -4.19757509       2.75628376      0.790000021    
        7464  -3.91009831       4.09715176      0.790000021    
        7466  -4.00449467       4.18450165      0.800000012    
        7468  -4.17241955       3.24974632      0.800000012    
        7470  -4.22168303       3.10367298      0.790000021    
        7472  -4.14205551       3.19387770      0.790000021    
        7474  -4.40296268       2.49632645      0.790000021    
        7476  -4.31907034       2.91231847      0.790000021    
        7478  -4.17149162       3.35249662      0.790000021    
        7480  -4.24119902       2.73755646      0.790000021    
        7482  -4.07206392       3.11990023      0.779999971    
        7484  -4.18690014       2.86666059      0.779999971    
        7486  -3.90159202       4.43564701      0.790000021    
        7488  -4.16991758       2.99665737      0.779999971    
        7490  -4.29597473       2.63015723      0.790000021    
        7492  -4.05642462       3.85065460      0.790000021    
        7494  -4.08598185       4.18791723      0.800000012    
        7496  -4.20147133       3.78437567      0.800000012    
        7498  -3.81718302       4.58088017      0.779999971    
        7500  -3.84005761       4.67402029      0.779999971    
        7502  -3.86329746       4.41105032      0.769999981    
        7504  -3.89071727       4.35824013      0.769999981    
        7506  -3.99849272       3.95279217      0.769999981    
        7508  -3.95603561       3.80620956      0.769999981    
        7510  -4.04707670       3.61234665      0.769999981    
        7512  -3.97023749       3.97561049      0.769999981    
        7514  -3.82001948       4.01672935      0.750000000    
        7516  -3.94315076       3.20942831      0.740000010    
        7518  -3.85732603       3.63554692      0.750000000    
        7520  -3.59687304       4.58698368      0.750000000    
        7522  -3.73274708       3.91389942      0.740000010    
        7524  -3.68175173       3.98748493      0.740000010    
        7526  -3.94991493       3.10878086      0.740000010    
        7528  -3.96585059       3.01410365      0.740000010    
        7530  -4.07658100       2.46758652      0.740000010    
        7532  -4.12158966       1.96698916      0.740000010    
        7534  -4.21302032       1.99580240      0.740000010    
        7536  -4.03871298       2.70551109      0.740000010    
        7538  -3.85776949       3.27110195      0.740000010    
        7540  -3.55846524       4.65080452      0.750000000    
        7542  -4.05168581       2.53627348      0.750000000    
        7544  -3.86384034       2.95037341      0.750000000    
        7546  -3.91241741       2.61557364      0.750000000    
        7548  -3.99726772       2.85951138      0.759999990    
        7550  -3.80045867       3.40310025      0.759999990    
        7552  -3.92207932       3.12029934      0.759999990    
        7554  -3.95142531       2.66625595      0.759999990    
        7556  -4.12345648       2.40317202      0.769999981    
        7558  -3.97572851       2.95762849      0.769999981    
        7560  -4.16730213       2.05644464      0.769999981    
        7562  -3.85561585       3.31430411      0.769999981    
        7564  -4.20895863       1.67039025      0.769999981    
        7566  -4.21021271       1.67828178      0.769999981    
        7568  -3.99324536       2.56203723      0.769999981    
        7570  -3.74019074       3.75450087      0.769999981    
        7572  -3.73448634       3.85983801      0.769999981    
        7574  -3.80758095       3.60171914      0.769999981    
        7576  -3.96000099       3.27066731      0.769999981    
        7578  -3.78898787       4.00064087      0.769999981    
        7580  -4.02421188       3.51013184      0.779999971    
        7582  -3.96714544       3.73195744      0.779999971    
        7584  -3.89478779       4.08995008      0.779999971    
        7586  -3.82054305       4.60280800      0.779999971    
        7588  -4.10957766       2.63318920      0.769999981    
        7590  -4.22241545       2.11384106      0.769999981    
        7592  -4.29516506       2.13247180      0.769999981    
        7594  -3.83095217       4.21983624      0.769999981    
        7596  -3.75014448       4.61404133      0.769999981    
        7598  -3.96644711       3.51558852      0.769999981    
        7600  -4.00857925       3.32775855      0.769999981    
        7602  -3.99285817       3.63609958      0.779999971    
        7604  -4.02938843       3.59108686      0.779999971    
        7606  -4.01024055       3.83877897      0.779999971    
        7608  -3.73910427       5.05534792      0.779999971    
        7610  -4.01134109       3.81952190      0.779999971    
        7612  -3.98170853       3.63243032      0.769999981    
        7614  -3.84782624       4.34082747      0.779999971    
        7616  -3.98228621       3.45422816      0.779999971    
        7618  -3.94652319       3.69692469      0.779999971    
        7620  -3.93040013       3.96270847      0.779999971    
        7622  -3.77976274       4.16431999      0.769999981    
        7624  -4.04686403       2.98092651      0.769999981    
        7626  -4.00577450       3.09444857      0.769999981    
        7628  -4.02833271       3.16074395      0.769999981    
        7630  -3.90925622       3.40337849      0.769999981    
        7632  -4.15147161       2.07012129      0.759999990    
        7634  -4.14180088       2.24057317      0.759999990    
        7636  -4.07297468       2.30494237      0.759999990    
        7638  -4.13924980       2.11669898      0.759999990    
        7640  -4.09896946       2.39006686      0.759999990    
        7642  -3.90778685       3.34645844      0.759999990    
        7644  -3.93454313       2.80447888      0.759999990    
        7646  -3.88199782       3.06412172      0.759999990    
        7648  -3.97360015       2.88689375      0.769999981    
        7650  -4.00258303       2.91578197      0.769999981    
        7652  -3.82592893       3.77719188      0.769999981    
        7654  -3.93189907       3.25665379      0.769999981    
        7656  -3.99194241       2.81408000      0.769999981    
        7658  -4.00798273       2.57438278      0.759999990    
        7660  -4.01280403       2.67984605      0.759999990    
        7662  -3.97752714       2.80117750      0.759999990    
        7664  -3.75445962       4.33984518      0.779999971    
        7666  -4.09213257       3.04723501      0.779999971    
        7668  -3.96745777       3.97407627      0.779999971    
        7670  -3.78322625       4.59408236      0.779999971    
        7672  -3.54886007       5.51869869      0.779999971    
        7674  -3.93113041       3.93341470      0.779999971    
        7676  -4.05093288       3.05424094      0.769999981    
        7678  -3.97672462       3.37744498      0.769999981    
        7680  -4.03712177       2.92061591      0.769999981    
        7682  -4.03826761       2.53012896      0.769999981    
        7684  -4.09617949       2.63257980      0.769999981    
        7686  -4.00216913       3.02827811      0.769999981    
        7688  -3.66069269       4.68494558      0.769999981    
        7690  -4.02716541       2.98458099      0.769999981    
        7692  -4.04419899       3.11925745      0.769999981    
        7694  -3.99813128       3.44550538      0.769999981    
        7696  -4.09127712       2.75145483      0.769999981    
        7698  -4.07871342       2.77439094      0.769999981    
        7700  -3.82048535       3.86630607      0.769999981    
        7702  -3.77642369       4.04947281      0.769999981    
        7704  -4.18863010       2.00946093      0.759999990    
        7706  -4.01780033       2.74330258      0.759999990    
        7708  -4.00224209       3.27558494      0.779999971    
        7710  -4.16295242       2.84595633      0.769999981    
        7712  -4.16991043       2.67788982      0.769999981    
        7714  -4.13079119       3.05214834      0.779999971    
        7716  -4.03213310       3.35039759      0.769999981    
        7718  -4.17402792       2.63816714      0.769999981    
        7720  -4.11605692       3.01689935      0.769999981    
        7722  -3.85278773       3.38993263      0.759999990    
        7724  -3.79428005       3.43037224      0.759999990    
        7726  -4.00337124       2.66960979      0.759999990    
        7728  -4.02885962       2.71860075      0.769999981    
        7730  -4.14876461       2.64990187      0.769999981    
        7732  -4.20891333       2.21025062      0.769999981    
        7734  -4.15039825       2.38471246      0.779999971    
        7736  -4.09293175       3.09178829      0.779999971    
        7738  -4.19876862       2.75709414      0.779999971    
        7740  -3.74582481       4.79910517      0.779999971    
        7742  -3.69289327       5.13523722      0.779999971    
        7744  -3.44156837       6.24513054      0.790000021    
        7746  -3.80614161       3.80535388      0.769999981    
        7748  -3.88568783       3.13239956      0.759999990    
        7750  -3.78891277       3.67944932      0.759999990    
        7752  -3.88206959       3.11473536      0.759999990    
        7754  -3.73120093       4.10472202      0.759999990    
        7756  -3.76255178       3.94099879      0.759999990    
        7758  -3.91487765       3.14544988      0.759999990    
        7760  -3.77825785       3.43774843      0.750000000    
        7762  -3.96167564       3.34704828      0.759999990    
        7764  -3.88865352       3.49289966      0.759999990    
        7766  -3.88619494       3.07031441      0.759999990    
        7768  -3.98271966       3.29399252      0.759999990    
        7770  -3.73671126       4.50912905      0.759999990    
        7772  -3.73771524       3.35874581      0.750000000    
        7774  -3.77411437       3.11309648      0.750000000    
        7776  -4.04793549       2.24180317      0.750000000    
        7778  -3.99992204       2.44654822      0.750000000    
        7780  -3.86662889       2.82775259      0.750000000    
        7782  -3.90113711       2.25495315      0.740000010    
        7784  -3.98088169       2.01272082      0.740000010    
        7786  -4.01017523       1.64236426      0.730000019    
        7788  -3.83763409       2.39733338      0.730000019    
        7790  -3.40528107       3.97432661      0.720000029    
        7792  -3.90049005       2.35518861      0.730000019    
        7794  -4.08964539       1.51403332      0.740000010    
        7796  -4.24064112      0.994781852      0.740000010    
        7798  -3.99240375       1.93908465      0.740000010    
        7800  -3.86530399       2.89697814      0.750000000    
        7802  -3.54488659       4.23654890      0.750000000    
        7804  -3.71952748       2.94422650      0.740000010    
        7806  -3.73651218       2.39423943      0.720000029    
        7808  -3.63227606       3.14229822      0.720000029    
        7810  -3.55121851       3.11525369      0.720000029    
        7812  -3.79454541       2.29090691      0.720000029    
        7814  -3.78764725       2.71382809      0.730000019    
        7816  -4.00295734       1.97236443      0.730000019    
        7818  -3.56347632       4.24801111      0.740000010    
        7820  -3.96709204       2.37071133      0.730000019    
        7822  -3.87317204       2.96650863      0.730000019    
        7824  -3.78005767       3.30882096      0.730000019    
        7826  -4.17940760       1.91102016      0.730000019    
        7828  -3.92208910       2.96667004      0.730000019    
        7830  -3.64223289       3.66081047      0.730000019    
        7832  -3.85243106       2.38703227      0.720000029    
        7834  -3.75431514       2.55004048      0.720000029    
        7836  -3.71681833       3.12815785      0.730000019    
        7838  -3.83795667       2.92548060      0.730000019    
        7840  -3.66960597       3.19295716      0.720000029    
        7842  -3.81593823       2.41962218      0.720000029    
        7844  -3.98667741       2.04421020      0.720000029    
        7846  -3.98395395       2.05379605      0.720000029    
        7848  -4.08358288       1.46102059      0.720000029    
        7850  -3.91874313       2.04400992      0.720000029    
        7852  -3.59546590       3.27951455      0.720000029    
        7854  -3.77701712       2.52483773      0.720000029    
        7856  -3.84209013       2.43337488      0.720000029    
        7858  -3.79004788       2.94236326      0.720000029    
        7860  -3.76529217       3.09130573      0.720000029    
        7862  -3.73359585       3.46405029      0.720000029    
        7864  -3.73877764       3.34326243      0.730000019    
        7866  -3.87752771       3.11852741      0.730000019    
        7868  -4.04507065       2.23369765      0.730000019    
        7870  -3.71017885       3.81474018      0.740000010    
        7872  -3.68739581       3.98617005      0.740000010    
        7874  -3.86650753       3.42828298      0.750000000    
        7876  -3.77273560       4.26708651      0.750000000    
        7878  -3.83981061       4.38640213      0.769999981    
        7880  -3.89364791       4.10542154      0.769999981    
        7882  -3.62391233       5.36203671      0.769999981    
        7884  -3.80916262       4.59056520      0.769999981    
        7886  -3.91948009       4.66474915      0.779999971    
        7888  -3.84472156       4.73532724      0.779999971    
        7890  -3.62877035       5.81665277      0.779999971    
        7892  -3.65954137       5.54964352      0.779999971    
        7894  -3.99491906       4.41259861      0.779999971    
        7896  -4.22332621       3.31693244      0.779999971    
        7898  -4.18056536       3.63043022      0.779999971    
        7900  -4.16986561       3.18083000      0.779999971    
        7902  -3.97181964       5.06996059      0.800000012    
        7904  -4.09135914       4.56026840      0.800000012    
        7906  -3.98393989       4.73122358      0.800000012    
        7908  -4.00392866       4.31191778      0.800000012    
        7910  -4.15825462       3.79615831      0.800000012    
        7912  -4.08937550       4.05235529      0.800000012    
        7914  -4.09410191       4.02597427      0.800000012    
        7916  -4.41005468       2.64830947      0.800000012    
        7918  -4.27294254       3.40041637      0.800000012    
        7920  -4.03568459       4.52685022      0.800000012    
        7922  -4.20472860       4.02827740      0.800000012    
        7924  -3.96537304       5.14924860      0.810000002    
        7926  -3.85383296       5.43003464      0.810000002    
        7928  -4.04881620       4.93720484      0.810000002    
        7930  -3.88188386       5.44694281      0.800000012    
        7932  -3.98470616       4.78938103      0.800000012    
        7934  -4.05106020       4.28369427      0.800000012    
        7936  -4.04848433       4.04115582      0.800000012    
        7938  -4.03943872       3.62074518      0.800000012    
        7940  -3.93836689       4.05760813      0.790000021    
        7942  -3.80154610       4.83491993      0.790000021    
        7944  -3.88985419       4.47743177      0.790000021    
        7946  -3.93032670       4.28144789      0.790000021    
        7948  -3.93557549       4.24886036      0.790000021    
        7950  -3.90442443       4.37993574      0.790000021    
        7952  -4.14948368       3.70222950      0.790000021    
        7954  -4.27777433       3.08631182      0.790000021    
        7956  -3.97485876       4.34841108      0.790000021    
        7958  -3.88827252       4.71174669      0.790000021    
        7960  -3.98830843       4.40363216      0.790000021    
        7962  -4.06594992       3.81467223      0.790000021    
        7964  -4.05558777       4.18451452      0.790000021    
        7966  -4.02808475       4.13165140      0.790000021    
        7968  -4.02129841       3.99506164      0.790000021    
        7970  -3.86419630       4.77008200      0.800000012    
        7972  -4.01578283       4.03002644      0.800000012    
        7974  -4.07576227       4.02565002      0.800000012    
        7976  -3.98790169       4.00419521      0.790000021    
        7978  -3.93581843       4.07102489      0.800000012    
        7980  -3.83801270       4.44478798      0.800000012    
        7982  -3.73031902       5.10488558      0.800000012    
        7984  -3.97480989       4.16580820      0.810000002    
        7986  -3.80322409       4.97774553      0.810000002    
        7988  -3.93628883       4.26434469      0.810000002    
        7990  -3.95500469       3.97744703      0.810000002    
        7992  -3.87759757       4.63432789      0.810000002    
        7994  -3.98044753       4.00794744      0.800000012    
        7996  -3.75223613       5.52596855      0.810000002    
        7998  -3.88797498       4.58484697      0.810000002    
        8000  -3.86149788       4.10905886      0.790000021    
        8002  -3.94309235       3.92656136      0.790000021    
        8004  -3.98406839       4.05348206      0.790000021    
        8006  -4.07424641       3.23893452      0.779999971    
        8008  -4.02543068       3.44563627      0.779999971    
        8010  -3.73942041       4.98577976      0.779999971    
        8012  -3.67149663       4.88167810      0.769999981    
        8014  -3.80313659       5.31242657      0.800000012    
        8016  -3.90200043       4.92104483      0.800000012    
        8018  -4.01666307       4.53460455      0.800000012    
        8020  -3.95364022       4.48486757      0.800000012    
        8022  -3.78906703       5.45290709      0.810000002    
        8024  -4.32658291       3.06744862      0.810000002    
        8026  -4.20212507       3.66868496      0.810000002    
        8028  -4.12861538       3.96440625      0.810000002    
        8030  -4.11157084       3.58833361      0.800000012    
        8032  -3.77871180       5.01518250      0.800000012    
        8034  -3.95453405       4.21808863      0.800000012    
        8036  -4.18514967       3.23206401      0.800000012    
        8038  -3.96051764       4.10369873      0.800000012    
        8040  -4.00262833       4.16380405      0.800000012    
        8042  -4.13480377       3.48751593      0.800000012    
        8044  -4.26318455       3.04558539      0.800000012    
        8046  -4.30704355       2.85177445      0.800000012    
        8048  -4.16677237       2.99033403      0.790000021    
        8050  -4.28575659       2.49828458      0.790000021    
        8052  -4.22941351       2.53003407      0.790000021    
        8054  -4.32459831       2.08462906      0.790000021    
        8056  -3.97559977       4.10761786      0.790000021    
        8058  -4.01782799       3.56230235      0.790000021    
        8060  -3.85719490       4.90146065      0.800000012    
        8062  -4.06903982       4.37898684      0.810000002    
        8064  -4.07056379       3.89449072      0.800000012    
        8066  -4.04305553       4.06309891      0.800000012    
        8068  -4.24394274       2.87370872      0.800000012    
        8070  -4.00922394       3.89233732      0.800000012    
        8072  -4.18563366       3.10557199      0.810000002    
        8074  -4.01260662       3.75300598      0.810000002    
        8076  -4.15679359       3.17494845      0.810000002    
        8078  -4.13105822       3.44794154      0.810000002    
        8080  -3.98821592       3.57122540      0.800000012    
        8082  -4.03196096       3.31575418      0.800000012    
        8084  -4.28925180       2.31873918      0.800000012    
        8086  -4.39130068       2.17873669      0.800000012    
        8088  -4.23949099       2.92479849      0.800000012    
        8090  -4.17270565       2.77044082      0.790000021    
        8092  -3.96164274       3.95645666      0.800000012    
        8094  -4.05909824       3.47498250      0.800000012    
        8096  -3.81149507       4.26745605      0.800000012    
        8098  -4.03676271       3.85366964      0.810000002    
        8100  -4.06012201       3.76547980      0.810000002    
        8102  -4.04153156       3.76022935      0.800000012    
        8104  -4.06377983       3.56873059      0.800000012    
        8106  -3.97703695       3.86583424      0.800000012    
        8108  -4.08298445       3.22613168      0.800000012    
        8110  -4.06637192       3.66740513      0.800000012    
        8112  -4.11174822       3.69528413      0.800000012    
        8114  -4.12284517       3.58499813      0.800000012    
        8116  -4.08026695       4.09792662      0.800000012    
        8118  -3.85960078       5.09766674      0.800000012    
        8120  -3.87137723       5.18833208      0.810000002    
        8122  -3.93237090       5.11447287      0.810000002    
        8124  -3.97139382       4.89466619      0.810000002    
        8126  -4.02305412       4.26590014      0.800000012    
        8128  -4.05637646       4.03501844      0.800000012    
        8130  -4.35969162       2.98005605      0.800000012    
        8132  -4.40701675       2.99445605      0.800000012    
        8134  -3.99564052       4.56031132      0.800000012    
        8136  -3.97657561       4.67779636      0.800000012    
        8138  -4.00473309       4.35404301      0.800000012    
        8140  -4.04199600       3.93166018      0.790000021    
        8142  -4.03032827       4.15482378      0.790000021    
        8144  -3.94616771       4.12621546      0.790000021    
        8146  -3.90615582       4.37198782      0.790000021    
        8148  -3.81532621       4.66769266      0.790000021    
        8150  -4.06228209       3.57519531      0.790000021    
        8152  -4.16389465       2.83324218      0.790000021    
        8154  -3.76931500       4.48751307      0.790000021    
        8156  -4.17681503       3.02069163      0.790000021    
        8158  -3.83007479       4.29401302      0.790000021    
        8160  -4.05550432       3.40839171      0.790000021    
        8162  -3.92523980       4.06798077      0.790000021    
        8164  -4.11078215       3.35559034      0.790000021    
        8166  -3.98859239       4.01013041      0.790000021    
        8168  -4.03891468       3.99263263      0.790000021    
        8170  -3.81342983       4.77739763      0.779999971    
        8172  -3.92861891       4.22410107      0.769999981    
        8174  -3.89795709       4.51608038      0.769999981    
        8176  -4.12422943       3.30054736      0.769999981    
        8178  -4.02680445       3.47268414      0.769999981    
        8180  -3.97530127       3.69372535      0.769999981    
        8182  -4.11061764       2.97393036      0.769999981    
        8184  -3.97753406       3.74190354      0.769999981    
        8186  -3.88856268       3.83270669      0.769999981    
        8188  -3.96397781       3.45210385      0.769999981    
        8190  -4.12402201       2.45357561      0.759999990    
        8192  -4.27078199       1.89894998      0.769999981    
        8194  -4.13395452       2.78872728      0.769999981    
        8196  -4.18011045       2.52365065      0.769999981    
        8198  -3.92408943       3.48653817      0.759999990    
        8200  -3.84347272       3.83706498      0.759999990    
        8202  -3.98307180       3.45390344      0.759999990    
        8204  -4.02624083       3.25431275      0.759999990    
        8206  -3.76849866       4.18335342      0.759999990    
        8208  -3.77021766       4.00263071      0.759999990    
        8210  -3.91907048       3.43478251      0.759999990    
        8212  -3.92188358       3.45632434      0.759999990    
        8214  -4.02578163       3.02741647      0.759999990    
        8216  -3.71161151       4.15055656      0.759999990    
        8218  -3.88427138       3.30124235      0.759999990    
        8220  -3.76127911       3.92750454      0.759999990    
        8222  -3.86341095       3.41941714      0.750000000    
        8224  -3.98990297       2.78915501      0.750000000    
        8226  -3.97748208       2.38562179      0.740000010    
        8228  -3.98274159       2.39698553      0.740000010    
        8230  -3.93143487       2.94170380      0.740000010    
        8232  -3.82312799       3.45047021      0.740000010    
        8234  -4.11610556       2.02034569      0.740000010    
        8236  -4.00515556       2.48142290      0.740000010    
        8238  -4.00937319       2.62708712      0.740000010    
        8240  -3.99792314       3.19562006      0.750000000    
        8242  -3.70193172       4.35363436      0.750000000    
        8244  -3.90586758       3.79191279      0.750000000    
        8246  -4.11852980       2.54327345      0.750000000    
        8248  -4.01494026       2.55647159      0.750000000    
        8250  -4.13420296       2.46785831      0.759999990    
        8252  -4.17332983       2.42799449      0.759999990    
        8254  -4.33884573       1.62344599      0.759999990    
        8256  -4.07309675       2.92360091      0.759999990    
        8258  -4.21234179       2.48562622      0.759999990    
        8260  -4.16033602       2.47406244      0.759999990    
        8262  -4.00721169       3.42482805      0.759999990    
        8264  -4.29350853       2.25386071      0.759999990    
        8266  -4.18987513       2.90701246      0.769999981    
        8268  -3.97327685       3.67313695      0.779999971    
        8270  -4.07332277       2.92453432      0.769999981    
        8272  -4.04955912       3.16403317      0.769999981    
        8274  -3.86409688       3.83359075      0.759999990    
        8276  -3.96087718       3.63161373      0.769999981    
        8278  -3.89012384       3.74105525      0.769999981    
        8280  -3.97942996       3.55328393      0.769999981    
        8282  -4.12970638       2.59331465      0.769999981    
        8284  -4.24569082       2.00506210      0.769999981    
        8286  -4.09560728       2.65628886      0.769999981    
        8288  -3.94646311       2.90601778      0.759999990    
        8290  -3.85575676       3.19181681      0.759999990    
        8292  -3.94594073       2.89784789      0.759999990    
        8294  -4.02823973       2.69922352      0.759999990    
        8296  -3.76819587       4.32438850      0.769999981    
        8298  -3.99292588       3.08814287      0.759999990    
        8300  -4.09677267       2.36999393      0.759999990    
        8302  -4.24407101       2.09853697      0.769999981    
        8304  -4.10356808       2.54764438      0.759999990    
        8306  -3.90604854       3.16449523      0.759999990    
        8308  -3.60485244       4.71995258      0.759999990    
        8310  -3.62389398       4.58530045      0.769999981    
        8312  -3.74420738       3.18760872      0.750000000    
        8314  -3.54335618       4.18038988      0.750000000    
        8316  -3.53103948       3.29476500      0.730000019    
        8318  -3.64244008       2.99755931      0.730000019    
        8320  -3.54992604       3.42226720      0.730000019    
        8322  -3.64931583       3.03582406      0.730000019    
        8324  -3.79876804       2.05843139      0.730000019    
        8326  -3.66224241       2.91228461      0.730000019    
        8328  -3.67138863       2.87952113      0.730000019    
        8330  -3.83772206       2.38301420      0.730000019    
        8332  -3.59042549       3.40179038      0.730000019    
        8334  -3.60347700       3.37341785      0.730000019    
        8336  -3.75429153       2.99804926      0.740000010    
        8338  -3.92319536       2.03858066      0.740000010    
        8340  -3.85536575       2.44677830      0.740000010    
        8342  -3.80731964       2.81616759      0.740000010    
        8344  -3.71236968       3.36746812      0.750000000    
        8346  -3.58397102       4.05956268      0.750000000    
        8348  -3.78395319       3.46826506      0.750000000    
        8350  -3.76978731       3.42205715      0.750000000    
        8352  -4.00308037       2.00531459      0.730000019    
        8354  -3.75795507       2.97502255      0.730000019    
        8356  -3.51250935       3.55795574      0.720000029    
        8358  -3.35072947       4.55205631      0.730000019    
        8360  -3.56643319       4.10087681      0.740000010    
        8362  -3.82237911       2.90104866      0.740000010    
        8364  -3.58335495       3.68836117      0.740000010    
        8366  -3.69839787       3.51766467      0.740000010    
        8368  -4.11657524       1.57827699      0.740000010    
        8370  -3.97935820       2.36309743      0.740000010    
        8372  -3.88566542       2.62790346      0.740000010    
        8374  -3.81786656       2.67276740      0.740000010    
        8376  -3.78175879       3.14835739      0.740000010    
        8378  -3.78755736       3.07718801      0.740000010    
        8380  -3.78043532       2.94324064      0.740000010    
        8382  -4.02195406       1.66467607      0.740000010    
        8384  -3.93695712       2.02689743      0.740000010    
        8386  -3.92616749       1.96742117      0.740000010    
        8388  -3.78107691       2.88388562      0.750000000    
        8390  -3.85630083       2.95950985      0.759999990    
        8392  -4.08497953       2.15965605      0.759999990    
        8394  -3.74662232       3.46585751      0.759999990    
        8396  -4.23382711       1.23563981      0.759999990    
        8398  -3.97924471       2.29633212      0.759999990    
        8400  -3.96729779       2.82313538      0.759999990    
        8402  -3.99733019       2.48539925      0.759999990    
        8404  -4.12313604       2.03329730      0.759999990    
        8406  -3.88211894       3.13407683      0.759999990    
        8408  -4.05069923       2.78373194      0.759999990    
        8410  -3.90024042       3.33587265      0.759999990    
        8412  -3.92377377       2.89124179      0.759999990    
        8414  -3.73445010       4.04853344      0.759999990    
        8416  -3.90824127       3.27599740      0.750000000    
        8418  -3.94127369       3.33467388      0.750000000    
        8420  -3.75958157       4.01786995      0.740000010    
        8422  -3.52998924       4.86759758      0.740000010    
        8424  -3.58306003       4.75706577      0.740000010    
        8426  -3.73176765       4.28981590      0.750000000    
        8428  -3.80661511       3.55072379      0.750000000    
        8430  -3.85268831       3.56956124      0.750000000    
        8432  -4.04076481       3.03682852      0.759999990    
        8434  -4.00023890       3.11450839      0.759999990    
        8436  -3.84434748       3.51427579      0.750000000    
        8438  -4.00630617       2.92965293      0.750000000    
        8440  -4.02402210       2.99924517      0.750000000    
        8442  -4.13206863       2.68466711      0.750000000    
        8444  -4.32549906       1.92139339      0.750000000    
        8446  -4.24351072       2.01506186      0.750000000    
        8448  -3.80389667       3.74621034      0.750000000    
        8450  -3.72904396       3.91747546      0.750000000    
        8452  -3.59980774       4.18910551      0.750000000    
        8454  -3.75339174       3.97659230      0.759999990    
        8456  -4.08041048       2.58752608      0.759999990    
        8458  -4.02751827       2.88478279      0.759999990    
        8460  -4.25806332       1.71308064      0.759999990    
        8462  -3.95021629       3.04864216      0.759999990    
        8464  -3.59672999       4.16365337      0.750000000    
        8466  -3.68710685       3.60718393      0.740000010    
        8468  -3.67207479       2.90546870      0.730000019    
        8470  -3.88625550       2.10651159      0.730000019    
        8472  -3.69640565       2.18951845      0.709999979    
        8474  -3.89133072       1.65291989      0.709999979    
        8476  -3.78974915       2.32076502      0.709999979    
        8478  -3.87859869       1.79017365      0.709999979    
        8480  -3.81859350       1.89250576      0.699999988    
        8482  -3.79972076       2.01018643      0.699999988    
        8484  -3.89015651       1.36205101      0.699999988    
        8486  -3.80338264       1.75685859      0.689999998    
        8488  -3.69614553       2.14257526      0.689999998    
        8490  -3.75466323       2.03740191      0.689999998    
        8492  -3.72671366       1.99115992      0.689999998    
        8494  -3.90352774       2.47835231      0.730000019    
        8496  -4.11407757       1.60152578      0.730000019    
        8498  -3.73092866       3.41935587      0.740000010    
        8500  -3.87407255       2.66681743      0.740000010    
        8502  -3.85553980       2.27621150      0.730000019    
        8504  -3.86441875       1.85904181      0.730000019    
        8506  -3.67710376       2.87841892      0.730000019    
        8508  -3.67672467       3.10540462      0.730000019    
        8510  -3.88637447       1.96014178      0.720000029    
        8512  -4.05545378       1.07250226      0.720000029    
        8514  -3.81391883       1.76815283      0.720000029    
        8516  -3.81212330       2.15614605      0.730000019    
        8518  -3.70350194       2.30590630      0.730000019    
        8520  -3.90575624       2.03622890      0.740000010    
        8522  -3.98402381       1.86900461      0.740000010    
        8524  -4.01949501       2.42342138      0.750000000    
        8526  -4.04723883       2.41630769      0.750000000    
        8528  -3.94470072       2.91575933      0.750000000    
        8530  -4.04299688       2.69129324      0.750000000    
        8532  -3.89313936       3.54227090      0.750000000    
        8534  -3.92256546       2.79310060      0.750000000    
        8536  -3.88134313       2.88662171      0.750000000    
        8538  -3.72296381       3.74978924      0.759999990    
        8540  -3.89822125       2.92859578      0.759999990    
        8542  -3.95133257       3.21089482      0.769999981    
        8544  -3.83096266       3.68018293      0.759999990    
        8546  -3.64019203       4.11862469      0.759999990    
        8548  -3.87039852       3.08868623      0.759999990    
        8550  -3.82780528       3.22688937      0.759999990    
        8552  -3.81685710       3.15140390      0.759999990    
        8554  -3.85904098       3.02264714      0.759999990    
        8556  -3.76225638       3.70559359      0.759999990    
        8558  -3.64050674       4.01900387      0.759999990    
        8560  -3.77350402       3.65881610      0.759999990    
        8562  -3.74659395       3.65224361      0.759999990    
        8564  -4.00207853       2.54734302      0.759999990    
        8566  -4.04826212       2.14876413      0.759999990    
        8568  -3.83395576       3.01508212      0.759999990    
        8570  -3.83286023       2.67935252      0.750000000    
        8572  -3.93216658       2.98758602      0.750000000    
        8574  -3.92408156       3.21565676      0.750000000    
        8576  -3.78321624       3.53563309      0.750000000    
        8578  -3.97458291       2.79809928      0.759999990    
        8580  -3.97231746       2.72075367      0.750000000    
        8582  -3.91996121       3.01019955      0.750000000    
        8584  -3.83251429       3.60417295      0.750000000    
        8586  -3.76854467       3.42487669      0.750000000    
        8588  -3.77364922       3.65727949      0.759999990    
        8590  -3.98438597       3.32674479      0.759999990    
        8592  -3.88884544       3.70218682      0.759999990    
        8594  -4.00804472       3.29608750      0.750000000    
        8596  -3.90717673       3.69741940      0.750000000    
        8598  -3.61055946       5.38574886      0.759999990    
        8600  -3.98019862       4.32503033      0.769999981    
        8602  -4.25722122       2.95170498      0.769999981    
        8604  -4.25126982       3.12776303      0.769999981    
        8606  -4.08923769       3.67301297      0.769999981    
        8608  -4.04051352       4.22188044      0.779999971    
        8610  -3.99076891       4.48103571      0.779999971    
        8612  -4.20697451       3.88585353      0.790000021    
        8614  -4.22387791       3.81634569      0.790000021    
        8616  -4.07548904       4.47497368      0.790000021    
        8618  -4.22205734       3.16487837      0.779999971    
        8620  -4.19017410       3.44817162      0.779999971    
        8622  -4.08802032       3.71641231      0.769999981    
        8624  -4.02733898       4.33905554      0.769999981    
        8626  -4.13925934       3.50157523      0.769999981    
        8628  -4.10980844       3.39876652      0.769999981    
        8630  -4.11786509       3.53860855      0.769999981    
        8632  -3.96370506       3.79005456      0.769999981    
        8634  -3.91286755       4.22514296      0.769999981    
        8636  -4.09434080       3.02767062      0.769999981    
        8638  -3.92279625       4.01790380      0.779999971    
        8640  -4.07345104       3.12989450      0.769999981    
        8642  -4.01311493       3.44496131      0.769999981    
        8644  -3.80834651       4.15184307      0.769999981    
        8646  -4.17749023       2.73076653      0.769999981    
        8648  -3.78344679       4.80071497      0.779999971    
        8650  -3.73931050       5.06638241      0.779999971    
        8652  -4.04776049       3.71625328      0.779999971    
        8654  -4.00930023       3.71715164      0.779999971    
        8656  -3.99762678       4.07308626      0.779999971    
        8658  -3.86963916       4.86201859      0.779999971    
        8660  -4.00426006       4.42341805      0.779999971    
        8662  -4.04082870       4.03998995      0.779999971    
        8664  -3.98191381       4.17224693      0.779999971    
        8666  -4.44659805       2.26107430      0.790000021    
        8668  -4.30514479       3.06213307      0.790000021    
        8670  -4.17268133       3.41825151      0.790000021    
        8672  -4.08843946       3.95660257      0.790000021    
        8674  -4.00484037       3.99862933      0.790000021    
        8676  -4.13743639       3.10640407      0.790000021    
        8678  -4.14407921       3.25810766      0.790000021    
        8680  -3.95872331       3.90060544      0.790000021    
        8682  -3.97125053       3.84877777      0.790000021    
        8684  -3.98553181       3.82435846      0.790000021    
        8686  -3.90429497       4.31678724      0.790000021    
        8688  -4.09686613       3.50501919      0.790000021    
        8690  -4.05741358       3.55366373      0.790000021    
        8692  -3.81431580       4.38358164      0.790000021    
        8694  -4.08950424       3.49409008      0.790000021    
        8696  -4.17664146       2.67386365      0.769999981    
        8698  -4.07559919       3.01852608      0.769999981    
        8700  -4.05222607       3.15230656      0.769999981    
        8702  -4.00131655       3.53851295      0.769999981    
        8704  -4.01876450       2.85807633      0.759999990    
        8706  -4.08888531       2.35816383      0.759999990    
        8708  -4.07209301       2.40917397      0.759999990    
        8710  -4.10627508       2.16515875      0.759999990    
        8712  -4.14877415       2.09102368      0.759999990    
        8714  -4.24351501       1.94167328      0.759999990    
        8716  -4.08833694       2.60765815      0.759999990    
        8718  -4.07847595       2.63636923      0.759999990    
        8720  -3.88238549       3.52971888      0.759999990    
        8722  -3.79268551       3.95783854      0.769999981    
        8724  -3.98691177       3.13080955      0.759999990    
        8726  -4.08460474       2.85307813      0.759999990    
        8728  -4.19380760       2.26435184      0.759999990    
        8730  -3.89814758       3.45475626      0.759999990    
        8732  -3.71252131       4.21841764      0.759999990    
        8734  -4.00693560       2.71134830      0.759999990    
        8736  -3.87691021       3.33911610      0.759999990    
        8738  -3.90362692       3.25960565      0.750000000    
        8740  -4.21036482       1.98827720      0.750000000    
        8742  -4.27783918       1.80404925      0.750000000    
        8744  -4.13509941       2.59207630      0.759999990    
        8746  -4.04194546       3.04959345      0.769999981    
        8748  -4.07702589       3.44092226      0.779999971    
        8750  -3.87861252       4.21775866      0.769999981    
        8752  -4.10481691       4.35939646      0.790000021    
        8754  -4.28600740       3.47559595      0.779999971    
        8756  -4.29874802       3.13609028      0.779999971    
        8758  -4.37695074       2.93533278      0.779999971    
        8760  -4.19537926       3.50381064      0.779999971    
        8762  -4.03148651       4.21455431      0.779999971    
        8764  -4.12982988       3.33183908      0.769999981    
        8766  -4.13114166       3.85443020      0.779999971    
        8768  -4.14362955       3.61368752      0.779999971    
        8770  -4.21181107       3.34537148      0.779999971    
        8772  -4.16097927       3.72760439      0.779999971    
        8774  -3.87202382       5.15691710      0.790000021    
        8776  -3.71874166       4.95429277      0.779999971    
        8778  -3.80912685       4.24121761      0.779999971    
        8780  -4.07456303       3.09988999      0.779999971    
        8782  -4.04002476       3.36511183      0.779999971    
        8784  -3.87795067       4.08308983      0.779999971    
        8786  -4.02282858       3.57879257      0.779999971    
        8788  -4.02467632       3.53240561      0.779999971    
        8790  -4.24813223       2.84946513      0.779999971    
        8792  -4.23413372       2.44626641      0.779999971    
        8794  -4.29154253       2.19827318      0.779999971    
        8796  -4.22131014       2.74495316      0.779999971    
        8798  -4.03375435       3.38704157      0.779999971    
        8800  -4.28631973       2.24521685      0.779999971    
        8802  -4.11814165       3.07148409      0.779999971    
        8804  -3.97755408       3.50024271      0.779999971    
        8806  -3.94443488       3.53281021      0.779999971    
        8808  -3.76702428       4.37939835      0.779999971    
        8810  -3.76839662       3.96941066      0.769999981    
        8812  -3.62875342       4.30083084      0.769999981    
        8814  -4.01511955       2.52705002      0.759999990    
        8816  -3.88202143       3.18595338      0.759999990    
        8818  -3.94915986       2.87222338      0.759999990    
        8820  -3.63829994       3.74004269      0.750000000    
        8822  -3.68932843       3.26853657      0.740000010    
        8824  -3.51386261       3.94425535      0.740000010    
        8826  -3.82888961       2.57522488      0.740000010    
        8828  -3.64055586       3.36851811      0.740000010    
        8830  -3.74401736       3.10764170      0.740000010    
        8832  -3.75889134       2.96120596      0.740000010    
        8834  -3.85864830       2.75522566      0.740000010    
        8836  -3.97164059       2.40716910      0.750000000    
        8838  -3.96312284       2.37422991      0.750000000    
        8840  -4.13571358       2.34729791      0.759999990    
        8842  -3.77581120       3.86682034      0.759999990    
        8844  -3.81285262       3.80130434      0.759999990    
        8846  -4.01707554       2.67826176      0.759999990    
        8848  -4.08269882       2.22204041      0.759999990    
        8850  -4.13416529       2.24953103      0.759999990    
        8852  -4.16108465       2.01999450      0.759999990    
        8854  -3.80931330       3.10384440      0.769999981    
        8856  -3.56914949       4.22703314      0.769999981    
        8858  -3.78074574       3.21778798      0.769999981    
        8860  -3.99047399       2.73558235      0.769999981    
        8862  -4.04533577       2.40251637      0.769999981    
        8864  -3.99097681       2.24333787      0.759999990    
        8866  -4.24832630       1.63100910      0.769999981    
        8868  -4.20851851       1.93976796      0.769999981    
        8870  -4.02522373       2.60908651      0.769999981    
        8872  -4.11282253       2.61987662      0.769999981    
        8874  -4.22681093       2.68291497      0.769999981    
        8876  -4.19387007       3.14417696      0.769999981    
        8878  -4.00623083       3.71617842      0.769999981    
        8880  -3.83227205       4.34749985      0.779999971    
        8882  -4.16067886       2.76491046      0.779999971    
        8884  -4.24651241       2.56136942      0.779999971    
        8886  -4.10064507       3.11810613      0.779999971    
        8888  -3.98916721       3.34777498      0.779999971    
        8890  -3.96114516       3.62500453      0.779999971    
        8892  -4.03695965       3.59799170      0.779999971    
        8894  -3.82527900       4.47038317      0.779999971    
        8896  -4.09557104       3.33489966      0.779999971    
        8898  -4.16445351       3.03644133      0.779999971    
        8900  -4.35182476       2.28575850      0.779999971    
        8902  -4.19380236       2.94161487      0.779999971    
        8904  -4.40240717       2.43461633      0.779999971    
        8906  -4.27842093       2.80435824      0.779999971    
        8908  -4.32871914       2.41640925      0.779999971    
        8910  -4.24710035       1.93044055      0.769999981    
        8912  -4.09880733       2.54496312      0.769999981    
        8914  -4.04153585       2.57364368      0.769999981    
        8916  -3.91219282       3.29420066      0.769999981    
        8918  -3.61905360       4.40560389      0.769999981    
        8920  -3.96070242       3.22336602      0.769999981    
        8922  -3.96545911       3.09718418      0.769999981    
        8924  -3.99329138       2.98073101      0.769999981    
        8926  -3.84013867       3.89796019      0.769999981    
        8928  -4.10768938       2.52632356      0.769999981    
        8930  -4.02494621       2.62571502      0.769999981    
        8932  -3.98025870       2.68103766      0.759999990    
        8934  -3.95775533       2.86213803      0.759999990    
        8936  -4.04066515       2.43884826      0.759999990    
        8938  -4.09612942       2.15497470      0.759999990    
        8940  -3.99982190       2.23651361      0.759999990    
        8942  -4.06545734       1.88672686      0.759999990    
        8944  -4.20092630       1.71040809      0.769999981    
        8946  -4.13000154       2.22633934      0.769999981    
        8948  -4.11325645       2.18124723      0.769999981    
        8950  -4.01985836       2.65554571      0.769999981    
        8952  -3.93553042       2.81048799      0.769999981    
        8954  -4.09077740       2.46566153      0.779999971    
        8956  -4.16488409       2.47596121      0.779999971    
        8958  -4.09153318       2.92608547      0.779999971    
        8960  -3.92531562       3.78546143      0.779999971    
        8962  -3.92831588       3.83116889      0.779999971    
        8964  -4.03559256       3.34184217      0.779999971    
        8966  -3.82722735       3.95729446      0.769999981    
        8968  -3.85629702       3.69232202      0.769999981    
        8970  -3.90340114       3.37335038      0.769999981    
        8972  -4.06800938       2.54354262      0.769999981    
        8974  -3.96253347       3.22746301      0.759999990    
        8976  -4.15246010       2.96190262      0.769999981    
        8978  -4.09935617       3.25373101      0.769999981    
        8980  -4.11723137       3.24366832      0.769999981    
        8982  -3.89799547       4.21483898      0.769999981    
        8984  -3.76638246       5.06370306      0.769999981    
        8986  -3.72337365       4.95430899      0.769999981    
        8988  -3.89436960       4.14422607      0.769999981    
        8990  -4.16239309       2.69805193      0.769999981    
        8992  -4.04257584       3.35215998      0.779999971    
        8994  -4.07924461       3.16883254      0.790000021    
        8996  -3.90120959       3.93799567      0.790000021    
        8998  -4.01069498       3.21313643      0.779999971    
        9000  -3.97022533       3.35753059      0.779999971    
        9002  -3.86659884       4.15345240      0.779999971    
        9004  -4.00862694       3.27148867      0.779999971    
        9006  -3.81317687       4.30309820      0.779999971    
        9008  -3.77816105       4.36216164      0.779999971    
        9010  -3.70329332       4.49102449      0.779999971    
        9012  -3.73224854       4.09508514      0.769999981    
        9014  -3.94336224       3.18783092      0.769999981    
        9016  -3.95871639       3.17716622      0.759999990    
        9018  -3.61015630       4.57846928      0.759999990    
        9020  -4.07015848       2.55720711      0.750000000    
        9022  -3.86390066       2.98765182      0.740000010    
        9024  -3.88404822       3.21068263      0.740000010    
        9026  -3.69822145       3.78808212      0.740000010    
        9028  -3.89816141       3.23714304      0.740000010    
        9030  -3.73040009       3.56123137      0.740000010    
        9032  -3.59331131       3.90204883      0.730000019    
        9034  -3.58244371       3.88568974      0.730000019    
        9036  -3.37717271       4.78062105      0.740000010    
        9038  -3.64459705       3.80160618      0.740000010    
        9040  -3.77486396       3.60866237      0.740000010    
        9042  -3.66875601       3.50854850      0.730000019    
        9044  -3.77537298       2.98273945      0.730000019    
        9046  -3.80045414       2.89093113      0.730000019    
        9048  -3.74435663       2.94457221      0.730000019    
        9050  -3.67774773       2.78659225      0.720000029    
        9052  -3.54532576       3.28945971      0.709999979    
        9054  -3.75024366       2.52372575      0.709999979    
        9056  -3.96274495       1.66007471      0.709999979    
        9058  -3.60929704       2.82178402      0.709999979    
        9060  -3.70426846       2.52615523      0.709999979    
        9062  -3.70418024       3.03712368      0.720000029    
        9064  -3.72967434       3.12252736      0.730000019    
        9066  -3.92182636       2.27888942      0.720000029    
        9068  -3.99202585       2.26350546      0.720000029    
        9070  -3.91182995       2.42062306      0.720000029    
        9072  -3.88025069       2.20649052      0.720000029    
        9074  -3.83409882       2.18563008      0.720000029    
        9076  -3.98482800       1.32241750      0.709999979    
        9078  -3.75692701       2.04162860      0.699999988    
        9080  -3.68670225       2.16467595      0.699999988    
        9082  -3.76587629       1.83939874      0.699999988    
        9084  -3.68089366       2.31874967      0.699999988    
        9086  -3.88520622       1.41253412      0.699999988    
        9088  -3.72654700       2.15436769      0.699999988    
        9090  -3.78166056       2.49892592      0.720000029    
        9092  -3.75101519       2.56764007      0.720000029    
        9094  -3.63048863       3.03443861      0.720000029    
        9096  -4.07381582       1.09139955      0.720000029    
        9098  -3.81458259       2.19246936      0.720000029    
        9100  -3.74424911       2.54120421      0.730000019    
        9102  -3.73083472       2.51760840      0.730000019    
        9104  -3.76177025       2.38022995      0.740000010    
        9106  -3.91813064       2.15699339      0.740000010    
        9108  -3.75436211       2.74057055      0.740000010    
        9110  -3.92452717       1.90661180      0.740000010    
        9112  -3.80928397       2.28311610      0.740000010    
        9114  -3.72446704       2.90476060      0.750000000    
        9116  -3.86745811       2.96348023      0.759999990    
        9118  -4.03437281       2.06716180      0.759999990    
        9120  -3.96441770       2.33105326      0.759999990    
        9122  -4.08869982       1.89489162      0.759999990    
        9124  -4.12253809       1.67436516      0.759999990    
        9126  -3.97556996       2.69516325      0.759999990    
        9128  -3.95840812       2.63499188      0.759999990    
        9130  -3.58268070       3.65279293      0.740000010    
        9132  -3.48485231       4.26936769      0.740000010    
        9134  -3.76317191       3.04407144      0.740000010    
        9136  -4.12573195       1.69870460      0.740000010    
        9138  -3.91033959       2.93833208      0.740000010    
        9140  -3.75399733       3.25255060      0.740000010    
        9142  -3.91692591       2.18472409      0.730000019    
        9144  -3.93220162       2.15062070      0.730000019    
        9146  -3.92344689       2.09897161      0.730000019    
        9148  -3.83258700       2.48665380      0.730000019    
        9150  -3.80300784       2.70177436      0.740000010    
        9152  -3.87151527       3.41016865      0.759999990    
        9154  -3.97694325       2.88828206      0.759999990    
        9156  -4.11622715       2.29535937      0.759999990    
        9158  -4.29204798       1.72241902      0.750000000    
        9160  -3.82895708       3.37543249      0.750000000    
        9162  -4.10831547       2.84718847      0.750000000    
        9164  -4.04023695       2.65735602      0.750000000    
        9166  -4.26315880       1.65059769      0.750000000    
        9168  -4.46194220       1.23618889      0.759999990    
        9170  -4.07275391       3.01070333      0.759999990    
        9172  -4.29632092       2.14183784      0.769999981    
        9174  -4.08948803       2.64016771      0.769999981    
        9176  -4.07754230       3.45961642      0.779999971    
        9178  -4.12224722       3.04562092      0.779999971    
        9180  -4.20897102       2.96015334      0.779999971    
        9182  -4.19298792       2.96263099      0.779999971    
        9184  -3.96032047       4.50141430      0.790000021    
        9186  -4.09195423       3.85955262      0.790000021    
        9188  -3.87333083       4.64502811      0.800000012    
        9190  -4.10828972       3.54919434      0.790000021    
        9192  -4.03554201       3.71061540      0.779999971    
        9194  -4.30708551       2.57838249      0.779999971    
        9196  -4.08774281       3.36027050      0.769999981    
        9198  -4.12236881       3.26644206      0.769999981    
        9200  -4.26206398       2.50211310      0.769999981    
        9202  -4.00215101       3.80157757      0.779999971    
        9204  -4.08733988       3.01986670      0.769999981    
        9206  -4.12771749       3.11101151      0.779999971    
        9208  -4.00034618       3.49256635      0.779999971    
        9210  -3.50546312       5.46061134      0.769999981    
        9212  -3.93194342       4.66375399      0.790000021    
        9214  -3.85795474       5.13789988      0.800000012    
        9216  -3.90789247       4.80437565      0.800000012    
        9218  -3.82993841       4.94675303      0.790000021    
        9220  -3.90617847       4.84929800      0.790000021    
        9222  -3.96486068       4.69948196      0.790000021    
        9224  -4.06289101       3.84638429      0.779999971    
        9226  -3.89555931       4.33583069      0.779999971    
        9228  -3.95514965       4.02866697      0.779999971    
        9230  -3.87473917       4.35127831      0.779999971    
        9232  -3.87849069       4.72362804      0.790000021    
        9234  -3.90502763       4.58964348      0.790000021    
        9236  -3.94807792       4.34469700      0.790000021    
        9238  -3.99435377       3.92557454      0.790000021    
        9240  -3.92205381       4.29386139      0.790000021    
        9242  -3.73231912       5.27027798      0.800000012    
        9244  -3.67115235       5.27843237      0.800000012    
        9246  -3.95526457       4.03333712      0.800000012    
        9248  -4.09202337       3.33554912      0.800000012    
        9250  -4.26427031       2.93630624      0.800000012    
        9252  -3.63590908       5.78236580      0.800000012    
        9254  -3.62394261       5.79848146      0.800000012    
        9256  -4.10265923       3.39727926      0.769999981    
        9258  -3.78609085       4.57579708      0.769999981    
        9260  -3.92895651       3.78355503      0.769999981    
        9262  -4.07048750       3.05499268      0.769999981    
        9264  -3.94571877       3.97816920      0.769999981    
        9266  -3.93683767       3.83363795      0.769999981    
        9268  -3.84143639       4.32413101      0.769999981    
        9270  -3.73314762       4.47493887      0.769999981    
        9272  -3.89295435       3.57376003      0.769999981    
        9274  -4.07059479       2.60953236      0.759999990    
        9276  -4.06961823       2.58717680      0.759999990    
        9278  -3.88533759       3.50428820      0.759999990    
        9280  -3.77426028       3.74534965      0.750000000    
        9282  -3.98713541       2.82526684      0.759999990    
        9284  -3.91991496       3.09385943      0.759999990    
        9286  -4.18990326       2.05141187      0.759999990    
        9288  -4.15996075       2.57563710      0.769999981    
        9290  -4.01585150       2.67151117      0.769999981    
        9292  -4.05764008       2.59440899      0.769999981    
        9294  -4.01683855       2.85795712      0.769999981    
        9296  -3.88734031       3.37460876      0.769999981    
        9298  -3.77567720       3.91120148      0.769999981    
        9300  -3.69643903       4.08892298      0.769999981    
        9302  -3.83470750       3.76915503      0.769999981    
        9304  -3.96383429       3.16859579      0.769999981    
        9306  -3.87380409       3.11845183      0.769999981    
        9308  -4.04952145       2.98057246      0.779999971    
        9310  -3.91878796       3.84377885      0.779999971    
        9312  -3.64019728       4.98583460      0.779999971    
        9314  -3.88496709       4.06031179      0.779999971    
        9316  -4.08465385       3.21961880      0.779999971    
        9318  -3.75216579       4.72203016      0.779999971    
        9320  -3.90775728       3.77439165      0.779999971    
        9322  -3.84237528       4.19301510      0.779999971    
        9324  -3.69446039       4.97449636      0.769999981    
        9326  -3.93438220       3.78891659      0.779999971    
        9328  -3.97403431       3.53515911      0.779999971    
        9330  -3.71448350       4.56897974      0.769999981    
        9332  -3.85962725       3.81891775      0.769999981    
        9334  -3.85196042       3.99674630      0.769999981    
        9336  -4.12414646       2.68187499      0.769999981    
        9338  -4.10923338       3.09709263      0.769999981    
        9340  -3.95390654       3.50963902      0.759999990    
        9342  -3.99449944       2.89886379      0.759999990    
        9344  -4.04824829       2.61891127      0.759999990    
        9346  -4.21700335       1.96646345      0.759999990    
        9348  -3.96041417       3.24177861      0.759999990    
        9350  -4.02911520       2.72691250      0.759999990    
        9352  -3.89591551       2.94130898      0.750000000    
        9354  -3.90244961       2.42009687      0.740000010    
        9356  -3.65942454       2.96273899      0.730000019    
        9358  -3.86394095       2.30614018      0.730000019    
        9360  -4.05133390       2.30812788      0.740000010    
        9362  -3.93808222       2.67855024      0.740000010    
        9364  -4.00339031       2.37773728      0.740000010    
        9366  -3.89732909       2.68257785      0.740000010    
        9368  -3.77943540       2.87992883      0.730000019    
        9370  -3.83508730       2.77879429      0.730000019    
        9372  -3.97099090       2.23254180      0.730000019    
        9374  -4.08258963       2.06400847      0.730000019    
        9376  -4.04321241       2.16413450      0.730000019    
        9378  -4.19327545       1.84721196      0.740000010    
        9380  -4.07859945       2.58202028      0.750000000    
        9382  -3.98169994       2.69908285      0.740000010    
        9384  -4.01594305       2.67504287      0.740000010    
        9386  -3.97836876       2.82575250      0.740000010    
        9388  -4.05730534       2.49470758      0.740000010    
        9390  -3.86354446       3.27455115      0.730000019    
        9392  -3.42512608       5.08300257      0.730000019    
        9394  -3.68347955       3.77383876      0.720000029    
        9396  -4.05532885       2.24922061      0.720000029    
        9398  -3.68765831       3.38801455      0.740000010    
        9400  -3.86542296       3.02084494      0.750000000    
        9402  -4.25264978       1.55807519      0.750000000    
        9404  -3.91816974       3.65754938      0.759999990    
        9406  -3.86857104       3.81290340      0.759999990    
        9408  -4.09011889       2.94282675      0.769999981    
        9410  -4.02122211       3.34244180      0.769999981    
        9412  -3.93911886       3.65266061      0.769999981    
        9414  -4.11212730       3.65782237      0.790000021    
        9416  -4.07418919       4.01443529      0.790000021    
        9418  -4.06736851       4.01843452      0.790000021    
        9420  -4.07074356       3.54245424      0.790000021    
        9422  -3.89242387       4.54738474      0.790000021    
        9424  -3.92953110       4.36313820      0.790000021    
        9426  -4.17765665       3.43891215      0.790000021    
        9428  -4.26575136       2.95528960      0.790000021    
        9430  -4.12746334       3.29149079      0.790000021    
        9432  -4.10807800       3.27043676      0.790000021    
        9434  -4.12387943       2.82759261      0.779999971    
        9436  -4.30580902       2.36072659      0.779999971    
        9438  -4.00697994       3.50656366      0.769999981    
        9440  -4.14452600       3.09272575      0.769999981    
        9442  -4.12209749       3.41761804      0.769999981    
        9444  -3.94407773       3.54085970      0.769999981    
        9446  -4.01523495       3.62426877      0.769999981    
        9448  -4.10232782       3.48775721      0.769999981    
        9450  -4.04833555       2.98658109      0.759999990    
        9452  -3.74310660       4.26056051      0.750000000    
        9454  -3.97635579       3.42870593      0.750000000    
        9456  -3.96877527       3.53668594      0.750000000    
        9458  -3.88183761       4.07372952      0.750000000    
        9460  -3.94900727       3.24159408      0.750000000    
        9462  -3.95892358       3.01955700      0.750000000    
        9464  -4.27918911       1.80110860      0.750000000    
        9466  -4.00219297       3.42152691      0.750000000    
        9468  -3.92004585       4.00956059      0.759999990    
        9470  -3.94324684       3.67587471      0.759999990    
        9472  -4.16903257       3.05053306      0.759999990    
        9474  -4.13871384       3.06431866      0.759999990    
        9476  -4.08267117       3.52980900      0.759999990    
        9478  -3.83371115       4.41342783      0.759999990    
        9480  -3.87923694       4.69776201      0.769999981    
        9482  -3.89648747       4.73898172      0.769999981    
        9484  -3.92202282       4.66582775      0.779999971    
        9486  -4.13790941       3.81343341      0.779999971    
        9488  -4.11553383       3.59960270      0.769999981    
        9490  -4.02337265       3.85334516      0.769999981    
        9492  -3.89474702       4.18363380      0.769999981    
        9494  -3.92097712       3.82485032      0.769999981    
        9496  -3.70914435       4.62355518      0.769999981    
        9498  -3.99332023       3.69840527      0.779999971    
        9500  -4.17170906       3.03257656      0.779999971    
        9502  -4.12920380       4.05672455      0.790000021    
        9504  -4.04060173       4.10505676      0.790000021    
        9506  -4.06325769       3.67317319      0.779999971    
        9508  -3.93225193       4.55795002      0.790000021    
        9510  -3.89265895       4.83012104      0.790000021    
        9512  -3.95892525       4.57969475      0.790000021    
        9514  -4.00879431       4.46804905      0.790000021    
        9516  -4.01032734       4.22426653      0.790000021    
        9518  -4.17154789       3.80327129      0.790000021    
        9520  -4.21799612       3.28203225      0.790000021    
        9522  -4.21241331       3.24549365      0.790000021    
        9524  -3.88633013       4.86048651      0.790000021    
        9526  -3.92420387       5.03112125      0.790000021    
        9528  -3.97589874       4.75608158      0.790000021    
        9530  -3.87988758       5.00087309      0.790000021    
        9532  -4.04111528       4.34891510      0.790000021    
        9534  -3.99656725       4.07857990      0.790000021    
        9536  -4.12333393       3.68353677      0.790000021    
        9538  -4.23664808       3.40661716      0.800000012    
        9540  -4.01313972       4.36995029      0.800000012    
        9542  -4.04572725       3.80739403      0.790000021    
        9544  -4.13210440       3.56707025      0.790000021    
        9546  -4.01811886       3.96815825      0.790000021    
        9548  -3.79399204       4.07566690      0.779999971    
        9550  -3.96137261       3.07595158      0.769999981    
        9552  -4.07358885       2.58814764      0.769999981    
        9554  -4.07337236       2.86691833      0.769999981    
        9556  -4.08855247       2.67573881      0.769999981    
        9558  -3.87091565       3.79343581      0.769999981    
        9560  -3.97442389       3.25921535      0.769999981    
        9562  -4.04035234       2.74981570      0.769999981    
        9564  -4.15347815       2.19587469      0.769999981    
        9566  -3.78192544       3.58764386      0.769999981    
        9568  -4.06047201       2.86096215      0.769999981    
        9570  -4.01565742       2.99463415      0.769999981    
        9572  -4.10940838       2.64773035      0.769999981    
        9574  -4.04362917       3.29043937      0.769999981    
        9576  -3.86083221       3.92154288      0.769999981    
        9578  -3.86696386       4.14552546      0.779999971    
        9580  -4.17238712       3.16633511      0.779999971    
        9582  -4.21949387       2.54676580      0.779999971    
        9584  -4.07166672       2.93297315      0.779999971    
        9586  -3.90695119       3.43538094      0.779999971    
        9588  -4.17999220       2.54519057      0.779999971    
        9590  -4.23591089       2.41632652      0.779999971    
        9592  -4.25688076       2.29934311      0.779999971    
        9594  -4.26354074       2.43853211      0.779999971    
        9596  -4.04603481       3.28493595      0.779999971    
        9598  -4.33253336       1.89928961      0.779999971    
        9600  -4.28773737       2.15275931      0.779999971    
        9602  -4.21508503       2.62950563      0.779999971    
        9604  -4.34612274       2.03189158      0.779999971    
        9606  -4.11534023       3.02081442      0.779999971    
        9608  -4.03278112       3.26592588      0.779999971    
        9610  -3.92118740       4.29712343      0.790000021    
        9612  -4.34499931       2.32576728      0.790000021    
        9614  -4.04883862       3.61251974      0.790000021    
        9616  -4.34890699       2.26634789      0.790000021    
        9618  -4.32472658       2.40075064      0.790000021    
        9620  -4.22082758       2.94950747      0.790000021    
        9622  -4.19100857       3.02407551      0.800000012    
        9624  -4.06178713       3.73209572      0.810000002    
        9626  -4.25009584       2.94287300      0.810000002    
        9628  -4.15754557       3.03646255      0.800000012    
        9630  -4.16334581       3.48580360      0.810000002    
        9632  -4.23355389       3.49441051      0.810000002    
        9634  -4.33684540       3.15194106      0.810000002    
        9636  -4.28553486       3.25689340      0.810000002    
        9638  -4.07056141       4.06721878      0.810000002    
        9640  -4.14160299       3.67132974      0.810000002    
        9642  -4.36895084       3.36497974      0.819999993    
        9644  -4.47998238       2.91479397      0.819999993    
        9646  -4.46305990       3.19958115      0.819999993    
        9648  -4.34818125       4.27407408      0.829999983    
        9650  -4.44740295       3.83922243      0.829999983    
        9652  -4.41919470       3.75005722      0.819999993    
        9654  -4.45918941       3.37225151      0.819999993    
        9656  -3.89405751       5.58682728      0.819999993    
        9658  -4.08099413       4.66978502      0.819999993    
        9660  -3.78301954       6.06827545      0.819999993    
        9662  -4.09411669       4.81719494      0.819999993    
        9664  -4.37552261       3.38018608      0.819999993    
        9666  -4.09262562       4.58693933      0.819999993    
        9668  -3.90634131       5.23007345      0.819999993    
        9670  -4.13721895       4.05758381      0.819999993    
        9672  -4.20880222       3.61452818      0.810000002    
        9674  -4.23899412       3.58311462      0.810000002    
        9676  -3.98046494       4.65368795      0.810000002    
        9678  -3.89247489       4.65459013      0.800000012    
        9680  -4.05284500       2.73590708      0.779999971    
        9682  -4.11965656       2.44590497      0.779999971    
        9684  -4.07650614       2.62312889      0.779999971    
        9686  -3.85835218       3.59818149      0.779999971    
        9688  -3.80174112       3.76361108      0.769999981    
        9690  -3.84233975       3.28266788      0.769999981    
        9692  -3.98929620       2.68390226      0.769999981    
        9694  -4.12056065       2.40463209      0.769999981    
        9696  -3.96527791       3.06502342      0.769999981    
        9698  -3.86081028       3.65318441      0.769999981    
        9700  -4.00910187       2.95655823      0.769999981    
        9702  -3.92863274       3.21513391      0.769999981    
        9704  -3.82941985       3.47407317      0.769999981    
        9706  -3.95064092       3.19958687      0.769999981    
        9708  -3.89544272       3.59053922      0.779999971    
        9710  -3.78705120       4.40512323      0.779999971    
        9712  -3.86582875       3.98907089      0.779999971    
        9714  -3.72053194       4.56125498      0.779999971    
        9716  -3.72713709       4.65034533      0.779999971    
        9718  -4.12663937       3.04136562      0.779999971    
        9720  -4.04971600       3.34292674      0.779999971    
        9722  -4.10159779       3.03709054      0.779999971    
        9724  -3.96651483       3.76526570      0.779999971    
        9726  -4.16442585       2.93849754      0.779999971    
        9728  -4.02763891       3.48306704      0.779999971    
        9730  -4.08152676       3.30582047      0.779999971    
        9732  -4.06180286       3.61088514      0.779999971    
        9734  -3.98598027       3.52886057      0.769999981    
        9736  -3.99608350       3.60614824      0.769999981    
        9738  -3.93914533       3.84553862      0.769999981    
        9740  -4.10401106       3.31239200      0.779999971    
        9742  -3.98958468       4.07300377      0.779999971    
        9744  -3.69379401       4.90043783      0.779999971    
        9746  -3.93689418       4.27501011      0.779999971    
        9748  -4.13282204       3.35487461      0.779999971    
        9750  -3.80264974       4.31164360      0.769999981    
        9752  -3.84998751       4.15775442      0.769999981    
        9754  -3.79352927       4.34955454      0.779999971    
        9756  -3.73834419       4.47127676      0.779999971    
        9758  -3.61917186       4.92535162      0.779999971    
        9760  -3.84861350       3.96766734      0.779999971    
        9762  -3.78113389       4.20674706      0.779999971    
        9764  -3.94559860       3.56888556      0.779999971    
        9766  -3.89483595       3.43859386      0.779999971    
        9768  -3.92835259       2.80409479      0.769999981    
        9770  -3.78196049       3.75418186      0.769999981    
        9772  -3.71080947       4.12867689      0.769999981    
        9774  -4.08062792       2.80122089      0.779999971    
        9776  -4.16826916       2.61798239      0.779999971    
        9778  -4.22978163       2.53564692      0.790000021    
        9780  -4.13791513       2.76112986      0.790000021    
        9782  -4.03870726       3.45387340      0.790000021    
        9784  -3.98279047       3.59367347      0.790000021    
        9786  -3.76936150       4.25568771      0.790000021    
        9788  -3.86198330       3.63180804      0.790000021    
        9790  -3.92705750       3.95287895      0.790000021    
        9792  -3.78463650       4.22459888      0.779999971    
        9794  -3.85186481       3.87863421      0.779999971    
        9796  -3.78531575       4.20899105      0.790000021    
        9798  -4.06589746       3.22492194      0.790000021    
        9800  -4.24310017       2.50295258      0.790000021    
        9802  -4.04298162       3.53787279      0.790000021    
        9804  -4.18736458       2.82373238      0.790000021    
        9806  -4.07102203       3.39393091      0.790000021    
        9808  -3.85428882       4.63754749      0.790000021    
        9810  -3.91639161       3.84380698      0.779999971    
        9812  -3.93776751       4.14094687      0.779999971    
        9814  -4.05554438       3.95214605      0.779999971    
        9816  -4.01719618       3.92020798      0.779999971    
        9818  -3.86347032       4.10834980      0.769999981    
        9820  -3.76588511       4.48160601      0.769999981    
        9822  -3.55839658       5.06882095      0.759999990    
        9824  -3.75881553       4.31503963      0.759999990    
        9826  -3.83907485       3.99440956      0.759999990    
        9828  -3.89863634       3.76373410      0.759999990    
        9830  -4.02812767       3.18303752      0.769999981    
        9832  -4.08963346       3.13973856      0.769999981    
        9834  -3.85841990       4.07000780      0.769999981    
        9836  -4.18526602       2.69691539      0.769999981    
        9838  -3.88458872       4.53419685      0.779999971    
        9840  -4.06002760       3.79703593      0.779999971    
        9842  -4.04031754       3.85383773      0.790000021    
        9844  -3.93637538       4.16774607      0.790000021    
        9846  -3.93253469       4.27575302      0.790000021    
        9848  -4.01134253       3.45174813      0.779999971    
        9850  -4.14109850       2.66847944      0.779999971    
        9852  -3.89856482       3.68841410      0.779999971    
        9854  -4.32522345       2.03520417      0.779999971    
        9856  -4.40456867       1.75890052      0.779999971    
        9858  -4.07324266       3.18773723      0.779999971    
        9860  -4.22584915       2.47475648      0.779999971    
        9862  -4.35503626       1.94530129      0.769999981    
        9864  -4.21144485       2.76286983      0.769999981    
        9866  -4.18591022       2.78955555      0.769999981    
        9868  -4.05764437       3.10940051      0.769999981    
        9870  -3.90003610       3.77356291      0.759999990    
        9872  -3.93310928       3.45454121      0.759999990    
        9874  -3.97278500       3.06264257      0.750000000    
        9876  -3.77319598       3.68369222      0.750000000    
        9878  -3.78456807       3.66834950      0.750000000    
        9880  -3.80409122       3.80399346      0.750000000    
        9882  -3.86399794       3.10681033      0.740000010    
        9884  -3.90581083       3.26638961      0.750000000    
        9886  -3.95207739       3.01277208      0.750000000    
        9888  -3.87139630       3.18831921      0.750000000    
        9890  -3.85881972       3.00995755      0.750000000    
        9892  -3.99489903       2.60456777      0.750000000    
        9894  -3.73657322       3.44396615      0.750000000    
        9896  -3.87209177       3.11899161      0.750000000    
        9898  -3.84781313       3.39069080      0.750000000    
        9900  -3.99319386       2.80110240      0.750000000    
        9902  -4.14576387       2.28789496      0.750000000    
        9904  -3.97024560       2.81342888      0.750000000    
        9906  -3.71340609       5.05325270      0.769999981    
        9908  -3.81429434       4.58111048      0.769999981    
        9910  -3.95049477       4.19856501      0.769999981    
        9912  -3.87694430       4.97626495      0.779999971    
        9914  -3.98366117       4.62269211      0.790000021    
        9916  -4.16110802       3.69791722      0.790000021    
        9918  -4.16584969       3.40550852      0.790000021    
        9920  -3.88501668       4.65694475      0.790000021    
        9922  -4.19815302       3.16525364      0.790000021    
        9924  -4.07302761       3.78891706      0.790000021    
        9926  -3.95808101       4.74065971      0.800000012    
        9928  -4.00908709       4.03949547      0.800000012    
        9930  -4.15342665       3.49343181      0.800000012    
        9932  -3.98852777       4.08401442      0.800000012    
        9934  -3.95322466       4.09666824      0.800000012    
        9936  -4.23035479       3.14941359      0.800000012    
        9938  -4.39604235       2.60600495      0.800000012    
        9940  -4.30328417       2.98583484      0.800000012    
        9942  -4.33149624       2.64413524      0.800000012    
        9944  -4.17424011       2.84796476      0.800000012    
        9946  -4.30233574       2.51198649      0.800000012    
        9948  -4.24686098       3.04303455      0.800000012    
        9950  -4.02124262       3.77323675      0.800000012    
        9952  -3.92595959       4.11958838      0.800000012    
        9954  -4.04705954       3.56897926      0.800000012    
        9956  -4.08686399       3.39010024      0.800000012    
        9958  -3.98429227       3.71989393      0.790000021    
        9960  -4.09496164       3.32814384      0.790000021    
        9962  -3.82494998       4.46610928      0.790000021    
        9964  -3.88765860       4.03039169      0.790000021    
        9966  -3.96678519       3.64075089      0.790000021    
        9968  -4.05929852       2.97799468      0.790000021    
        9970  -3.95940137       3.50349808      0.790000021    
        9972  -3.72372961       3.86545682      0.779999971    
        9974  -3.83124042       3.54714322      0.779999971    
        9976  -3.82351542       3.75051975      0.779999971    
        9978  -3.92092347       2.94479036      0.779999971    
        9980  -4.12616968       2.38200331      0.779999971    
        9982  -4.02780867       2.96686697      0.779999971    
        9984  -3.91672635       3.50882316      0.779999971    
        9986  -3.84310484       3.59146833      0.779999971    
        9988  -4.10146475       2.75364971      0.779999971    
        9990  -4.00125074       2.87457943      0.769999981    
        9992  -3.93210173       2.49739647      0.769999981    
        9994  -4.05166960       2.26465416      0.769999981    
        9996  -3.92102957       2.84655833      0.769999981    
        9998  -3.81940007       3.23857713      0.769999981    
       10000  -4.04555655       2.50639653      0.759999990    
