           2  -2.79418683       1.53565454      0.500000000    
           4  -2.78197026       1.15162420      0.479999989    
           6  -2.64029288       1.23872328      0.500000000    
           8  -2.76539111       1.28634155      0.500000000    
          10  -2.88063478      0.817829967      0.509999990    
          12  -2.95228386      0.836840749      0.519999981    
          14  -2.92983580      0.865997434      0.509999990    
          16  -2.84621716       1.12479246      0.529999971    
          18  -2.85869646       1.08583891      0.529999971    
          20  -2.76891327      0.928742051      0.519999981    
          22  -3.00386310      0.569560528      0.509999990    
          24  -2.90235209      0.706559598      0.509999990    
          26  -2.94769526      0.701568484      0.519999981    
          28  -3.14310384      0.467086792      0.519999981    
          30  -3.07482958      0.624563038      0.519999981    
          32  -3.05973625      0.995939136      0.519999981    
          34  -3.04103875       1.60816181      0.540000021    
          36  -2.97643399       1.68727577      0.560000002    
          38  -3.21074414      0.877717495      0.550000012    
          40  -3.36534119      0.129302248      0.550000012    
          42  -3.24768686      0.683071136      0.560000002    
          44  -3.05996943       1.49263549      0.560000002    
          46  -3.03925467       1.60365903      0.560000002    
          48  -2.86353135       1.85312736      0.569999993    
          50  -3.28826666      0.829003513      0.579999983    
          52  -2.91965532       1.81696784      0.579999983    
          54  -3.14284682       1.62691092      0.569999993    
          56  -2.81410217       2.45699811      0.569999993    
          58  -2.98604369       2.30884123      0.569999993    
          60  -3.33619547      0.953056693      0.569999993    
          62  -3.25577903       1.47451997      0.569999993    
          64  -2.97486615       1.62433374      0.550000012    
          66  -3.07376289       1.56968021      0.560000002    
          68  -3.21850157       1.14695776      0.560000002    
          70  -3.26684546      0.701675057      0.560000002    
          72  -3.21625400      0.691273570      0.550000012    
          74  -2.89084244       1.45450163      0.550000012    
          76  -2.96567345       1.18425107      0.529999971    
          78  -2.77235484       1.90652394      0.540000021    
          80  -2.79165673       1.45864487      0.509999990    
          82  -3.13127160      0.926848352      0.509999990    
          84  -2.78654933       1.92153382      0.500000000    
          86  -2.96599364       1.08774984      0.500000000    
          88  -2.95535111       1.61875808      0.509999990    
          90  -2.93971753       1.32524371      0.500000000    
          92  -2.77854776       1.24049759      0.479999989    
          94  -2.71066713       1.65069199      0.490000010    
          96  -2.74813080       1.03829956      0.479999989    
          98  -3.02069044       1.15328896      0.490000010    
         100  -2.92153859       1.15086794      0.500000000    
         102  -2.83222055       1.39574063      0.490000010    
         104  -2.98264575      0.882634580      0.500000000    
         106  -2.88088489       1.16121507      0.500000000    
         108  -3.06607437      0.567520916      0.509999990    
         110  -2.97121787      0.687937975      0.509999990    
         112  -2.79724431       1.33479726      0.509999990    
         114  -2.96676064       1.06032073      0.490000010    
         116  -2.94908166       1.02137816      0.490000010    
         118  -2.93048954       1.55147898      0.519999981    
         120  -3.07137179      0.782252431      0.509999990    
         122  -2.88503933       1.15604913      0.509999990    
         124  -3.13633108      0.908560991      0.529999971    
         126  -3.24937963      0.589166760      0.519999981    
         128  -2.87021661       1.57676637      0.519999981    
         130  -3.18504310      0.686136901      0.519999981    
         132  -3.09286451       1.93330896      0.540000021    
         134  -3.31845307       1.53051090      0.560000002    
         136  -3.28340268       1.50958955      0.560000002    
         138  -3.14630127       1.83516037      0.550000012    
         140  -3.50838041       1.06222391      0.540000021    
         142  -3.12692666       2.12507844      0.550000012    
         144  -3.25864768       1.56814301      0.560000002    
         146  -3.25108576       1.73229873      0.550000012    
         148  -3.09707928       2.10030699      0.550000012    
         150  -3.29634666       1.47268784      0.540000021    
         152  -3.30600715       1.83622074      0.540000021    
         154  -3.53850865       1.56429207      0.560000002    
         156  -3.52279544       1.71280432      0.579999983    
         158  -3.35864067       1.70514238      0.560000002    
         160  -3.45991421       1.02320623      0.560000002    
         162  -3.40822601       1.24528623      0.560000002    
         164  -3.03781390       1.64038992      0.540000021    
         166  -3.19310045       1.30668986      0.550000012    
         168  -3.26517797       1.00863814      0.540000021    
         170  -3.10900402       1.66932023      0.540000021    
         172  -3.13407278       1.71851647      0.550000012    
         174  -2.93442965       2.21917582      0.550000012    
         176  -3.24322605       1.36132014      0.540000021    
         178  -2.74216676       2.34169769      0.560000002    
         180  -2.92943716       1.65953612      0.540000021    
         182  -2.98870516       1.42723632      0.529999971    
         184  -3.00286293       1.57308805      0.529999971    
         186  -2.99103355       1.48687208      0.529999971    
         188  -3.03662539       1.21824551      0.529999971    
         190  -2.96170020       1.75850844      0.529999971    
         192  -3.00892138       1.42663920      0.529999971    
         194  -2.82257104       2.19940543      0.540000021    
         196  -2.77984047       3.27250934      0.550000012    
         198  -3.11416912       2.10112834      0.550000012    
         200  -3.38524008       1.11767316      0.560000002    
         202  -3.38292623       1.22977400      0.569999993    
         204  -3.34873152       1.06355679      0.569999993    
         206  -3.40325761      0.978825331      0.589999974    
         208  -3.38426709       1.02667236      0.589999974    
         210  -3.28679037       1.24452090      0.589999974    
         212  -3.25528002       1.41460085      0.579999983    
         214  -2.77075672       2.15800452      0.550000012    
         216  -3.04608703       1.91443133      0.560000002    
         218  -3.10598922       1.59234631      0.550000012    
         220  -3.05776453       1.48655879      0.540000021    
         222  -3.21114612      0.906939924      0.540000021    
         224  -3.37362671       1.02168941      0.560000002    
         226  -3.46505952      0.845223904      0.569999993    
         228  -3.37175918      0.802043617      0.579999983    
         230  -3.20813107      0.880153000      0.569999993    
         232  -3.50084448       5.12627652E-03  0.569999993    
         234  -3.19470477      0.775869191      0.569999993    
         236  -3.09226608      0.788760185      0.560000002    
         238  -3.13233495       1.52169573      0.569999993    
         240  -3.30971336      0.984106719      0.560000002    
         242  -3.12424731       1.33423603      0.560000002    
         244  -3.52762032      0.561944246      0.579999983    
         246  -3.39378095      0.742444515      0.579999983    
         248  -3.24078155       1.32496917      0.579999983    
         250  -3.40309453      0.538665473      0.569999993    
         252  -3.09506392       1.28230643      0.560000002    
         254  -3.05255413       1.54826248      0.569999993    
         256  -3.36627483      0.850342035      0.560000002    
         258  -3.34334040      0.989180446      0.569999993    
         260  -3.26222706      0.515697658      0.560000002    
         262  -3.42933679      0.904141963      0.579999983    
         264  -3.17017722       1.59114373      0.589999974    
         266  -3.43726373      0.871773660      0.600000024    
         268  -3.20576978       1.50213993      0.610000014    
         270  -3.34798098       1.06117713      0.600000024    
         272  -3.44048572      0.945253491      0.600000024    
         274  -3.25288200       1.30230832      0.589999974    
         276  -3.10922098       1.59859192      0.579999983    
         278  -3.27405405       1.08372486      0.579999983    
         280  -3.38157773      0.801274061      0.579999983    
         282  -3.26609373       1.03870606      0.579999983    
         284  -3.02582669       2.18187451      0.589999974    
         286  -3.02385974       2.23939729      0.589999974    
         288  -3.07207322       2.34878278      0.600000024    
         290  -3.29804993       1.13954616      0.589999974    
         292  -3.24439812       1.11363661      0.579999983    
         294  -3.21006465       1.20901179      0.579999983    
         296  -3.31383538       1.42718887      0.569999993    
         298  -3.17816663       1.91914761      0.560000002    
         300  -3.19103169       1.80591273      0.560000002    
         302  -3.13637233       1.75734341      0.569999993    
         304  -3.17157531       1.56529319      0.579999983    
         306  -3.38604355       1.02953243      0.589999974    
         308  -3.24341273       1.67965293      0.600000024    
         310  -3.25356412       1.38371384      0.579999983    
         312  -3.13858390       1.97318208      0.579999983    
         314  -3.20238256       1.45242834      0.569999993    
         316  -3.43802953      0.915853143      0.589999974    
         318  -3.35493875       1.41337037      0.579999983    
         320  -3.33023214       1.26666653      0.579999983    
         322  -3.13932896       1.60725856      0.579999983    
         324  -3.25773454       1.18661237      0.560000002    
         326  -3.27634835       1.75685346      0.579999983    
         328  -3.30082393       1.95512104      0.579999983    
         330  -3.33970404       2.05552077      0.600000024    
         332  -3.50378370       1.17089581      0.610000014    
         334  -3.24870110       1.64184880      0.610000014    
         336  -3.35396147       1.28635633      0.600000024    
         338  -3.27165818       1.11877072      0.589999974    
         340  -3.26320267       1.71688938      0.600000024    
         342  -3.35670161       1.18720806      0.600000024    
         344  -3.33643770       1.01912248      0.600000024    
         346  -3.57087731      0.220856339      0.600000024    
         348  -3.08882451       1.25313377      0.569999993    
         350  -3.11642098       1.20858467      0.560000002    
         352  -3.20930839       1.37300217      0.589999974    
         354  -3.10722160       1.63608420      0.589999974    
         356  -3.34749269      0.995041788      0.589999974    
         358  -3.20092797       1.40275562      0.589999974    
         360  -3.09902167       2.21025872      0.579999983    
         362  -3.21241546       1.79955828      0.579999983    
         364  -3.17266512       1.06707156      0.579999983    
         366  -2.91828918       2.03710938      0.569999993    
         368  -2.93212867       1.74952471      0.569999993    
         370  -3.04800892       1.57730913      0.579999983    
         372  -3.32174230       1.46960747      0.589999974    
         374  -3.11338854       2.21788645      0.589999974    
         376  -3.24187708       1.28852499      0.589999974    
         378  -3.22060347       1.34959471      0.579999983    
         380  -3.23559022       1.33543134      0.589999974    
         382  -2.94841099       2.19232464      0.579999983    
         384  -3.12399173       1.62694216      0.579999983    
         386  -3.09511733       1.62655604      0.600000024    
         388  -3.24565911      0.846315026      0.589999974    
         390  -3.12121820      0.690628707      0.569999993    
         392  -3.02870798       1.05315125      0.550000012    
         394  -2.79688287       1.09407377      0.509999990    
         396  -2.53932095      0.832046330      0.490000010    
         398  -2.07860780       1.74818110      0.460000008    
         400  -2.45020700       1.00210392      0.479999989    
         402  -2.73973465      0.582904458      0.500000000    
         404  -2.79562497      0.672812700      0.490000010    
         406  -2.62907195       1.68521905      0.509999990    
         408  -2.76958609       1.62573040      0.509999990    
         410  -2.55323648       2.26096082      0.509999990    
         412  -2.69157600       2.95371604      0.540000021    
         414  -3.10959005      0.738159597      0.529999971    
         416  -2.98027229      0.978491306      0.529999971    
         418  -2.73678827       2.06285810      0.540000021    
         420  -2.74828219       1.43298960      0.519999981    
         422  -2.65316486       1.52067149      0.500000000    
         424  -2.62623692       1.55681026      0.490000010    
         426  -2.51952648       1.83418095      0.490000010    
         428  -2.52168655       1.59962606      0.490000010    
         430  -2.61943221       1.22759974      0.500000000    
         432  -2.48914194       1.26101625      0.490000010    
         434  -2.65122175      0.746538520      0.490000010    
         436  -2.82564139      0.919343114      0.519999981    
         438  -2.67568135       1.75783670      0.509999990    
         440  -2.87459278       1.07566416      0.509999990    
         442  -2.98825192       1.03091776      0.509999990    
         444  -2.77171922       1.54520309      0.509999990    
         446  -2.89670372      0.615593016      0.509999990    
         448  -2.81421924       1.52739537      0.529999971    
         450  -2.86889243       1.59563220      0.529999971    
         452  -2.96400857       1.50224638      0.540000021    
         454  -2.80118680       1.33067381      0.519999981    
         456  -2.79349542       1.26595783      0.509999990    
         458  -2.87070370       1.18820059      0.509999990    
         460  -2.73931861       1.49084330      0.509999990    
         462  -2.91043711       1.45548773      0.529999971    
         464  -3.14819789      0.767513514      0.529999971    
         466  -3.12067223       1.10562027      0.529999971    
         468  -3.09439182      0.718606293      0.519999981    
         470  -2.80767417       2.38190103      0.519999981    
         472  -3.20008469       1.27836764      0.519999981    
         474  -2.92316413       1.59928930      0.500000000    
         476  -2.75552702       1.55672181      0.490000010    
         478  -2.96652436      0.619661033      0.500000000    
         480  -2.74770856       1.45271075      0.500000000    
         482  -2.83431005      0.906806767      0.500000000    
         484  -2.83720350      0.491134644      0.500000000    
         486  -2.79470921      0.469621599      0.490000010    
         488  -2.64487147       1.18758619      0.500000000    
         490  -2.70809507       1.15306854      0.509999990    
         492  -2.73271561      0.979342103      0.509999990    
         494  -2.61212087      0.815891802      0.490000010    
         496  -2.52686691       1.17474401      0.509999990    
         498  -2.55560613       1.00517356      0.479999989    
         500  -2.59955502       1.16052878      0.479999989    
         502  -2.58827400       1.26535392      0.500000000    
         504  -2.71765947       1.12420118      0.479999989    
         506  -2.64600444       1.15385401      0.490000010    
         508  -2.68837261       1.22176993      0.509999990    
         510  -2.68665886       1.69384241      0.540000021    
         512  -2.87915492       1.23428345      0.519999981    
         514  -3.01286793      0.220395967      0.490000010    
         516  -2.78952241       1.38099146      0.500000000    
         518  -2.60879731       1.65071356      0.500000000    
         520  -2.61492848       1.39915586      0.500000000    
         522  -2.84354472       1.12011194      0.490000010    
         524  -2.80391359       1.26981294      0.479999989    
         526  -2.78166699       1.84413862      0.490000010    
         528  -2.47849965       2.44067192      0.500000000    
         530  -2.76318336       1.57026720      0.490000010    
         532  -2.64186358       1.98068035      0.500000000    
         534  -2.70608521       1.88853443      0.509999990    
         536  -2.99308944       1.02075589      0.509999990    
         538  -2.81322074       1.50295293      0.509999990    
         540  -2.81080508       1.47036755      0.519999981    
         542  -2.60490155       1.52161777      0.509999990    
         544  -2.66942048       1.37854159      0.490000010    
         546  -2.60440898       1.56189704      0.500000000    
         548  -2.70296669       1.51800156      0.509999990    
         550  -2.68099427       1.63782656      0.490000010    
         552  -2.68187523       1.69497788      0.509999990    
         554  -2.75336623       1.03021133      0.490000010    
         556  -2.55635023       1.28118253      0.490000010    
         558  -2.88643169      0.622188151      0.500000000    
         560  -2.71301961      0.957925439      0.469999999    
         562  -2.68309283       1.49972594      0.500000000    
         564  -2.57911515       1.70418513      0.490000010    
         566  -2.46277738       1.39204097      0.449999988    
         568  -2.55795598       1.11519647      0.460000008    
         570  -2.47939634       1.23839855      0.479999989    
         572  -2.41007996       1.40146101      0.460000008    
         574  -2.51852155       1.16074467      0.469999999    
         576  -2.47486925       1.61111248      0.479999989    
         578  -2.66315389      0.677912831      0.460000008    
         580  -2.49060774       1.04484296      0.469999999    
         582  -2.34590626      0.818243265      0.460000008    
         584  -2.21933913       1.70574677      0.449999988    
         586  -2.54213285       1.04254234      0.469999999    
         588  -2.90497494      0.435940236      0.479999989    
         590  -2.62319088       1.03741300      0.469999999    
         592  -2.70592332      0.316977710      0.469999999    
         594  -2.61890268      0.690056205      0.460000008    
         596  -2.40672255       1.28603864      0.469999999    
         598  -2.59132457      0.752826214      0.460000008    
         600  -2.49307370      0.667198837      0.439999998    
         602  -2.19350600       1.38460863      0.430000007    
         604  -2.64240170      0.601537347      0.449999988    
         606  -2.37084317       1.20110798      0.439999998    
         608  -2.32669616       1.27374887      0.439999998    
         610  -2.52857995      0.632354617      0.460000008    
         612  -2.59789181      0.936246395      0.469999999    
         614  -2.65467572      0.917885900      0.460000008    
         616  -2.97487497      0.281389952      0.469999999    
         618  -2.91461730       1.16877472      0.500000000    
         620  -2.93595672      0.995275736      0.509999990    
         622  -2.80560112       1.08861494      0.490000010    
         624  -3.13854623      0.133650616      0.509999990    
         626  -3.09628272      0.360564142      0.509999990    
         628  -3.02227330      0.673457623      0.490000010    
         630  -2.79006028       1.56399441      0.490000010    
         632  -2.84928370       1.49951077      0.479999989    
         634  -2.94785762       1.39989257      0.490000010    
         636  -2.80306387       1.20088518      0.479999989    
         638  -2.97526217       1.05281174      0.490000010    
         640  -3.00574231       1.10773408      0.490000010    
         642  -3.02331281       1.05888426      0.490000010    
         644  -2.73535419       1.21026504      0.469999999    
         646  -2.81641412      0.909305811      0.449999988    
         648  -2.66977525       1.75324965      0.469999999    
         650  -2.50610590       1.74687850      0.449999988    
         652  -2.58880782       1.12762547      0.469999999    
         654  -2.51765656       1.96152234      0.479999989    
         656  -2.85384440      0.418591499      0.479999989    
         658  -2.68979716      0.921227515      0.490000010    
         660  -2.59791660       1.86786366      0.509999990    
         662  -2.82849383       1.20093584      0.519999981    
         664  -2.88196898       1.24925697      0.519999981    
         666  -3.24906778      0.917941093      0.540000021    
         668  -3.17871547       1.16739810      0.569999993    
         670  -3.10103297      0.742014170      0.540000021    
         672  -3.03722143      0.888120174      0.529999971    
         674  -3.13890672      0.782236695      0.540000021    
         676  -2.83720469       1.55388474      0.550000012    
         678  -3.03800869      0.810118079      0.540000021    
         680  -3.23635674      0.270561308      0.540000021    
         682  -3.08028889       1.14668643      0.529999971    
         684  -3.17636609      0.778565109      0.529999971    
         686  -2.82683754       1.35008168      0.529999971    
         688  -3.04846716      0.359019250      0.519999981    
         690  -2.96931958      0.902703047      0.529999971    
         692  -2.90887785       1.97011793      0.540000021    
         694  -2.88937140       1.58508205      0.550000012    
         696  -3.30241895      0.681190431      0.560000002    
         698  -3.30567813       1.02790654      0.569999993    
         700  -3.17587328      0.661329925      0.560000002    
         702  -3.21040535      0.638055503      0.560000002    
         704  -3.31222868      0.564980447      0.560000002    
         706  -3.08581662       1.27453196      0.560000002    
         708  -3.08712459       1.14102328      0.560000002    
         710  -3.29476333      0.823020756      0.569999993    
         712  -2.94994426       1.65793967      0.560000002    
         714  -3.00246477       1.43946373      0.560000002    
         716  -2.89608049       1.07399929      0.540000021    
         718  -2.96429682      0.511625350      0.540000021    
         720  -2.92995119      0.750961602      0.540000021    
         722  -2.87879777      0.759727240      0.529999971    
         724  -2.78522253      0.841398001      0.509999990    
         726  -2.69280505       1.62068379      0.519999981    
         728  -2.87248635       1.51751673      0.509999990    
         730  -2.74107695       1.28154910      0.509999990    
         732  -2.67476296      0.935187101      0.500000000    
         734  -2.45184660       1.33098662      0.479999989    
         736  -2.62315845       1.16478741      0.490000010    
         738  -2.63121700      0.852097929      0.490000010    
         740  -2.72766304      0.899449885      0.469999999    
         742  -2.93153620      0.378523946      0.469999999    
         744  -2.77610445       1.59379840      0.490000010    
         746  -2.71208549       1.73861051      0.519999981    
         748  -2.66566968       2.17394924      0.540000021    
         750  -2.99881506       1.40527868      0.540000021    
         752  -3.19716096      0.734209955      0.540000021    
         754  -3.18186426      0.871845961      0.540000021    
         756  -3.03992224       1.21815729      0.529999971    
         758  -3.15991354       1.15491235      0.560000002    
         760  -2.98896646      0.892453909      0.550000012    
         762  -3.03686333       1.07025552      0.560000002    
         764  -2.82747817       1.46114266      0.560000002    
         766  -3.14672589      0.642153919      0.560000002    
         768  -2.80341864       1.50135303      0.550000012    
         770  -2.98687863      0.990918338      0.550000012    
         772  -3.15874648      0.625613332      0.569999993    
         774  -3.11830926      0.787936389      0.569999993    
         776  -3.21105814      0.837090135      0.569999993    
         778  -2.77971935       2.04850292      0.560000002    
         780  -2.99770331      0.787943125      0.540000021    
         782  -2.71839333       2.01753831      0.550000012    
         784  -3.15857410      0.622695923      0.569999993    
         786  -3.01926947       1.50245953      0.569999993    
         788  -2.83831286       1.37950253      0.540000021    
         790  -3.06440425      0.827130854      0.540000021    
         792  -2.97432494      0.951683998      0.529999971    
         794  -3.21902752      0.462294698      0.550000012    
         796  -3.12814021       1.14820027      0.569999993    
         798  -2.81534314       1.87347674      0.569999993    
         800  -3.24609494      0.954568624      0.569999993    
         802  -3.04728842       2.14773011      0.579999983    
         804  -3.24317217       1.58586872      0.589999974    
         806  -2.98100615       1.75497234      0.569999993    
         808  -3.03906631       1.42744708      0.560000002    
         810  -2.88468099       1.55167258      0.550000012    
         812  -2.84159064       1.15178204      0.540000021    
         814  -3.12766457      0.571673930      0.550000012    
         816  -3.04571152      0.842075288      0.550000012    
         818  -3.09757972       1.20181012      0.550000012    
         820  -2.89211226       1.24083972      0.529999971    
         822  -2.86614776       1.73253179      0.550000012    
         824  -2.95457602      0.648914933      0.540000021    
         826  -3.09132171      0.578590035      0.550000012    
         828  -2.93962026       1.23117864      0.550000012    
         830  -2.62677956       2.35358000      0.550000012    
         832  -2.98676419       1.07412815      0.560000002    
         834  -2.99757719      0.605998218      0.529999971    
         836  -2.91169524      0.761666715      0.529999971    
         838  -2.80118775       1.15601754      0.529999971    
         840  -2.62947607       1.67640781      0.519999981    
         842  -2.99689174      0.914200485      0.529999971    
         844  -2.78735137       1.45504451      0.529999971    
         846  -3.15953660      0.512121856      0.529999971    
         848  -2.89688778       1.22485530      0.519999981    
         850  -2.83294058       1.44619334      0.529999971    
         852  -3.08599710      0.954686999      0.529999971    
         854  -3.05933928      0.715170026      0.540000021    
         856  -2.96563101       1.10898507      0.529999971    
         858  -2.94955182       1.59578121      0.550000012    
         860  -3.06647301       1.80980194      0.560000002    
         862  -3.40199828      0.396299720      0.560000002    
         864  -3.27980018      0.667368114      0.560000002    
         866  -3.19888425       1.22346354      0.579999983    
         868  -2.94088387       1.63479543      0.569999993    
         870  -2.80115366       2.89644599      0.569999993    
         872  -2.99028063       2.19600558      0.579999983    
         874  -2.82544088       2.57663989      0.579999983    
         876  -3.05504513       1.38925982      0.569999993    
         878  -3.13105822       1.79391289      0.589999974    
         880  -3.39500999       1.46656752      0.600000024    
         882  -3.25633836       1.47976184      0.589999974    
         884  -3.21130943       1.65134239      0.569999993    
         886  -3.23082423      0.954366088      0.560000002    
         888  -3.21088386       1.31570137      0.560000002    
         890  -3.46258235      0.448505580      0.540000021    
         892  -3.24023938      0.195540801      0.519999981    
         894  -3.01097798      0.643083096      0.519999981    
         896  -3.11780739       1.03924203      0.529999971    
         898  -3.37571216      0.426883936      0.529999971    
         900  -3.39053249      0.565435529      0.540000021    
         902  -3.02972984       1.21772575      0.529999971    
         904  -3.21986294       1.18311775      0.529999971    
         906  -3.09589005      0.983926594      0.519999981    
         908  -3.11987758       1.11085021      0.519999981    
         910  -2.92120838       1.21608305      0.519999981    
         912  -3.11259770       1.04729545      0.519999981    
         914  -3.04531193       1.14144135      0.519999981    
         916  -3.06401062       1.41385841      0.519999981    
         918  -2.70008779       2.31808376      0.519999981    
         920  -2.94437623       1.60066450      0.529999971    
         922  -3.24528313       1.36619747      0.529999971    
         924  -3.33864546       1.18041980      0.550000012    
         926  -3.34984875       1.35107458      0.569999993    
         928  -3.04862881       1.71575737      0.569999993    
         930  -3.58772445      0.425063938      0.579999983    
         932  -3.12901020       1.18176186      0.569999993    
         934  -3.22796559       1.38522685      0.589999974    
         936  -3.30576992       1.15356123      0.589999974    
         938  -2.98993206       1.77045083      0.569999993    
         940  -3.09355950      0.789014518      0.540000021    
         942  -2.81593990       1.67388165      0.540000021    
         944  -3.02048516       1.18859839      0.540000021    
         946  -3.00768495       1.82273006      0.560000002    
         948  -3.06163692       1.42111111      0.560000002    
         950  -3.08959937       1.18114161      0.560000002    
         952  -3.01273680       1.32732606      0.550000012    
         954  -2.91243887       1.06632757      0.529999971    
         956  -2.92460775      0.807773769      0.529999971    
         958  -3.09670663      0.144636825      0.540000021    
         960  -2.83388543       1.08151495      0.540000021    
         962  -2.97371459      0.690009654      0.540000021    
         964  -2.79820180       1.64299822      0.550000012    
         966  -2.82312179       2.05264854      0.550000012    
         968  -2.69166183       2.02317190      0.540000021    
         970  -3.08703947       1.21189523      0.540000021    
         972  -2.82256818       2.17104340      0.540000021    
         974  -3.06223917       1.53822958      0.550000012    
         976  -3.33896685      0.977724016      0.569999993    
         978  -3.02370000       1.77405512      0.560000002    
         980  -2.84737754       2.33835602      0.569999993    
         982  -3.16914034       1.75975037      0.600000024    
         984  -3.18547392       1.36249959      0.589999974    
         986  -3.01063752       2.25599456      0.600000024    
         988  -2.74886727       2.86595297      0.589999974    
         990  -2.97702861       1.83599472      0.579999983    
         992  -3.17962074       1.30526876      0.579999983    
         994  -3.09086394       1.85740173      0.579999983    
         996  -3.20263338       1.13225067      0.579999983    
         998  -3.13615417       1.46757078      0.579999983    
        1000  -3.07426047       1.84922433      0.569999993    
        1002  -3.15707326       1.18294239      0.579999983    
        1004  -3.20832229      0.899347365      0.550000012    
        1006  -3.07131529      0.514598906      0.550000012    
        1008  -3.08193731      0.550339937      0.550000012    
        1010  -2.97408104       1.09740388      0.529999971    
        1012  -2.97573614      0.808486521      0.519999981    
        1014  -2.60042930       1.68304276      0.529999971    
        1016  -2.94022775      0.850430548      0.529999971    
        1018  -3.14931607      0.710773826      0.529999971    
        1020  -3.04922700      0.512659788      0.509999990    
        1022  -2.65236092       2.07868934      0.509999990    
        1024  -2.80539083      0.990431547      0.500000000    
        1026  -2.65000510       1.33544612      0.500000000    
        1028  -2.80650020      0.755763531      0.509999990    
        1030  -2.82548666      0.623301506      0.519999981    
        1032  -2.66326427       1.03343773      0.509999990    
        1034  -3.02025914      0.336133510      0.519999981    
        1036  -3.00941205      0.627250493      0.529999971    
        1038  -2.70900464      0.826945066      0.509999990    
        1040  -2.62028790       1.38092399      0.509999990    
        1042  -2.87758255      0.928954601      0.519999981    
        1044  -2.89473391       1.08936763      0.529999971    
        1046  -2.79821491       1.25850606      0.540000021    
        1048  -2.71727991       1.20053244      0.519999981    
        1050  -2.71787596       1.57065582      0.529999971    
        1052  -2.93865371       1.02377343      0.540000021    
        1054  -3.33229303      0.452310711      0.560000002    
        1056  -3.47395277     -0.252762347      0.569999993    
        1058  -3.35487533      -1.97789981E-03  0.569999993    
        1060  -3.20704174      0.808151364      0.579999983    
        1062  -3.15938973       1.06326890      0.579999983    
        1064  -3.41497135      0.562736750      0.579999983    
        1066  -3.42098117      0.614566028      0.569999993    
        1068  -3.13788533       1.22295392      0.560000002    
        1070  -3.28806877      0.947121024      0.569999993    
        1072  -2.89196587       1.54155695      0.550000012    
        1074  -2.98989534       1.96014440      0.579999983    
        1076  -3.20897126       1.38375473      0.589999974    
        1078  -3.23439860       1.40816450      0.589999974    
        1080  -3.31749105      0.860306919      0.579999983    
        1082  -3.15159917      0.978707671      0.569999993    
        1084  -3.00441217       1.48184359      0.579999983    
        1086  -3.09207082       1.48800790      0.579999983    
        1088  -3.01818371      0.763471484      0.560000002    
        1090  -2.85748982       1.59768963      0.560000002    
        1092  -2.97539711       2.30188465      0.579999983    
        1094  -3.01851964       1.87294543      0.569999993    
        1096  -3.02716398       2.38180113      0.600000024    
        1098  -2.68650651       3.02513099      0.579999983    
        1100  -2.57923722       3.48551488      0.579999983    
        1102  -2.54406714       3.28043079      0.569999993    
        1104  -2.90626049       1.99458921      0.560000002    
        1106  -2.89059401       2.28572679      0.560000002    
        1108  -2.73492432       1.81680489      0.540000021    
        1110  -2.97734380       1.18987358      0.540000021    
        1112  -2.96618390       1.48196769      0.560000002    
        1114  -2.94032145       1.38625360      0.529999971    
        1116  -2.99435520       1.29550600      0.550000012    
        1118  -2.93335104       1.51863134      0.560000002    
        1120  -3.15931320      0.983544230      0.560000002    
        1122  -2.71602488       2.00255108      0.540000021    
        1124  -2.70918441       1.63931799      0.540000021    
        1126  -3.13218975      0.431062728      0.540000021    
        1128  -2.86167121      0.939539194      0.519999981    
        1130  -2.67206478       1.45431733      0.529999971    
        1132  -2.70785999       1.57059896      0.519999981    
        1134  -2.87742543       1.18277133      0.540000021    
        1136  -3.08432221      0.650072157      0.550000012    
        1138  -3.15058422      0.200685233      0.540000021    
        1140  -2.93386173      0.796208322      0.540000021    
        1142  -3.21915984      0.587417185      0.560000002    
        1144  -3.15978622      0.944711268      0.560000002    
        1146  -3.02330899       1.56584072      0.560000002    
        1148  -3.00300479       1.14604867      0.550000012    
        1150  -2.98382974       1.53869128      0.540000021    
        1152  -3.02456474       1.31449521      0.540000021    
        1154  -2.92150354       1.18537199      0.550000012    
        1156  -3.11773348      0.883728325      0.550000012    
        1158  -3.27929044      0.602998197      0.550000012    
        1160  -3.04604220       1.59417963      0.560000002    
        1162  -3.11766219      0.886880696      0.550000012    
        1164  -3.11459708       1.40963471      0.560000002    
        1166  -3.00190043       1.69275582      0.550000012    
        1168  -3.06886601       1.12280703      0.540000021    
        1170  -3.21004343      0.788833618      0.560000002    
        1172  -3.31703687       1.27001011      0.550000012    
        1174  -3.14598322       1.30740678      0.540000021    
        1176  -3.28897429       1.01412249      0.560000002    
        1178  -3.21276975       1.27459848      0.560000002    
        1180  -3.24819922       1.25009573      0.560000002    
        1182  -3.17100716       1.44582832      0.560000002    
        1184  -3.32028008      0.890636981      0.550000012    
        1186  -3.25510001      0.942749798      0.540000021    
        1188  -3.18869495      0.841849089      0.540000021    
        1190  -2.97830176      0.912427902      0.519999981    
        1192  -2.98406029       1.27601004      0.540000021    
        1194  -3.18353534       1.22605705      0.550000012    
        1196  -3.28970766      0.736900330      0.560000002    
        1198  -3.26007700      0.533759475      0.569999993    
        1200  -3.23355317      0.720593989      0.569999993    
        1202  -3.33178306       1.13149738      0.569999993    
        1204  -3.30326056       1.33048356      0.569999993    
        1206  -3.01110458       1.77464247      0.560000002    
        1208  -3.33669114       1.14791918      0.569999993    
        1210  -3.03942728       2.31778646      0.560000002    
        1212  -3.33672094       1.62042260      0.569999993    
        1214  -3.41306496       1.22893131      0.560000002    
        1216  -3.06675005       1.61504483      0.560000002    
        1218  -3.11794043       1.71804798      0.569999993    
        1220  -2.76557589       2.12568426      0.560000002    
        1222  -2.99772334       1.39676499      0.560000002    
        1224  -3.23889136      0.680761755      0.569999993    
        1226  -3.11391115       1.03500104      0.569999993    
        1228  -3.03885627       1.25591099      0.569999993    
        1230  -2.98410964       1.49758852      0.560000002    
        1232  -2.61125588       2.60153723      0.560000002    
        1234  -2.84543848       1.25983918      0.529999971    
        1236  -2.77464414       1.91076934      0.550000012    
        1238  -2.93799829       1.47035933      0.560000002    
        1240  -3.04447436       1.28139484      0.560000002    
        1242  -3.06181479       1.75131404      0.569999993    
        1244  -2.74755907       2.24675298      0.560000002    
        1246  -2.81928706       1.87084496      0.560000002    
        1248  -3.10486197       1.93760467      0.579999983    
        1250  -2.89949727       1.92745388      0.569999993    
        1252  -3.21146870      0.940739155      0.569999993    
        1254  -3.18015289       1.23887146      0.569999993    
        1256  -3.17001772       1.59369540      0.560000002    
        1258  -3.09134960       2.00555563      0.579999983    
        1260  -3.09725332       2.08146739      0.589999974    
        1262  -3.11062217       2.26437306      0.600000024    
        1264  -3.34915376       1.26470113      0.600000024    
        1266  -3.36827374      0.993239045      0.600000024    
        1268  -3.54848361      0.287959218      0.610000014    
        1270  -3.51650524      0.327112436      0.610000014    
        1272  -3.41262341      0.875770450      0.610000014    
        1274  -3.57218528       1.29707670      0.620000005    
        1276  -3.45500040       1.57635593      0.639999986    
        1278  -3.29359937       1.62732172      0.620000005    
        1280  -3.34508419       1.50659716      0.600000024    
        1282  -3.27179575       1.47206604      0.600000024    
        1284  -2.96823692       2.11705089      0.589999974    
        1286  -3.03868032       1.92914569      0.589999974    
        1288  -2.81876063       2.39353395      0.579999983    
        1290  -2.96085358       1.60622585      0.560000002    
        1292  -2.79408360       2.15002751      0.560000002    
        1294  -3.28712320      0.795639634      0.569999993    
        1296  -3.06211114       1.37720621      0.569999993    
        1298  -2.88229513       1.32809854      0.550000012    
        1300  -3.01697564      0.910664737      0.529999971    
        1302  -3.04390049      0.666236758      0.540000021    
        1304  -3.11104989      0.664700389      0.550000012    
        1306  -3.17500305      0.584300935      0.550000012    
        1308  -3.10133076      0.834006250      0.560000002    
        1310  -2.73950267       2.24952745      0.560000002    
        1312  -3.04810786       1.50942409      0.569999993    
        1314  -3.00618744       1.20968068      0.569999993    
        1316  -2.82789016       1.59231865      0.560000002    
        1318  -2.83762121       1.26103556      0.550000012    
        1320  -2.82656145      0.914616883      0.550000012    
        1322  -2.68654585       1.19979560      0.529999971    
        1324  -2.63307285       1.01660931      0.509999990    
        1326  -2.94214749      0.141474277      0.509999990    
        1328  -2.62904954       1.52072239      0.519999981    
        1330  -2.73094606       1.03644538      0.500000000    
        1332  -2.55070281       1.87918031      0.509999990    
        1334  -2.87249923      0.827734649      0.509999990    
        1336  -2.87406969      0.993542135      0.529999971    
        1338  -2.99765229       1.05225968      0.519999981    
        1340  -3.27734804       1.09311152      0.540000021    
        1342  -3.30117846      0.913009286      0.540000021    
        1344  -3.20512128       1.29360557      0.540000021    
        1346  -3.28946662       1.07709455      0.540000021    
        1348  -3.35635543      0.934503138      0.550000012    
        1350  -3.45762539      0.920744419      0.579999983    
        1352  -3.27181458       1.38811839      0.579999983    
        1354  -3.32153249       1.63596451      0.579999983    
        1356  -3.10932136       1.84090960      0.569999993    
        1358  -3.30003691       1.17286038      0.569999993    
        1360  -3.43230367      0.886680126      0.569999993    
        1362  -3.23311186       1.12366784      0.550000012    
        1364  -3.06021786       1.70084906      0.560000002    
        1366  -3.06873870       1.62939644      0.569999993    
        1368  -3.27528262       1.24843371      0.589999974    
        1370  -3.41679955       1.20524788      0.589999974    
        1372  -3.12387323       2.10457397      0.610000014    
        1374  -3.35033512       1.09438872      0.610000014    
        1376  -3.35234547       1.54212308      0.610000014    
        1378  -3.40973949       1.27970886      0.629999995    
        1380  -3.32259893       1.89992321      0.639999986    
        1382  -3.31383872       2.03268552      0.639999986    
        1384  -3.79344487      0.620910764      0.639999986    
        1386  -3.41833186       2.41339874      0.639999986    
        1388  -3.58402896       1.33358693      0.629999995    
        1390  -3.66046858       1.16599596      0.620000005    
        1392  -3.35031295       2.33029366      0.639999986    
        1394  -3.08712268       3.11967540      0.620000005    
        1396  -3.32018185       2.37184453      0.610000014    
        1398  -3.71545506       1.23110878      0.620000005    
        1400  -3.50774431       2.28334427      0.629999995    
        1402  -3.27800059       2.68851709      0.629999995    
        1404  -3.37325716       2.15830207      0.620000005    
        1406  -3.32123637       2.81675291      0.629999995    
        1408  -3.35694480       2.46824384      0.639999986    
        1410  -3.56990051       1.69104016      0.649999976    
        1412  -3.74474072      0.916413724      0.649999976    
        1414  -3.53475332       1.61209238      0.639999986    
        1416  -3.66653848       1.33433509      0.639999986    
        1418  -3.29182887       2.82018328      0.639999986    
        1420  -3.49233699       2.61516380      0.639999986    
        1422  -3.42592788       2.97385335      0.649999976    
        1424  -3.48384261       2.79042745      0.649999976    
        1426  -3.43019629       2.93303561      0.629999995    
        1428  -3.42807126       2.45549679      0.629999995    
        1430  -3.66602993       1.48411012      0.620000005    
        1432  -3.48305249       2.43981767      0.629999995    
        1434  -3.47549009       2.60213709      0.639999986    
        1436  -3.49642181       2.64831948      0.629999995    
        1438  -3.49826312       2.29514503      0.620000005    
        1440  -3.25825620       2.66500664      0.620000005    
        1442  -3.28204799       2.70276523      0.620000005    
        1444  -3.50493526       1.67025805      0.620000005    
        1446  -3.27001953       2.02811360      0.620000005    
        1448  -3.34370470       1.42153835      0.589999974    
        1450  -3.39419532       1.07406676      0.579999983    
        1452  -3.37570190      0.991813421      0.579999983    
        1454  -3.02356601       1.95528376      0.569999993    
        1456  -3.11477685       2.33638334      0.579999983    
        1458  -3.30041933       1.06420016      0.560000002    
        1460  -3.17069173       1.71213210      0.560000002    
        1462  -3.35157204       1.30206192      0.569999993    
        1464  -3.26985669       1.92377174      0.579999983    
        1466  -3.22942901       1.55076241      0.569999993    
        1468  -3.35791683       1.10337913      0.569999993    
        1470  -3.25609088      0.934218466      0.569999993    
        1472  -3.47984314       4.00733761E-02  0.569999993    
        1474  -3.19662714       1.99000025      0.600000024    
        1476  -3.11637187       2.05716801      0.579999983    
        1478  -3.28383183       1.12943017      0.579999983    
        1480  -3.15706730       1.79329574      0.589999974    
        1482  -3.16162968       1.62794662      0.579999983    
        1484  -3.18975687      0.903002501      0.569999993    
        1486  -3.04004598       1.21879411      0.560000002    
        1488  -3.07180810       1.00221860      0.550000012    
        1490  -3.04343963       1.13735187      0.550000012    
        1492  -3.19904280      0.525879264      0.550000012    
        1494  -2.98137164       1.32603300      0.540000021    
        1496  -2.89454460       1.39781106      0.540000021    
        1498  -2.71042538       1.08988404      0.519999981    
        1500  -2.67822409      0.937129498      0.500000000    
        1502  -2.82465601      0.393278480      0.490000010    
        1504  -2.91052175      0.565913439      0.500000000    
        1506  -2.90035176      0.446592987      0.500000000    
        1508  -2.92795873      0.748235345      0.500000000    
        1510  -2.81795049       1.31461740      0.509999990    
        1512  -2.88500452       1.28711081      0.509999990    
        1514  -2.90031147       1.40907919      0.529999971    
        1516  -2.95004606       2.13804030      0.569999993    
        1518  -3.14910221      0.945367694      0.560000002    
        1520  -3.46250701      0.254386127      0.560000002    
        1522  -3.13258529       1.32269406      0.560000002    
        1524  -3.06078696       1.12082863      0.560000002    
        1526  -2.95429921       2.35451674      0.569999993    
        1528  -3.29634070       1.33510923      0.579999983    
        1530  -3.41216230      0.948319852      0.579999983    
        1532  -3.24938536       1.03633988      0.569999993    
        1534  -3.18800521       1.74280417      0.579999983    
        1536  -2.90612102       2.66276503      0.569999993    
        1538  -3.13921261       1.93029416      0.569999993    
        1540  -3.22416139       1.71595979      0.569999993    
        1542  -2.75839257       2.97060919      0.569999993    
        1544  -3.22765040       1.32251441      0.560000002    
        1546  -3.01883101       2.06424785      0.540000021    
        1548  -3.29124451       1.24028063      0.550000012    
        1550  -3.30605865      0.949459791      0.540000021    
        1552  -3.14561248       1.27247262      0.550000012    
        1554  -3.22555327       1.09879971      0.560000002    
        1556  -3.09182501      0.917868853      0.560000002    
        1558  -3.12698650      0.479288876      0.550000012    
        1560  -2.92928076       1.90677834      0.550000012    
        1562  -3.16439080      0.686418116      0.529999971    
        1564  -3.16292310       1.02098656      0.540000021    
        1566  -3.39802098      0.600260019      0.560000002    
        1568  -3.20939183       1.42410564      0.560000002    
        1570  -3.19136548       1.59447443      0.560000002    
        1572  -3.30415154      0.894860029      0.560000002    
        1574  -2.99984455       1.60402179      0.550000012    
        1576  -3.21387053       1.09823084      0.540000021    
        1578  -3.14617109       1.44076502      0.550000012    
        1580  -2.74084854       2.02701879      0.540000021    
        1582  -2.86259866       1.54399240      0.529999971    
        1584  -3.05647659       1.34666514      0.529999971    
        1586  -3.06177473      0.818811297      0.509999990    
        1588  -2.90921354      0.725815952      0.500000000    
        1590  -2.85605001      0.811750591      0.490000010    
        1592  -2.77905583      0.759997606      0.460000008    
        1594  -2.48686337       1.20594883      0.449999988    
        1596  -2.39307070       1.86538363      0.469999999    
        1598  -2.41463876       1.72450924      0.479999989    
        1600  -2.78705955      0.798753977      0.479999989    
        1602  -2.79270720      0.833002269      0.490000010    
        1604  -2.86459923      0.486772507      0.469999999    
        1606  -2.60279083      0.913869441      0.479999989    
        1608  -2.69908261      0.763371408      0.479999989    
        1610  -2.75743175      0.739088118      0.490000010    
        1612  -2.99168205      0.369198084      0.490000010    
        1614  -2.96855330      0.817929387      0.509999990    
        1616  -2.93812585      0.959311485      0.509999990    
        1618  -3.19392419      0.985275805      0.529999971    
        1620  -3.06788802       1.03058136      0.519999981    
        1622  -2.94643068       1.80454028      0.540000021    
        1624  -3.27123904       1.28612447      0.560000002    
        1626  -3.11030054       1.51199281      0.560000002    
        1628  -3.31001854      0.933880210      0.560000002    
        1630  -3.29335260       1.19818747      0.569999993    
        1632  -3.33586788       1.49908543      0.579999983    
        1634  -3.21757293       1.61207128      0.579999983    
        1636  -3.00617266       2.49919868      0.579999983    
        1638  -3.00372601       2.72092605      0.589999974    
        1640  -3.24437094       1.97951949      0.589999974    
        1642  -3.15644264       1.65019512      0.579999983    
        1644  -3.34824157       1.13335073      0.589999974    
        1646  -3.45474505       1.25506592      0.600000024    
        1648  -3.46149111       1.31043231      0.600000024    
        1650  -3.48277140       1.01957631      0.589999974    
        1652  -3.41985774      0.709529519      0.589999974    
        1654  -3.41861963       1.21100426      0.600000024    
        1656  -3.48977375      0.766863823      0.600000024    
        1658  -3.54686856      0.505387008      0.589999974    
        1660  -3.50546002       1.11292136      0.600000024    
        1662  -3.47808766       1.34564245      0.600000024    
        1664  -3.31584525       1.64936244      0.589999974    
        1666  -3.41569114       1.22770548      0.589999974    
        1668  -3.41955543      0.870722055      0.589999974    
        1670  -3.33773613       1.10785449      0.579999983    
        1672  -3.14173460       1.64868474      0.569999993    
        1674  -3.19072986       1.76095510      0.579999983    
        1676  -3.31738353      0.314966261      0.560000002    
        1678  -3.12816381      0.925696611      0.569999993    
        1680  -3.33156681      0.509500623      0.579999983    
        1682  -3.22288108      0.740216494      0.560000002    
        1684  -2.92886400       1.27097011      0.529999971    
        1686  -3.38658977      0.387441963      0.550000012    
        1688  -3.03199148       1.22801924      0.540000021    
        1690  -2.96700311       1.36622870      0.519999981    
        1692  -2.57685304       2.01860523      0.479999989    
        1694  -2.68161869       1.82440877      0.509999990    
        1696  -2.62542796       1.92090118      0.509999990    
        1698  -2.81884456       1.37526596      0.509999990    
        1700  -3.01090670      0.886814177      0.509999990    
        1702  -2.77303767       1.00567627      0.519999981    
        1704  -2.65162301       1.75172627      0.519999981    
        1706  -2.90390635      0.959846199      0.529999971    
        1708  -3.02007985      0.640044570      0.529999971    
        1710  -2.94554687      0.780951917      0.540000021    
        1712  -2.52173305       2.05475187      0.540000021    
        1714  -2.84424996       1.05506158      0.550000012    
        1716  -3.25408745      0.640797734      0.550000012    
        1718  -3.12676382       1.04266930      0.560000002    
        1720  -3.21795201       1.30236268      0.579999983    
        1722  -3.00729942       1.25540555      0.569999993    
        1724  -3.08184934       1.15212595      0.569999993    
        1726  -2.98603344      0.966372907      0.540000021    
        1728  -3.08273411       1.16961181      0.560000002    
        1730  -3.15483308      0.507724345      0.550000012    
        1732  -3.22642398      0.848896980      0.589999974    
        1734  -3.15466690       1.24917853      0.600000024    
        1736  -2.99382687       1.16958678      0.589999974    
        1738  -3.35348797      0.497098655      0.579999983    
        1740  -3.03389549       1.57834637      0.589999974    
        1742  -3.26720023      0.776306927      0.589999974    
        1744  -3.20788598      0.996848881      0.569999993    
        1746  -2.60964274       2.57848763      0.560000002    
        1748  -3.05297446       1.27590716      0.560000002    
        1750  -3.35068846      0.451464534      0.560000002    
        1752  -3.12755227       1.90644622      0.579999983    
        1754  -3.25083661       1.22491717      0.560000002    
        1756  -2.99368453       2.01263762      0.560000002    
        1758  -3.09802508       1.48526096      0.550000012    
        1760  -3.04031205      0.992314279      0.540000021    
        1762  -2.87457013       1.49829292      0.540000021    
        1764  -3.26451445      0.728404939      0.540000021    
        1766  -2.99793983       1.26335931      0.540000021    
        1768  -3.16232777       1.05453539      0.550000012    
        1770  -3.10253453      0.893349290      0.540000021    
        1772  -3.06121850       1.45088422      0.550000012    
        1774  -2.99414563       1.89317560      0.569999993    
        1776  -3.07833433       1.34918892      0.579999983    
        1778  -3.25851583      0.949947834      0.579999983    
        1780  -3.17456412      0.497604132      0.569999993    
        1782  -3.01836610       1.07944095      0.560000002    
        1784  -3.04380965      0.624807954      0.560000002    
        1786  -3.01239204       1.30525517      0.560000002    
        1788  -3.01781082       1.09180462      0.560000002    
        1790  -3.00006413       1.47968614      0.560000002    
        1792  -3.27651119      0.894570708      0.569999993    
        1794  -3.27684069       1.49373877      0.589999974    
        1796  -3.39275908       1.49072480      0.600000024    
        1798  -3.36600113       1.32773507      0.589999974    
        1800  -3.38857532       1.24711215      0.579999983    
        1802  -3.29347873       1.06622267      0.569999993    
        1804  -3.15939331       1.38012707      0.560000002    
        1806  -3.37118864       1.26107240      0.550000012    
        1808  -3.32918549       1.75078154      0.550000012    
        1810  -3.15295053       1.74736190      0.540000021    
        1812  -2.94710422       2.77694058      0.540000021    
        1814  -3.16501331       1.74337828      0.550000012    
        1816  -3.26823807       1.41251349      0.550000012    
        1818  -3.38812017       1.00048614      0.550000012    
        1820  -3.14957762       1.38805485      0.529999971    
        1822  -3.15744066      0.422527730      0.509999990    
        1824  -2.91518545       1.01028681      0.519999981    
        1826  -2.80437517       1.57781065      0.529999971    
        1828  -3.18216920       1.08638132      0.540000021    
        1830  -3.07865310       1.23561215      0.540000021    
        1832  -2.97523499       1.68997979      0.540000021    
        1834  -3.05752325       2.19609022      0.569999993    
        1836  -2.96623278       2.22279096      0.550000012    
        1838  -2.99730325       1.90939188      0.550000012    
        1840  -2.90725875       1.79087448      0.529999971    
        1842  -2.88192463       1.40187383      0.529999971    
        1844  -2.83346057       1.15343559      0.529999971    
        1846  -3.04226804      0.596325397      0.529999971    
        1848  -2.81058526       1.06540537      0.509999990    
        1850  -2.98056340      0.278382629      0.509999990    
        1852  -2.84224081      0.720176756      0.519999981    
        1854  -2.65899944       1.61311340      0.500000000    
        1856  -2.76346207       1.45912647      0.509999990    
        1858  -3.11844039      0.973376036      0.540000021    
        1860  -2.74328589       1.20783317      0.519999981    
        1862  -2.86562014      0.938734233      0.490000010    
        1864  -2.81116390       1.07264376      0.490000010    
        1866  -2.72273850      0.980731547      0.479999989    
        1868  -2.64792323      0.394534767      0.460000008    
        1870  -2.18870902       1.41174281      0.439999998    
        1872  -2.61876893      0.683326125      0.449999988    
        1874  -2.50592113       1.36998343      0.460000008    
        1876  -2.72041297       1.27489853      0.479999989    
        1878  -2.87531924      0.605015874      0.490000010    
        1880  -2.58467317       1.15111279      0.469999999    
        1882  -2.78674388       1.21373522      0.500000000    
        1884  -2.82987785       1.48791158      0.509999990    
        1886  -2.62277174       2.23048854      0.519999981    
        1888  -3.25286007       1.06386256      0.540000021    
        1890  -3.36799574      0.560009122      0.540000021    
        1892  -3.09292936       1.57987332      0.519999981    
        1894  -3.19218206       1.24497283      0.519999981    
        1896  -3.28462672      0.755974829      0.509999990    
        1898  -3.13240838       1.10173810      0.529999971    
        1900  -2.98572516       1.34880722      0.529999971    
        1902  -3.44048190       7.06805065E-02  0.550000012    
        1904  -3.15010977       1.01223266      0.550000012    
        1906  -3.05864453       1.37905657      0.550000012    
        1908  -2.99089432      0.967952967      0.560000002    
        1910  -2.74747062       1.20829475      0.540000021    
        1912  -3.00287056      0.665899277      0.550000012    
        1914  -3.16216183      0.636532545      0.550000012    
        1916  -3.02384901       1.64481986      0.550000012    
        1918  -3.21073008       1.07643068      0.550000012    
        1920  -3.16948843       1.74274945      0.560000002    
        1922  -3.11712599       1.62679768      0.560000002    
        1924  -2.80180287       2.18403912      0.540000021    
        1926  -3.14936757       1.45670485      0.540000021    
        1928  -3.38718534       1.16076970      0.569999993    
        1930  -3.33761358       1.32085502      0.569999993    
        1932  -3.18280196       1.05430293      0.550000012    
        1934  -3.28684878      0.637673736      0.550000012    
        1936  -3.11032176       1.77521062      0.569999993    
        1938  -3.40655065       1.14156163      0.579999983    
        1940  -3.31646252       1.19031584      0.579999983    
        1942  -3.38020563       1.37970841      0.569999993    
        1944  -3.21066165       1.25358164      0.560000002    
        1946  -3.16497254       1.59454477      0.569999993    
        1948  -3.13228846       1.52642429      0.579999983    
        1950  -3.17375064       1.88862681      0.600000024    
        1952  -3.49683571      0.849935293      0.610000014    
        1954  -3.34636569       1.77200544      0.620000005    
        1956  -3.60005927       1.06144679      0.620000005    
        1958  -3.70402122      0.934647501      0.620000005    
        1960  -3.41754103       1.61179447      0.620000005    
        1962  -3.46972299       1.69517577      0.620000005    
        1964  -3.45930362       2.12541080      0.620000005    
        1966  -3.36157513       2.38441396      0.629999995    
        1968  -3.52074909       1.29000854      0.620000005    
        1970  -3.63118839      0.860207200      0.629999995    
        1972  -3.33631396       1.64620328      0.620000005    
        1974  -3.55085897       1.14724696      0.620000005    
        1976  -3.51368308       1.26882243      0.610000014    
        1978  -3.41793585      0.771577537      0.600000024    
        1980  -3.38134551      0.750849485      0.600000024    
        1982  -3.07518053       1.74055195      0.600000024    
        1984  -3.12052417       1.82883000      0.589999974    
        1986  -2.84909964       2.74729538      0.600000024    
        1988  -3.14747882       1.64052165      0.579999983    
        1990  -3.03930926       1.88946354      0.589999974    
        1992  -3.12570882       1.47977245      0.579999983    
        1994  -3.32720876       1.34119308      0.579999983    
        1996  -3.11186624       1.41608989      0.569999993    
        1998  -3.16576052       1.01030886      0.579999983    
        2000  -3.22295403       1.08762860      0.589999974    
        2002  -3.12868571       1.38625371      0.600000024    
        2004  -3.30519366       1.10805368      0.600000024    
        2006  -3.27787757       1.61419058      0.600000024    
        2008  -3.30526614       1.07304084      0.589999974    
        2010  -3.28045702      0.953911781      0.600000024    
        2012  -3.45510101      0.707149625      0.600000024    
        2014  -3.28928757       1.36672819      0.600000024    
        2016  -3.46517324       1.28478611      0.610000014    
        2018  -3.50137496      0.850854158      0.600000024    
        2020  -3.34661102       1.53362918      0.589999974    
        2022  -3.41212535      0.808820248      0.569999993    
        2024  -3.34150481       1.72672021      0.589999974    
        2026  -3.38024163       1.48921978      0.569999993    
        2028  -3.50529146       1.34296155      0.579999983    
        2030  -3.34906602       1.83178639      0.579999983    
        2032  -3.16508198       2.35943341      0.569999993    
        2034  -3.22872424       1.49900305      0.560000002    
        2036  -3.38457894      0.945093572      0.579999983    
        2038  -3.10750628       1.84725380      0.560000002    
        2040  -3.48228598      0.348127723      0.560000002    
        2042  -3.08050871       1.67969704      0.560000002    
        2044  -3.06355691       1.91948140      0.560000002    
        2046  -3.28316951       1.16719472      0.540000021    
        2048  -3.36351299       1.34355927      0.550000012    
        2050  -3.19416428       1.60156488      0.540000021    
        2052  -3.12451696       1.98544753      0.550000012    
        2054  -2.90041947       2.43302131      0.540000021    
        2056  -2.96209335       2.24256372      0.550000012    
        2058  -3.07011676       2.36224532      0.550000012    
        2060  -3.37962985       1.31716371      0.550000012    
        2062  -3.35972595       1.42632222      0.569999993    
        2064  -3.22505760      0.864373565      0.560000002    
        2066  -3.07983088       1.51470840      0.550000012    
        2068  -2.76849079       2.42266774      0.540000021    
        2070  -2.76543736       2.73319197      0.529999971    
        2072  -2.77983880       2.37757802      0.529999971    
        2074  -3.01760793       1.77567267      0.550000012    
        2076  -3.14296985      0.732522309      0.540000021    
        2078  -2.96844769       1.05356419      0.529999971    
        2080  -3.08177614      0.588157952      0.529999971    
        2082  -3.12073445       1.06756628      0.550000012    
        2084  -3.14255118       1.35056579      0.560000002    
        2086  -3.15427923      0.724977374      0.560000002    
        2088  -3.20351458      0.687463820      0.550000012    
        2090  -3.09805560       1.25708473      0.560000002    
        2092  -3.38947201       8.90215784E-02  0.560000002    
        2094  -3.28937888      0.442362785      0.569999993    
        2096  -3.10692191      0.749818206      0.560000002    
        2098  -3.17170811       1.14422894      0.569999993    
        2100  -3.29074860      0.777142167      0.579999983    
        2102  -3.21258211       1.11274230      0.579999983    
        2104  -3.03693557       1.81914186      0.589999974    
        2106  -2.85324407       2.05368662      0.569999993    
        2108  -3.24526882       1.54768491      0.569999993    
        2110  -3.01106739       1.82638252      0.560000002    
        2112  -3.34251165      0.919565797      0.569999993    
        2114  -3.15143704       1.12724090      0.569999993    
        2116  -3.10655928       1.13498902      0.579999983    
        2118  -3.19211316      0.925905704      0.579999983    
        2120  -3.02691531       1.39995146      0.579999983    
        2122  -3.33978486      0.699327052      0.589999974    
        2124  -3.16818810       1.23895025      0.579999983    
        2126  -3.12593818       1.18510759      0.560000002    
        2128  -2.94533205       2.13146162      0.569999993    
        2130  -3.03700280       1.67075253      0.569999993    
        2132  -3.19844198      0.790648997      0.569999993    
        2134  -3.17548990       1.41072690      0.560000002    
        2136  -3.09556198      0.896911025      0.560000002    
        2138  -3.19040799       1.07212973      0.569999993    
        2140  -3.00021672       1.71702814      0.569999993    
        2142  -3.22592235      0.677355051      0.569999993    
        2144  -3.13624310       1.65680945      0.579999983    
        2146  -3.15992093       1.55105162      0.569999993    
        2148  -3.28625774       1.10924077      0.569999993    
        2150  -3.28917718       1.01122546      0.569999993    
        2152  -3.37680840      0.530007422      0.579999983    
        2154  -3.09066129       1.42059326      0.579999983    
        2156  -3.26348901      0.524964154      0.569999993    
        2158  -3.30900192      0.355546534      0.569999993    
        2160  -3.05877042       1.17175424      0.569999993    
        2162  -2.85009408       1.69282174      0.550000012    
        2164  -2.86041403       1.27022886      0.529999971    
        2166  -2.68893933       1.90559411      0.529999971    
        2168  -2.96642017       1.01620317      0.509999990    
        2170  -3.01293230       1.42055953      0.500000000    
        2172  -2.62776875       2.00906730      0.509999990    
        2174  -2.74989581       1.99366617      0.529999971    
        2176  -2.99855161       1.06646979      0.529999971    
        2178  -2.83288288       1.10018134      0.519999981    
        2180  -2.92151904      0.840677321      0.509999990    
        2182  -2.81382799       1.51031446      0.519999981    
        2184  -2.87311172       1.58159781      0.540000021    
        2186  -2.78384018       1.35807061      0.540000021    
        2188  -2.87291789       1.29357219      0.540000021    
        2190  -3.10307503      0.506631553      0.540000021    
        2192  -2.85612893      0.946395934      0.529999971    
        2194  -2.77149844       1.65783596      0.529999971    
        2196  -2.94499183       1.22076261      0.550000012    
        2198  -3.29012728      0.280211926      0.550000012    
        2200  -3.13960075       1.30463123      0.550000012    
        2202  -2.95678258       1.61069322      0.560000002    
        2204  -3.26082659       1.40207875      0.569999993    
        2206  -3.07888532       1.61873209      0.569999993    
        2208  -3.18802905       1.66497910      0.579999983    
        2210  -3.21340966       1.62171483      0.579999983    
        2212  -3.34490824       1.00829387      0.569999993    
        2214  -3.11748242       1.63151693      0.569999993    
        2216  -3.19503522       1.01310050      0.579999983    
        2218  -3.21931362       1.04070151      0.579999983    
        2220  -3.02557611       1.82589579      0.579999983    
        2222  -3.36298776      0.821051359      0.579999983    
        2224  -3.48984575      0.751302481      0.589999974    
        2226  -3.35653758       1.61944103      0.600000024    
        2228  -3.21019816       2.28649402      0.610000014    
        2230  -3.31311798       1.84048891      0.620000005    
        2232  -3.21156549       2.09761548      0.620000005    
        2234  -3.23801804       1.73330629      0.610000014    
        2236  -3.20279002       1.31944859      0.610000014    
        2238  -3.28478193       1.13387644      0.610000014    
        2240  -3.17463827       1.74669480      0.610000014    
        2242  -2.95322108       1.78304684      0.589999974    
        2244  -2.95630503       1.85013759      0.600000024    
        2246  -3.07681012       1.60268867      0.589999974    
        2248  -3.08706903       1.90040135      0.579999983    
        2250  -3.02789330       2.04948545      0.569999993    
        2252  -2.99878168       2.23955226      0.589999974    
        2254  -3.25592089       1.79565501      0.589999974    
        2256  -3.42602706       1.06321418      0.600000024    
        2258  -3.19087720       2.51905894      0.620000005    
        2260  -3.37432599       1.88602757      0.620000005    
        2262  -3.22902775       2.09656763      0.610000014    
        2264  -3.29112720       1.57192445      0.610000014    
        2266  -3.11682534       2.01216340      0.589999974    
        2268  -2.99846697       2.06224847      0.579999983    
        2270  -3.22576380      0.949935675      0.569999993    
        2272  -3.30442381      0.326705307      0.560000002    
        2274  -3.35011482       9.70990285E-02  0.560000002    
        2276  -3.41484737      0.139584690      0.569999993    
        2278  -3.27201009      0.790100515      0.560000002    
        2280  -3.24945498       1.30444634      0.569999993    
        2282  -3.24177742       1.10259879      0.569999993    
        2284  -3.05553794       1.68500018      0.569999993    
        2286  -2.79841399       1.87298095      0.560000002    
        2288  -3.02534437      0.704266310      0.540000021    
        2290  -2.84100819       1.44215214      0.560000002    
        2292  -2.92717767       1.24691188      0.560000002    
        2294  -2.71349049       2.51961160      0.579999983    
        2296  -2.74637747       1.63700306      0.540000021    
        2298  -3.00072241      0.845837891      0.519999981    
        2300  -2.61597443       1.97935498      0.519999981    
        2302  -2.70933700       1.38404834      0.519999981    
        2304  -2.42510223       1.93018258      0.500000000    
        2306  -2.65543127       1.24976277      0.509999990    
        2308  -2.91069531      0.796141982      0.550000012    
        2310  -2.93406892      0.961303174      0.560000002    
        2312  -2.85407639       1.08851695      0.540000021    
        2314  -2.88252091      0.787599981      0.540000021    
        2316  -2.92779970      0.504815400      0.529999971    
        2318  -2.88384199      0.854124486      0.540000021    
        2320  -2.84893250      0.721982479      0.519999981    
        2322  -2.95615101      0.245769143      0.529999971    
        2324  -2.81500506      0.802592695      0.529999971    
        2326  -2.60517168       1.02296841      0.500000000    
        2328  -2.29127741       1.63430989      0.490000010    
        2330  -2.64869547       1.22820830      0.490000010    
        2332  -2.85661793      0.691412926      0.500000000    
        2334  -2.73515415       1.25950551      0.500000000    
        2336  -2.74728894       1.36816573      0.519999981    
        2338  -2.78959846       1.16853881      0.509999990    
        2340  -2.88314509       1.17784691      0.509999990    
        2342  -2.66997027       1.05143940      0.490000010    
        2344  -2.80156159      0.481419176      0.469999999    
        2346  -2.68820620      0.852615237      0.490000010    
        2348  -2.60944176       1.13544106      0.490000010    
        2350  -2.70554233      0.800626278      0.479999989    
        2352  -2.45628190       1.13995624      0.460000008    
        2354  -2.27166009       1.53251600      0.460000008    
        2356  -2.24353862       1.56405485      0.469999999    
        2358  -2.60320377      0.793527961      0.460000008    
        2360  -2.56386399      0.991112888      0.469999999    
        2362  -2.69026351       1.13246977      0.500000000    
        2364  -2.72743535      0.689077020      0.500000000    
        2366  -2.65229440       1.27795291      0.509999990    
        2368  -2.99055243       1.07825339      0.550000012    
        2370  -2.80119348       1.22894609      0.540000021    
        2372  -2.44458795       2.17822790      0.519999981    
        2374  -2.91604972      0.557353139      0.519999981    
        2376  -2.91775751      0.699940026      0.540000021    
        2378  -3.16738868      0.403030157      0.540000021    
        2380  -3.02438688      0.815801680      0.540000021    
        2382  -2.98463774       1.16313982      0.550000012    
        2384  -3.15130496      0.916293621      0.560000002    
        2386  -3.02839851       1.67149174      0.579999983    
        2388  -2.87729359       2.10869169      0.589999974    
        2390  -2.83427095       1.87487817      0.569999993    
        2392  -3.06727576       1.60163414      0.589999974    
        2394  -3.32654858      0.874362707      0.579999983    
        2396  -2.98942924       1.28975177      0.569999993    
        2398  -3.03527927       1.08256197      0.569999993    
        2400  -2.97849917       1.79583800      0.579999983    
        2402  -3.18351626       1.16848767      0.579999983    
        2404  -3.35875916      0.925521433      0.579999983    
        2406  -3.32149005       1.22605860      0.589999974    
        2408  -3.32758641       1.76373494      0.589999974    
        2410  -3.25463605       2.15263867      0.600000024    
        2412  -3.31744766       1.85715628      0.600000024    
        2414  -3.47657585       1.41445565      0.610000014    
        2416  -3.57855272       1.10712719      0.620000005    
        2418  -3.26880407       1.86155236      0.620000005    
        2420  -3.18101859       2.40579891      0.620000005    
        2422  -3.49199748       1.13225424      0.629999995    
        2424  -3.36062360       1.24303341      0.620000005    
        2426  -3.37659216       1.17763782      0.610000014    
        2428  -3.20730281       1.41991186      0.610000014    
        2430  -3.42171836      0.566340387      0.610000014    
        2432  -3.33866215       1.05768442      0.600000024    
        2434  -3.30992246       1.40702796      0.600000024    
        2436  -3.17785335       1.33848345      0.579999983    
        2438  -3.35112906       1.00048494      0.579999983    
        2440  -3.00201344       1.40666568      0.560000002    
        2442  -2.75281668       2.60875583      0.560000002    
        2444  -2.99668741       1.59878123      0.550000012    
        2446  -3.24971724       1.10866928      0.560000002    
        2448  -3.40175819      0.529232919      0.579999983    
        2450  -3.03929996       2.04296780      0.579999983    
        2452  -3.23385143       1.26427913      0.579999983    
        2454  -2.89185810       1.99823630      0.579999983    
        2456  -3.12461543       1.43104362      0.589999974    
        2458  -3.15643191       1.18012607      0.579999983    
        2460  -3.47936630      0.903594375      0.589999974    
        2462  -3.15541553       1.99042153      0.589999974    
        2464  -3.30134702       1.75574291      0.610000014    
        2466  -3.32498360       1.85415030      0.600000024    
        2468  -3.10555649       2.98176599      0.600000024    
        2470  -3.45900393       2.33094192      0.610000014    
        2472  -3.12009692       3.15709352      0.600000024    
        2474  -3.06110168       2.15247345      0.579999983    
        2476  -3.25703573       1.15413284      0.560000002    
        2478  -3.18966866       1.05190492      0.560000002    
        2480  -3.39237595       1.24089181      0.560000002    
        2482  -3.25034118       1.46925008      0.550000012    
        2484  -3.32583261      0.559681475      0.550000012    
        2486  -3.24805188      0.935289562      0.550000012    
        2488  -3.24850774       1.28554189      0.550000012    
        2490  -2.98972178       2.22763562      0.560000002    
        2492  -3.10008478      0.865934730      0.550000012    
        2494  -2.86806130       2.55965877      0.589999974    
        2496  -3.32257128      0.482686728      0.579999983    
        2498  -3.35457540      0.156943768      0.589999974    
        2500  -2.99324918       1.40343750      0.579999983    
        2502  -2.90700293       2.40968466      0.589999974    
        2504  -3.06416798       1.97394466      0.579999983    
        2506  -3.14772773      0.916948140      0.560000002    
        2508  -3.17732739       1.18157911      0.579999983    
        2510  -2.90805531       1.53011668      0.560000002    
        2512  -2.94113207       1.63470209      0.560000002    
        2514  -2.80425024       2.01112819      0.550000012    
        2516  -3.16862392       1.66355193      0.569999993    
        2518  -2.99235439       2.38897061      0.569999993    
        2520  -3.45323253       1.55641735      0.579999983    
        2522  -3.46193886       1.42102182      0.569999993    
        2524  -3.43179750       1.65684557      0.569999993    
        2526  -3.20229745       2.12942982      0.569999993    
        2528  -3.39537215       1.02877522      0.550000012    
        2530  -3.19867349       1.82470095      0.560000002    
        2532  -3.45126963      0.779371858      0.560000002    
        2534  -3.21352243       1.47882092      0.560000002    
        2536  -3.14375639       1.74588072      0.569999993    
        2538  -3.22226596       1.36295617      0.589999974    
        2540  -2.85831046       2.22412467      0.579999983    
        2542  -2.96992826       1.92055106      0.579999983    
        2544  -2.86792850       2.74450493      0.550000012    
        2546  -3.03030157       2.20685482      0.560000002    
        2548  -2.91157556       2.21823430      0.550000012    
        2550  -3.07449365       1.36364043      0.550000012    
        2552  -2.95475316       1.83752429      0.540000021    
        2554  -2.80071330       1.65895438      0.540000021    
        2556  -2.95524955       1.21121442      0.550000012    
        2558  -2.95827341       1.22885406      0.540000021    
        2560  -3.21777105       1.00620210      0.540000021    
        2562  -3.21426845       1.20929122      0.560000002    
        2564  -2.99185848       1.46251178      0.550000012    
        2566  -3.23942208      0.219050184      0.529999971    
        2568  -3.04339719       1.13708234      0.519999981    
        2570  -2.77361083       1.63645494      0.519999981    
        2572  -3.20605826      0.664710462      0.540000021    
        2574  -2.81683397       1.13379991      0.519999981    
        2576  -2.91827583      0.805594146      0.509999990    
        2578  -2.83091569       1.28292394      0.519999981    
        2580  -2.56410241       2.29726529      0.509999990    
        2582  -2.82944036       1.01880836      0.500000000    
        2584  -2.72577477       1.89869583      0.519999981    
        2586  -2.71078467       1.30181062      0.509999990    
        2588  -2.86160421       1.39899933      0.529999971    
        2590  -2.89775372       1.29297328      0.509999990    
        2592  -2.93223095       1.40605044      0.540000021    
        2594  -2.79991746       1.36528563      0.519999981    
        2596  -2.91258216      0.721541107      0.500000000    
        2598  -2.87021351      0.920538962      0.500000000    
        2600  -2.84865737       1.38298476      0.500000000    
        2602  -2.56910133       1.79931056      0.519999981    
        2604  -3.11011863      0.649875700      0.519999981    
        2606  -2.79700661       1.15927434      0.529999971    
        2608  -2.50101352       2.01368380      0.529999971    
        2610  -2.48672199       1.97913802      0.529999971    
        2612  -2.73892474       1.38816261      0.529999971    
        2614  -2.74980927      0.976693511      0.519999981    
        2616  -2.97587824      0.500463486      0.519999981    
        2618  -2.78934765       1.55845940      0.529999971    
        2620  -2.79487991       1.47617722      0.529999971    
        2622  -3.01822925      0.339238793      0.529999971    
        2624  -2.87035394      0.925225019      0.529999971    
        2626  -3.00433230      0.513130844      0.529999971    
        2628  -3.16288519      0.923366547      0.540000021    
        2630  -2.78268170       1.75207973      0.540000021    
        2632  -3.00476980       1.07269168      0.519999981    
        2634  -2.66882586       1.34701562      0.519999981    
        2636  -2.91449571      0.372841716      0.509999990    
        2638  -2.80228257       1.19930816      0.509999990    
        2640  -2.70507169       1.71037972      0.509999990    
        2642  -2.89278221      0.972533643      0.500000000    
        2644  -2.90331459       1.50269139      0.500000000    
        2646  -3.19637299      0.532577932      0.500000000    
        2648  -3.12412667      0.733932436      0.509999990    
        2650  -2.83044529      0.867741585      0.529999971    
        2652  -2.64201427       1.23138893      0.509999990    
        2654  -2.58253312       1.62772310      0.519999981    
        2656  -2.68373060       1.34649980      0.519999981    
        2658  -2.74965858       1.10382140      0.519999981    
        2660  -2.56704926       1.50455475      0.509999990    
        2662  -2.61731791       1.36201560      0.509999990    
        2664  -2.82790256      0.244986743      0.509999990    
        2666  -2.82836676      0.327320665      0.500000000    
        2668  -2.76095414      0.982012689      0.500000000    
        2670  -2.65674782       1.72039223      0.500000000    
        2672  -2.69119143       1.52708268      0.490000010    
        2674  -2.67492580       1.84016693      0.519999981    
        2676  -3.03699780      0.493151784      0.509999990    
        2678  -2.80190468       1.36641622      0.519999981    
        2680  -2.67338753       1.69993424      0.529999971    
        2682  -2.78627849      0.634015739      0.509999990    
        2684  -3.06154323      0.365514547      0.519999981    
        2686  -2.69639993       1.48876143      0.519999981    
        2688  -2.77160382       1.46170819      0.519999981    
        2690  -2.98454022      0.944629073      0.500000000    
        2692  -2.72587371       1.54289222      0.490000010    
        2694  -2.72588205       1.32336652      0.490000010    
        2696  -2.90057826      0.603314400      0.490000010    
        2698  -2.91598034      0.153678015      0.500000000    
        2700  -2.70629168      0.873765588      0.500000000    
        2702  -2.63873291       1.78418076      0.529999971    
        2704  -2.83404136      0.375699341      0.500000000    
        2706  -2.62253094       1.31219339      0.509999990    
        2708  -2.75062847      0.534349382      0.500000000    
        2710  -2.58528042       1.16154552      0.479999989    
        2712  -2.49251461       1.55632830      0.500000000    
        2714  -2.87521744       1.17218328      0.479999989    
        2716  -3.09612346       1.13982987      0.500000000    
        2718  -2.99984717       1.48514950      0.529999971    
        2720  -3.18026495      0.783023715      0.560000002    
        2722  -2.87615347       1.97749197      0.589999974    
        2724  -3.01595140       1.60430121      0.589999974    
        2726  -3.14200711       1.66811991      0.600000024    
        2728  -2.85505915       2.35966182      0.569999993    
        2730  -2.96542907       2.27094865      0.600000024    
        2732  -3.21330643       1.24654484      0.589999974    
        2734  -3.04756021       1.66134799      0.569999993    
        2736  -3.18175101       1.10101175      0.569999993    
        2738  -2.87641096       2.58900356      0.579999983    
        2740  -2.85946774       1.44277930      0.560000002    
        2742  -2.95433092       1.93861592      0.560000002    
        2744  -3.10248995       2.27812696      0.569999993    
        2746  -3.18002629       2.66215229      0.600000024    
        2748  -3.23420238       2.77528644      0.600000024    
        2750  -3.42427039       2.20107770      0.610000014    
        2752  -3.38682723       2.41865468      0.610000014    
        2754  -3.61913085       1.45368028      0.610000014    
        2756  -3.64345813       1.51658785      0.620000005    
        2758  -3.61141396       1.10785031      0.610000014    
        2760  -3.25464463       2.36570501      0.610000014    
        2762  -3.34830809       1.70314562      0.589999974    
        2764  -3.51317668       1.12325752      0.600000024    
        2766  -3.23575735       1.82817984      0.610000014    
        2768  -3.24722886       1.34635925      0.579999983    
        2770  -3.06555057       1.75952423      0.560000002    
        2772  -3.18915629       1.53434622      0.569999993    
        2774  -3.22518539       1.29211712      0.569999993    
        2776  -3.17033935       1.62496114      0.569999993    
        2778  -3.14711690       1.65894306      0.540000021    
        2780  -3.12536120       1.32860518      0.529999971    
        2782  -3.18835807       1.03656888      0.529999971    
        2784  -3.03052163       1.33139801      0.550000012    
        2786  -3.09264970       1.29349494      0.540000021    
        2788  -2.81308246       1.38342786      0.529999971    
        2790  -2.63070965       1.91622055      0.519999981    
        2792  -2.64942455       1.65892744      0.490000010    
        2794  -2.90297961      0.600082040      0.469999999    
        2796  -2.54977155       1.64836669      0.479999989    
        2798  -2.55135965       1.72861266      0.490000010    
        2800  -3.10000658      0.774028122      0.519999981    
        2802  -2.75194979       1.49205136      0.509999990    
        2804  -2.74627924       1.51301384      0.519999981    
        2806  -3.02963996      0.991734207      0.540000021    
        2808  -3.13292193      0.606728792      0.540000021    
        2810  -2.92190313       1.19906056      0.550000012    
        2812  -3.02243733       1.26078665      0.550000012    
        2814  -3.11006761       1.54407692      0.560000002    
        2816  -3.07714248       1.32778633      0.560000002    
        2818  -3.19710302       1.73355341      0.560000002    
        2820  -3.03690791       1.96109223      0.550000012    
        2822  -3.17421246       1.29191649      0.550000012    
        2824  -3.15741968       1.32717073      0.550000012    
        2826  -3.31410074      0.866035640      0.560000002    
        2828  -3.16079903      0.894702256      0.569999993    
        2830  -3.01068854       1.62315345      0.569999993    
        2832  -3.03115821       1.99733186      0.569999993    
        2834  -3.51770639      0.819838107      0.569999993    
        2836  -3.12302232       2.10885644      0.589999974    
        2838  -3.15600801       1.75540650      0.579999983    
        2840  -3.30714822       1.00612926      0.579999983    
        2842  -3.16353464       1.67724955      0.589999974    
        2844  -2.96596670       2.37621212      0.589999974    
        2846  -3.38680768      0.758180439      0.569999993    
        2848  -3.00682068       1.48249865      0.550000012    
        2850  -3.16076231       1.17799079      0.560000002    
        2852  -2.98827648       1.47090721      0.550000012    
        2854  -3.18363690       1.00366700      0.560000002    
        2856  -3.05529451       2.08817005      0.579999983    
        2858  -3.09166813       2.09938955      0.579999983    
        2860  -3.25847530       1.24455690      0.579999983    
        2862  -3.15955091       1.45780802      0.589999974    
        2864  -3.33744907      0.972197115      0.569999993    
        2866  -3.20101404       1.28899240      0.560000002    
        2868  -3.29949498       1.12258613      0.560000002    
        2870  -3.14397812      0.893748045      0.560000002    
        2872  -2.81874228       1.58122981      0.540000021    
        2874  -2.86813331       1.67292321      0.540000021    
        2876  -2.99420309       1.25875509      0.540000021    
        2878  -3.20214486      0.747631371      0.529999971    
        2880  -3.22656775      0.868458033      0.529999971    
        2882  -2.85320592       1.85424101      0.529999971    
        2884  -2.88772655       1.09842062      0.519999981    
        2886  -2.93858194      0.781849205      0.509999990    
        2888  -2.98927975      0.489643008      0.509999990    
        2890  -3.02711391      0.506829798      0.519999981    
        2892  -3.04521489      0.551510096      0.529999971    
        2894  -2.90537071      0.792465448      0.509999990    
        2896  -3.05874634      0.415335834      0.490000010    
        2898  -3.01716375       1.10108256      0.500000000    
        2900  -2.73907113       1.48105693      0.479999989    
        2902  -2.63662410       1.83570135      0.479999989    
        2904  -2.87430835       1.79234123      0.500000000    
        2906  -2.42389822       2.03468132      0.469999999    
        2908  -2.61046410      0.968187571      0.469999999    
        2910  -2.63574171      0.977701545      0.469999999    
        2912  -2.09670496       2.60515785      0.479999989    
        2914  -2.63769531       1.00906432      0.479999989    
        2916  -2.47399426       1.37655139      0.479999989    
        2918  -2.52325559       1.40772784      0.479999989    
        2920  -2.74134088      0.902155161      0.490000010    
        2922  -2.70747876       1.21180439      0.500000000    
        2924  -2.79178500      0.931939125      0.500000000    
        2926  -3.03557873      0.227226913      0.509999990    
        2928  -2.75587654      0.578699648      0.479999989    
        2930  -2.67396545       1.47988927      0.500000000    
        2932  -2.93083239      0.766073346      0.500000000    
        2934  -2.99223781       1.09444225      0.509999990    
        2936  -3.00716448       1.12445617      0.509999990    
        2938  -2.89704466      0.976808369      0.500000000    
        2940  -2.73906112       1.14520538      0.490000010    
        2942  -2.87950635      0.911880374      0.509999990    
        2944  -2.83418036      0.984004080      0.509999990    
        2946  -2.65808940       1.69279945      0.519999981    
        2948  -2.86154485       1.40199530      0.519999981    
        2950  -3.23162627      0.698178053      0.540000021    
        2952  -2.93647552       2.24681091      0.550000012    
        2954  -2.85868979       1.83989334      0.540000021    
        2956  -3.17449832       1.21749306      0.540000021    
        2958  -3.28261137       1.33264911      0.540000021    
        2960  -3.33145952       1.42665756      0.550000012    
        2962  -3.42892909      0.608654380      0.540000021    
        2964  -3.26645947       1.09972858      0.529999971    
        2966  -3.27009654       1.02098477      0.519999981    
        2968  -3.19869280      0.676931322      0.519999981    
        2970  -2.93513417       1.12252593      0.519999981    
        2972  -3.06380916      0.818888783      0.500000000    
        2974  -2.93226075      0.861181617      0.500000000    
        2976  -2.74893141       1.59407449      0.500000000    
        2978  -3.00713158      0.893521965      0.500000000    
        2980  -3.09408760      0.348933250      0.500000000    
        2982  -2.98462415      0.704155862      0.500000000    
        2984  -2.98009706       1.37202239      0.500000000    
        2986  -3.19060922      0.442724258      0.490000010    
        2988  -2.77909636       1.88374496      0.519999981    
        2990  -2.75255632       1.89780211      0.519999981    
        2992  -2.97748613       1.08759761      0.509999990    
        2994  -2.79188466       1.38005972      0.509999990    
        2996  -3.15317774      0.952276051      0.550000012    
        2998  -3.06630039       1.34921992      0.560000002    
        3000  -3.11323285       1.52693868      0.550000012    
        3002  -3.11946273      0.899098933      0.540000021    
        3004  -2.88984585      0.950985968      0.509999990    
        3006  -2.84049082       1.03985035      0.519999981    
        3008  -2.76542521       1.31150734      0.529999971    
        3010  -2.89565563       1.05396247      0.519999981    
        3012  -2.89569807       1.15215993      0.519999981    
        3014  -2.94152975       1.12712181      0.529999971    
        3016  -2.88646269       1.39919710      0.540000021    
        3018  -2.72385287       1.75125074      0.529999971    
        3020  -2.49464154       2.06887960      0.519999981    
        3022  -2.69425035       1.62484694      0.540000021    
        3024  -2.89858747       1.23083127      0.540000021    
        3026  -2.95534873       1.67894351      0.560000002    
        3028  -2.92574096       1.98756087      0.569999993    
        3030  -2.94616866       1.57929194      0.569999993    
        3032  -2.83421087       1.56928980      0.560000002    
        3034  -2.83909750       1.91061795      0.579999983    
        3036  -3.05739093       1.68945038      0.579999983    
        3038  -3.14348722       1.18684530      0.569999993    
        3040  -3.19171786       1.38151348      0.560000002    
        3042  -3.16335106       1.34612954      0.550000012    
        3044  -3.02332997       1.93800271      0.540000021    
        3046  -2.81143117       2.58601761      0.540000021    
        3048  -2.93266082       1.91355538      0.540000021    
        3050  -2.86388612       1.81908369      0.529999971    
        3052  -3.09075570      0.930564404      0.540000021    
        3054  -3.26690078      0.908840537      0.550000012    
        3056  -3.39034319      0.884630919      0.560000002    
        3058  -3.08501792       1.69602549      0.560000002    
        3060  -3.22299719       1.50041318      0.569999993    
        3062  -3.09070158       2.17557693      0.569999993    
        3064  -3.14380598       1.98401380      0.569999993    
        3066  -2.95673442       1.93282688      0.550000012    
        3068  -2.90062904       1.64841557      0.540000021    
        3070  -2.86015224       1.36381161      0.529999971    
        3072  -2.51792073       1.60230267      0.509999990    
        3074  -2.53620934       1.27003920      0.490000010    
        3076  -2.44024539       1.27415705      0.479999989    
        3078  -2.73381972       1.44921792      0.500000000    
        3080  -2.93152785      0.711237788      0.509999990    
        3082  -2.91968846      0.732499003      0.509999990    
        3084  -3.07301593       1.39299583      0.560000002    
        3086  -3.13484383      0.622259200      0.519999981    
        3088  -3.13635850      0.969594538      0.519999981    
        3090  -3.11023951       1.65945256      0.529999971    
        3092  -2.93246746       1.75591254      0.529999971    
        3094  -2.86877227       2.16762877      0.529999971    
        3096  -3.07655859       1.27109897      0.519999981    
        3098  -2.75618434       1.78125989      0.519999981    
        3100  -2.76349044       1.71988356      0.509999990    
        3102  -3.01332664       1.18144810      0.509999990    
        3104  -2.92371750       1.22646713      0.509999990    
        3106  -3.21728015      0.605730593      0.529999971    
        3108  -2.72294164       1.26689541      0.509999990    
        3110  -2.63871074       1.18048847      0.500000000    
        3112  -2.65614080      0.935714126      0.490000010    
        3114  -3.00073528      0.402610689      0.490000010    
        3116  -2.92678905       1.08553648      0.509999990    
        3118  -2.81973147       1.35873544      0.529999971    
        3120  -2.89383078       1.39734817      0.529999971    
        3122  -2.77853870       2.04037905      0.519999981    
        3124  -3.22671795      0.153253958      0.519999981    
        3126  -2.84073806       1.30283344      0.529999971    
        3128  -2.98744059      0.797771215      0.519999981    
        3130  -2.83564782       1.15143442      0.519999981    
        3132  -2.97802305       1.31638098      0.540000021    
        3134  -3.25911450      0.189306408      0.540000021    
        3136  -3.04314971      0.846275389      0.540000021    
        3138  -3.16193199      0.910800219      0.550000012    
        3140  -3.14643693      0.364986479      0.550000012    
        3142  -2.95066977       1.12947929      0.540000021    
        3144  -2.92277551       1.11068988      0.529999971    
        3146  -3.09099221       1.20736468      0.540000021    
        3148  -2.92334509      0.800848901      0.529999971    
        3150  -2.98981905       1.03738713      0.540000021    
        3152  -2.90477705       1.15487432      0.540000021    
        3154  -3.06744480      0.634445906      0.550000012    
        3156  -2.80835032       1.24003100      0.540000021    
        3158  -2.68298674       1.41097450      0.519999981    
        3160  -2.84819293      0.828175783      0.529999971    
        3162  -2.95897245      0.935226440      0.550000012    
        3164  -3.03977513       1.65202057      0.589999974    
        3166  -3.16135573       1.20723057      0.589999974    
        3168  -3.16615057       1.63684511      0.589999974    
        3170  -3.26104164       1.87906802      0.620000005    
        3172  -3.42528248       1.23581040      0.629999995    
        3174  -3.31847072       1.14122665      0.620000005    
        3176  -3.41318798       1.09204769      0.620000005    
        3178  -3.53817368       1.27227950      0.620000005    
        3180  -3.37324858       1.43758655      0.620000005    
        3182  -3.28744888       2.10732770      0.629999995    
        3184  -3.52296829       1.47328496      0.629999995    
        3186  -3.57115459       1.44098115      0.639999986    
        3188  -3.39226890       2.22382760      0.639999986    
        3190  -3.36501026       1.56741416      0.620000005    
        3192  -3.25310588       2.31342578      0.639999986    
        3194  -3.21739984       2.10187078      0.610000014    
        3196  -3.43284607       1.27316546      0.600000024    
        3198  -3.04380894       2.18842173      0.610000014    
        3200  -3.24637866       2.21382427      0.620000005    
        3202  -3.32900262       1.83329785      0.620000005    
        3204  -3.35318351       1.12701201      0.610000014    
        3206  -3.11620164       1.97829235      0.620000005    
        3208  -3.23113775       1.92847300      0.620000005    
        3210  -2.97931767       2.75892043      0.610000014    
        3212  -3.18041229       1.66728079      0.600000024    
        3214  -3.02483916       2.26732755      0.600000024    
        3216  -3.26387429       1.46321571      0.600000024    
        3218  -3.03200769       2.40893173      0.610000014    
        3220  -3.18762207       2.14549589      0.620000005    
        3222  -3.35695219       1.64095569      0.620000005    
        3224  -3.33292079       1.79707503      0.620000005    
        3226  -3.40405607       1.49921143      0.620000005    
        3228  -3.67341995      0.803599000      0.620000005    
        3230  -3.45271635       2.39235020      0.629999995    
        3232  -3.58675146       1.45428646      0.629999995    
        3234  -3.73139262      0.761362910      0.629999995    
        3236  -3.62100863      0.985217333      0.629999995    
        3238  -3.58942842       1.47263789      0.629999995    
        3240  -3.42070842       2.18662739      0.629999995    
        3242  -3.53347898       1.55302131      0.629999995    
        3244  -3.50862932       1.50792134      0.620000005    
        3246  -3.26818800       2.12259173      0.620000005    
        3248  -3.39001203       1.16279387      0.610000014    
        3250  -3.04518557       1.75742912      0.589999974    
        3252  -3.03696632       2.18892312      0.589999974    
        3254  -3.36389017       1.52419758      0.600000024    
        3256  -3.20526695       1.83441937      0.600000024    
        3258  -3.14672899       1.50217128      0.600000024    
        3260  -2.99533224       2.49202347      0.600000024    
        3262  -3.23340821       1.56310487      0.600000024    
        3264  -2.98751903       2.48393130      0.589999974    
        3266  -3.08643508       1.79354608      0.589999974    
        3268  -3.31649232       1.16125667      0.600000024    
        3270  -3.28412628       1.13780367      0.600000024    
        3272  -3.10651898       1.97594166      0.600000024    
        3274  -3.17061448       1.64072883      0.589999974    
        3276  -3.21965885       1.05346131      0.569999993    
        3278  -3.16226768       2.15868640      0.589999974    
        3280  -3.33600664       1.12443984      0.589999974    
        3282  -3.41605425      0.891041815      0.600000024    
        3284  -3.38289261       1.02081168      0.600000024    
        3286  -3.06933737       2.46406722      0.600000024    
        3288  -3.15175796       1.83747327      0.600000024    
        3290  -3.03999639       1.53047466      0.579999983    
        3292  -2.95201492       1.51208508      0.569999993    
        3294  -3.20415139       1.02195859      0.569999993    
        3296  -3.15859199      0.745469987      0.560000002    
        3298  -3.04292512      0.685382664      0.540000021    
        3300  -3.18917942       1.06428015      0.560000002    
        3302  -3.40862370      0.862789333      0.579999983    
        3304  -3.21195054       1.41726673      0.579999983    
        3306  -3.06023145       1.32302463      0.569999993    
        3308  -3.20201302       1.19266438      0.579999983    
        3310  -3.02981901       1.87665033      0.560000002    
        3312  -3.14290166       1.59712625      0.550000012    
        3314  -2.85120225       2.17039013      0.550000012    
        3316  -3.06916881       1.35063279      0.540000021    
        3318  -3.02274609       1.72890353      0.550000012    
        3320  -3.15150118       1.37764966      0.560000002    
        3322  -3.00999999       1.89405882      0.579999983    
        3324  -2.94470096       2.30821443      0.569999993    
        3326  -2.98260379       1.65820265      0.540000021    
        3328  -2.97019053       1.58119309      0.550000012    
        3330  -2.94784570       1.52518415      0.540000021    
        3332  -3.14992690       1.17287910      0.560000002    
        3334  -2.87338638       2.35536265      0.569999993    
        3336  -3.08365631       1.80646491      0.560000002    
        3338  -3.37144160       1.22286868      0.579999983    
        3340  -3.38843107       1.08371055      0.569999993    
        3342  -3.35422826       1.56594610      0.569999993    
        3344  -3.38338423       1.14691317      0.560000002    
        3346  -3.04305267       1.58503973      0.540000021    
        3348  -3.39596462      0.804634452      0.529999971    
        3350  -3.03742933       1.70909905      0.540000021    
        3352  -3.15379000       1.27112305      0.550000012    
        3354  -3.16260052       1.74729669      0.569999993    
        3356  -3.21152878      0.907311201      0.560000002    
        3358  -3.15941834      0.894301593      0.560000002    
        3360  -2.98871231       1.34048772      0.550000012    
        3362  -3.07954955       1.34124780      0.550000012    
        3364  -3.21288991      0.639244854      0.550000012    
        3366  -3.17277408      0.563162982      0.519999981    
        3368  -3.02079439       1.52555811      0.540000021    
        3370  -3.25872421      0.870684206      0.540000021    
        3372  -2.77351022       1.85538363      0.529999971    
        3374  -2.95561242       1.18005872      0.519999981    
        3376  -3.02974653      0.730216384      0.540000021    
        3378  -3.14134240      0.836887896      0.529999971    
        3380  -2.88111687       1.63032770      0.540000021    
        3382  -3.20721960      0.995167136      0.540000021    
        3384  -2.89142561       2.00502276      0.560000002    
        3386  -2.91570854       1.88424635      0.560000002    
        3388  -3.05089521       1.51199448      0.540000021    
        3390  -2.78249907       2.36489391      0.540000021    
        3392  -3.01654291       1.29589105      0.540000021    
        3394  -3.12302995       1.20307481      0.540000021    
        3396  -3.29500341      0.570271254      0.540000021    
        3398  -3.28562284      0.581450820      0.540000021    
        3400  -3.33205438      0.636883736      0.550000012    
        3402  -2.86702371       2.33161211      0.540000021    
        3404  -3.06651950       1.72251451      0.529999971    
        3406  -3.01743531       1.08493793      0.500000000    
        3408  -2.82755160       1.42388701      0.509999990    
        3410  -2.86128640       1.89985502      0.519999981    
        3412  -3.08338523       1.59283054      0.529999971    
        3414  -2.97872400       1.66781485      0.529999971    
        3416  -3.07443833       1.38015306      0.540000021    
        3418  -3.15414906       1.31186736      0.550000012    
        3420  -2.86723089       2.13217330      0.560000002    
        3422  -2.67384791       2.64683723      0.550000012    
        3424  -3.02942491       1.55068767      0.560000002    
        3426  -3.19696259       1.34269202      0.560000002    
        3428  -3.13278961       1.74599445      0.569999993    
        3430  -3.34933257      0.533592105      0.560000002    
        3432  -3.48672819      0.437510967      0.569999993    
        3434  -3.20985532      0.815249264      0.550000012    
        3436  -3.01987576       1.31241500      0.560000002    
        3438  -2.89378572       1.61495054      0.529999971    
        3440  -2.62823677       1.66435075      0.500000000    
        3442  -2.92138267       1.05954087      0.529999971    
        3444  -2.82147956       2.08118463      0.540000021    
        3446  -2.67647195       1.54473388      0.509999990    
        3448  -2.91386175      0.545803487      0.500000000    
        3450  -2.54991364       1.65735984      0.500000000    
        3452  -2.84766150       1.05823088      0.500000000    
        3454  -2.74295139       1.58250654      0.509999990    
        3456  -3.15602994      0.477450699      0.519999981    
        3458  -3.09359932      0.651835620      0.529999971    
        3460  -3.21664810      0.643965602      0.560000002    
        3462  -2.88051319       1.89157319      0.550000012    
        3464  -3.02227616       1.73905396      0.560000002    
        3466  -3.34338379       1.20494795      0.550000012    
        3468  -3.07370281       1.54832351      0.540000021    
        3470  -3.04857183       1.88089347      0.550000012    
        3472  -3.08378172       1.99281216      0.560000002    
        3474  -3.16704249       1.84106517      0.569999993    
        3476  -3.47163510       1.06709862      0.569999993    
        3478  -3.14624882       1.20893979      0.550000012    
        3480  -3.38416648      0.867375374      0.569999993    
        3482  -3.32697320       1.24778926      0.569999993    
        3484  -3.29646564      0.810702860      0.550000012    
        3486  -3.01055288       1.71595454      0.529999971    
        3488  -3.03557134       1.41465127      0.519999981    
        3490  -2.89094305       1.99141610      0.540000021    
        3492  -2.73683858       2.34078956      0.540000021    
        3494  -2.91375947       1.73652399      0.529999971    
        3496  -3.09674001       1.13833940      0.540000021    
        3498  -3.16428208       1.09720016      0.560000002    
        3500  -3.10553360       1.45224690      0.550000012    
        3502  -2.94054389       1.78659248      0.540000021    
        3504  -3.06587982       1.12660110      0.550000012    
        3506  -2.94555521       1.46294343      0.540000021    
        3508  -3.01734900       1.46442401      0.540000021    
        3510  -2.90577149       1.52458751      0.529999971    
        3512  -2.93342113       1.11179674      0.519999981    
        3514  -2.73544049       2.05136847      0.519999981    
        3516  -3.36075664      0.400583029      0.529999971    
        3518  -3.06778479       1.49830842      0.529999971    
        3520  -3.31266046      0.711479783      0.519999981    
        3522  -3.01631880       1.38367820      0.540000021    
        3524  -2.78850961       2.22872138      0.560000002    
        3526  -3.07686853       1.92694330      0.569999993    
        3528  -2.90251684       2.00119519      0.560000002    
        3530  -2.96214437       1.80636680      0.560000002    
        3532  -3.32707262      0.419241309      0.560000002    
        3534  -3.14085817       1.52466011      0.560000002    
        3536  -3.03913856       2.01213741      0.560000002    
        3538  -2.97392750       1.74722946      0.540000021    
        3540  -2.97709966       1.67975521      0.540000021    
        3542  -2.98467159       1.21578360      0.529999971    
        3544  -3.16869974      0.672605991      0.529999971    
        3546  -3.11881042      0.884310365      0.540000021    
        3548  -2.99408412       1.37741137      0.540000021    
        3550  -2.95257330       1.48102069      0.540000021    
        3552  -3.00581169       1.26699185      0.529999971    
        3554  -2.90792584       1.60001945      0.550000012    
        3556  -3.00718260       1.74061084      0.560000002    
        3558  -3.34357882      0.739251316      0.579999983    
        3560  -3.10559201       1.60228038      0.579999983    
        3562  -3.03845024       1.76349425      0.579999983    
        3564  -3.15707231       1.18439376      0.579999983    
        3566  -3.17101550       1.01435518      0.569999993    
        3568  -3.01834035       1.66058326      0.569999993    
        3570  -2.97228312       1.48141491      0.560000002    
        3572  -3.07632017       1.13886523      0.560000002    
        3574  -3.49297833      0.738607883      0.579999983    
        3576  -3.07941341       1.87369168      0.579999983    
        3578  -3.26305699      0.729687750      0.579999983    
        3580  -3.10690856       1.35711646      0.579999983    
        3582  -3.22793508      0.908085167      0.569999993    
        3584  -3.10285473      0.950766265      0.569999993    
        3586  -2.67180657       1.83909154      0.560000002    
        3588  -3.00176620      0.767642379      0.550000012    
        3590  -2.74449015       1.82964730      0.560000002    
        3592  -2.89176440       1.34915173      0.550000012    
        3594  -2.81207466       1.32266760      0.550000012    
        3596  -2.68621325       1.53458059      0.540000021    
        3598  -2.78258395       1.00576615      0.529999971    
        3600  -2.79643178       1.18438089      0.529999971    
        3602  -2.75033116       1.51551449      0.550000012    
        3604  -2.69781995       1.92669261      0.550000012    
        3606  -3.09022760      0.726081371      0.550000012    
        3608  -3.07114387       1.43112206      0.560000002    
        3610  -3.11595416       1.54580379      0.569999993    
        3612  -3.15024376       1.21801198      0.550000012    
        3614  -2.66319895       1.89196372      0.529999971    
        3616  -2.70663548       1.49288142      0.529999971    
        3618  -2.93477464      0.515204370      0.540000021    
        3620  -2.85841322       1.07217050      0.550000012    
        3622  -2.34722257       2.24355268      0.540000021    
        3624  -2.76602769       1.73107243      0.550000012    
        3626  -2.79100966       2.16720057      0.560000002    
        3628  -2.94141698       1.55711079      0.540000021    
        3630  -2.68366480       1.96261930      0.519999981    
        3632  -2.84941840       1.60336423      0.540000021    
        3634  -2.86999726       1.67285264      0.540000021    
        3636  -2.79649711       1.20979857      0.529999971    
        3638  -3.06767559      0.445690900      0.540000021    
        3640  -2.90808821      0.594964862      0.519999981    
        3642  -2.72326922       1.08556724      0.519999981    
        3644  -2.82543254      0.875687897      0.519999981    
        3646  -2.85320330      0.926432550      0.519999981    
        3648  -2.97701621      0.516470194      0.500000000    
        3650  -2.88799953      0.585046887      0.519999981    
        3652  -2.88829732      0.934229016      0.529999971    
        3654  -3.21455455      0.714069843      0.569999993    
        3656  -3.00126576       1.51918292      0.569999993    
        3658  -3.15248609      0.724396467      0.550000012    
        3660  -2.94310927       2.07474518      0.569999993    
        3662  -3.01427221       1.75105643      0.569999993    
        3664  -2.82111955       2.18460035      0.569999993    
        3666  -3.10568166       1.28993571      0.569999993    
        3668  -2.99709725       1.14280713      0.550000012    
        3670  -2.82724047       1.66947711      0.540000021    
        3672  -2.97944283      0.737330794      0.540000021    
        3674  -3.01357579       1.17773199      0.550000012    
        3676  -3.18365359      0.931969583      0.560000002    
        3678  -2.94903660       1.51278067      0.560000002    
        3680  -3.11982083      0.954453409      0.569999993    
        3682  -3.04445481       1.39751840      0.569999993    
        3684  -3.16688871       1.06147635      0.579999983    
        3686  -3.03847742       1.22521377      0.560000002    
        3688  -3.06241822       1.04954255      0.550000012    
        3690  -3.00098705       1.14012742      0.540000021    
        3692  -3.14715862       1.04471660      0.550000012    
        3694  -3.09407091      0.951327085      0.550000012    
        3696  -2.92987251       1.31333768      0.550000012    
        3698  -2.90528917       1.62612724      0.560000002    
        3700  -2.95754361       1.17534506      0.560000002    
        3702  -2.68975496       1.76024151      0.550000012    
        3704  -3.00098348       1.06931889      0.550000012    
        3706  -3.10294437      0.492827266      0.550000012    
        3708  -2.83732724       1.55558264      0.550000012    
        3710  -2.98681021       2.19186258      0.579999983    
        3712  -3.09067440       1.56827736      0.569999993    
        3714  -3.32843089      0.731688619      0.569999993    
        3716  -3.09616256       1.53868425      0.569999993    
        3718  -3.21595812       1.89182365      0.579999983    
        3720  -3.21182132       1.59834003      0.579999983    
        3722  -3.15702748       1.00040555      0.569999993    
        3724  -3.04272413       1.40408385      0.560000002    
        3726  -2.83955288       1.87360334      0.569999993    
        3728  -2.84910369       2.11066294      0.569999993    
        3730  -2.68633056       2.56460953      0.550000012    
        3732  -3.06487298       1.12917316      0.529999971    
        3734  -3.07145143      0.933708906      0.529999971    
        3736  -3.14054489      0.751476824      0.519999981    
        3738  -3.06526423      0.621331751      0.519999981    
        3740  -2.79830933       1.40423524      0.500000000    
        3742  -2.99315548      0.780676901      0.490000010    
        3744  -2.66099524       1.31691277      0.479999989    
        3746  -2.64618063       1.44194758      0.479999989    
        3748  -2.86792803      0.627385974      0.509999990    
        3750  -2.59892344       1.23030531      0.490000010    
        3752  -2.78579044       1.04532218      0.490000010    
        3754  -2.77730179       1.01566648      0.479999989    
        3756  -3.02583647      0.539764345      0.500000000    
        3758  -2.89593339      0.944999576      0.490000010    
        3760  -2.85909224       1.05368435      0.500000000    
        3762  -2.89950061       1.40606380      0.509999990    
        3764  -2.82858825      0.894473672      0.509999990    
        3766  -2.57072425       1.37041914      0.490000010    
        3768  -2.65725970       1.43209684      0.500000000    
        3770  -2.69486189       1.17651045      0.500000000    
        3772  -2.74002862       1.26879954      0.500000000    
        3774  -2.78519511      0.964293480      0.469999999    
        3776  -2.64740777      0.886910856      0.479999989    
        3778  -2.71593475       1.01704478      0.479999989    
        3780  -2.98645020      0.478957385      0.490000010    
        3782  -2.75370836       1.05967593      0.469999999    
        3784  -2.50509596       1.51732278      0.460000008    
        3786  -2.45679784      0.936162651      0.430000007    
        3788  -2.69442558      0.652293921      0.449999988    
        3790  -2.57854581       1.38887560      0.449999988    
        3792  -2.63268447      0.834673107      0.449999988    
        3794  -2.38508534       1.20772231      0.449999988    
        3796  -2.61739087      0.457702398      0.439999998    
        3798  -2.43067861      0.771690547      0.430000007    
        3800  -2.25731993       1.25863695      0.419999987    
        3802  -2.35873318      0.697735310      0.409999996    
        3804  -2.25665808      0.867077947      0.419999987    
        3806  -2.58315325      0.424161434      0.430000007    
        3808  -2.42542124       1.09637523      0.439999998    
        3810  -2.56807160      0.853474379      0.460000008    
        3812  -2.72708988      0.370120108      0.449999988    
        3814  -2.67337346      0.412646204      0.439999998    
        3816  -2.35029387       1.20809662      0.439999998    
        3818  -2.56303501       1.18130028      0.469999999    
        3820  -2.68441916      0.671590686      0.460000008    
        3822  -2.62190342      0.702177107      0.460000008    
        3824  -2.29886055       2.11701035      0.490000010    
        3826  -2.57859683      0.809273720      0.469999999    
        3828  -2.67801213      0.417757630      0.479999989    
        3830  -2.58496070      0.433049530      0.479999989    
        3832  -2.45267701      0.701287925      0.449999988    
        3834  -2.32487988       1.00096929      0.449999988    
        3836  -2.39240789      0.691012740      0.449999988    
        3838  -2.52498722      0.323090017      0.439999998    
        3840  -2.25608659      0.827111721      0.439999998    
        3842  -2.44073200      0.253373414      0.439999998    
        3844  -2.56214261      0.301596612      0.449999988    
        3846  -2.45661306      0.294492096      0.449999988    
        3848  -2.54219961      0.755853295      0.469999999    
        3850  -2.38803983       1.60920346      0.469999999    
        3852  -2.88978195      0.599743903      0.469999999    
        3854  -2.95152950      0.492412269      0.469999999    
        3856  -2.97422934      0.807297528      0.490000010    
        3858  -2.78956914       1.82367754      0.490000010    
        3860  -2.85986757      0.802777767      0.490000010    
        3862  -2.84280491      0.500769675      0.490000010    
        3864  -2.88714886      0.627242804      0.490000010    
        3866  -2.78825736      0.781964719      0.469999999    
        3868  -2.73327518      0.856353462      0.469999999    
        3870  -2.60480285       1.11318064      0.460000008    
        3872  -2.57332945       1.48667407      0.479999989    
        3874  -2.87299156      0.898013711      0.479999989    
        3876  -2.71403050       1.80639899      0.500000000    
        3878  -2.93407488       1.32003582      0.529999971    
        3880  -3.02209330       1.20004761      0.519999981    
        3882  -2.73365116       1.81862009      0.509999990    
        3884  -2.72608447       1.81214440      0.529999971    
        3886  -3.00766015       1.10995996      0.519999981    
        3888  -3.10353422       1.26492572      0.540000021    
        3890  -3.33718944      0.304014623      0.519999981    
        3892  -2.96000338      0.805610895      0.509999990    
        3894  -2.92556620       1.02957094      0.509999990    
        3896  -2.97125697      0.701300859      0.519999981    
        3898  -3.09655476       1.07493508      0.540000021    
        3900  -2.90407515       1.48118329      0.540000021    
        3902  -3.02575135       1.22976410      0.540000021    
        3904  -2.82954502       1.29402053      0.540000021    
        3906  -2.99911189      0.852466226      0.550000012    
        3908  -2.89453530       1.39544690      0.560000002    
        3910  -3.13207912      0.878250897      0.560000002    
        3912  -3.01787090       1.16493332      0.560000002    
        3914  -3.05676198      0.972980559      0.560000002    
        3916  -2.78282809       2.41448545      0.569999993    
        3918  -2.77022839       2.91668034      0.589999974    
        3920  -3.28641605      0.935858548      0.589999974    
        3922  -3.12172723       1.59656799      0.589999974    
        3924  -3.06106591       1.30836511      0.579999983    
        3926  -2.88336515       1.99434364      0.569999993    
        3928  -3.00508761       1.33795953      0.569999993    
        3930  -2.93246436       1.81861579      0.560000002    
        3932  -2.87996793       1.66235244      0.560000002    
        3934  -2.79867935       1.87536871      0.560000002    
        3936  -2.78331828       2.15649796      0.569999993    
        3938  -3.28945160      0.817804575      0.579999983    
        3940  -3.33347225      0.865643442      0.579999983    
        3942  -3.48816180      0.963001311      0.589999974    
        3944  -3.36700845      0.953634679      0.569999993    
        3946  -3.07449293       1.38892400      0.569999993    
        3948  -3.36584473      0.385093123      0.560000002    
        3950  -3.01925850       2.00115943      0.569999993    
        3952  -3.23342681       1.50145674      0.579999983    
        3954  -3.22523499       1.53047872      0.579999983    
        3956  -3.42221498      0.687563002      0.589999974    
        3958  -3.32444310      0.824265778      0.579999983    
        3960  -3.09889627       1.50685585      0.579999983    
        3962  -3.04520583       1.60555112      0.579999983    
        3964  -3.21466255       1.30899835      0.589999974    
        3966  -3.16054296       1.39405811      0.589999974    
        3968  -3.26094699       1.13456726      0.579999983    
        3970  -3.13132429       1.72995913      0.560000002    
        3972  -3.02039003       2.26457191      0.560000002    
        3974  -2.89869976       3.54854155      0.579999983    
        3976  -2.91891599       3.43349051      0.569999993    
        3978  -3.23204088       2.10675812      0.569999993    
        3980  -3.14115500       1.97018588      0.540000021    
        3982  -3.00684690       2.02592850      0.519999981    
        3984  -3.09331107       1.35477650      0.519999981    
        3986  -3.17344475       1.33256531      0.540000021    
        3988  -3.14123416      0.950720370      0.529999971    
        3990  -2.97371268       1.01709759      0.519999981    
        3992  -2.97563243       1.53384233      0.540000021    
        3994  -2.99664140       1.24512482      0.509999990    
        3996  -3.07399678      0.206358820      0.509999990    
        3998  -2.99051023      0.538151681      0.500000000    
        4000  -2.90248656       1.14823413      0.509999990    
        4002  -2.83766913       1.12126255      0.509999990    
        4004  -2.96673250      0.761539876      0.500000000    
        4006  -2.92081141      0.389532924      0.490000010    
        4008  -2.63050652      0.683400869      0.490000010    
        4010  -2.58483720       1.35922074      0.490000010    
        4012  -2.36854219       1.65237999      0.469999999    
        4014  -2.62709594       1.70985210      0.490000010    
        4016  -2.60030270       1.45383358      0.479999989    
        4018  -2.61311412       1.46668351      0.519999981    
        4020  -2.67648888       1.75061572      0.529999971    
        4022  -2.71885681       1.30715489      0.529999971    
        4024  -2.83482122      0.868532479      0.519999981    
        4026  -2.92697906      0.395536393      0.509999990    
        4028  -2.67416000       1.27562928      0.519999981    
        4030  -2.78332257      0.734487414      0.519999981    
        4032  -2.76505041       1.19052577      0.519999981    
        4034  -3.02421808      0.728562534      0.529999971    
        4036  -3.04133010      0.994490087      0.529999971    
        4038  -3.17792869      0.356851041      0.529999971    
        4040  -3.15471888      0.923408747      0.540000021    
        4042  -3.03782368      0.696440935      0.529999971    
        4044  -2.78646207       1.30155313      0.529999971    
        4046  -2.87847805      0.790712476      0.500000000    
        4048  -2.81201816      0.543126464      0.519999981    
        4050  -2.66009235       1.36980283      0.519999981    
        4052  -2.62654877       1.69133043      0.509999990    
        4054  -2.27369595       2.17393231      0.490000010    
        4056  -2.82077122      0.942872345      0.509999990    
        4058  -2.52730894       1.30350900      0.460000008    
        4060  -2.59185982      0.904624283      0.469999999    
        4062  -2.72888899      0.930988193      0.490000010    
        4064  -2.49805975       1.76743841      0.490000010    
        4066  -2.55954361       1.61832023      0.500000000    
        4068  -2.83288574      0.687566400      0.500000000    
        4070  -2.68235016      0.878661036      0.490000010    
        4072  -2.85860443      0.941013873      0.519999981    
        4074  -2.79235911       1.22568202      0.519999981    
        4076  -2.76082373      0.963021219      0.529999971    
        4078  -2.44482613       1.42376566      0.500000000    
        4080  -2.76355362       1.11620402      0.509999990    
        4082  -2.74249792      0.995826662      0.519999981    
        4084  -2.65254045       1.10553503      0.519999981    
        4086  -2.84935021      0.785957456      0.529999971    
        4088  -2.66831064       1.28166485      0.519999981    
        4090  -2.86557078      0.937362790      0.519999981    
        4092  -2.74914432      0.642590404      0.500000000    
        4094  -2.55884266      0.646528184      0.479999989    
        4096  -2.41284418       1.15269494      0.449999988    
        4098  -2.64704156      0.804220080      0.460000008    
        4100  -2.41024089       1.63029897      0.439999998    
        4102  -2.50831461       1.49171782      0.449999988    
        4104  -2.70228004      0.482285678      0.439999998    
        4106  -2.38788080       1.13810337      0.439999998    
        4108  -2.29452896       1.56296360      0.460000008    
        4110  -2.28996706       1.26566231      0.460000008    
        4112  -2.53184867      0.599867404      0.460000008    
        4114  -2.46561313      0.809934974      0.460000008    
        4116  -2.52071595      0.781610847      0.439999998    
        4118  -2.26224709       1.34426856      0.449999988    
        4120  -2.49028182       1.20732749      0.449999988    
        4122  -2.54688835      0.749741912      0.449999988    
        4124  -2.21205521       1.34781349      0.439999998    
        4126  -2.41713095      0.933714449      0.439999998    
        4128  -2.62944341      0.309952676      0.460000008    
        4130  -2.61047530      0.337882549      0.449999988    
        4132  -2.29389524       1.29751861      0.430000007    
        4134  -2.17837644       1.24955785      0.430000007    
        4136  -1.99630725       1.97630858      0.449999988    
        4138  -2.38418627       1.46539879      0.449999988    
        4140  -2.45159030       1.17264676      0.479999989    
        4142  -2.03870845       1.76464295      0.449999988    
        4144  -2.42644286       1.21174562      0.479999989    
        4146  -2.68716693      0.891083121      0.469999999    
        4148  -2.63474321      0.971424341      0.479999989    
        4150  -2.91963100      0.543106556      0.469999999    
        4152  -2.67803335      0.969991922      0.479999989    
        4154  -2.72222352      0.707192183      0.479999989    
        4156  -2.67033887      0.831532776      0.479999989    
        4158  -2.82705665      0.505915761      0.469999999    
        4160  -2.74675822      0.277564645      0.460000008    
        4162  -2.75511122      0.775214791      0.479999989    
        4164  -2.67505670      0.988057733      0.479999989    
        4166  -2.86105847      0.246059895      0.479999989    
        4168  -2.50470567       1.68497276      0.469999999    
        4170  -2.69963002      0.753422558      0.460000008    
        4172  -2.79134130      0.767296076      0.479999989    
        4174  -3.21558976     -0.415273219      0.490000010    
        4176  -2.81236362      0.909610689      0.479999989    
        4178  -2.70490813      0.960637331      0.490000010    
        4180  -2.68664455       1.53679991      0.500000000    
        4182  -3.06681275       1.28978908      0.519999981    
        4184  -3.08688688       1.03656280      0.529999971    
        4186  -3.07005119       1.13856149      0.540000021    
        4188  -3.29067063      0.930816948      0.550000012    
        4190  -3.15345740      0.836035669      0.529999971    
        4192  -3.11908221      0.405507922      0.529999971    
        4194  -2.95400453      0.766996503      0.509999990    
        4196  -3.23150682      0.571388960      0.509999990    
        4198  -3.20513535       1.09773266      0.540000021    
        4200  -3.19149160      0.889680088      0.560000002    
        4202  -3.22349024      0.481266797      0.540000021    
        4204  -3.21723676      0.445133656      0.540000021    
        4206  -2.85717082       1.51214480      0.519999981    
        4208  -2.97762346       1.35193074      0.529999971    
        4210  -3.22578549      0.415321499      0.529999971    
        4212  -2.84540796       1.47692478      0.529999971    
        4214  -2.80720663       1.07682216      0.529999971    
        4216  -2.89584732       1.31198061      0.529999971    
        4218  -2.87236476       1.12393832      0.540000021    
        4220  -2.70642734       1.52776492      0.540000021    
        4222  -2.78102160       1.20808733      0.540000021    
        4224  -2.91200113      0.864382267      0.529999971    
        4226  -2.64921188       1.83990097      0.529999971    
        4228  -3.08727479      0.945891738      0.529999971    
        4230  -2.86353993       1.73316157      0.540000021    
        4232  -2.67269349       1.79161680      0.519999981    
        4234  -2.73803830       1.83864760      0.529999971    
        4236  -2.71752691       1.67150903      0.540000021    
        4238  -3.04840970      0.911502242      0.550000012    
        4240  -2.93211341       1.24258161      0.550000012    
        4242  -2.83227777       1.54386187      0.540000021    
        4244  -2.61972666       2.58359838      0.560000002    
        4246  -3.16666555      0.929587007      0.550000012    
        4248  -3.30366635      0.659419477      0.560000002    
        4250  -2.84713244       2.98281717      0.579999983    
        4252  -3.10971475       1.53027821      0.560000002    
        4254  -2.93437886       2.13617325      0.579999983    
        4256  -2.70912886       3.35663342      0.589999974    
        4258  -3.09508014       2.20438933      0.579999983    
        4260  -3.01173806       2.38937879      0.579999983    
        4262  -3.35032201       1.62177229      0.569999993    
        4264  -3.30961990       1.41239250      0.560000002    
        4266  -3.16765952       1.29625356      0.540000021    
        4268  -2.72661400       1.99163771      0.529999971    
        4270  -2.96005797       1.02174234      0.519999981    
        4272  -3.13995004       1.24376297      0.550000012    
        4274  -2.81707311       1.97149026      0.540000021    
        4276  -3.21103239       1.41262567      0.560000002    
        4278  -2.93369627       1.54235613      0.550000012    
        4280  -3.11286712       1.32190824      0.550000012    
        4282  -3.04140615      0.982630134      0.529999971    
        4284  -3.01428890      0.936092138      0.519999981    
        4286  -2.73742437       1.54944801      0.519999981    
        4288  -2.87157059       1.54980624      0.550000012    
        4290  -3.06172109      0.346505225      0.519999981    
        4292  -2.67714453       1.81220472      0.519999981    
        4294  -2.62911677       1.47949862      0.519999981    
        4296  -2.75576043       1.10497844      0.529999971    
        4298  -2.91301751      0.929552913      0.540000021    
        4300  -2.66277432       1.07854152      0.509999990    
        4302  -2.68223238       1.16900980      0.509999990    
        4304  -3.02139735      0.477109462      0.519999981    
        4306  -3.02762556      0.892755330      0.529999971    
        4308  -3.07224369      0.958798468      0.529999971    
        4310  -2.95496249       1.35785425      0.550000012    
        4312  -2.80546212       1.54108679      0.529999971    
        4314  -3.00134897       1.13296211      0.529999971    
        4316  -2.99217582      0.690448284      0.509999990    
        4318  -2.84790969       1.22473335      0.500000000    
        4320  -2.88702583       1.25567234      0.509999990    
        4322  -2.97374535      0.826190948      0.519999981    
        4324  -2.82486749       1.73077703      0.540000021    
        4326  -2.94859409       1.14091086      0.540000021    
        4328  -2.83309436       1.50245953      0.509999990    
        4330  -2.87593102       1.19715369      0.519999981    
        4332  -3.07936358      0.478393674      0.500000000    
        4334  -2.90845156      0.258316845      0.509999990    
        4336  -2.57071424       1.14180577      0.490000010    
        4338  -2.92690277      0.905870438      0.519999981    
        4340  -2.85500908       1.09999871      0.519999981    
        4342  -2.78790426       1.24865651      0.509999990    
        4344  -2.74345851      0.966636539      0.500000000    
        4346  -2.88708544      0.446178913      0.500000000    
        4348  -2.82897472      0.378219664      0.500000000    
        4350  -2.76076579      0.883091271      0.509999990    
        4352  -2.68877649       1.82101429      0.540000021    
        4354  -2.83560205       1.25325453      0.540000021    
        4356  -2.93125105      0.905122995      0.529999971    
        4358  -2.59611082       1.69024122      0.529999971    
        4360  -2.75836325       1.34715521      0.529999971    
        4362  -2.85466123       1.14458096      0.540000021    
        4364  -2.61326861       1.13149929      0.509999990    
        4366  -2.73574424      0.755001128      0.490000010    
        4368  -2.74799824      0.572087824      0.500000000    
        4370  -2.75744629       1.22328877      0.529999971    
        4372  -3.19896483      0.132862940      0.540000021    
        4374  -2.95315623      0.622502387      0.529999971    
        4376  -2.82499218       1.75700676      0.550000012    
        4378  -3.02923656       1.11700332      0.550000012    
        4380  -2.90445209       1.39434016      0.540000021    
        4382  -2.67242837       1.92583251      0.540000021    
        4384  -2.89522362       1.33039415      0.540000021    
        4386  -3.13856244      0.795741677      0.550000012    
        4388  -3.28128171      0.373342663      0.550000012    
        4390  -3.10353804       1.10821390      0.529999971    
        4392  -3.02990651      0.966910720      0.529999971    
        4394  -3.11206102      0.660312295      0.540000021    
        4396  -3.05539083       1.37469041      0.560000002    
        4398  -3.03089809       1.44299757      0.569999993    
        4400  -2.99894786       1.58487999      0.560000002    
        4402  -3.14755869       1.14492595      0.560000002    
        4404  -2.96510792       1.38679016      0.550000012    
        4406  -3.20742655      0.918332815      0.560000002    
        4408  -3.14148664       1.32439578      0.550000012    
        4410  -2.97724319       2.28310537      0.560000002    
        4412  -3.05908561       1.72790027      0.569999993    
        4414  -3.09733772       1.43317533      0.550000012    
        4416  -3.23808956      0.832883596      0.550000012    
        4418  -3.03207469       1.36803555      0.540000021    
        4420  -3.04120421      0.767205358      0.529999971    
        4422  -3.19657445      0.440199196      0.529999971    
        4424  -3.18691778      0.487451792      0.540000021    
        4426  -3.44312954      0.275530368      0.560000002    
        4428  -3.13725281       1.31664455      0.560000002    
        4430  -3.11607337       1.19193351      0.550000012    
        4432  -3.01083994       1.33463478      0.550000012    
        4434  -3.03914094       1.57433224      0.560000002    
        4436  -2.85363865       2.06174660      0.540000021    
        4438  -3.13027453       1.48288631      0.540000021    
        4440  -3.03105807       1.58503401      0.529999971    
        4442  -2.95387554      0.834239781      0.509999990    
        4444  -3.05810022      0.620694757      0.509999990    
        4446  -3.11408567      0.389180720      0.509999990    
        4448  -2.50901866       2.22370124      0.500000000    
        4450  -2.58404875       1.44267678      0.490000010    
        4452  -2.78523088       1.23174965      0.509999990    
        4454  -2.94612098      0.798667073      0.509999990    
        4456  -2.98310161      0.649108469      0.500000000    
        4458  -2.94849133      0.344021320      0.500000000    
        4460  -2.51902175       1.55406976      0.509999990    
        4462  -2.57677650       1.26650870      0.469999999    
        4464  -2.44511533       1.77416086      0.469999999    
        4466  -2.58555245       1.98316574      0.469999999    
        4468  -2.93822885       1.44532669      0.479999989    
        4470  -2.81465673      0.941557050      0.469999999    
        4472  -2.38480973       2.04041028      0.479999989    
        4474  -2.83679175      0.561825395      0.479999989    
        4476  -2.74939346       1.23156166      0.490000010    
        4478  -2.69953203       1.31762683      0.490000010    
        4480  -2.88262486      0.339068174      0.479999989    
        4482  -2.81597257      0.369813532      0.479999989    
        4484  -2.82684612       9.64168832E-02  0.469999999    
        4486  -2.68346858      0.723142862      0.469999999    
        4488  -3.04290199      0.260791153      0.490000010    
        4490  -2.64756250       1.08878505      0.469999999    
        4492  -2.89110613      0.426132888      0.439999998    
        4494  -2.46009278       1.23932147      0.430000007    
        4496  -2.53970790      0.965243280      0.449999988    
        4498  -2.68089652      0.684586704      0.439999998    
        4500  -2.59479523      0.619566619      0.370000005    
        4502  -2.25715017       1.46443665      0.389999986    
        4504  -2.72927690      0.385446489      0.409999996    
        4506  -2.48109961      0.751958728      0.419999987    
        4508  -2.69738984      0.597039521      0.460000008    
        4510  -2.65652895      0.586706698      0.460000008    
        4512  -2.91817951      0.259992659      0.479999989    
        4514  -2.72587204       1.44945252      0.509999990    
        4516  -2.90628290      0.726783872      0.509999990    
        4518  -3.06574440      0.509499133      0.509999990    
        4520  -2.88753986      0.178030878      0.479999989    
        4522  -2.65653968      0.786604345      0.479999989    
        4524  -2.75883198      0.859231114      0.509999990    
        4526  -2.56542492      0.790939212      0.479999989    
        4528  -2.66789150      0.996178091      0.500000000    
        4530  -2.68023086      0.837378740      0.500000000    
        4532  -2.81177902      0.471126020      0.500000000    
        4534  -2.69493985       1.27367842      0.519999981    
        4536  -2.81367970      0.688273668      0.490000010    
        4538  -2.88661480      0.683025539      0.490000010    
        4540  -2.82068086      0.794723749      0.490000010    
        4542  -2.55965018       1.22364974      0.490000010    
        4544  -2.70566916       1.32249439      0.519999981    
        4546  -2.69457793       1.47096276      0.519999981    
        4548  -2.44855261       1.45210218      0.500000000    
        4550  -2.61838937       1.31529033      0.500000000    
        4552  -2.80976725      0.872804463      0.490000010    
        4554  -2.97972226      0.627543867      0.500000000    
        4556  -2.95680237      0.472477496      0.479999989    
        4558  -2.72294927      0.706067801      0.469999999    
        4560  -2.86026883      0.833386123      0.490000010    
        4562  -2.59405565       1.17355776      0.479999989    
        4564  -2.60200143       1.36629200      0.479999989    
        4566  -2.62447309       1.27017140      0.479999989    
        4568  -2.52062273       1.24132848      0.479999989    
        4570  -2.73839045      0.845621169      0.490000010    
        4572  -2.74428797      0.818307102      0.490000010    
        4574  -2.62554073      0.907270551      0.490000010    
        4576  -2.63857055      0.889453769      0.490000010    
        4578  -2.46013856       1.12275624      0.469999999    
        4580  -2.35948277       1.67869377      0.479999989    
        4582  -2.47738719       1.11583626      0.490000010    
        4584  -2.52587461      0.919278443      0.479999989    
        4586  -2.44545174      0.856239319      0.469999999    
        4588  -2.68362927      0.545982778      0.479999989    
        4590  -2.80580330       1.06013787      0.509999990    
        4592  -2.76175642      0.813993335      0.509999990    
        4594  -2.57085824       1.41062927      0.509999990    
        4596  -2.62339067       1.42929101      0.509999990    
        4598  -2.75927401      0.979289591      0.509999990    
        4600  -2.54505348       1.33979404      0.500000000    
        4602  -2.69835138       1.08127463      0.500000000    
        4604  -2.59064436       1.05613470      0.490000010    
        4606  -2.70254159       1.20300698      0.500000000    
        4608  -2.75032425       1.07511389      0.500000000    
        4610  -2.56459379       1.71252549      0.500000000    
        4612  -2.79315472       1.04865825      0.509999990    
        4614  -2.90098953      0.406433016      0.509999990    
        4616  -2.76241708       1.19117403      0.519999981    
        4618  -2.89428520      0.820930600      0.500000000    
        4620  -2.83704162      0.719394028      0.509999990    
        4622  -2.75965929      0.533838928      0.500000000    
        4624  -2.53415918       1.48764908      0.500000000    
        4626  -2.65107012       1.67783868      0.529999971    
        4628  -2.83469319       1.48101056      0.550000012    
        4630  -2.92779803       1.38250709      0.550000012    
        4632  -2.84288812       1.50111139      0.550000012    
        4634  -3.13331795      0.679267049      0.540000021    
        4636  -3.02908254       1.02243948      0.540000021    
        4638  -3.08921075       1.27842724      0.550000012    
        4640  -3.14557433       1.16431046      0.560000002    
        4642  -3.13647270       1.77167237      0.550000012    
        4644  -3.05008483       1.58723462      0.569999993    
        4646  -3.09484839       1.79147971      0.569999993    
        4648  -3.04058599       1.80848551      0.560000002    
        4650  -3.20098257      0.791959941      0.550000012    
        4652  -2.94017267       1.32666993      0.540000021    
        4654  -2.88444901       1.35249174      0.540000021    
        4656  -2.91175270       1.63186824      0.540000021    
        4658  -3.06759501      0.840310454      0.540000021    
        4660  -3.26573157      0.744268000      0.540000021    
        4662  -3.21298671      0.930647314      0.540000021    
        4664  -3.14570451       1.57663548      0.540000021    
        4666  -3.14247251      0.926487803      0.529999971    
        4668  -2.73580766       1.53788865      0.519999981    
        4670  -2.77507949       1.18905818      0.509999990    
        4672  -2.85757327       1.06026363      0.509999990    
        4674  -3.11241603      0.996223152      0.560000002    
        4676  -2.87305713       1.17342246      0.540000021    
        4678  -2.78217411       1.52936590      0.540000021    
        4680  -2.89693809       1.49333036      0.540000021    
        4682  -3.26000881       1.02732968      0.550000012    
        4684  -3.19077492       1.50397694      0.579999983    
        4686  -3.08853936       1.95174372      0.589999974    
        4688  -3.09428787       2.17033792      0.589999974    
        4690  -2.80320287       2.68115473      0.589999974    
        4692  -2.80143809       2.11868644      0.569999993    
        4694  -2.76065516       2.76156616      0.579999983    
        4696  -2.88527727       1.73269403      0.550000012    
        4698  -2.80302477       1.03844023      0.509999990    
        4700  -3.09346986      0.516822696      0.509999990    
        4702  -2.90430713      0.971322477      0.500000000    
        4704  -2.92012501       1.01674354      0.490000010    
        4706  -2.54262066       1.67998254      0.490000010    
        4708  -2.97062016      0.773011029      0.500000000    
        4710  -2.90608835       1.08489013      0.509999990    
        4712  -3.05525517      0.546977818      0.509999990    
        4714  -2.84901857       1.02317405      0.509999990    
        4716  -2.82128453       1.14870334      0.509999990    
        4718  -2.72898483       1.41588247      0.519999981    
        4720  -2.89240241      0.712621629      0.529999971    
        4722  -3.14150929      0.612739742      0.540000021    
        4724  -2.89004660       1.21629083      0.550000012    
        4726  -2.77965903       1.34081757      0.550000012    
        4728  -2.58940959       1.83007419      0.550000012    
        4730  -2.57906103       2.17394924      0.540000021    
        4732  -2.87059736       1.87805581      0.540000021    
        4734  -2.83296871       1.76325238      0.529999971    
        4736  -2.95632696       1.26506126      0.519999981    
        4738  -2.69695234       1.03677762      0.479999989    
        4740  -2.83736444      0.877429307      0.490000010    
        4742  -2.85852265       1.08268380      0.500000000    
        4744  -2.88067055      0.733585596      0.490000010    
        4746  -2.87379956      0.790811300      0.500000000    
        4748  -2.95222616      0.442281723      0.500000000    
        4750  -3.08088708      0.160132080      0.509999990    
        4752  -2.82116890       1.04715264      0.519999981    
        4754  -2.89889026       1.30838811      0.519999981    
        4756  -3.08857989       1.13768160      0.519999981    
        4758  -2.93315625       1.84213281      0.529999971    
        4760  -3.00232291       1.13664508      0.540000021    
        4762  -2.89988708       1.34863305      0.529999971    
        4764  -3.09444904       1.46236849      0.529999971    
        4766  -3.10919905       1.67636013      0.560000002    
        4768  -3.21200848       1.06505549      0.560000002    
        4770  -3.11537480       1.38300431      0.560000002    
        4772  -3.15155554      0.792363644      0.560000002    
        4774  -3.15102100       1.07987595      0.579999983    
        4776  -3.12628150       2.02634263      0.600000024    
        4778  -3.24262404       1.89177501      0.610000014    
        4780  -3.42315793       1.07458997      0.589999974    
        4782  -3.51959229       1.04314792      0.600000024    
        4784  -3.50166559       1.32528543      0.600000024    
        4786  -3.13977122       2.08088040      0.589999974    
        4788  -3.14499307       2.43835139      0.610000014    
        4790  -3.50889468       1.44654655      0.610000014    
        4792  -3.54250002       1.29690957      0.600000024    
        4794  -3.24657631       1.65006971      0.579999983    
        4796  -3.52978945      0.568948686      0.579999983    
        4798  -3.45020509      0.977008939      0.579999983    
        4800  -3.25255847       1.45950091      0.569999993    
        4802  -3.48116136       1.05864811      0.589999974    
        4804  -2.92901826       2.17521906      0.569999993    
        4806  -3.18937612       1.43513000      0.560000002    
        4808  -3.33870459       1.21174097      0.569999993    
        4810  -3.20082450      0.945400953      0.560000002    
        4812  -3.13126278      0.982979834      0.540000021    
        4814  -3.07997775       1.16474831      0.529999971    
        4816  -3.18678784       1.15736365      0.560000002    
        4818  -3.50437069      0.631381094      0.579999983    
        4820  -3.23369932       1.03763866      0.560000002    
        4822  -3.44302630      0.421953201      0.560000002    
        4824  -3.15023208       1.11702681      0.569999993    
        4826  -3.15844774       1.31848359      0.579999983    
        4828  -2.84124756       2.32956338      0.579999983    
        4830  -2.96558809       2.21538687      0.589999974    
        4832  -2.92229223       2.01196241      0.589999974    
        4834  -3.15541530      0.920052290      0.589999974    
        4836  -3.25993347       1.19649994      0.579999983    
        4838  -2.99118519       1.54537153      0.560000002    
        4840  -3.17540932       1.40350509      0.560000002    
        4842  -3.11903310       1.51343882      0.560000002    
        4844  -3.03776264       1.35986435      0.540000021    
        4846  -2.94355416       1.12650919      0.540000021    
        4848  -2.74873328       1.21799612      0.519999981    
        4850  -2.98345518      0.642466903      0.529999971    
        4852  -2.87333870      0.727645576      0.519999981    
        4854  -2.70177817      0.772681594      0.490000010    
        4856  -2.63623023      0.418786108      0.469999999    
        4858  -2.28632879       1.02412164      0.430000007    
        4860  -2.47635317      0.945379734      0.439999998    
        4862  -2.53055310      0.620357752      0.430000007    
        4864  -2.92517924      0.363707393      0.460000008    
        4866  -2.76524925      0.721479774      0.460000008    
        4868  -2.64006042       1.20418942      0.449999988    
        4870  -2.75619054       1.12722099      0.479999989    
        4872  -2.65016532      0.983442366      0.479999989    
        4874  -2.92188883      0.790066242      0.490000010    
        4876  -2.71133804       1.05506909      0.479999989    
        4878  -2.95567179      0.354033649      0.469999999    
        4880  -2.68501329      0.923832059      0.469999999    
        4882  -2.74020529      0.639706016      0.469999999    
        4884  -2.61363029       1.23101258      0.490000010    
        4886  -2.84933829      0.893691421      0.500000000    
        4888  -2.65055132       1.20926738      0.509999990    
        4890  -2.91867995       1.38665557      0.509999990    
        4892  -2.88935256       1.08316886      0.490000010    
        4894  -2.86109853       1.48500204      0.500000000    
        4896  -2.87323189       1.51314664      0.509999990    
        4898  -3.10904765       1.25374353      0.529999971    
        4900  -3.24467397       1.17843735      0.560000002    
        4902  -2.74201035       2.49803662      0.550000012    
        4904  -2.82741666       1.72553992      0.529999971    
        4906  -2.82273889       1.91396451      0.540000021    
        4908  -2.94020200       1.83563530      0.540000021    
        4910  -2.96592069       1.85400832      0.540000021    
        4912  -3.26249456       1.20418322      0.540000021    
        4914  -3.13598275       1.86154819      0.540000021    
        4916  -3.06061578       2.26263714      0.550000012    
        4918  -3.14331198       1.84429550      0.560000002    
        4920  -3.24835062      0.963217497      0.569999993    
        4922  -3.19158816       1.32932043      0.560000002    
        4924  -3.27275944      0.916193843      0.579999983    
        4926  -3.31730962       1.08416975      0.579999983    
        4928  -3.16421461       1.38791585      0.579999983    
        4930  -2.96162105       2.29527020      0.589999974    
        4932  -3.04436874       1.76653612      0.569999993    
        4934  -2.94347930       1.50377452      0.550000012    
        4936  -3.04935884       1.61851907      0.560000002    
        4938  -3.48322606      0.445918798      0.579999983    
        4940  -3.31058431      0.647063017      0.569999993    
        4942  -3.42901492       1.11555278      0.589999974    
        4944  -3.19834185       1.34177768      0.589999974    
        4946  -3.28868699      0.535471678      0.579999983    
        4948  -3.06280255       1.75932968      0.589999974    
        4950  -3.32658935       1.17412198      0.600000024    
        4952  -3.27834153       1.34939635      0.600000024    
        4954  -3.09798169       2.59847760      0.610000014    
        4956  -3.30955338       1.87860286      0.600000024    
        4958  -3.15141821       1.86391318      0.589999974    
        4960  -3.42835116       1.26033652      0.589999974    
        4962  -3.57955694      0.996791303      0.579999983    
        4964  -3.38164711       2.27433848      0.610000014    
        4966  -3.40459991       2.04059005      0.610000014    
        4968  -3.55406356       1.35879087      0.610000014    
        4970  -3.59619737      0.458741456      0.600000024    
        4972  -3.41538763      0.887840033      0.589999974    
        4974  -3.64326739      0.567080557      0.610000014    
        4976  -3.63617778      0.776389718      0.610000014    
        4978  -3.41337681       1.78186989      0.610000014    
        4980  -3.40513778       1.95222104      0.610000014    
        4982  -3.66090703       1.23613584      0.610000014    
        4984  -3.25133491       1.58326757      0.579999983    
        4986  -3.22077727       1.61860538      0.579999983    
        4988  -2.99840736       2.57168531      0.589999974    
        4990  -3.13242841       1.57182741      0.579999983    
        4992  -3.04494619       1.65040648      0.579999983    
        4994  -2.92503977       2.41312003      0.579999983    
        4996  -3.08868003       1.95984507      0.579999983    
        4998  -3.23910213       1.25353098      0.579999983    
        5000  -3.31927395       1.06898189      0.579999983    
        5002  -3.27777004       1.28718078      0.579999983    
        5004  -3.22000861       1.06283081      0.579999983    
        5006  -3.07492304      0.677683771      0.529999971    
        5008  -3.21420360      0.348324716      0.560000002    
        5010  -3.11769438      0.429232419      0.550000012    
        5012  -3.05982924      0.920242846      0.550000012    
        5014  -2.90019155       1.84294176      0.560000002    
        5016  -2.84099460       1.60094380      0.540000021    
        5018  -2.93923330       1.45617199      0.529999971    
        5020  -3.02586055      0.672452271      0.509999990    
        5022  -3.09471035       1.02295303      0.529999971    
        5024  -3.30427957      0.491990834      0.509999990    
        5026  -3.01305413       1.39441776      0.519999981    
        5028  -3.28047490      0.471083671      0.529999971    
        5030  -2.97895288       1.23140943      0.509999990    
        5032  -2.97423673       1.39439118      0.519999981    
        5034  -3.16601634      0.943139791      0.550000012    
        5036  -2.99443460       1.31828785      0.560000002    
        5038  -3.14334512      0.962363839      0.560000002    
        5040  -3.15312648      0.732268095      0.560000002    
        5042  -3.32628775      0.440523863      0.569999993    
        5044  -3.24662209      0.636537552      0.569999993    
        5046  -3.25458384      0.448218346      0.550000012    
        5048  -2.89182639       1.50248349      0.540000021    
        5050  -3.01545167      0.991730332      0.529999971    
        5052  -2.64221454       1.81977987      0.500000000    
        5054  -2.98579073       1.14566517      0.509999990    
        5056  -2.90846205       1.08029246      0.500000000    
        5058  -2.71670222       1.66029096      0.500000000    
        5060  -2.77633333       1.66318953      0.519999981    
        5062  -2.98643851      0.679465532      0.509999990    
        5064  -2.71967125       1.33796382      0.490000010    
        5066  -2.80874991       1.18859780      0.490000010    
        5068  -2.72571158       1.06630182      0.490000010    
        5070  -2.87034893      0.743131280      0.490000010    
        5072  -2.95053363      0.577463627      0.490000010    
        5074  -2.94369316      0.491525203      0.490000010    
        5076  -2.86475110       1.00285923      0.490000010    
        5078  -2.93598676      0.715070665      0.490000010    
        5080  -2.60324240       1.36531591      0.460000008    
        5082  -2.67892003       1.42884862      0.460000008    
        5084  -2.60981226       1.64389074      0.479999989    
        5086  -2.64567757       1.70491493      0.490000010    
        5088  -2.86289787       1.56673574      0.509999990    
        5090  -2.73976398       1.15531719      0.479999989    
        5092  -2.82199740       1.11053503      0.479999989    
        5094  -2.77531409       1.05533457      0.479999989    
        5096  -2.68083549       1.19433045      0.479999989    
        5098  -3.00659513      0.843299329      0.490000010    
        5100  -2.92934060      0.983063638      0.500000000    
        5102  -2.50997210       1.83413172      0.460000008    
        5104  -2.58459210       1.78538418      0.469999999    
        5106  -2.77155590       1.42255235      0.460000008    
        5108  -2.85729599       1.06926107      0.469999999    
        5110  -2.99234271      0.455799401      0.469999999    
        5112  -2.85136747      0.602990210      0.449999988    
        5114  -2.77920318      0.707118094      0.449999988    
        5116  -2.47629523       1.16211736      0.449999988    
        5118  -2.55584955       1.21982491      0.449999988    
        5120  -2.65676069      0.295587242      0.439999998    
        5122  -2.63659573      0.612415493      0.460000008    
        5124  -2.39385533       1.50818646      0.449999988    
        5126  -2.59739351      0.938038647      0.460000008    
        5128  -2.33953929       1.30779874      0.430000007    
        5130  -2.35615206       1.78753650      0.430000007    
        5132  -2.69242740       1.18607891      0.460000008    
        5134  -2.98391676      0.358301401      0.449999988    
        5136  -2.87669230      0.439046830      0.439999998    
        5138  -2.74277854      0.830026507      0.449999988    
        5140  -2.66412425       1.47743022      0.469999999    
        5142  -2.65566087       1.05379391      0.469999999    
        5144  -2.65512276       1.08760083      0.469999999    
        5146  -2.60907078       1.49670720      0.509999990    
        5148  -2.89920902      0.815544546      0.509999990    
        5150  -2.89408565      0.954533815      0.500000000    
        5152  -3.17937493      0.370229989      0.519999981    
        5154  -3.18667006      0.587167442      0.529999971    
        5156  -2.97821498       1.27061641      0.540000021    
        5158  -2.74590445       2.19603872      0.550000012    
        5160  -2.92009687       1.59745204      0.550000012    
        5162  -2.93442845       1.57812083      0.550000012    
        5164  -2.93271232       1.38690531      0.540000021    
        5166  -3.00884581       1.41952610      0.540000021    
        5168  -2.94889450       1.79258287      0.569999993    
        5170  -3.09166408       1.87879443      0.579999983    
        5172  -3.37430072      0.762630522      0.579999983    
        5174  -3.35809541      0.843572855      0.579999983    
        5176  -3.33802366      0.748379648      0.569999993    
        5178  -3.23006392      0.710453272      0.550000012    
        5180  -2.91916990       2.14731050      0.560000002    
        5182  -3.29930782      0.657044113      0.560000002    
        5184  -3.23757076      0.820078671      0.550000012    
        5186  -3.17299366      0.819231212      0.540000021    
        5188  -2.95141029       1.11912358      0.529999971    
        5190  -3.03846741       1.22867882      0.540000021    
        5192  -3.15504837       1.23791838      0.529999971    
        5194  -3.12361050       1.36814225      0.540000021    
        5196  -3.10642838       1.67793286      0.550000012    
        5198  -2.85054398       2.29100752      0.550000012    
        5200  -2.89313078       2.16906166      0.550000012    
        5202  -3.11292768       1.14498270      0.550000012    
        5204  -3.01332998       1.16932321      0.560000002    
        5206  -3.09997249       1.02309918      0.560000002    
        5208  -2.96503425       2.44891214      0.589999974    
        5210  -3.22789192       1.27813959      0.579999983    
        5212  -3.11482143       1.29570115      0.560000002    
        5214  -3.05237198       1.08894050      0.550000012    
        5216  -3.03475118      0.922700584      0.550000012    
        5218  -2.73266411       2.82211041      0.579999983    
        5220  -3.17300272       1.74528205      0.589999974    
        5222  -3.37543440       1.04452789      0.579999983    
        5224  -3.32052922      0.968173027      0.579999983    
        5226  -3.27120924       1.22765374      0.579999983    
        5228  -3.40334320       1.16403151      0.579999983    
        5230  -3.17998528       2.06044126      0.589999974    
        5232  -3.25385165       1.76582932      0.600000024    
        5234  -3.37670612       1.49260461      0.610000014    
        5236  -3.33557725       1.68750215      0.620000005    
        5238  -3.48886061       1.78477097      0.639999986    
        5240  -3.13893104       2.76700735      0.620000005    
        5242  -3.39187980       2.03162265      0.629999995    
        5244  -3.34089994       2.01834178      0.629999995    
        5246  -3.25445604       1.68235528      0.610000014    
        5248  -3.20499945       1.87712002      0.610000014    
        5250  -3.39436030       1.27116632      0.610000014    
        5252  -3.14386487       2.64369082      0.629999995    
        5254  -3.01255393       2.57012820      0.600000024    
        5256  -3.42509198       1.64350927      0.600000024    
        5258  -3.35027480       1.78329897      0.620000005    
        5260  -3.24141002       2.27899599      0.629999995    
        5262  -3.54130411       1.75677919      0.629999995    
        5264  -3.52974081       1.48730516      0.629999995    
        5266  -3.61731672       1.46949756      0.620000005    
        5268  -3.68642926       1.54575908      0.629999995    
        5270  -3.70319581       1.22099447      0.610000014    
        5272  -3.57420301       1.74686253      0.610000014    
        5274  -3.34759021       2.83450603      0.589999974    
        5276  -3.22172189       2.74218988      0.579999983    
        5278  -3.34853840       1.43436420      0.560000002    
        5280  -3.36693788      0.718029976      0.560000002    
        5282  -3.13543296       1.18728375      0.560000002    
        5284  -3.19889998      0.891070485      0.560000002    
        5286  -2.79460835       2.32772112      0.569999993    
        5288  -2.97750735       1.29844820      0.560000002    
        5290  -2.76615214       2.41768646      0.569999993    
        5292  -3.00211525       1.69584942      0.569999993    
        5294  -2.81900501       2.28109527      0.569999993    
        5296  -3.20785093       1.04984558      0.579999983    
        5298  -3.15974808       1.34180772      0.560000002    
        5300  -3.17706442       1.05282629      0.560000002    
        5302  -2.89067173       1.29657733      0.550000012    
        5304  -2.88851309       1.07791066      0.529999971    
        5306  -2.79865408       1.61477482      0.529999971    
        5308  -2.75372887       1.48139083      0.529999971    
        5310  -2.85620832       1.05382037      0.540000021    
        5312  -2.87366509      0.714884281      0.529999971    
        5314  -3.11115003      0.798225164      0.550000012    
        5316  -2.85244942       1.15419233      0.540000021    
        5318  -2.80256486       1.37082779      0.540000021    
        5320  -2.55651426       1.74289811      0.540000021    
        5322  -2.65559649       1.14849901      0.519999981    
        5324  -2.88599491      0.848006725      0.519999981    
        5326  -2.91617346       1.13632679      0.540000021    
        5328  -2.93815994       1.61234021      0.550000012    
        5330  -2.87061977       1.60462439      0.540000021    
        5332  -2.76081061       1.92420030      0.550000012    
        5334  -2.98334575       1.67989647      0.560000002    
        5336  -3.00873899       1.51452672      0.560000002    
        5338  -2.97638440       1.09901714      0.529999971    
        5340  -3.03168702      0.663226187      0.540000021    
        5342  -2.88837290       1.42401147      0.550000012    
        5344  -3.26066399      0.526525021      0.569999993    
        5346  -2.93430471       1.17183447      0.550000012    
        5348  -3.13032365       1.16504312      0.560000002    
        5350  -3.18195772       1.35685098      0.569999993    
        5352  -3.20244884       1.32390022      0.560000002    
        5354  -3.04995775       1.78152227      0.569999993    
        5356  -3.05703497       1.79640925      0.579999983    
        5358  -3.40663099      0.957808137      0.600000024    
        5360  -3.11746073       1.92306948      0.600000024    
        5362  -3.33684349      0.780788660      0.569999993    
        5364  -3.33718085       1.23647285      0.579999983    
        5366  -3.25616002       1.58768940      0.589999974    
        5368  -3.06895399       2.62138629      0.569999993    
        5370  -3.24361730       1.71541047      0.579999983    
        5372  -3.25142121       1.32517099      0.569999993    
        5374  -3.34515834       1.98168468      0.589999974    
        5376  -3.42558169      0.996840894      0.589999974    
        5378  -3.30792809       1.61133826      0.579999983    
        5380  -3.08414674       1.83238387      0.579999983    
        5382  -3.15426278       1.31557000      0.569999993    
        5384  -3.36574173      0.538817108      0.569999993    
        5386  -3.44203472      0.510822773      0.569999993    
        5388  -3.57287931      0.593205571      0.589999974    
        5390  -3.40934801      0.980356991      0.600000024    
        5392  -3.54312277      0.173560247      0.579999983    
        5394  -3.26384878      0.948308647      0.600000024    
        5396  -3.20814443       1.25126207      0.600000024    
        5398  -2.92498255       2.49604559      0.600000024    
        5400  -3.24770641       1.30468404      0.579999983    
        5402  -3.23752141       1.21407080      0.579999983    
        5404  -3.42425942      0.679541230      0.579999983    
        5406  -3.03738070       1.76218164      0.579999983    
        5408  -3.32061291      0.862971842      0.569999993    
        5410  -3.19910455       1.38983107      0.589999974    
        5412  -3.36750960       1.29899693      0.589999974    
        5414  -3.39280272       1.33558989      0.589999974    
        5416  -3.46819735       1.51499069      0.600000024    
        5418  -3.38032889       1.65152824      0.610000014    
        5420  -3.37717891       2.13531303      0.620000005    
        5422  -3.26094246       2.12332153      0.600000024    
        5424  -3.16500902       1.74887311      0.610000014    
        5426  -3.20703268       2.08706570      0.629999995    
        5428  -3.13202405       1.77497804      0.600000024    
        5430  -3.12651467       2.12699318      0.589999974    
        5432  -2.96402764       2.46382689      0.589999974    
        5434  -3.03157210       2.05362916      0.589999974    
        5436  -3.15951204       1.37700522      0.579999983    
        5438  -3.10374761       1.85770273      0.579999983    
        5440  -3.14742613       1.31350327      0.579999983    
        5442  -3.03355718       2.03378844      0.579999983    
        5444  -2.92102480       1.65691149      0.550000012    
        5446  -2.99169731      0.807869434      0.540000021    
        5448  -2.98182631       1.03498864      0.529999971    
        5450  -2.74303031       1.71975493      0.519999981    
        5452  -2.88194680       1.21567750      0.509999990    
        5454  -2.91423535       1.04518175      0.500000000    
        5456  -2.93809247      0.931633770      0.509999990    
        5458  -2.73014164       1.33097494      0.490000010    
        5460  -2.68012238       1.51670849      0.490000010    
        5462  -2.77454305       1.10092020      0.479999989    
        5464  -2.79846263      0.937438726      0.479999989    
        5466  -2.69716859      0.892599285      0.490000010    
        5468  -2.74039268      0.647052824      0.490000010    
        5470  -2.79499292      0.812832117      0.509999990    
        5472  -2.52148581       1.30074286      0.500000000    
        5474  -2.64641905       1.02441192      0.509999990    
        5476  -2.51489139       1.24863780      0.509999990    
        5478  -2.61418843      0.898158312      0.509999990    
        5480  -2.81989622      0.423424482      0.519999981    
        5482  -2.69138098       1.75533044      0.529999971    
        5484  -2.81852889       1.54391575      0.540000021    
        5486  -2.99960232      0.971063972      0.550000012    
        5488  -2.97927904      0.768261850      0.540000021    
        5490  -2.60718799       1.63037455      0.529999971    
        5492  -2.88959861       1.13963985      0.529999971    
        5494  -2.91736102       1.10455871      0.519999981    
        5496  -2.74391341       1.78783607      0.529999971    
        5498  -3.01163578       1.77845132      0.550000012    
        5500  -3.23554945       1.42564833      0.560000002    
        5502  -3.13198733       1.71542442      0.560000002    
        5504  -3.16966915       1.46615541      0.560000002    
        5506  -2.82405972       1.90724695      0.529999971    
        5508  -3.04093170       1.46998560      0.550000012    
        5510  -2.97647715       1.28860962      0.540000021    
        5512  -3.16207981      0.731694162      0.540000021    
        5514  -3.03380990       1.44327915      0.550000012    
        5516  -3.11246753       1.21329021      0.560000002    
        5518  -2.99215794       1.50475919      0.540000021    
        5520  -3.11406589       1.44127905      0.550000012    
        5522  -3.01483512       2.24320245      0.560000002    
        5524  -3.04727554       1.82120740      0.550000012    
        5526  -3.19933963       1.26613379      0.560000002    
        5528  -3.10391521       1.59125137      0.560000002    
        5530  -3.04047823       2.11676884      0.569999993    
        5532  -2.78077078       3.15620518      0.569999993    
        5534  -3.15713954       1.19771481      0.540000021    
        5536  -3.28837538       1.09662175      0.550000012    
        5538  -3.31174850       1.29239988      0.560000002    
        5540  -2.90277839       1.48724759      0.540000021    
        5542  -3.19626999       1.15799093      0.529999971    
        5544  -3.32254124       1.28162420      0.540000021    
        5546  -3.35945272       1.00714457      0.560000002    
        5548  -3.23140597      0.992657781      0.540000021    
        5550  -3.21138382      0.833140671      0.550000012    
        5552  -3.10764861       1.08335912      0.550000012    
        5554  -2.98915100       1.40550160      0.550000012    
        5556  -2.99038219       1.28302741      0.540000021    
        5558  -3.25629425      0.394911855      0.540000021    
        5560  -3.06049871       1.44034564      0.550000012    
        5562  -3.11516690       1.41932344      0.540000021    
        5564  -3.17623496       1.38760424      0.569999993    
        5566  -3.14737725       1.39057088      0.560000002    
        5568  -3.12583947       1.42609310      0.560000002    
        5570  -3.19454980       1.22500908      0.550000012    
        5572  -3.07308793       1.04522836      0.540000021    
        5574  -3.20216751      0.935079992      0.560000002    
        5576  -3.07716179       1.51054585      0.550000012    
        5578  -3.18951559       1.03096294      0.550000012    
        5580  -2.89823985       1.41737247      0.550000012    
        5582  -2.76262975       1.77317965      0.550000012    
        5584  -3.14378262      0.597662389      0.560000002    
        5586  -2.92497301       1.21218848      0.560000002    
        5588  -2.85654116       1.49488056      0.560000002    
        5590  -3.07439184      0.932995856      0.560000002    
        5592  -2.81253934       1.58018684      0.560000002    
        5594  -2.82874918       1.18224025      0.569999993    
        5596  -3.06121302      0.821072698      0.569999993    
        5598  -2.88686991       1.09523499      0.560000002    
        5600  -3.04148602      0.795122087      0.560000002    
        5602  -2.85635042       1.40434992      0.569999993    
        5604  -2.88585114       1.14268649      0.550000012    
        5606  -2.96234417      0.910112441      0.550000012    
        5608  -2.89328122       1.28072107      0.550000012    
        5610  -2.92768192       1.53224206      0.550000012    
        5612  -2.80804420       2.12037849      0.560000002    
        5614  -3.09926987      0.775695443      0.540000021    
        5616  -2.93021297       1.24442518      0.550000012    
        5618  -2.88451028       1.65591407      0.560000002    
        5620  -3.05971360       1.30783784      0.540000021    
        5622  -3.00897741       1.54492712      0.540000021    
        5624  -2.98909593       1.73406124      0.550000012    
        5626  -3.15685630       1.22688842      0.550000012    
        5628  -3.22047925      0.886877537      0.550000012    
        5630  -3.05364275       1.35480297      0.540000021    
        5632  -2.94021583       2.35462666      0.550000012    
        5634  -2.99407220       1.69091630      0.540000021    
        5636  -3.01160336       1.05464137      0.540000021    
        5638  -2.75561404       1.36679459      0.500000000    
        5640  -2.93319941      0.519933820      0.500000000    
        5642  -2.83271980      0.196175933      0.500000000    
        5644  -2.59796095      0.720693171      0.500000000    
        5646  -2.52278590      0.604309440      0.479999989    
        5648  -2.31053972       1.58051002      0.469999999    
        5650  -2.72411942      0.413778335      0.469999999    
        5652  -2.78544903      0.158537626      0.460000008    
        5654  -2.63180423      0.442631453      0.460000008    
        5656  -2.50065470      0.324558139      0.430000007    
        5658  -2.37287259      0.420151293      0.409999996    
        5660  -2.42044663      0.638769865      0.409999996    
        5662  -2.52698755      0.315035701      0.419999987    
        5664  -2.38513684      0.787644744      0.430000007    
        5666  -2.52155948      0.622456074      0.439999998    
        5668  -2.33177328       1.23554277      0.439999998    
        5670  -2.36606193      0.947532237      0.439999998    
        5672  -2.65261626      0.856718183      0.460000008    
        5674  -2.58494163      0.717790961      0.430000007    
        5676  -2.65217543      0.816003382      0.419999987    
        5678  -2.56161094       1.10991025      0.419999987    
        5680  -2.42561340       1.24761105      0.409999996    
        5682  -2.62290168      0.493729264      0.400000006    
        5684  -2.66074324      0.213232175      0.389999986    
        5686  -2.38240194      0.765459955      0.389999986    
        5688  -2.41977572      0.515999138      0.379999995    
        5690  -2.44668150      0.433341086      0.379999995    
        5692  -2.53354502      0.313091993      0.400000006    
        5694  -2.38530922      0.280593157      0.389999986    
        5696  -2.19964933      0.419721276      0.379999995    
        5698  -2.18777990      0.603596926      0.389999986    
        5700  -2.22331500      0.658514738      0.379999995    
        5702  -2.29670596      0.238002181      0.370000005    
        5704  -2.11748385      0.538826048      0.349999994    
        5706  -2.11154819       7.89258778E-02  0.360000014    
        5708  -1.98071253      0.292717606      0.370000005    
        5710  -2.27402377       8.51737559E-02  0.370000005    
        5712  -2.35420108      0.177490681      0.370000005    
        5714  -2.52256775      0.149569973      0.389999986    
        5716  -2.16154623      0.964423060      0.409999996    
        5718  -2.02436304      0.965986729      0.400000006    
        5720  -2.16447091      0.841642857      0.419999987    
        5722  -2.19429421      0.640004098      0.409999996    
        5724  -1.74766588       1.51771605      0.389999986    
        5726  -2.18134713      0.338378876      0.389999986    
        5728  -1.90441334       1.13104498      0.400000006    
        5730  -2.29607534      0.307257831      0.400000006    
        5732  -2.29031658      0.434120148      0.409999996    
        5734  -2.34063578      0.737483561      0.419999987    
        5736  -2.01931715       1.93810916      0.439999998    
        5738  -2.56083727       1.05956924      0.479999989    
        5740  -2.67233515      0.625271976      0.469999999    
        5742  -2.74717999      0.363310188      0.469999999    
        5744  -2.69521952       1.03394496      0.460000008    
        5746  -2.52732253       1.46495712      0.449999988    
        5748  -2.61015725      0.898265541      0.430000007    
        5750  -2.38406396       1.26232302      0.419999987    
        5752  -2.56747389      0.821819246      0.439999998    
        5754  -2.68147254      0.219579130      0.439999998    
        5756  -2.47014546      0.498908103      0.449999988    
        5758  -2.69278002      0.970511734      0.490000010    
        5760  -2.80811214      0.426607817      0.500000000    
        5762  -2.90797949      0.684633434      0.500000000    
        5764  -2.67244434       1.08476198      0.500000000    
        5766  -2.47044253       1.26839268      0.500000000    
        5768  -2.82298279      0.476612717      0.509999990    
        5770  -2.89829469      0.353986740      0.519999981    
        5772  -2.74550891       1.41328931      0.540000021    
        5774  -2.89317513       1.37298667      0.529999971    
        5776  -2.89473486      0.975803018      0.529999971    
        5778  -2.75403237       1.06501675      0.519999981    
        5780  -2.93113470      0.922751665      0.540000021    
        5782  -3.07199216       1.05375278      0.550000012    
        5784  -2.76212072       2.08579755      0.569999993    
        5786  -3.14987206       1.29654002      0.589999974    
        5788  -3.49840665      0.528288960      0.600000024    
        5790  -3.25720644       1.73865950      0.610000014    
        5792  -3.33329368       1.01431501      0.610000014    
        5794  -3.41953874      0.661937356      0.610000014    
        5796  -3.38893080      0.793159544      0.610000014    
        5798  -3.26082540       1.30699098      0.610000014    
        5800  -2.94147277       1.99652779      0.600000024    
        5802  -3.03520894       1.36260962      0.589999974    
        5804  -3.03196359       1.16836536      0.589999974    
        5806  -2.91527891       1.05736113      0.569999993    
        5808  -3.20272255      0.795783043      0.569999993    
        5810  -2.95474887       1.29049933      0.560000002    
        5812  -2.85140538       1.50672841      0.550000012    
        5814  -2.69770932       1.45019054      0.550000012    
        5816  -2.78866982       1.06404603      0.529999971    
        5818  -3.06870103      0.918611586      0.540000021    
        5820  -3.13727236       1.08051753      0.560000002    
        5822  -3.12533498       1.03041112      0.560000002    
        5824  -3.14335513       1.81039655      0.569999993    
        5826  -3.18953967       1.31214142      0.560000002    
        5828  -3.23753977       1.21087575      0.560000002    
        5830  -2.96996856       1.70388651      0.550000012    
        5832  -3.00572014       1.65778089      0.560000002    
        5834  -3.27429318      0.855268896      0.550000012    
        5836  -3.06698012       1.61192012      0.550000012    
        5838  -3.06061554       1.30845916      0.550000012    
        5840  -2.74602628       1.86000562      0.540000021    
        5842  -2.89528894       1.64692438      0.550000012    
        5844  -2.84958577       1.50330901      0.550000012    
        5846  -2.84449816       1.72478795      0.550000012    
        5848  -3.08859348      0.762521863      0.540000021    
        5850  -3.08387566       1.12437224      0.550000012    
        5852  -2.88899279       2.01722527      0.560000002    
        5854  -3.12895536      0.921331465      0.550000012    
        5856  -3.15106583      0.816482127      0.540000021    
        5858  -2.95132685       1.78796220      0.540000021    
        5860  -2.75301838       1.67960548      0.509999990    
        5862  -2.79484391       1.39630449      0.519999981    
        5864  -2.82427120      0.957003057      0.519999981    
        5866  -2.92530942      0.409473538      0.509999990    
        5868  -2.69589829      0.793131351      0.500000000    
        5870  -2.58324170      0.751549840      0.500000000    
        5872  -2.79406810      0.454584002      0.500000000    
        5874  -2.66623950       1.37881386      0.519999981    
        5876  -2.78652406       1.47653055      0.529999971    
        5878  -3.01202798      0.918371260      0.529999971    
        5880  -2.89458919      0.700652778      0.519999981    
        5882  -2.87139320       1.06345510      0.519999981    
        5884  -2.61096597       1.28594625      0.500000000    
        5886  -2.91038656       1.09463584      0.519999981    
        5888  -3.09075379      0.523757041      0.519999981    
        5890  -2.92811370      0.619084597      0.519999981    
        5892  -2.99437380      0.788783431      0.540000021    
        5894  -2.96135640      0.370371789      0.529999971    
        5896  -2.82397151      0.863023162      0.519999981    
        5898  -2.61524510       1.22008419      0.519999981    
        5900  -2.87489104       1.50574899      0.529999971    
        5902  -3.17207813       1.07717407      0.569999993    
        5904  -3.25258708      0.546679020      0.569999993    
        5906  -3.49022293      0.928623378      0.579999983    
        5908  -3.14587975       1.94549382      0.589999974    
        5910  -3.19010520       1.67453384      0.579999983    
        5912  -3.41023183       1.34347665      0.569999993    
        5914  -3.56908536       1.08213854      0.569999993    
        5916  -3.46194530      0.844395041      0.569999993    
        5918  -3.31701446       1.21655166      0.569999993    
        5920  -3.21386051       1.93561983      0.600000024    
        5922  -3.39598274       1.09190333      0.569999993    
        5924  -3.15526938       1.35020888      0.560000002    
        5926  -3.15244484       1.40333796      0.560000002    
        5928  -3.18280888       1.10267127      0.540000021    
        5930  -3.11147881       1.30516911      0.550000012    
        5932  -2.76367378       1.76004076      0.529999971    
        5934  -2.95218611       1.09793282      0.509999990    
        5936  -2.70225525       1.48632014      0.490000010    
        5938  -2.93786764       1.17332804      0.509999990    
        5940  -2.96079612       1.19494617      0.519999981    
        5942  -2.95875478       1.75725603      0.540000021    
        5944  -3.22361112      0.823978961      0.529999971    
        5946  -3.18009090      0.424089998      0.529999971    
        5948  -3.21390080       1.08482587      0.540000021    
        5950  -3.11108303      0.684604585      0.550000012    
        5952  -2.96169233       1.22279334      0.550000012    
        5954  -2.91958213       1.21811533      0.550000012    
        5956  -3.01522684       1.34401214      0.569999993    
        5958  -2.89635372       1.94468462      0.579999983    
        5960  -3.03781986       1.15263367      0.569999993    
        5962  -2.88873124       1.76258349      0.579999983    
        5964  -2.53736615       2.87109828      0.569999993    
        5966  -2.95916319       1.41242361      0.550000012    
        5968  -3.06156802      0.927987099      0.550000012    
        5970  -2.84655285       1.68601024      0.560000002    
        5972  -3.26351118      0.879134774      0.579999983    
        5974  -3.28572679       1.04545879      0.589999974    
        5976  -3.23874712       1.44287276      0.589999974    
        5978  -3.14691830       1.44489264      0.579999983    
        5980  -3.02665567       1.96363866      0.579999983    
        5982  -3.17539930       1.21895063      0.569999993    
        5984  -3.40183949      0.505691230      0.579999983    
        5986  -2.92691422       2.32544708      0.579999983    
        5988  -3.14196229       2.09633565      0.589999974    
        5990  -2.94570088       2.45563221      0.589999974    
        5992  -3.13034916       1.62592006      0.589999974    
        5994  -2.84128833       2.74327755      0.589999974    
        5996  -2.89321518       2.67629409      0.579999983    
        5998  -2.77118945       2.00765419      0.540000021    
        6000  -2.76847076       1.64094496      0.540000021    
        6002  -2.85225248       1.62513709      0.529999971    
        6004  -3.03684521       1.39391994      0.529999971    
        6006  -3.13509989       1.38715088      0.529999971    
        6008  -3.22276235      0.970420480      0.529999971    
        6010  -3.15823078       1.00319541      0.540000021    
        6012  -2.86083221       2.15107393      0.550000012    
        6014  -2.80238700       2.31918168      0.550000012    
        6016  -3.11678433      0.820028722      0.529999971    
        6018  -2.95675993       1.66357863      0.540000021    
        6020  -3.26677799       1.22431898      0.569999993    
        6022  -3.06989861       1.91382837      0.589999974    
        6024  -2.92166519       2.11989164      0.560000002    
        6026  -3.06083703       2.18094277      0.569999993    
        6028  -3.09260345       1.50231957      0.560000002    
        6030  -3.31527257       1.22335231      0.560000002    
        6032  -2.96218491       2.33589625      0.560000002    
        6034  -3.12055492       1.50398660      0.560000002    
        6036  -3.13465405       1.15842378      0.540000021    
        6038  -2.94266534       1.53995860      0.529999971    
        6040  -3.18346000       1.16826308      0.540000021    
        6042  -3.16102195       1.10006213      0.540000021    
        6044  -3.25900459       1.37658560      0.560000002    
        6046  -2.92988181       2.35413671      0.569999993    
        6048  -2.79996872       3.25978065      0.579999983    
        6050  -2.96603847       2.63572073      0.589999974    
        6052  -3.29863238       1.58240616      0.579999983    
        6054  -3.58818173      0.540268004      0.579999983    
        6056  -3.20790362       1.77275968      0.589999974    
        6058  -3.01535010       2.20427346      0.589999974    
        6060  -3.27215576       1.60313141      0.589999974    
        6062  -3.11120629       1.72577035      0.589999974    
        6064  -2.99491882       1.66988468      0.569999993    
        6066  -3.20479441       1.04991078      0.579999983    
        6068  -3.28284907      0.682585597      0.589999974    
        6070  -3.21103811       1.34605038      0.589999974    
        6072  -3.09782672       1.90049553      0.589999974    
        6074  -3.07114530       2.46362853      0.600000024    
        6076  -3.15666819       2.18154454      0.600000024    
        6078  -3.11497688       2.32771349      0.579999983    
        6080  -3.19211411       2.09195590      0.600000024    
        6082  -3.10852194       1.69623470      0.589999974    
        6084  -3.03667903       1.65155172      0.600000024    
        6086  -3.26437998      0.911598027      0.589999974    
        6088  -2.82868004       1.87679827      0.569999993    
        6090  -3.04518533       1.09883058      0.560000002    
        6092  -3.09618306       1.58240879      0.550000012    
        6094  -3.00129461       1.25471580      0.529999971    
        6096  -2.82055545       1.61699343      0.519999981    
        6098  -2.94527268       1.68767488      0.509999990    
        6100  -2.70905924       1.61600912      0.469999999    
        6102  -2.73741412      0.601291537      0.460000008    
        6104  -2.74173880      0.339135736      0.449999988    
        6106  -2.50315166      0.514104545      0.439999998    
        6108  -2.62571573      0.639319062      0.449999988    
        6110  -2.74916744      0.687490821      0.460000008    
        6112  -2.59009862       1.04773200      0.460000008    
        6114  -2.91196656      0.451834947      0.469999999    
        6116  -2.62593961       1.90055287      0.490000010    
        6118  -2.82880855       1.21106517      0.500000000    
        6120  -3.09201574      0.481122434      0.500000000    
        6122  -3.16546202      -2.68243663E-02  0.500000000    
        6124  -2.85357165      0.914252043      0.500000000    
        6126  -2.85569954      0.450332940      0.500000000    
        6128  -2.75604630      0.927190781      0.500000000    
        6130  -2.68805838      0.607163608      0.490000010    
        6132  -2.67372584      0.956356108      0.500000000    
        6134  -2.89173722      0.642855346      0.509999990    
        6136  -3.05291867      0.433755040      0.529999971    
        6138  -3.17761278      0.771259487      0.540000021    
        6140  -3.10984850      0.646635115      0.529999971    
        6142  -3.03902531       1.56226015      0.540000021    
        6144  -2.89944267       1.46296501      0.519999981    
        6146  -2.91630793       1.23684156      0.519999981    
        6148  -2.90545082       1.54262435      0.529999971    
        6150  -3.17387295      0.614606082      0.519999981    
        6152  -2.76577783       1.75944495      0.519999981    
        6154  -3.10739231       1.13719273      0.540000021    
        6156  -2.78964424       2.01668549      0.550000012    
        6158  -2.99202347      0.600784719      0.540000021    
        6160  -2.87663245       1.45669401      0.540000021    
        6162  -3.07460332      0.464967757      0.529999971    
        6164  -3.03238106      0.562631726      0.519999981    
        6166  -3.03931260       1.30794990      0.550000012    
        6168  -2.98719049       1.23301613      0.550000012    
        6170  -3.01452374      0.843824387      0.540000021    
        6172  -2.99649882       1.14364862      0.540000021    
        6174  -2.94571733      0.790750802      0.540000021    
        6176  -2.91025805       1.42508817      0.529999971    
        6178  -2.98050761       1.35542500      0.529999971    
        6180  -3.24811411      0.573359191      0.529999971    
        6182  -2.92291355       1.18976629      0.519999981    
        6184  -2.97008634       1.42691481      0.509999990    
        6186  -3.14277840       1.02228701      0.509999990    
        6188  -2.90849686       1.42432845      0.500000000    
        6190  -2.98124981       1.34546638      0.519999981    
        6192  -3.10768509       1.13051140      0.519999981    
        6194  -2.97320724       1.14036393      0.519999981    
        6196  -2.70209980       2.20587921      0.519999981    
        6198  -3.21469831       1.07441854      0.529999971    
        6200  -3.06730366       1.59575725      0.540000021    
        6202  -3.35015893      0.805707633      0.540000021    
        6204  -3.14014602       1.46382725      0.550000012    
        6206  -3.02510810       1.30381298      0.550000012    
        6208  -3.27327275       1.25993204      0.560000002    
        6210  -3.07507825       1.48360741      0.550000012    
        6212  -3.14020610       1.67141449      0.560000002    
        6214  -3.39117360      0.427591681      0.560000002    
        6216  -3.22883940      0.464556217      0.550000012    
        6218  -3.00615382       1.42365682      0.540000021    
        6220  -2.84081173       1.78782666      0.519999981    
        6222  -2.98464894       1.10978580      0.509999990    
        6224  -3.12623119      0.640424252      0.509999990    
        6226  -2.93106723       1.58823264      0.519999981    
        6228  -2.68256450       2.06558919      0.509999990    
        6230  -2.90059209       1.29870844      0.509999990    
        6232  -2.86155391      0.597098827      0.490000010    
        6234  -2.58418894       1.58037174      0.490000010    
        6236  -2.72786355      0.971846104      0.500000000    
        6238  -2.72835588       1.88079405      0.509999990    
        6240  -2.81439614       1.39730501      0.509999990    
        6242  -2.63061500       1.82924056      0.490000010    
        6244  -2.29197502       2.45225143      0.490000010    
        6246  -2.68286252       1.44653344      0.490000010    
        6248  -2.56144881       1.32188237      0.469999999    
        6250  -2.54815316      0.681900740      0.449999988    
        6252  -2.88630152      -4.95769791E-02  0.469999999    
        6254  -2.52124929      0.729181945      0.469999999    
        6256  -2.48763752      0.835291207      0.479999989    
        6258  -2.17686009       1.64586461      0.469999999    
        6260  -2.54772019      0.561655760      0.469999999    
        6262  -2.61844945      0.394115210      0.469999999    
        6264  -2.65252328      0.280857563      0.460000008    
        6266  -2.31309915       1.22968686      0.439999998    
        6268  -2.64429259      0.599940598      0.460000008    
        6270  -2.75829554      0.985019624      0.479999989    
        6272  -2.74440813      0.773166955      0.469999999    
        6274  -2.81874108      0.613473058      0.469999999    
        6276  -2.79085970      0.628857076      0.449999988    
        6278  -2.47831821       1.46781564      0.460000008    
        6280  -2.45586634      0.652265012      0.430000007    
        6282  -2.59254098      0.517327726      0.439999998    
        6284  -2.68794560       1.56424379      0.490000010    
        6286  -3.07347345      0.448356450      0.500000000    
        6288  -2.91033387      0.473641545      0.500000000    
        6290  -2.97628045      0.887984395      0.509999990    
        6292  -2.74790192       1.06360579      0.500000000    
        6294  -2.62840533       2.05952168      0.519999981    
        6296  -2.92680335       1.38995874      0.509999990    
        6298  -2.90480876       1.64660525      0.509999990    
        6300  -2.90409231       1.58401692      0.519999981    
        6302  -3.19579411      0.980476558      0.519999981    
        6304  -2.77046919       2.07445717      0.500000000    
        6306  -3.23174405      0.337109447      0.509999990    
        6308  -2.99876213       1.02738225      0.509999990    
        6310  -3.08109117      0.556193173      0.509999990    
        6312  -2.80828667      0.782152891      0.500000000    
        6314  -2.58327842      0.994529188      0.490000010    
        6316  -2.67666221      0.567791045      0.469999999    
        6318  -2.70423865       1.17849171      0.500000000    
        6320  -2.49210525       1.83451462      0.509999990    
        6322  -3.03845668       1.03134048      0.519999981    
        6324  -2.93814349       1.27968824      0.519999981    
        6326  -2.83306527       1.44729447      0.519999981    
        6328  -2.93941498       1.88233268      0.540000021    
        6330  -3.16425633       1.70989108      0.569999993    
        6332  -3.24871516       1.33660913      0.569999993    
        6334  -3.22339225       1.65113640      0.550000012    
        6336  -3.33323216       1.35900831      0.560000002    
        6338  -3.52399802      0.515233874      0.550000012    
        6340  -3.37525392      0.687871933      0.550000012    
        6342  -3.21844602      0.865481794      0.550000012    
        6344  -3.33723521      0.748242974      0.550000012    
        6346  -2.96095896       1.98155963      0.550000012    
        6348  -2.96355581       2.31318378      0.569999993    
        6350  -3.34589052      0.901427627      0.560000002    
        6352  -3.24658680       1.04880643      0.550000012    
        6354  -3.23580146       1.01548815      0.550000012    
        6356  -3.14471817       1.36796987      0.560000002    
        6358  -3.28711414       1.39294302      0.560000002    
        6360  -3.10196304       1.53152275      0.569999993    
        6362  -3.38366961      0.516809285      0.550000012    
        6364  -3.38515878      0.721914709      0.579999983    
        6366  -3.52416801      0.763223946      0.600000024    
        6368  -3.34187007       1.57715213      0.589999974    
        6370  -3.25377679       1.21413016      0.579999983    
        6372  -3.02968216       1.58516335      0.550000012    
        6374  -2.91485167       1.21749163      0.540000021    
        6376  -2.97055769      0.712375879      0.540000021    
        6378  -3.01376724      0.716186583      0.540000021    
        6380  -2.85417509      0.811624825      0.519999981    
        6382  -2.97238874      0.486058891      0.519999981    
        6384  -2.88184023       1.26383364      0.540000021    
        6386  -2.87412715       1.23101819      0.529999971    
        6388  -2.94274068      0.583187461      0.519999981    
        6390  -2.80622315      0.640495002      0.519999981    
        6392  -2.82273436      0.354290426      0.509999990    
        6394  -2.65944219       1.42606592      0.529999971    
        6396  -2.70814562       1.28023446      0.519999981    
        6398  -2.73033023       1.02622020      0.519999981    
        6400  -2.94351625      0.739170849      0.529999971    
        6402  -2.95381594      0.727630317      0.540000021    
        6404  -3.11390471      0.419035017      0.540000021    
        6406  -3.04191494      0.992307305      0.569999993    
        6408  -3.24070978      0.818762362      0.579999983    
        6410  -3.07451820      0.963935256      0.569999993    
        6412  -2.95995283       1.26006413      0.569999993    
        6414  -3.06607389       1.23078430      0.589999974    
        6416  -3.09774494       1.41651940      0.600000024    
        6418  -3.30536747      0.680926740      0.600000024    
        6420  -3.01798081       1.40854442      0.600000024    
        6422  -2.86363935       2.13713384      0.600000024    
        6424  -2.98705077      0.945995092      0.579999983    
        6426  -3.17408490      0.184356600      0.560000002    
        6428  -3.10635138      0.933006585      0.560000002    
        6430  -2.81288910       1.64623547      0.540000021    
        6432  -2.67091870       1.96726286      0.529999971    
        6434  -2.83357453       1.45229220      0.519999981    
        6436  -3.10641718      0.884576857      0.529999971    
        6438  -2.99968815      0.886719346      0.529999971    
        6440  -2.63724923       1.85562932      0.540000021    
        6442  -2.56492829       2.43517327      0.550000012    
        6444  -2.40346241       2.44050384      0.540000021    
        6446  -2.69584298       1.52139282      0.540000021    
        6448  -2.88590169      0.946229517      0.529999971    
        6450  -2.90667892      0.800838888      0.509999990    
        6452  -2.92593312       1.01528955      0.500000000    
        6454  -3.11860299       1.03688729      0.529999971    
        6456  -3.04709125       1.01472378      0.529999971    
        6458  -3.05064583       1.16546977      0.529999971    
        6460  -2.97793984       1.51179802      0.540000021    
        6462  -3.19051790      0.590901136      0.529999971    
        6464  -3.32566786      0.769638360      0.529999971    
        6466  -2.62526703       2.73045254      0.540000021    
        6468  -3.12588620      0.978393495      0.540000021    
        6470  -2.92656875       1.67486930      0.529999971    
        6472  -2.51529074       2.59374022      0.519999981    
        6474  -3.03846121       1.09191418      0.529999971    
        6476  -2.84387279       1.26003230      0.540000021    
        6478  -2.98946834       1.33962870      0.550000012    
        6480  -3.23774242      0.845236480      0.550000012    
        6482  -2.93294740       1.31968486      0.529999971    
        6484  -2.74286890      0.967926025      0.500000000    
        6486  -2.82929826      0.671564639      0.500000000    
        6488  -2.75788999      0.574399292      0.490000010    
        6490  -2.68055153       1.22432709      0.509999990    
        6492  -3.01894975      0.250170797      0.519999981    
        6494  -3.01341343      -3.83997113E-02  0.519999981    
        6496  -2.91782522      0.915414810      0.540000021    
        6498  -2.94167900       1.34235859      0.529999971    
        6500  -2.85847735       1.31319249      0.519999981    
        6502  -2.83359599      0.686107516      0.509999990    
        6504  -2.91066718      0.347417712      0.500000000    
        6506  -2.53471088       1.10071850      0.479999989    
        6508  -2.64769411       1.30044162      0.519999981    
        6510  -2.79260516      0.389921725      0.500000000    
        6512  -2.92551661      -3.74206454E-02  0.490000010    
        6514  -2.57050109      0.796506405      0.490000010    
        6516  -2.70894527      0.856993198      0.490000010    
        6518  -2.77843642      0.599926770      0.479999989    
        6520  -2.55551124       1.09034288      0.469999999    
        6522  -2.75945759      0.322699696      0.469999999    
        6524  -2.57787848       1.16588533      0.469999999    
        6526  -2.54917455       1.60916936      0.479999989    
        6528  -2.77142644      0.763438582      0.469999999    
        6530  -2.46067357      0.667508245      0.449999988    
        6532  -2.44884372      0.817806304      0.449999988    
        6534  -2.20172191       1.61445737      0.430000007    
        6536  -2.57366085      0.381104946      0.430000007    
        6538  -2.64719343      0.457446247      0.430000007    
        6540  -2.33497930      0.913057446      0.430000007    
        6542  -2.55635166      0.330552340      0.439999998    
        6544  -2.07729340       1.15834773      0.419999987    
        6546  -2.15496778       1.46411645      0.430000007    
        6548  -2.33826637       1.12467754      0.439999998    
        6550  -2.34884953       1.13227689      0.449999988    
        6552  -2.74498153      0.717350960      0.469999999    
        6554  -2.52783179       1.48169577      0.479999989    
        6556  -2.77097011      0.719604552      0.500000000    
        6558  -2.74466395       1.11529338      0.509999990    
        6560  -2.78895974       1.14523387      0.509999990    
        6562  -2.61589861       1.63502848      0.500000000    
        6564  -3.04944968      0.863255203      0.509999990    
        6566  -2.97654819      0.460273147      0.500000000    
        6568  -2.99940491      0.615185082      0.519999981    
        6570  -2.91824961      0.577958405      0.519999981    
        6572  -3.06498551     -0.131960705      0.519999981    
        6574  -2.82794428      0.902572274      0.529999971    
        6576  -2.73262596       1.38881528      0.529999971    
        6578  -2.75040913       1.61059570      0.529999971    
        6580  -3.09949899      0.846373975      0.529999971    
        6582  -3.06073713       1.19437826      0.540000021    
        6584  -2.92438006      0.875521362      0.529999971    
        6586  -2.90383267       1.11173677      0.529999971    
        6588  -2.82067180       1.13821411      0.529999971    
        6590  -2.85147405      0.568751097      0.509999990    
        6592  -2.85246706      0.521519780      0.509999990    
        6594  -2.96330667      0.702452242      0.509999990    
        6596  -2.49509692       1.85099590      0.490000010    
        6598  -2.78601503      0.420018256      0.490000010    
        6600  -2.60231566       1.15395689      0.500000000    
        6602  -2.57818675       1.23778820      0.500000000    
        6604  -2.89666939      0.129629269      0.490000010    
        6606  -2.57258916       1.26601624      0.490000010    
        6608  -2.45997071       1.51926661      0.490000010    
        6610  -2.66726899       1.42450583      0.490000010    
        6612  -2.78225517       1.21590889      0.500000000    
        6614  -2.68559837       1.38312912      0.500000000    
        6616  -2.81131983       1.23561347      0.509999990    
        6618  -2.78447962      0.897444785      0.509999990    
        6620  -2.88435316      0.573415935      0.500000000    
        6622  -2.90309358      0.516106069      0.490000010    
        6624  -2.88424540      0.986091793      0.500000000    
        6626  -2.87478375       1.08309901      0.500000000    
        6628  -2.97172523      0.985545933      0.519999981    
        6630  -2.91761398       1.28045321      0.529999971    
        6632  -2.93187451       1.46607304      0.540000021    
        6634  -3.31483269      0.132796258      0.529999971    
        6636  -3.10993028      0.418000817      0.529999971    
        6638  -2.98736548       1.51911926      0.540000021    
        6640  -3.36633444      0.875438154      0.550000012    
        6642  -3.16015768       1.52627504      0.550000012    
        6644  -3.03378654       1.42680442      0.550000012    
        6646  -3.09554529      0.709694028      0.550000012    
        6648  -3.06180048      0.630979359      0.529999971    
        6650  -2.83716774       1.20374262      0.529999971    
        6652  -2.81535244      0.774700522      0.509999990    
        6654  -2.88099384       1.01731181      0.509999990    
        6656  -2.64191961       1.50129378      0.479999989    
        6658  -2.99453235      0.494635791      0.469999999    
        6660  -2.59584737       1.02039254      0.449999988    
        6662  -2.45124030      0.988268733      0.430000007    
        6664  -2.86419463     -0.359562427      0.439999998    
        6666  -2.73240972      0.605502963      0.449999988    
        6668  -2.47747493       1.06297159      0.430000007    
        6670  -2.51825118       1.06510472      0.449999988    
        6672  -2.26126027       1.21510804      0.430000007    
        6674  -2.53733850      0.225092977      0.409999996    
        6676  -2.27006459       1.07530928      0.430000007    
        6678  -2.69775152      0.660186231      0.439999998    
        6680  -2.88454390      0.660724103      0.469999999    
        6682  -2.92026639      0.742555320      0.500000000    
        6684  -2.64951348      0.789329469      0.479999989    
        6686  -2.73707128      0.924345434      0.469999999    
        6688  -2.96174073      0.412346333      0.490000010    
        6690  -2.64806032       1.36863828      0.490000010    
        6692  -2.79027319       1.07382154      0.479999989    
        6694  -2.81849694       1.13738179      0.490000010    
        6696  -2.44075322       2.05770969      0.479999989    
        6698  -2.72557497      0.897475421      0.479999989    
        6700  -2.65852356       1.16316211      0.469999999    
        6702  -2.48529339      0.972498715      0.449999988    
        6704  -2.68161750       1.13069642      0.479999989    
        6706  -2.71942377       1.36359489      0.479999989    
        6708  -2.79036236      0.944213390      0.490000010    
        6710  -2.67917538      0.993304312      0.490000010    
        6712  -2.74707890      0.822734654      0.490000010    
        6714  -2.79797578      0.890657783      0.490000010    
        6716  -2.54694581       1.26949596      0.479999989    
        6718  -2.81807017       1.11723411      0.490000010    
        6720  -2.84200549      0.674938977      0.479999989    
        6722  -2.69324446      0.368798226      0.460000008    
        6724  -2.55135751      0.979155242      0.469999999    
        6726  -2.60994291      0.656732917      0.479999989    
        6728  -2.57120228       1.55591106      0.500000000    
        6730  -2.49404383       1.86416733      0.490000010    
        6732  -2.83989930      0.497495204      0.490000010    
        6734  -2.69839430      0.721897006      0.479999989    
        6736  -2.88603497      0.814908981      0.500000000    
        6738  -2.92536068       1.14376926      0.509999990    
        6740  -2.88460469      0.910709202      0.500000000    
        6742  -2.98462296      0.831551969      0.500000000    
        6744  -2.93527818       1.12133539      0.500000000    
        6746  -2.98921585      0.104313284      0.469999999    
        6748  -2.92836404      0.637855947      0.479999989    
        6750  -2.88557482       1.24393320      0.500000000    
        6752  -2.86546969      0.856858730      0.509999990    
        6754  -2.83142757       1.59485793      0.519999981    
        6756  -3.03591299       1.29683197      0.540000021    
        6758  -3.20390916       1.01902688      0.550000012    
        6760  -3.14766979      0.952513635      0.540000021    
        6762  -2.97385073       1.67253709      0.550000012    
        6764  -3.19570470      0.933607936      0.540000021    
        6766  -3.10251093      0.347061634      0.529999971    
        6768  -3.01381445      0.651413798      0.500000000    
        6770  -2.95931578       1.29840851      0.509999990    
        6772  -3.11891317       1.50269842      0.529999971    
        6774  -2.99136615       1.73826146      0.529999971    
        6776  -2.78809929       2.39927578      0.540000021    
        6778  -3.02652979       1.55441654      0.519999981    
        6780  -2.93928385       1.04111934      0.519999981    
        6782  -3.10878611      0.750492632      0.519999981    
        6784  -3.02912164      0.383716583      0.529999971    
        6786  -2.87035513       1.31040478      0.540000021    
        6788  -2.78509903       2.00601077      0.540000021    
        6790  -2.94986987       1.67400396      0.540000021    
        6792  -3.11553454       1.14096010      0.550000012    
        6794  -2.94744658       1.49654448      0.540000021    
        6796  -2.73054862       2.53127527      0.529999971    
        6798  -2.87461162       1.73692274      0.540000021    
        6800  -2.98831797       1.03578436      0.509999990    
        6802  -3.00527859      0.664804101      0.500000000    
        6804  -2.89161754      0.665063441      0.509999990    
        6806  -2.97886896      0.883851707      0.509999990    
        6808  -3.07320690       1.25069571      0.529999971    
        6810  -3.11085224       1.11483335      0.529999971    
        6812  -3.19193554       1.45856082      0.529999971    
        6814  -3.10308027       1.47847128      0.540000021    
        6816  -2.95089078       1.09565377      0.550000012    
        6818  -2.98938012       1.47232473      0.560000002    
        6820  -2.69871449       2.23269200      0.560000002    
        6822  -2.96271825       1.68707323      0.560000002    
        6824  -3.12994838       1.69879103      0.579999983    
        6826  -3.34816980       1.53182721      0.589999974    
        6828  -3.21459746       2.24225593      0.589999974    
        6830  -3.26225853       1.99809802      0.579999983    
        6832  -3.33208919       1.46997058      0.579999983    
        6834  -3.21607304       1.61725914      0.550000012    
        6836  -3.34566545       1.53126943      0.560000002    
        6838  -3.15133262       1.85734427      0.550000012    
        6840  -3.21467185       1.56802940      0.550000012    
        6842  -2.96278119       1.66563475      0.550000012    
        6844  -3.07525706       1.30391634      0.560000002    
        6846  -2.81299829       2.16306067      0.569999993    
        6848  -2.91974950       1.82237077      0.569999993    
        6850  -3.18682861      0.812953770      0.550000012    
        6852  -3.11113167       1.20661473      0.550000012    
        6854  -2.85985351       1.64025426      0.540000021    
        6856  -2.98448181       1.82345712      0.550000012    
        6858  -3.20747423      0.792399704      0.540000021    
        6860  -3.01159859      0.882793605      0.509999990    
        6862  -2.80774617       1.13183904      0.500000000    
        6864  -2.82262135       1.46928692      0.529999971    
        6866  -2.84467936       1.61338687      0.540000021    
        6868  -2.84646988       2.46190000      0.560000002    
        6870  -3.15322208       1.67744458      0.569999993    
        6872  -3.06043077       1.73371434      0.569999993    
        6874  -2.91572547       1.72876024      0.560000002    
        6876  -3.28929472      0.675239623      0.569999993    
        6878  -3.10270357       1.53261852      0.569999993    
        6880  -3.15755534       1.03549206      0.569999993    
        6882  -3.12956047      0.843441904      0.560000002    
        6884  -3.04511380       1.13484097      0.560000002    
        6886  -2.88652849       1.94252431      0.569999993    
        6888  -3.32436132      0.427267015      0.589999974    
        6890  -3.31879997       1.00408101      0.600000024    
        6892  -3.31553483       2.14854240      0.620000005    
        6894  -3.49861526       1.60934079      0.629999995    
        6896  -3.32951069       2.16345668      0.620000005    
        6898  -3.42175293       1.42637801      0.620000005    
        6900  -3.47136378       1.99550748      0.629999995    
        6902  -3.49157906       1.81025887      0.629999995    
        6904  -3.72696280       1.30656433      0.639999986    
        6906  -3.81292343       1.09522760      0.649999976    
        6908  -3.86644793       1.09075522      0.649999976    
        6910  -3.71580124       1.72754228      0.660000026    
        6912  -3.60664749       2.31122351      0.660000026    
        6914  -3.53458929       3.08971524      0.670000017    
        6916  -3.62707591       2.84419084      0.660000026    
        6918  -3.70176911       2.05073452      0.639999986    
        6920  -3.88229012       1.28340983      0.639999986    
        6922  -3.85881758       1.61362326      0.649999976    
        6924  -3.80397677       1.31823742      0.639999986    
        6926  -3.82910180       1.56222022      0.639999986    
        6928  -3.72413421       2.28647542      0.649999976    
        6930  -3.54482245       2.53808856      0.660000026    
        6932  -3.58115077       2.50286007      0.660000026    
        6934  -3.60223866       2.51112223      0.670000017    
        6936  -3.58233023       2.25790763      0.660000026    
        6938  -3.51284838       2.55941558      0.660000026    
        6940  -3.56758213       1.86515045      0.649999976    
        6942  -3.69563270       1.42405272      0.649999976    
        6944  -3.19548774       3.07462621      0.639999986    
        6946  -3.39585376       2.55082202      0.639999986    
        6948  -3.43942451       1.74274933      0.629999995    
        6950  -3.36706543       2.30377865      0.629999995    
        6952  -3.19478250       3.31512046      0.629999995    
        6954  -3.58640647       1.84266353      0.620000005    
        6956  -3.66768956       1.66936707      0.620000005    
        6958  -3.50901246       1.95355129      0.620000005    
        6960  -3.25576472       2.91093493      0.629999995    
        6962  -3.04133391       3.25053835      0.639999986    
        6964  -3.53977251       1.55555224      0.620000005    
        6966  -3.46034908       1.25989783      0.600000024    
        6968  -3.45843005       1.24655628      0.600000024    
        6970  -3.48546934       1.59715283      0.610000014    
        6972  -3.44072175       1.10410929      0.589999974    
        6974  -3.34056354       1.19540203      0.579999983    
        6976  -3.19273257       1.81130445      0.589999974    
        6978  -3.26780510       2.23357892      0.600000024    
        6980  -3.38489771       1.21884882      0.600000024    
        6982  -3.38921976       1.63341630      0.620000005    
        6984  -3.38212895       1.71846282      0.620000005    
        6986  -3.70061803      0.275901288      0.629999995    
        6988  -3.55906844      0.736243546      0.629999995    
        6990  -3.48798132       1.02943408      0.620000005    
        6992  -3.19227457       2.33257437      0.620000005    
        6994  -3.28204513       2.05272293      0.589999974    
        6996  -3.39000726       1.76400411      0.600000024    
        6998  -3.36451006       1.82047939      0.600000024    
        7000  -3.19944549       2.41965795      0.600000024    
        7002  -3.26061368       1.95628428      0.579999983    
        7004  -3.15896511       1.90254271      0.569999993    
        7006  -3.19970608       1.48282516      0.579999983    
        7008  -3.02480006       2.14232492      0.579999983    
        7010  -3.36002994      0.951220632      0.579999983    
        7012  -3.20193601       1.30890203      0.569999993    
        7014  -3.31283307       1.02902091      0.579999983    
        7016  -3.02162004       1.62718785      0.569999993    
        7018  -2.90838027       1.48662686      0.560000002    
        7020  -3.24035740      0.954932272      0.589999974    
        7022  -3.21508598       1.20860946      0.579999983    
        7024  -3.29459119       1.49021184      0.589999974    
        7026  -3.22439694       1.92037773      0.610000014    
        7028  -3.01199579       2.19083905      0.589999974    
        7030  -2.89139771       2.57154846      0.589999974    
        7032  -3.00050068       2.18812823      0.589999974    
        7034  -3.11022067       1.95688426      0.579999983    
        7036  -3.23388577      0.947384000      0.579999983    
        7038  -3.16317821      0.824963212      0.560000002    
        7040  -3.17133927       1.62069523      0.569999993    
        7042  -2.99493122       1.95733202      0.579999983    
        7044  -3.29912281      0.581356525      0.560000002    
        7046  -3.35044718      0.608918607      0.560000002    
        7048  -3.21463799       1.44467998      0.569999993    
        7050  -2.93346977       2.29604959      0.569999993    
        7052  -3.16466808       1.31731987      0.560000002    
        7054  -2.95852995       1.73482013      0.540000021    
        7056  -3.08215523       1.24223030      0.550000012    
        7058  -3.26355886      0.616890013      0.529999971    
        7060  -3.08051324       1.28057349      0.529999971    
        7062  -3.05484509       1.10205829      0.540000021    
        7064  -2.86807680       2.79407287      0.569999993    
        7066  -3.11691785       1.24896538      0.550000012    
        7068  -2.88314891       2.21236205      0.550000012    
        7070  -2.86068511       2.47729826      0.569999993    
        7072  -3.33327198       1.28119278      0.579999983    
        7074  -3.17505550       2.08706760      0.589999974    
        7076  -2.93049932       2.40663195      0.589999974    
        7078  -3.34127331       1.57822049      0.610000014    
        7080  -3.42470932       1.22129011      0.620000005    
        7082  -3.35233712       1.09875393      0.600000024    
        7084  -3.31168914       1.35263276      0.569999993    
        7086  -2.69538760       3.03366780      0.560000002    
        7088  -2.96057868       2.31188273      0.579999983    
        7090  -2.64403749       3.03636527      0.569999993    
        7092  -3.32351327      0.852241158      0.569999993    
        7094  -3.05634952       1.41185880      0.560000002    
        7096  -3.26671362      0.666078210      0.569999993    
        7098  -3.20704269       1.22179973      0.569999993    
        7100  -3.18301105      0.920585394      0.540000021    
        7102  -2.92096210       1.51544905      0.540000021    
        7104  -2.60451984       2.06865907      0.529999971    
        7106  -2.93407536       1.46964097      0.529999971    
        7108  -2.82600474      0.851021945      0.519999981    
        7110  -3.03718066      0.604065657      0.509999990    
        7112  -3.20178843      0.748560607      0.509999990    
        7114  -2.96289206       1.68540049      0.509999990    
        7116  -2.95375204       1.31476247      0.519999981    
        7118  -2.97952843       1.76412511      0.529999971    
        7120  -3.42357945      0.457513839      0.540000021    
        7122  -3.38818789       1.40110767      0.550000012    
        7124  -3.27160120       1.54919350      0.550000012    
        7126  -3.24886632       1.59024227      0.560000002    
        7128  -3.35812831       1.36372459      0.550000012    
        7130  -3.31614566       1.31914687      0.569999993    
        7132  -3.25621533       1.56827164      0.560000002    
        7134  -3.36090350       1.24859452      0.550000012    
        7136  -3.30388737       1.30403388      0.560000002    
        7138  -3.48122501       1.36766195      0.589999974    
        7140  -3.33448672       1.09077394      0.579999983    
        7142  -3.16954064       1.24795747      0.579999983    
        7144  -3.12120104       1.27066612      0.569999993    
        7146  -3.09349608       1.60102165      0.569999993    
        7148  -3.03939962       1.58841693      0.560000002    
        7150  -2.98181295       2.04836702      0.560000002    
        7152  -3.25095654      0.782905996      0.560000002    
        7154  -3.11164403       1.07651305      0.569999993    
        7156  -3.03862143       1.59321463      0.569999993    
        7158  -3.22949243       1.48043776      0.589999974    
        7160  -3.15988851       1.81425142      0.589999974    
        7162  -3.23158121       1.78019416      0.569999993    
        7164  -2.96751738       2.87008023      0.600000024    
        7166  -2.91856146       3.22530818      0.579999983    
        7168  -2.86967015       3.18851471      0.579999983    
        7170  -3.11805654       2.38998175      0.600000024    
        7172  -3.21821690       2.00408220      0.610000014    
        7174  -3.18849230       2.44861317      0.620000005    
        7176  -3.04470110       3.40673995      0.629999995    
        7178  -3.22618294       2.48226953      0.629999995    
        7180  -3.39300871       1.99923420      0.620000005    
        7182  -3.26884699       2.78527045      0.629999995    
        7184  -3.12389040       3.13781834      0.620000005    
        7186  -3.58524513       1.89322066      0.639999986    
        7188  -3.71199584       1.36571121      0.649999976    
        7190  -3.44261026       2.99318171      0.670000017    
        7192  -3.40133095       3.13425827      0.670000017    
        7194  -3.57873940       2.37374711      0.670000017    
        7196  -3.65418601       2.31818962      0.670000017    
        7198  -3.72437382       2.22337937      0.660000026    
        7200  -3.46086860       2.66014886      0.660000026    
        7202  -3.46793270       2.70122123      0.649999976    
        7204  -3.54278970       2.18476152      0.639999986    
        7206  -3.45448494       1.92970991      0.639999986    
        7208  -3.57905245       1.78616464      0.639999986    
        7210  -3.32020473       2.37079167      0.620000005    
        7212  -3.33847547       2.79540682      0.629999995    
        7214  -3.59217310       1.03086245      0.620000005    
        7216  -3.38013339       1.64016950      0.629999995    
        7218  -3.39879322       1.34116018      0.600000024    
        7220  -3.46608424      0.936259091      0.620000005    
        7222  -3.61751699      0.642394781      0.620000005    
        7224  -3.55641627       1.13018692      0.620000005    
        7226  -3.36628246       1.46636796      0.629999995    
        7228  -3.50641775       1.36144853      0.639999986    
        7230  -3.47030878       1.61186230      0.639999986    
        7232  -3.48986888       1.79998517      0.620000005    
        7234  -3.15367079       1.76889968      0.610000014    
        7236  -3.43561220      0.490349650      0.589999974    
        7238  -3.23267746      0.966768622      0.589999974    
        7240  -3.44660044      0.762467146      0.589999974    
        7242  -3.45033741      0.723976374      0.589999974    
        7244  -3.43518257       1.18930185      0.600000024    
        7246  -3.29553199       1.48861766      0.610000014    
        7248  -3.36884403       1.38886487      0.620000005    
        7250  -3.16887188       1.68767428      0.600000024    
        7252  -3.17710996       1.90055728      0.610000014    
        7254  -3.23957610       1.57284975      0.610000014    
        7256  -3.30176520       1.58000636      0.610000014    
        7258  -3.43364382       1.19536555      0.600000024    
        7260  -3.32755065       1.54251385      0.600000024    
        7262  -3.15188837       2.28132463      0.620000005    
        7264  -3.29631257       2.24805355      0.629999995    
        7266  -2.89159346       3.62023020      0.629999995    
        7268  -3.22621703       2.17035389      0.620000005    
        7270  -3.18782091       2.56863332      0.629999995    
        7272  -3.44939494       1.78861165      0.620000005    
        7274  -3.53206015       1.68376005      0.629999995    
        7276  -3.43126202       2.29323411      0.639999986    
        7278  -3.13534045       3.20797658      0.620000005    
        7280  -3.28655553       2.54685569      0.629999995    
        7282  -3.72572064       1.33087504      0.629999995    
        7284  -3.76643515      0.654779494      0.620000005    
        7286  -3.63017583       1.22522330      0.620000005    
        7288  -3.27933073       2.61207128      0.620000005    
        7290  -3.33770561       1.78559029      0.610000014    
        7292  -3.31365490       1.34405386      0.600000024    
        7294  -3.28369451       1.00398326      0.600000024    
        7296  -3.29110217       1.55945075      0.620000005    
        7298  -3.53864813      0.440066665      0.620000005    
        7300  -3.27592969       1.60413468      0.620000005    
        7302  -2.96245432       2.38635254      0.600000024    
        7304  -3.30213308       1.48500085      0.600000024    
        7306  -3.10670924       2.12791848      0.600000024    
        7308  -3.26931357       1.79451180      0.610000014    
        7310  -3.02753234       2.75390410      0.589999974    
        7312  -3.05046892       1.83945274      0.579999983    
        7314  -3.00197625       2.03203654      0.569999993    
        7316  -3.14567351       1.30105758      0.560000002    
        7318  -3.46390486      0.552535772      0.550000012    
        7320  -3.49767447      0.727368951      0.560000002    
        7322  -3.23727274       1.39458072      0.560000002    
        7324  -3.22445345       1.10434794      0.560000002    
        7326  -2.99016261       2.08814383      0.560000002    
        7328  -3.06452918       1.90391517      0.579999983    
        7330  -2.87059426       2.47261977      0.560000002    
        7332  -2.97480106       2.43703628      0.579999983    
        7334  -3.07345676       2.23169804      0.589999974    
        7336  -3.15387654       1.82851470      0.589999974    
        7338  -3.28577685       1.46719599      0.579999983    
        7340  -3.08747864       1.75424576      0.579999983    
        7342  -3.16664100       1.60288393      0.569999993    
        7344  -3.07067227       1.25419545      0.560000002    
        7346  -3.12773180      0.701145232      0.540000021    
        7348  -3.19212723      0.700508356      0.540000021    
        7350  -2.73180556       1.94953835      0.529999971    
        7352  -2.96927452      0.812206984      0.529999971    
        7354  -2.92157698      0.916865826      0.519999981    
        7356  -2.88511443      0.814783275      0.519999981    
        7358  -2.74817657       1.07701910      0.509999990    
        7360  -2.55976701      0.849220097      0.469999999    
        7362  -2.60993981       1.01856995      0.509999990    
        7364  -2.77227187      0.765843213      0.500000000    
        7366  -2.95791149      0.628494740      0.509999990    
        7368  -2.89048576       1.61135924      0.550000012    
        7370  -3.17605352      0.588370800      0.540000021    
        7372  -2.85458255       1.29779899      0.509999990    
        7374  -2.71791625       1.34391081      0.509999990    
        7376  -2.87634611      0.645607173      0.479999989    
        7378  -2.85033298       1.41668868      0.509999990    
        7380  -2.81493092       1.83151329      0.529999971    
        7382  -3.09315181       1.24242318      0.550000012    
        7384  -3.20108223      0.781644762      0.550000012    
        7386  -2.96441746       1.82456517      0.540000021    
        7388  -3.09760213       1.03028715      0.540000021    
        7390  -3.00977588       1.21206856      0.550000012    
        7392  -2.76507306       1.63318133      0.550000012    
        7394  -3.12217212      0.833658576      0.560000002    
        7396  -3.26310682      0.413621187      0.550000012    
        7398  -2.98506284       1.39079392      0.519999981    
        7400  -2.92886162       1.42708838      0.529999971    
        7402  -3.12088633      0.259679288      0.509999990    
        7404  -2.96456075      0.694335401      0.509999990    
        7406  -2.75012469      0.828321934      0.509999990    
        7408  -2.76711202       1.59488869      0.509999990    
        7410  -2.91526675       1.11200833      0.509999990    
        7412  -2.97646475       1.00059509      0.500000000    
        7414  -2.89865208       1.34383166      0.519999981    
        7416  -2.98719573       1.18898118      0.479999989    
        7418  -3.03674722       1.15008867      0.469999999    
        7420  -2.97005129      0.973431826      0.460000008    
        7422  -3.04281020      0.618372440      0.449999988    
        7424  -2.86706185       1.28783596      0.460000008    
        7426  -3.10398984       1.01754415      0.479999989    
        7428  -2.91847062       1.48212469      0.479999989    
        7430  -2.98115945       1.03774595      0.469999999    
        7432  -2.76399136       1.17610526      0.490000010    
        7434  -2.86317778       1.33424413      0.500000000    
        7436  -3.19962955      0.620082498      0.529999971    
        7438  -3.21963096      0.446298093      0.540000021    
        7440  -3.09187722      0.772275805      0.540000021    
        7442  -3.01916623       1.38962674      0.550000012    
        7444  -2.86602163       1.57735360      0.550000012    
        7446  -2.83521581       1.18526042      0.529999971    
        7448  -2.66350031       1.57994056      0.509999990    
        7450  -2.63926911       1.56446326      0.509999990    
        7452  -3.02319980      0.183524057      0.500000000    
        7454  -2.90303183      0.688358426      0.509999990    
        7456  -2.94287705      0.809494495      0.509999990    
        7458  -2.91899896      0.605976701      0.500000000    
        7460  -2.84683299      0.733955145      0.490000010    
        7462  -2.71437240       1.25429952      0.490000010    
        7464  -2.79342890      0.879576445      0.509999990    
        7466  -2.85992789      0.639068663      0.519999981    
        7468  -2.59697366      0.365463734      0.490000010    
        7470  -2.63542676       1.25590384      0.529999971    
        7472  -2.94669056       1.40836012      0.529999971    
        7474  -3.25868773      0.707714021      0.540000021    
        7476  -3.08222461       1.69540191      0.550000012    
        7478  -3.01308346       1.19629323      0.540000021    
        7480  -3.00701737       1.42477942      0.550000012    
        7482  -3.02652740       1.80908525      0.540000021    
        7484  -2.99322200       1.57587814      0.529999971    
        7486  -3.12397242       1.13169134      0.519999981    
        7488  -2.90677547       1.21543562      0.519999981    
        7490  -2.85450506       1.90052986      0.519999981    
        7492  -3.23800063      0.598200262      0.509999990    
        7494  -3.13404131       1.46919191      0.529999971    
        7496  -3.40200949      0.555245876      0.540000021    
        7498  -3.45495582      0.444719940      0.529999971    
        7500  -3.36444306      0.842760742      0.540000021    
        7502  -3.37838912       1.60326314      0.550000012    
        7504  -3.64839840      0.465957075      0.550000012    
        7506  -3.29801202       1.89146900      0.550000012    
        7508  -3.53705454       1.18521833      0.569999993    
        7510  -3.23365450       1.07498431      0.540000021    
        7512  -2.92545605       1.70677269      0.529999971    
        7514  -3.10481668       1.50436699      0.540000021    
        7516  -3.26203036      0.530676484      0.509999990    
        7518  -2.97462416       1.57602584      0.500000000    
        7520  -2.79250288       1.36362231      0.479999989    
        7522  -2.95467138      0.842528403      0.460000008    
        7524  -2.62836814      0.866694212      0.449999988    
        7526  -2.70181727       1.39293790      0.460000008    
        7528  -2.74834371      0.954390228      0.449999988    
        7530  -2.59343195       1.58889830      0.490000010    
        7532  -2.58131242       1.56339204      0.500000000    
        7534  -2.91481280      0.959546566      0.509999990    
        7536  -2.80089521      0.939282179      0.500000000    
        7538  -3.07528210       1.06898868      0.519999981    
        7540  -2.94929409       1.26298225      0.509999990    
        7542  -2.84055567       1.47044671      0.519999981    
        7544  -3.01093054      0.647788405      0.500000000    
        7546  -2.75450182       1.00414610      0.479999989    
        7548  -2.86204052      0.589286804      0.500000000    
        7550  -2.70947552       1.00437284      0.490000010    
        7552  -2.84719324      0.940918684      0.490000010    
        7554  -2.76104832      0.312330157      0.479999989    
        7556  -2.54531026       1.09805286      0.479999989    
        7558  -2.77092981      0.378225893      0.479999989    
        7560  -2.68092418      0.930672169      0.479999989    
        7562  -2.64474797      0.964973986      0.479999989    
        7564  -2.81649947      0.713044524      0.500000000    
        7566  -2.88486481      0.466150343      0.500000000    
        7568  -2.68370724      0.706845403      0.479999989    
        7570  -2.84123373       2.16720048E-02  0.469999999    
        7572  -2.81461930      0.648640931      0.500000000    
        7574  -2.59751558       1.74307024      0.509999990    
        7576  -2.82114124       1.02311325      0.500000000    
        7578  -2.63170934       1.10905647      0.490000010    
        7580  -2.54256105      0.670878768      0.460000008    
        7582  -2.72765470      0.331223249      0.469999999    
        7584  -2.65714192      0.604660392      0.469999999    
        7586  -2.53936720       1.40801191      0.479999989    
        7588  -2.80162525       1.32285523      0.479999989    
        7590  -2.71941924      0.464806139      0.449999988    
        7592  -2.62689877      0.789943755      0.439999998    
        7594  -2.62845135      0.548680663      0.439999998    
        7596  -2.48936296      0.830995262      0.419999987    
        7598  -2.42212105       1.51016986      0.430000007    
        7600  -2.84996033      0.798968375      0.439999998    
        7602  -2.49542880       1.00534046      0.409999996    
        7604  -2.60580134      0.644064963      0.430000007    
        7606  -2.70424771       1.02321827      0.449999988    
        7608  -2.59107971      0.852686524      0.439999998    
        7610  -2.73864579      0.235440895      0.430000007    
        7612  -2.64086580      0.798944414      0.449999988    
        7614  -2.72153902      0.805615067      0.449999988    
        7616  -2.44366288       1.00090849      0.439999998    
        7618  -2.66312337      0.343938977      0.449999988    
        7620  -2.55242586      0.814541698      0.469999999    
        7622  -2.40518689      0.610576391      0.439999998    
        7624  -2.43544865       1.18545997      0.460000008    
        7626  -2.54693270       1.18801439      0.460000008    
        7628  -2.57982397      0.710100353      0.449999988    
        7630  -2.50061727      0.404269248      0.460000008    
        7632  -2.44489336      0.211403430      0.449999988    
        7634  -2.50042176      0.664288640      0.439999998    
        7636  -2.50661564      0.598338783      0.439999998    
        7638  -2.36800098       1.02603328      0.439999998    
        7640  -2.25993657       1.64790761      0.449999988    
        7642  -2.59258676      0.652477860      0.460000008    
        7644  -2.66592193      0.598343253      0.449999988    
        7646  -2.50002742      0.694047868      0.469999999    
        7648  -2.40367961       1.06624258      0.469999999    
        7650  -2.39279389      0.667217016      0.469999999    
        7652  -2.49271369      0.498705804      0.479999989    
        7654  -2.39630914      0.597142994      0.460000008    
        7656  -2.60211492      0.713236392      0.469999999    
        7658  -2.42226338       1.84948242      0.490000010    
        7660  -2.40806961       1.72209990      0.479999989    
        7662  -2.72705674      0.995964646      0.490000010    
        7664  -2.67207408      0.700037181      0.490000010    
        7666  -2.71887970      0.651257277      0.490000010    
        7668  -2.83063054      0.498048067      0.509999990    
        7670  -2.83312345      0.905303299      0.509999990    
        7672  -2.92988777      0.471973360      0.509999990    
        7674  -2.90682411      0.702925265      0.509999990    
        7676  -2.80055451      0.624925315      0.500000000    
        7678  -2.81103706      0.432469368      0.490000010    
        7680  -2.90126920      0.710821450      0.509999990    
        7682  -2.77375984      0.863333404      0.490000010    
        7684  -2.60857081       1.40939653      0.479999989    
        7686  -2.73109484      0.760439575      0.479999989    
        7688  -2.55220962       1.59497190      0.490000010    
        7690  -2.36631107       1.72398198      0.460000008    
        7692  -2.45717263       1.93159842      0.490000010    
        7694  -2.56952953       1.46008277      0.500000000    
        7696  -2.30919552       1.44144368      0.460000008    
        7698  -2.54564047      0.471060157      0.430000007    
        7700  -2.28011751       1.12674606      0.400000006    
        7702  -2.20803428      0.870436490      0.409999996    
        7704  -2.40857649      0.334011704      0.419999987    
        7706  -2.37385058      0.459155172      0.419999987    
        7708  -2.44502687      0.795563817      0.430000007    
        7710  -2.11233544       1.46270251      0.419999987    
        7712  -2.24514341       1.08781517      0.409999996    
        7714  -2.33829260      0.461777300      0.400000006    
        7716  -2.34114480      0.631406844      0.389999986    
        7718  -2.37001610      0.774909019      0.379999995    
        7720  -1.97708595      0.894352138      0.360000014    
        7722  -2.07097149      0.943157852      0.379999995    
        7724  -2.01220942       1.03569531      0.379999995    
        7726  -2.08776903      0.819928765      0.389999986    
        7728  -2.19143009      0.577782631      0.400000006    
        7730  -2.41134906      0.319106430      0.400000006    
        7732  -2.13480783      0.814143836      0.389999986    
        7734  -2.30318093      0.641604841      0.409999996    
        7736  -2.57130241      0.754768670      0.460000008    
        7738  -2.72404337      0.606404662      0.469999999    
        7740  -2.70599031      0.766699314      0.469999999    
        7742  -2.75995159      0.761174440      0.479999989    
        7744  -2.77975202       1.37427008      0.509999990    
        7746  -2.98093128      0.695948422      0.500000000    
        7748  -2.89347315      0.742991865      0.469999999    
        7750  -2.96630430      0.890017152      0.479999989    
        7752  -2.95055485       1.29136395      0.490000010    
        7754  -3.24498653      0.345918536      0.509999990    
        7756  -2.90376568       1.55207229      0.519999981    
        7758  -3.07501721       1.43527007      0.529999971    
        7760  -3.19123983      0.878099859      0.540000021    
        7762  -2.83671474       1.78015673      0.540000021    
        7764  -3.14009285      0.770059407      0.540000021    
        7766  -3.14080858      0.888327003      0.550000012    
        7768  -2.98644423      0.855200946      0.540000021    
        7770  -3.04194093      0.970235407      0.540000021    
        7772  -3.06830049       1.31943882      0.560000002    
        7774  -3.05259037       1.66123199      0.560000002    
        7776  -2.97192478       1.92555475      0.569999993    
        7778  -3.01900339       1.85819173      0.569999993    
        7780  -3.47468424      0.748430371      0.589999974    
        7782  -3.05379128       1.48988247      0.569999993    
        7784  -3.12105632       1.17960382      0.579999983    
        7786  -3.13042259       1.01334691      0.579999983    
        7788  -3.19164443       1.30938268      0.589999974    
        7790  -3.01668930       1.65802324      0.589999974    
        7792  -2.85913610       2.44436383      0.589999974    
        7794  -2.99306202       1.67679083      0.589999974    
        7796  -2.93311763       1.70275068      0.569999993    
        7798  -3.33168578      0.641248047      0.589999974    
        7800  -3.02663994       1.15013850      0.550000012    
        7802  -3.18097186      0.770717621      0.550000012    
        7804  -3.12265086      0.937891245      0.560000002    
        7806  -2.75217342       2.28545356      0.560000002    
        7808  -3.16356754      0.895477116      0.560000002    
        7810  -3.13038468      0.740476370      0.560000002    
        7812  -3.18484092      0.701699197      0.560000002    
        7814  -3.03670263      0.918507278      0.550000012    
        7816  -3.13387084       1.37154448      0.560000002    
        7818  -2.89530945       2.00060463      0.569999993    
        7820  -3.09492850      0.610319018      0.560000002    
        7822  -2.98405409       1.45053983      0.560000002    
        7824  -3.07142735       1.51744223      0.569999993    
        7826  -3.02943754       1.70798993      0.579999983    
        7828  -3.15279293       1.72797871      0.589999974    
        7830  -3.00912857       2.25544214      0.610000014    
        7832  -3.13846064       1.84616721      0.620000005    
        7834  -3.28301144       1.44286323      0.610000014    
        7836  -3.15224433       1.54889023      0.600000024    
        7838  -3.25254965       1.15281117      0.610000014    
        7840  -3.28284192      0.487160861      0.600000024    
        7842  -3.30661726      0.471571207      0.600000024    
        7844  -3.19995189      0.829111874      0.600000024    
        7846  -3.00267887       1.41449523      0.579999983    
        7848  -2.95472550       1.46653438      0.579999983    
        7850  -2.78751564       1.93755031      0.579999983    
        7852  -2.96105838       1.44164968      0.569999993    
        7854  -2.81097317       1.49680686      0.560000002    
        7856  -2.84760094       1.03966093      0.529999971    
        7858  -2.62163067       1.60715997      0.509999990    
        7860  -2.57503033       1.69433868      0.519999981    
        7862  -2.69820881       1.80993354      0.519999981    
        7864  -3.00664711      0.988851607      0.519999981    
        7866  -3.04621625      0.907046080      0.519999981    
        7868  -2.89606977       1.83893669      0.540000021    
        7870  -2.94389725       1.21644664      0.519999981    
        7872  -2.79578257      0.964443088      0.519999981    
        7874  -2.71659780       1.55843914      0.519999981    
        7876  -3.03595662       1.08082438      0.529999971    
        7878  -3.06662035      0.853407621      0.540000021    
        7880  -2.96790385       1.16530848      0.540000021    
        7882  -3.14017200      0.886295795      0.540000021    
        7884  -2.78459668       1.80152309      0.540000021    
        7886  -2.96465230       1.50908113      0.550000012    
        7888  -2.85874724       1.34077811      0.550000012    
        7890  -2.65182066       2.18841958      0.569999993    
        7892  -2.92355704       1.75211525      0.569999993    
        7894  -3.07656455       1.21260715      0.550000012    
        7896  -3.30478191       1.09702265      0.560000002    
        7898  -3.39419651      0.473266274      0.560000002    
        7900  -3.25559759      0.807680190      0.560000002    
        7902  -3.31141686       1.12092745      0.579999983    
        7904  -3.10741925       1.74492550      0.579999983    
        7906  -3.16797543       1.27916944      0.569999993    
        7908  -3.24441123      0.472962707      0.550000012    
        7910  -3.09832239      0.801103830      0.529999971    
        7912  -2.91623664      0.985182822      0.540000021    
        7914  -2.88476849       1.68380845      0.560000002    
        7916  -2.97198176       1.87783349      0.579999983    
        7918  -2.86556864       2.01377916      0.579999983    
        7920  -3.28792930      0.770066738      0.579999983    
        7922  -3.36602092       1.40186489      0.600000024    
        7924  -3.21227050       2.20031261      0.600000024    
        7926  -3.28199029       2.23333931      0.610000014    
        7928  -3.29996395       1.87736607      0.600000024    
        7930  -3.61159277       1.16318977      0.589999974    
        7932  -3.41586971       1.49590981      0.589999974    
        7934  -3.49706101       1.07919705      0.589999974    
        7936  -3.31765461       1.87593389      0.600000024    
        7938  -3.34866953       1.57020998      0.589999974    
        7940  -3.48090816       1.37931097      0.589999974    
        7942  -3.52142692       1.39208388      0.579999983    
        7944  -3.66502976       1.56098568      0.589999974    
        7946  -3.53744841       2.56234312      0.629999995    
        7948  -3.74862123       2.45958543      0.639999986    
        7950  -3.67095256       2.81140327      0.639999986    
        7952  -3.55253291       2.88508892      0.660000026    
        7954  -3.77927899       2.15968776      0.660000026    
        7956  -3.64032149       2.68963790      0.649999976    
        7958  -3.49642205       2.70323467      0.639999986    
        7960  -3.28762197       2.97336173      0.639999986    
        7962  -3.47927213       1.98651016      0.610000014    
        7964  -3.39273739       2.02795792      0.610000014    
        7966  -3.65261412       1.50664139      0.610000014    
        7968  -3.41679740       1.81429541      0.589999974    
        7970  -3.46487164       1.40715230      0.579999983    
        7972  -3.39528418       1.51844847      0.610000014    
        7974  -3.54695344       1.02582765      0.620000005    
        7976  -3.63692451       1.01697779      0.629999995    
        7978  -3.48499703       1.47785830      0.620000005    
        7980  -3.20267153       2.27089286      0.620000005    
        7982  -3.15741372       2.23036265      0.610000014    
        7984  -3.39123726       1.68321943      0.600000024    
        7986  -3.46723509       1.84119344      0.620000005    
        7988  -3.58778334      0.875184655      0.610000014    
        7990  -3.47681117       1.39420176      0.610000014    
        7992  -3.39426088       1.58851516      0.620000005    
        7994  -3.37649417       1.72810507      0.610000014    
        7996  -3.29397821       1.54100120      0.600000024    
        7998  -3.30020595       1.03686035      0.579999983    
        8000  -3.28124619       1.15926301      0.589999974    
        8002  -3.34060621       1.15206039      0.579999983    
        8004  -2.95021558       2.40781736      0.589999974    
        8006  -3.21706820       1.56988013      0.589999974    
        8008  -3.20962691       1.19756699      0.560000002    
        8010  -3.26222610      0.660755932      0.560000002    
        8012  -3.15770721      0.643178642      0.550000012    
        8014  -2.95389152       1.13710904      0.550000012    
        8016  -3.27826905      0.407144904      0.550000012    
        8018  -2.99239063       1.30490482      0.560000002    
        8020  -3.05979156       1.06901062      0.550000012    
        8022  -3.04355335      0.856734931      0.529999971    
        8024  -2.81034374      0.588924050      0.500000000    
        8026  -2.74871707       1.49119294      0.529999971    
        8028  -3.01865244       1.34966147      0.519999981    
        8030  -2.77482867       1.38267088      0.490000010    
        8032  -2.71602106       1.10432959      0.479999989    
        8034  -2.92570376      0.770919323      0.490000010    
        8036  -2.80037022      0.683606446      0.479999989    
        8038  -2.76518059       1.22547960      0.479999989    
        8040  -2.39946461       1.83857906      0.479999989    
        8042  -2.78683162       1.09871280      0.509999990    
        8044  -2.88856435      0.855688572      0.509999990    
        8046  -2.80078721       1.28591967      0.509999990    
        8048  -2.95629025      0.584455609      0.519999981    
        8050  -2.91906524       1.32082093      0.529999971    
        8052  -3.11938858       1.11209500      0.550000012    
        8054  -3.20449591      0.868441463      0.529999971    
        8056  -3.02772617       1.41464829      0.550000012    
        8058  -2.89586926       1.41691756      0.529999971    
        8060  -3.08509827       1.80639768      0.550000012    
        8062  -3.12245250       1.88509381      0.560000002    
        8064  -3.25046158       1.28566289      0.579999983    
        8066  -3.42921591       1.18870854      0.579999983    
        8068  -3.14593053       2.32810187      0.569999993    
        8070  -3.36896920       1.05462933      0.560000002    
        8072  -3.31812739       1.04153204      0.560000002    
        8074  -3.22184324       1.33404982      0.560000002    
        8076  -3.37316132      0.855385244      0.560000002    
        8078  -3.11355424       2.09882140      0.569999993    
        8080  -2.88564205       2.61697125      0.569999993    
        8082  -3.23061943      0.910317183      0.560000002    
        8084  -2.77795172       1.74546266      0.550000012    
        8086  -2.93978667       1.17858219      0.540000021    
        8088  -2.74990821       1.60212922      0.519999981    
        8090  -2.64320493       2.06386781      0.519999981    
        8092  -3.02693915      0.616065443      0.529999971    
        8094  -2.92452717      0.393332630      0.529999971    
        8096  -2.89673781      0.604970098      0.529999971    
        8098  -2.88944364       1.05609369      0.540000021    
        8100  -2.83324885       1.19446635      0.540000021    
        8102  -3.09010434      0.621729434      0.550000012    
        8104  -3.06176400      0.613298833      0.540000021    
        8106  -2.78384233       1.00741827      0.519999981    
        8108  -2.74106741       1.11041260      0.509999990    
        8110  -2.59947228       1.31704473      0.490000010    
        8112  -2.69196200      0.930877745      0.490000010    
        8114  -2.57900715       1.22196424      0.479999989    
        8116  -2.85589695      0.377833486      0.469999999    
        8118  -2.53453875       1.24586630      0.479999989    
        8120  -2.77266026      0.861438572      0.479999989    
        8122  -2.46915555       1.51847112      0.469999999    
        8124  -2.51588774      0.919603825      0.460000008    
        8126  -2.92001796      0.487169147      0.490000010    
        8128  -2.91343737      0.804045022      0.500000000    
        8130  -3.04790187      0.600205362      0.519999981    
        8132  -2.85796857       1.10765624      0.519999981    
        8134  -2.93753934      0.801950991      0.509999990    
        8136  -2.75656176       1.16660500      0.509999990    
        8138  -2.84693074       1.14841056      0.509999990    
        8140  -2.98706198      0.935951829      0.529999971    
        8142  -3.10667562      0.784884870      0.540000021    
        8144  -3.20839643      0.826706350      0.540000021    
        8146  -3.12969995       1.39272606      0.550000012    
        8148  -3.36638999      0.430380881      0.550000012    
        8150  -3.21593666      0.476656973      0.540000021    
        8152  -3.24399233      0.772106707      0.529999971    
        8154  -3.32268929      0.682976782      0.529999971    
        8156  -3.37752247      0.734925628      0.529999971    
        8158  -3.25224781      0.666729510      0.529999971    
        8160  -3.21219254      0.447150499      0.519999981    
        8162  -3.20347118      0.614729583      0.529999971    
        8164  -3.07952332       1.29997218      0.540000021    
        8166  -3.02708268       1.50255060      0.550000012    
        8168  -2.85456586       1.66085148      0.540000021    
        8170  -3.25475025      0.859724402      0.550000012    
        8172  -2.76829290       1.77736259      0.529999971    
        8174  -3.12391877      0.722350121      0.529999971    
        8176  -3.07757926       1.17130935      0.550000012    
        8178  -3.33735228      0.618115366      0.550000012    
        8180  -3.13436055       1.32854319      0.569999993    
        8182  -3.18504524       1.19182360      0.560000002    
        8184  -3.40719008      0.556972682      0.560000002    
        8186  -3.57771754      0.347502530      0.569999993    
        8188  -3.37614131      0.788701832      0.569999993    
        8190  -3.29095602      0.765012503      0.579999983    
        8192  -3.18208337       1.58353901      0.579999983    
        8194  -3.01942420       2.09440994      0.579999983    
        8196  -3.38953948       1.25244546      0.579999983    
        8198  -3.22616768       1.54489410      0.569999993    
        8200  -3.17589688       1.23884225      0.560000002    
        8202  -2.96436644       2.10449338      0.560000002    
        8204  -3.19244075       1.26254630      0.560000002    
        8206  -3.26966476       1.23719096      0.569999993    
        8208  -3.16924644       1.96626508      0.569999993    
        8210  -3.54416370       1.07459867      0.589999974    
        8212  -3.10755873       1.80855310      0.569999993    
        8214  -3.12936330       1.54098153      0.579999983    
        8216  -3.33126998      0.996004283      0.579999983    
        8218  -3.39663839      0.561252594      0.569999993    
        8220  -2.91538215       1.78735173      0.560000002    
        8222  -3.08829546       1.58595991      0.579999983    
        8224  -3.03153515       2.04045844      0.579999983    
        8226  -3.12165737       1.97123945      0.589999974    
        8228  -2.96854544       1.99219322      0.579999983    
        8230  -2.96588683       1.65246892      0.579999983    
        8232  -2.85217190       1.41690826      0.560000002    
        8234  -2.78060293       1.68560398      0.550000012    
        8236  -3.01519704      0.797927916      0.550000012    
        8238  -2.94060302       1.01429236      0.540000021    
        8240  -2.97170353      0.776218593      0.560000002    
        8242  -2.79104972       1.21277094      0.560000002    
        8244  -2.67533278       1.78491092      0.560000002    
        8246  -3.03728819       1.06490958      0.569999993    
        8248  -2.94856381       1.47999752      0.560000002    
        8250  -3.14888477      0.863383174      0.569999993    
        8252  -2.99998450       1.30777860      0.569999993    
        8254  -3.10946774      0.878111243      0.550000012    
        8256  -3.06306005       1.07813370      0.550000012    
        8258  -3.07348013       1.08113229      0.540000021    
        8260  -2.99712539       1.06776559      0.519999981    
        8262  -2.94591093       1.14241517      0.529999971    
        8264  -2.93260908       1.58050883      0.519999981    
        8266  -2.80853295       1.34856188      0.519999981    
        8268  -2.95930648       1.35824358      0.540000021    
        8270  -2.86648655       1.15421128      0.540000021    
        8272  -3.13456845      0.709418237      0.550000012    
        8274  -3.01933455       1.07355559      0.550000012    
        8276  -2.86928058       1.52052021      0.550000012    
        8278  -2.75327969       2.04212379      0.560000002    
        8280  -2.79788327       1.86394215      0.550000012    
        8282  -3.16001630      0.787298799      0.550000012    
        8284  -3.02847743       1.25929844      0.569999993    
        8286  -3.06986523       1.43396354      0.569999993    
        8288  -3.34613705      0.704746246      0.569999993    
        8290  -3.22405553      0.916235745      0.569999993    
        8292  -3.17053676      0.768459082      0.560000002    
        8294  -3.40117693      0.548568070      0.569999993    
        8296  -3.28998375       1.09371436      0.569999993    
        8298  -2.94887757       1.93146837      0.569999993    
        8300  -2.79725194       2.04791999      0.569999993    
        8302  -3.22546482      0.355651617      0.569999993    
        8304  -3.19372940      0.705944657      0.569999993    
        8306  -2.86537886       1.39876771      0.550000012    
        8308  -2.75103831       1.96977055      0.529999971    
        8310  -2.77606249       1.52861023      0.519999981    
        8312  -3.03671336       1.15119207      0.519999981    
        8314  -2.90098357       1.21192896      0.519999981    
        8316  -2.98572564      0.983339310      0.519999981    
        8318  -3.04870081       1.21487737      0.519999981    
        8320  -3.25893283       1.13597167      0.540000021    
        8322  -2.70235705       2.31002307      0.529999971    
        8324  -2.77588797       1.79386795      0.519999981    
        8326  -2.85512424       1.58402276      0.540000021    
        8328  -2.71654391       2.31193328      0.540000021    
        8330  -3.05948496       1.89689386      0.540000021    
        8332  -2.87719560       2.28659701      0.540000021    
        8334  -2.91219616       2.05656862      0.529999971    
        8336  -2.76682782       2.24095798      0.529999971    
        8338  -2.92913461       1.09463584      0.509999990    
        8340  -2.93565083       1.06098008      0.509999990    
        8342  -2.96714759       1.51059198      0.519999981    
        8344  -3.14291573      0.731756330      0.519999981    
        8346  -3.01012254      0.927726626      0.519999981    
        8348  -3.08646894       1.29859340      0.540000021    
        8350  -3.06849313       1.09404111      0.550000012    
        8352  -2.93573737       1.56312203      0.550000012    
        8354  -3.05349541       1.16435528      0.540000021    
        8356  -3.12473273      0.674295545      0.529999971    
        8358  -2.87596822       1.66341174      0.519999981    
        8360  -2.63050771       1.32999766      0.509999990    
        8362  -2.73043704      0.592028081      0.500000000    
        8364  -2.58833528      0.836835504      0.490000010    
        8366  -2.55231142      0.896636546      0.490000010    
        8368  -2.79650784      0.122748964      0.490000010    
        8370  -2.69128561      0.785674870      0.500000000    
        8372  -2.35798073       2.31776786      0.500000000    
        8374  -2.51968503       1.48181772      0.490000010    
        8376  -2.67085910       1.40535355      0.490000010    
        8378  -2.83814931      0.501957238      0.500000000    
        8380  -2.79257250      0.349417865      0.490000010    
        8382  -2.65247202       1.11045063      0.509999990    
        8384  -2.71387386      0.694966674      0.490000010    
        8386  -2.78185129       1.23380256      0.509999990    
        8388  -2.92495680       1.20905507      0.519999981    
        8390  -2.78291941       1.51274598      0.519999981    
        8392  -2.50482678       1.65660191      0.500000000    
        8394  -2.43411827       1.96416640      0.500000000    
        8396  -2.65836382       1.38639534      0.509999990    
        8398  -2.75096917       1.18709111      0.519999981    
        8400  -2.88175988      0.905475676      0.519999981    
        8402  -2.98165393      0.814171672      0.529999971    
        8404  -2.92529607       1.15146422      0.529999971    
        8406  -2.99670291       1.37852418      0.540000021    
        8408  -3.09551883      0.996360898      0.550000012    
        8410  -3.03885508       1.41287482      0.550000012    
        8412  -3.01886773       1.47583258      0.560000002    
        8414  -2.94393420       1.57486153      0.560000002    
        8416  -3.05360246      0.987125278      0.560000002    
        8418  -2.74888015       1.98206365      0.569999993    
        8420  -2.76195145       2.21696281      0.579999983    
        8422  -2.79546189       2.28969574      0.569999993    
        8424  -3.12480807       1.08092320      0.550000012    
        8426  -3.10520053       1.53505802      0.550000012    
        8428  -3.19295716       1.63764381      0.560000002    
        8430  -3.18502831       2.06350875      0.579999983    
        8432  -3.32487273       1.87693191      0.589999974    
        8434  -3.22884727       2.00169873      0.589999974    
        8436  -3.17893720       2.20181799      0.600000024    
        8438  -3.40044522      0.359367430      0.569999993    
        8440  -3.31527996      0.354259938      0.560000002    
        8442  -2.93349051       1.71471536      0.560000002    
        8444  -3.25147963      0.645517170      0.560000002    
        8446  -3.13596749      0.887694955      0.560000002    
        8448  -3.25119019       1.12499774      0.569999993    
        8450  -3.25904965       1.05533612      0.560000002    
        8452  -2.95628643       1.74170506      0.560000002    
        8454  -3.07124567       1.26918089      0.560000002    
        8456  -3.21210313      0.977003932      0.560000002    
        8458  -3.11915827       1.66242397      0.569999993    
        8460  -3.15943789       1.66046977      0.579999983    
        8462  -3.08006477       1.91421580      0.589999974    
        8464  -3.03714418       1.08350086      0.569999993    
        8466  -3.15930223      0.922484696      0.550000012    
        8468  -3.16633844      0.785448253      0.550000012    
        8470  -3.13483834      0.412664324      0.540000021    
        8472  -3.11790109      0.968101740      0.550000012    
        8474  -3.21989846      0.642696321      0.550000012    
        8476  -3.25034165      0.752954066      0.550000012    
        8478  -3.26573086      0.543677211      0.550000012    
        8480  -3.03536201       1.19865537      0.550000012    
        8482  -2.71737742       2.21669912      0.560000002    
        8484  -2.83993649       1.30378962      0.550000012    
        8486  -2.78919387       1.44701672      0.540000021    
        8488  -3.04023147       1.01015306      0.560000002    
        8490  -3.16393399      0.887055039      0.569999993    
        8492  -2.75474906       1.64180911      0.550000012    
        8494  -3.20089388      0.595499277      0.560000002    
        8496  -3.11145473      0.522387207      0.550000012    
        8498  -3.31019592      0.229938164      0.550000012    
        8500  -3.10403109      0.461182296      0.540000021    
        8502  -3.04371452      0.829327166      0.540000021    
        8504  -2.93943858      0.796022773      0.519999981    
        8506  -2.86812782       1.21607828      0.509999990    
        8508  -3.09820032       1.24140596      0.509999990    
        8510  -2.99112630       1.53491378      0.509999990    
        8512  -2.93137574       1.01480460      0.500000000    
        8514  -2.83587670      0.867484510      0.479999989    
        8516  -2.56070781       1.44285595      0.469999999    
        8518  -2.63773870       1.12919867      0.469999999    
        8520  -2.09432507       2.44323015      0.469999999    
        8522  -2.58974171      0.939493537      0.469999999    
        8524  -2.57401943      0.565378487      0.460000008    
        8526  -2.38993502      0.768651307      0.449999988    
        8528  -2.16955996       1.81195307      0.460000008    
        8530  -2.28866768       1.33882487      0.460000008    
        8532  -2.18190980       1.70841026      0.469999999    
        8534  -2.37563038       1.31365812      0.469999999    
        8536  -2.28409791       1.77526915      0.460000008    
        8538  -2.59994888       1.03697777      0.469999999    
        8540  -2.77667952       1.39038777      0.490000010    
        8542  -2.93033195      0.570803940      0.490000010    
        8544  -2.08543134       2.03242397      0.479999989    
        8546  -2.61507487       1.55303335      0.500000000    
        8548  -2.69844580       1.28167272      0.490000010    
        8550  -2.78876114      0.884539306      0.490000010    
        8552  -2.77427649       1.03906274      0.500000000    
        8554  -2.90461063      0.808437288      0.490000010    
        8556  -2.58266807       1.94467080      0.500000000    
        8558  -2.27156258       2.42040944      0.509999990    
        8560  -2.64624715       1.39798188      0.509999990    
        8562  -2.93440890      0.763454318      0.519999981    
        8564  -2.82018352       1.21375239      0.529999971    
        8566  -2.86427498      0.763649762      0.500000000    
        8568  -2.81252599       1.26465821      0.500000000    
        8570  -2.42373753       1.67600453      0.479999989    
        8572  -2.70138693       1.21077204      0.490000010    
        8574  -2.87865376       1.45792925      0.529999971    
        8576  -2.74555326       1.39358199      0.519999981    
        8578  -2.75129795       1.54680848      0.540000021    
        8580  -2.96322536       1.59593809      0.569999993    
        8582  -3.14068341       1.34601486      0.589999974    
        8584  -3.09652710       1.65102208      0.579999983    
        8586  -3.18922949       1.33774269      0.579999983    
        8588  -3.37936449      0.362775087      0.579999983    
        8590  -3.36802626      0.893399417      0.589999974    
        8592  -3.46127987      0.861857295      0.589999974    
        8594  -3.40163374       1.35402513      0.600000024    
        8596  -3.19872046       2.23422098      0.600000024    
        8598  -3.19585061       2.45919943      0.610000014    
        8600  -3.08723211       2.95651197      0.610000014    
        8602  -3.47900343       1.58569181      0.620000005    
        8604  -3.37556696       2.10121751      0.629999995    
        8606  -3.44485855       1.44695127      0.620000005    
        8608  -3.48754668       1.58831382      0.629999995    
        8610  -3.60449696       1.34084976      0.649999976    
        8612  -3.52232528       2.02015424      0.649999976    
        8614  -3.62903523       1.97025669      0.649999976    
        8616  -3.47374535       2.10839868      0.639999986    
        8618  -3.52413702       1.65685630      0.639999986    
        8620  -3.58779097      0.427805513      0.620000005    
        8622  -3.30897141       1.15312159      0.610000014    
        8624  -3.16102862       1.19365621      0.579999983    
        8626  -3.03243136       1.56428623      0.579999983    
        8628  -3.44663215      0.645276666      0.589999974    
        8630  -3.13588047       1.78164423      0.589999974    
        8632  -3.23697877       1.65075278      0.579999983    
        8634  -3.30236435       1.31028211      0.579999983    
        8636  -3.04383588       2.00293660      0.579999983    
        8638  -3.04073596       2.22874022      0.579999983    
        8640  -3.26621318       1.25041711      0.579999983    
        8642  -3.14123559       1.71914256      0.579999983    
        8644  -3.42745399       1.03216016      0.579999983    
        8646  -3.30412412       1.01306009      0.579999983    
        8648  -3.26427317       1.52104425      0.600000024    
        8650  -3.36580563       1.50349116      0.600000024    
        8652  -3.27078724       1.76072204      0.610000014    
        8654  -3.08199453       2.25036144      0.610000014    
        8656  -3.20946836       1.74589062      0.589999974    
        8658  -3.22448301       1.62696850      0.579999983    
        8660  -3.04592896       2.02302575      0.579999983    
        8662  -3.07151270       1.27431297      0.560000002    
        8664  -3.25092101      0.882559180      0.569999993    
        8666  -2.75618076       2.27660322      0.560000002    
        8668  -3.20022750       1.33896327      0.569999993    
        8670  -3.10911012       1.32884061      0.560000002    
        8672  -3.09102702       1.48254311      0.540000021    
        8674  -2.76817727       2.15434098      0.540000021    
        8676  -2.80229807       1.93156862      0.529999971    
        8678  -2.80592656       1.35673344      0.519999981    
        8680  -3.06773663      0.669315457      0.540000021    
        8682  -2.51105714       2.38015413      0.540000021    
        8684  -2.97852802       1.05820322      0.540000021    
        8686  -2.87060571       1.40577900      0.540000021    
        8688  -3.18595552       1.09333217      0.540000021    
        8690  -2.89237428       1.78338301      0.560000002    
        8692  -2.86074018       1.83915925      0.550000012    
        8694  -2.99321055       1.78801930      0.550000012    
        8696  -2.91495681       2.62082171      0.560000002    
        8698  -3.11993122       1.87830722      0.540000021    
        8700  -3.22770262       1.10807920      0.519999981    
        8702  -2.81063151       1.48011506      0.500000000    
        8704  -2.92817879       1.35809338      0.500000000    
        8706  -3.14017177       7.30215088E-02  0.479999989    
        8708  -2.70728588       1.23224974      0.479999989    
        8710  -2.57734013      0.756251931      0.449999988    
        8712  -2.56271648       1.32186282      0.460000008    
        8714  -2.63141966      0.761401296      0.449999988    
        8716  -2.76656055       1.11802006      0.479999989    
        8718  -2.68903375       1.37583184      0.490000010    
        8720  -2.85870552      0.650436163      0.490000010    
        8722  -2.78065753      0.868885756      0.509999990    
        8724  -2.84746242      0.966800988      0.519999981    
        8726  -2.92194080       1.37730551      0.519999981    
        8728  -2.76781178      0.888632298      0.500000000    
        8730  -2.76169038      0.736123323      0.500000000    
        8732  -2.97472763      0.705147028      0.519999981    
        8734  -2.85731983       1.42021704      0.540000021    
        8736  -2.93254161       1.01790035      0.540000021    
        8738  -3.19636011      0.344993293      0.529999971    
        8740  -2.74936318       1.52232969      0.519999981    
        8742  -2.97930002       1.23347616      0.529999971    
        8744  -3.33249664      -4.91197929E-02  0.540000021    
        8746  -3.18555069       1.05092227      0.540000021    
        8748  -3.02691483       1.06623530      0.529999971    
        8750  -2.82121158       2.15619802      0.519999981    
        8752  -2.89345646       1.90582240      0.540000021    
        8754  -2.72398949       2.75266957      0.540000021    
        8756  -3.12236118       1.46703613      0.540000021    
        8758  -3.05275083       1.27542841      0.509999990    
        8760  -2.74071240       1.39687693      0.500000000    
        8762  -3.10642815      0.877989292      0.519999981    
        8764  -2.95471406       1.75167334      0.540000021    
        8766  -3.03588843       1.20991457      0.529999971    
        8768  -3.28578258      0.839176595      0.540000021    
        8770  -3.24770021       1.50538445      0.560000002    
        8772  -3.32519102      0.883887351      0.569999993    
        8774  -3.27137399       1.40782189      0.569999993    
        8776  -3.07512784       1.29733229      0.550000012    
        8778  -2.95569634       1.32471347      0.529999971    
        8780  -2.95503950       1.50506759      0.540000021    
        8782  -2.88190627       2.09594297      0.560000002    
        8784  -2.76185107       2.38111877      0.560000002    
        8786  -3.29149890      0.607942283      0.560000002    
        8788  -3.12693191      0.851897299      0.560000002    
        8790  -2.85930824       1.09379792      0.540000021    
        8792  -3.03021264      0.677177608      0.529999971    
        8794  -2.85659862       1.42596388      0.540000021    
        8796  -2.81494665       1.68814874      0.550000012    
        8798  -2.88014650       1.00582874      0.550000012    
        8800  -2.83729553      0.958006918      0.540000021    
        8802  -3.12308836      0.704708278      0.560000002    
        8804  -3.14785242      0.903798163      0.569999993    
        8806  -2.96636915       1.66960967      0.579999983    
        8808  -3.24588633      0.527998865      0.579999983    
        8810  -3.01611805       1.16890943      0.569999993    
        8812  -2.92352057       1.37979794      0.569999993    
        8814  -2.92841816       1.16699588      0.560000002    
        8816  -2.98436713       1.44444239      0.560000002    
        8818  -2.87915111       1.34289849      0.569999993    
        8820  -3.20619655       8.69135112E-02  0.550000012    
        8822  -2.83637452       1.59026301      0.560000002    
        8824  -2.87373328      0.554388404      0.529999971    
        8826  -2.93138719       1.05812371      0.550000012    
        8828  -2.96445203      0.830393195      0.550000012    
        8830  -2.85098267       1.20806336      0.540000021    
        8832  -3.02206039       1.08711410      0.550000012    
        8834  -2.95769691       1.28423214      0.540000021    
        8836  -3.27373624      0.628498852      0.550000012    
        8838  -2.96326661       1.56596589      0.540000021    
        8840  -3.35951805       5.05259931E-02  0.540000021    
        8842  -3.19304466      0.691691518      0.540000021    
        8844  -3.07451177       1.09895349      0.540000021    
        8846  -3.06308722       1.16640985      0.540000021    
        8848  -2.81170416       2.13805914      0.529999971    
        8850  -2.90016103       1.71363199      0.529999971    
        8852  -3.16796732      0.761346817      0.550000012    
        8854  -3.23566103      0.629367948      0.550000012    
        8856  -3.21822357      0.443512708      0.560000002    
        8858  -3.31501341       1.04342544      0.569999993    
        8860  -2.99337149       1.60098958      0.569999993    
        8862  -3.19642591      0.943120599      0.569999993    
        8864  -2.97228789       1.82573891      0.560000002    
        8866  -3.11823821       1.51852179      0.569999993    
        8868  -3.00692844       1.67538261      0.540000021    
        8870  -3.02296376      0.830318630      0.509999990    
        8872  -2.82820344       1.02446318      0.500000000    
        8874  -2.73546267       1.44569063      0.500000000    
        8876  -2.69654369       1.42122936      0.469999999    
        8878  -2.86574554      0.698558390      0.469999999    
        8880  -2.85005522      0.701746762      0.490000010    
        8882  -2.51425052      0.701167405      0.469999999    
        8884  -2.27955341      0.473893434      0.430000007    
        8886  -2.28771830      0.280530214      0.419999987    
        8888  -2.26670218      0.839002430      0.430000007    
        8890  -2.25111175      0.432353258      0.419999987    
        8892  -2.48948526      0.913251519      0.460000008    
        8894  -2.21970034       1.72513986      0.469999999    
        8896  -2.57820177      0.605546474      0.439999998    
        8898  -2.19564509      0.772867620      0.419999987    
        8900  -2.00596189      0.773400843      0.379999995    
        8902  -2.36999249      0.537023127      0.389999986    
        8904  -2.31375337      0.429292887      0.389999986    
        8906  -2.20286179      0.305662185      0.379999995    
        8908  -2.25235438      0.262644708      0.370000005    
        8910  -2.18037033      0.711866081      0.370000005    
        8912  -1.96939540      0.552325308      0.370000005    
        8914  -1.73909414      0.973300993      0.349999994    
        8916  -2.07054043      0.534008741      0.370000005    
        8918  -1.99681199      0.900971532      0.389999986    
        8920  -2.21067405      0.799354196      0.409999996    
        8922  -2.11297274      0.765401244      0.409999996    
        8924  -2.31133795       1.11937547      0.439999998    
        8926  -2.35069513      0.918209195      0.439999998    
        8928  -2.51588488      0.725849390      0.439999998    
        8930  -2.21183562       1.32172537      0.469999999    
        8932  -2.35525513       1.06751156      0.469999999    
        8934  -2.44382834       1.16275132      0.479999989    
        8936  -2.56349921       1.17381120      0.490000010    
        8938  -2.65713382      0.875304997      0.479999989    
        8940  -2.56814289       1.04964173      0.490000010    
        8942  -2.79483390      0.628295779      0.500000000    
        8944  -2.60522532       1.46977425      0.509999990    
        8946  -2.92138290      0.580245316      0.519999981    
        8948  -2.66046143      0.940297723      0.509999990    
        8950  -2.67907429      0.728533506      0.509999990    
        8952  -2.85478973      0.624427021      0.509999990    
        8954  -2.93023610      0.908232391      0.519999981    
        8956  -2.73269224       1.60432708      0.519999981    
        8958  -2.98279953      0.562954724      0.509999990    
        8960  -2.70089078       1.55040634      0.519999981    
        8962  -2.84521341       1.21194196      0.509999990    
        8964  -2.68976641       1.16131711      0.490000010    
        8966  -2.73979616       1.36944711      0.500000000    
        8968  -2.76661539       1.53197312      0.519999981    
        8970  -2.78274703       1.74600673      0.519999981    
        8972  -2.82343125       1.49462366      0.529999971    
        8974  -2.98008442       1.53666019      0.540000021    
        8976  -2.81951618      0.958883464      0.529999971    
        8978  -2.82217956      0.976229906      0.529999971    
        8980  -2.94478559      0.774161637      0.540000021    
        8982  -2.72387576       1.53423154      0.529999971    
        8984  -2.77200937       1.19861233      0.509999990    
        8986  -2.60433459       2.23503351      0.529999971    
        8988  -3.04907537      0.506886005      0.519999981    
        8990  -2.79975033       1.36091697      0.519999981    
        8992  -2.76891088       1.35096705      0.509999990    
        8994  -2.70489669       1.02680194      0.500000000    
        8996  -2.55376148       1.39833653      0.490000010    
        8998  -2.24461842       2.60252070      0.509999990    
        9000  -2.57289171       1.39597785      0.500000000    
        9002  -2.57739258       1.06876004      0.479999989    
        9004  -2.72316551      0.971041322      0.490000010    
        9006  -2.78038120      0.800937831      0.490000010    
        9008  -2.90116906      0.724929750      0.519999981    
        9010  -2.43176603       2.08056474      0.519999981    
        9012  -2.88563204      0.564618111      0.519999981    
        9014  -2.68528175       1.35467839      0.519999981    
        9016  -2.70637560      0.953078926      0.509999990    
        9018  -3.06853175      0.857130170      0.529999971    
        9020  -3.04334497      0.667691290      0.519999981    
        9022  -3.05918884      0.599079251      0.529999971    
        9024  -2.95960522      0.925677359      0.550000012    
        9026  -2.76991320       1.83057356      0.540000021    
        9028  -3.11120343      0.741492331      0.550000012    
        9030  -3.02995038       1.27993262      0.540000021    
        9032  -3.01172113      0.817986906      0.529999971    
        9034  -2.74341011       1.60946989      0.529999971    
        9036  -3.04073405       1.06363773      0.529999971    
        9038  -3.11558509       1.02713966      0.529999971    
        9040  -3.22933674      0.639454305      0.550000012    
        9042  -3.25329161      0.248444945      0.540000021    
        9044  -3.20520544      0.809237361      0.550000012    
        9046  -2.99107027       1.25919855      0.540000021    
        9048  -2.99504089       1.01397657      0.529999971    
        9050  -2.89822197       1.13653040      0.529999971    
        9052  -2.76961040       1.03389800      0.509999990    
        9054  -2.97359538      0.650242150      0.529999971    
        9056  -2.87567592       1.60988832      0.529999971    
        9058  -2.83717108       1.71778119      0.540000021    
        9060  -2.84027314       1.82865965      0.550000012    
        9062  -3.02646446      0.752586901      0.540000021    
        9064  -2.95557761      0.938857436      0.519999981    
        9066  -2.88550091       1.21485674      0.529999971    
        9068  -3.00270152      0.438653588      0.509999990    
        9070  -2.77110887      0.648463964      0.500000000    
        9072  -2.78001142      0.951303959      0.500000000    
        9074  -2.91399169      0.463023037      0.509999990    
        9076  -2.63240743      0.603223443      0.479999989    
        9078  -2.44218254       1.18311965      0.500000000    
        9080  -2.54420185      0.836697161      0.500000000    
        9082  -2.68525648      0.291658372      0.500000000    
        9084  -2.54516006       1.07031870      0.500000000    
        9086  -2.46048260      0.692055583      0.479999989    
        9088  -2.58558106      0.379787862      0.469999999    
        9090  -2.45965362      0.889438689      0.479999989    
        9092  -2.64706421      0.883918643      0.500000000    
        9094  -2.57254362       1.33301866      0.509999990    
        9096  -2.84940290       1.05035830      0.519999981    
        9098  -2.62489247       1.52577972      0.529999971    
        9100  -2.73804736      0.988211155      0.509999990    
        9102  -2.78586960      0.794540405      0.509999990    
        9104  -2.70151281      0.940472305      0.509999990    
        9106  -2.82995176       1.07405174      0.519999981    
        9108  -2.89339399      0.707088351      0.500000000    
        9110  -2.78290749       1.06196666      0.490000010    
        9112  -2.70515633       1.43546164      0.519999981    
        9114  -3.00065470      0.730449617      0.509999990    
        9116  -2.81159902      0.624519944      0.490000010    
        9118  -2.83902740      0.731168509      0.490000010    
        9120  -2.80237174       1.12765634      0.500000000    
        9122  -2.75797176       1.27732408      0.500000000    
        9124  -2.39166307       1.94962442      0.490000010    
        9126  -2.59447265       1.18855786      0.469999999    
        9128  -2.77074313      0.677880406      0.479999989    
        9130  -2.70661640       1.17817187      0.479999989    
        9132  -2.83330727      0.442907661      0.460000008    
        9134  -2.87891650      0.665298164      0.479999989    
        9136  -3.13049817      0.635381460      0.500000000    
        9138  -2.54134297       1.59240294      0.479999989    
        9140  -2.90012670      0.474231809      0.479999989    
        9142  -3.03917456      0.567158163      0.490000010    
        9144  -2.71668911       1.46475196      0.479999989    
        9146  -2.90230393      0.913436770      0.479999989    
        9148  -2.47208261       1.71758986      0.469999999    
        9150  -2.95515037      0.913818836      0.490000010    
        9152  -2.88812590       1.07306170      0.490000010    
        9154  -2.72993159       1.94918299      0.519999981    
        9156  -2.67246938       1.41252005      0.509999990    
        9158  -2.86500740       1.08054352      0.509999990    
        9160  -2.78451586       1.05926216      0.519999981    
        9162  -2.49863935       1.62602091      0.509999990    
        9164  -2.83207393       1.07505786      0.500000000    
        9166  -2.82879567       1.54697371      0.509999990    
        9168  -2.72757673       1.49567485      0.500000000    
        9170  -2.66861963       1.33736885      0.460000008    
        9172  -2.88956523      0.416478902      0.439999998    
        9174  -2.45131326       1.27174175      0.460000008    
        9176  -2.76860023      0.133017376      0.449999988    
        9178  -2.49958229       1.35691571      0.449999988    
        9180  -2.66005802       1.28926182      0.419999987    
        9182  -2.67316437       1.17498791      0.449999988    
        9184  -2.66923213      0.972832918      0.449999988    
        9186  -2.68879247      0.739511669      0.439999998    
        9188  -2.77664065      0.643313766      0.460000008    
        9190  -2.66902304       1.21955955      0.460000008    
        9192  -2.89705658      0.738116860      0.469999999    
        9194  -2.74401999      0.823659658      0.469999999    
        9196  -2.82930613      0.463916004      0.500000000    
        9198  -2.69886851      0.755853653      0.490000010    
        9200  -2.85110450      0.760560215      0.479999989    
        9202  -2.66888928       1.43750739      0.479999989    
        9204  -2.92147565      0.532750547      0.490000010    
        9206  -2.77275896      0.652360201      0.479999989    
        9208  -2.83083510      0.520393372      0.479999989    
        9210  -2.69961071      0.530631602      0.469999999    
        9212  -2.63844013      0.689828336      0.469999999    
        9214  -2.52487969      0.745385349      0.460000008    
        9216  -2.82469010      0.507625043      0.469999999    
        9218  -2.75373411      0.840670407      0.490000010    
        9220  -2.87915516       1.07974696      0.500000000    
        9222  -2.72721910      0.839540541      0.469999999    
        9224  -2.70874166       1.06446493      0.469999999    
        9226  -2.47531056       1.52078581      0.460000008    
        9228  -2.63142300      0.932857811      0.449999988    
        9230  -2.42089725       1.24936152      0.439999998    
        9232  -2.27135801       1.21066105      0.439999998    
        9234  -2.63813090       1.31677759      0.479999989    
        9236  -2.66003776      0.881641030      0.449999988    
        9238  -2.43175530      0.911440194      0.460000008    
        9240  -2.46220517       1.20836139      0.469999999    
        9242  -2.53904128       1.03019917      0.469999999    
        9244  -2.68709850      0.882699966      0.469999999    
        9246  -2.26224804       1.78870189      0.469999999    
        9248  -2.92165804      0.610514760      0.500000000    
        9250  -2.88599348      0.606482983      0.500000000    
        9252  -2.87193871      0.607445776      0.500000000    
        9254  -2.72603393      0.465722293      0.490000010    
        9256  -2.90573168      0.489016682      0.490000010    
        9258  -2.75549984      0.439623356      0.479999989    
        9260  -2.67235541       1.36355400      0.509999990    
        9262  -2.87559080      0.793108821      0.519999981    
        9264  -2.86652708      0.560005963      0.519999981    
        9266  -3.04189253      0.484580278      0.529999971    
        9268  -2.85068607       1.40399492      0.550000012    
        9270  -2.82258224       1.54570746      0.540000021    
        9272  -3.17734838      0.416027158      0.540000021    
        9274  -3.15473008      0.337828308      0.540000021    
        9276  -2.99396038       1.07958829      0.540000021    
        9278  -3.08256841      0.732897162      0.540000021    
        9280  -2.98872066      0.532704532      0.519999981    
        9282  -2.83510303      0.287993610      0.500000000    
        9284  -2.60588670      0.937237263      0.500000000    
        9286  -2.25651813       1.47182918      0.479999989    
        9288  -2.49180245       1.22486103      0.490000010    
        9290  -2.64848971      0.569999337      0.490000010    
        9292  -2.58015656       1.31916857      0.500000000    
        9294  -2.93960524      0.983043432      0.509999990    
        9296  -3.06493711      0.589645505      0.509999990    
        9298  -2.84495068       1.15310729      0.509999990    
        9300  -2.93862867      0.556166887      0.500000000    
        9302  -2.82317877       1.09013665      0.490000010    
        9304  -3.02474332      0.432744324      0.490000010    
        9306  -2.78037214       1.08624017      0.490000010    
        9308  -3.00109124      0.755718768      0.500000000    
        9310  -2.81997490       1.45618796      0.490000010    
        9312  -2.99981499      0.947379708      0.479999989    
        9314  -2.76554275      0.440056384      0.469999999    
        9316  -2.37381697       1.37262857      0.469999999    
        9318  -2.56137276      0.688773394      0.449999988    
        9320  -2.67765594      0.202518418      0.449999988    
        9322  -2.38455677      0.748861015      0.439999998    
        9324  -2.49739981      0.954404294      0.469999999    
        9326  -2.64118528      0.308143049      0.469999999    
        9328  -2.69776320      0.264788836      0.469999999    
        9330  -2.47461581       1.26781714      0.479999989    
        9332  -2.24233603       1.64457810      0.490000010    
        9334  -2.70979214      0.471771389      0.479999989    
        9336  -2.81641412      0.497133672      0.500000000    
        9338  -2.52612162       1.28893960      0.490000010    
        9340  -2.61210752       1.36056376      0.509999990    
        9342  -2.63213730       1.06427860      0.500000000    
        9344  -2.64523602       1.11101007      0.529999971    
        9346  -2.77298188       1.57868218      0.540000021    
        9348  -2.85179639       1.51372135      0.540000021    
        9350  -3.04589486       1.31472981      0.560000002    
        9352  -3.14514589       1.12287343      0.560000002    
        9354  -3.04282999       1.26397645      0.569999993    
        9356  -3.16509557      0.956190169      0.569999993    
        9358  -3.20729089       1.48954391      0.579999983    
        9360  -2.81284976       2.39689350      0.569999993    
        9362  -3.15365767       1.77682209      0.610000014    
        9364  -3.10329795       1.56035912      0.589999974    
        9366  -3.29091954       1.53249502      0.579999983    
        9368  -2.89630961       2.32868791      0.589999974    
        9370  -3.15029120       1.72082102      0.579999983    
        9372  -3.48361373      0.171116203      0.579999983    
        9374  -3.09327173      0.763025939      0.560000002    
        9376  -2.85953236       1.22125065      0.540000021    
        9378  -2.89532256       1.66400838      0.560000002    
        9380  -3.08389306       1.00973845      0.550000012    
        9382  -2.84119558       1.78731430      0.550000012    
        9384  -3.24379563       1.08516550      0.550000012    
        9386  -2.95280075       1.44455981      0.540000021    
        9388  -2.89694929       1.53617656      0.529999971    
        9390  -2.80837393       1.65820515      0.529999971    
        9392  -3.12674546       1.65851569      0.560000002    
        9394  -3.06786156       2.01312947      0.550000012    
        9396  -3.30893636       1.14561248      0.540000021    
        9398  -3.27382588      0.799305379      0.560000002    
        9400  -3.41505146      0.494747043      0.569999993    
        9402  -3.30110073      0.848104179      0.560000002    
        9404  -3.12475395       1.27755797      0.540000021    
        9406  -3.18549943      0.849568307      0.540000021    
        9408  -3.06696200       1.25915384      0.540000021    
        9410  -2.87862730       1.60971630      0.529999971    
        9412  -2.86954737       1.57467294      0.529999971    
        9414  -2.83012962       1.54117417      0.529999971    
        9416  -2.97142243       1.62567008      0.550000012    
        9418  -3.02569270       1.39071953      0.540000021    
        9420  -2.86088037       1.54872894      0.550000012    
        9422  -3.07304549       1.26490307      0.560000002    
        9424  -3.07782602      0.988527834      0.550000012    
        9426  -2.84777737      0.724764764      0.519999981    
        9428  -2.64412713       1.20984244      0.519999981    
        9430  -2.82342744      0.876639128      0.519999981    
        9432  -2.89245987      0.597669840      0.519999981    
        9434  -3.01071000       1.11504042      0.550000012    
        9436  -2.98937869       1.20991266      0.560000002    
        9438  -2.93397069       1.69893515      0.579999983    
        9440  -2.92913246       1.40587509      0.569999993    
        9442  -2.95107007       1.25568223      0.569999993    
        9444  -3.08445525       1.57877147      0.589999974    
        9446  -2.87870359       2.30047894      0.589999974    
        9448  -2.99622631       1.79469681      0.579999983    
        9450  -3.29208803      0.537945271      0.579999983    
        9452  -2.91406369       1.53675354      0.579999983    
        9454  -3.12316632      0.924641311      0.579999983    
        9456  -3.19521546       1.29392099      0.610000014    
        9458  -3.40708899      0.958098233      0.600000024    
        9460  -3.47319651       1.12604201      0.600000024    
        9462  -3.09456682       2.52471590      0.600000024    
        9464  -3.30124688       1.50241780      0.600000024    
        9466  -3.21554732       1.44289303      0.579999983    
        9468  -2.94202900       1.92080963      0.579999983    
        9470  -2.99211931       1.53030181      0.569999993    
        9472  -2.78441167       1.87751734      0.560000002    
        9474  -2.85348082       1.57227385      0.550000012    
        9476  -2.96403885       1.83130407      0.560000002    
        9478  -2.94029355       1.88366687      0.560000002    
        9480  -2.84438181       1.74899447      0.550000012    
        9482  -2.98974705       1.36451471      0.550000012    
        9484  -3.04443860       1.01474643      0.540000021    
        9486  -2.73763132       1.77364492      0.540000021    
        9488  -3.16648984      0.978741288      0.560000002    
        9490  -3.06257939       1.04179561      0.550000012    
        9492  -3.11577201      0.389647573      0.519999981    
        9494  -2.95673275      0.443189830      0.500000000    
        9496  -2.97459388       1.19190598      0.509999990    
        9498  -2.86388087       1.17360413      0.509999990    
        9500  -2.86299300       1.40965140      0.519999981    
        9502  -2.90256310       1.41776025      0.529999971    
        9504  -2.88312888       1.08471739      0.519999981    
        9506  -2.90071940      0.925515711      0.519999981    
        9508  -2.81879854       1.21981657      0.509999990    
        9510  -2.86238408      0.751540065      0.509999990    
        9512  -2.81985998       1.39006758      0.519999981    
        9514  -2.74164200       1.63143444      0.519999981    
        9516  -2.89081717      0.630010247      0.500000000    
        9518  -3.06630039      0.248052165      0.509999990    
        9520  -2.58266234       1.53229618      0.500000000    
        9522  -2.72886157       1.73937154      0.519999981    
        9524  -2.88354087       1.61041319      0.519999981    
        9526  -2.77050829       1.73209250      0.509999990    
        9528  -3.07407856       1.11329746      0.519999981    
        9530  -2.78040624       1.82682073      0.529999971    
        9532  -2.85030198       2.03354979      0.540000021    
        9534  -3.22626591      0.720339358      0.540000021    
        9536  -3.06450295      0.920748234      0.550000012    
        9538  -3.09801221       1.59782386      0.560000002    
        9540  -3.00731874       2.04014921      0.579999983    
        9542  -3.16273093       1.24845171      0.579999983    
        9544  -3.30264544      0.927698493      0.579999983    
        9546  -3.23529005       1.79338729      0.579999983    
        9548  -3.17877603       1.49508893      0.579999983    
        9550  -3.20082593      0.927228034      0.579999983    
        9552  -3.21756268      0.659001946      0.579999983    
        9554  -2.97480273       1.71515977      0.569999993    
        9556  -3.15512872       1.41482031      0.569999993    
        9558  -3.20277572       1.14965940      0.569999993    
        9560  -2.91325521       2.22996449      0.569999993    
        9562  -2.80144238       2.68229079      0.569999993    
        9564  -3.19070220       1.31367815      0.560000002    
        9566  -3.11288929       1.56722283      0.550000012    
        9568  -3.24065900       1.13512743      0.540000021    
        9570  -3.24817777      0.786391973      0.529999971    
        9572  -3.17850161      0.652737141      0.519999981    
        9574  -3.10765123      0.710247874      0.529999971    
        9576  -3.21431065      0.725125968      0.529999971    
        9578  -3.42666984      0.257028639      0.540000021    
        9580  -3.27758479      0.824586689      0.540000021    
        9582  -3.12423539       1.00629079      0.550000012    
        9584  -2.70589566       1.70881438      0.529999971    
        9586  -2.98996496       1.71461987      0.550000012    
        9588  -3.31286740       1.03081322      0.560000002    
        9590  -2.94032717       1.45647120      0.560000002    
        9592  -2.95378661       1.62867141      0.569999993    
        9594  -2.64396477       3.07611609      0.579999983    
        9596  -3.18369818       1.58231509      0.579999983    
        9598  -3.07818580       1.68864560      0.560000002    
        9600  -3.04038787       2.10562706      0.579999983    
        9602  -3.16829538       1.84991181      0.589999974    
        9604  -2.86443114       2.94490290      0.589999974    
        9606  -3.50990653       1.20795226      0.600000024    
        9608  -3.38950515       2.10577703      0.620000005    
        9610  -3.31729650       2.53091812      0.620000005    
        9612  -3.47779369       1.93819571      0.620000005    
        9614  -3.51403904       1.57829630      0.629999995    
        9616  -3.35325742       2.66407371      0.629999995    
        9618  -3.47059536       2.49382305      0.639999986    
        9620  -3.52666402       1.99556708      0.629999995    
        9622  -3.43307137       1.84195566      0.620000005    
        9624  -3.30610728       2.10847855      0.620000005    
        9626  -3.52145123       1.25542843      0.610000014    
        9628  -3.33098197       1.79438055      0.600000024    
        9630  -3.41619825       1.74227512      0.610000014    
        9632  -3.45620942       1.26574624      0.589999974    
        9634  -3.70582175      0.280549407      0.589999974    
        9636  -3.26752496       1.56264663      0.579999983    
        9638  -3.48723984      0.902067482      0.569999993    
        9640  -3.21035504       1.51749408      0.569999993    
        9642  -3.49202943      0.888152540      0.579999983    
        9644  -3.22880244       1.28000927      0.579999983    
        9646  -3.33024812      0.741025090      0.569999993    
        9648  -3.46125865      0.515697241      0.579999983    
        9650  -3.31761503      0.526366055      0.579999983    
        9652  -3.10345554       1.94694901      0.579999983    
        9654  -3.32118726       1.16766000      0.569999993    
        9656  -3.32415748       1.11408424      0.579999983    
        9658  -3.55944085      0.430123806      0.560000002    
        9660  -3.32173014      0.930474818      0.550000012    
        9662  -3.02667880       1.79385602      0.569999993    
        9664  -2.79466987       1.60978460      0.540000021    
        9666  -2.91855931       1.30476081      0.540000021    
        9668  -3.22108340      0.956384957      0.550000012    
        9670  -2.93907404       1.87317586      0.550000012    
        9672  -3.15199828       1.21872604      0.540000021    
        9674  -3.12708831       1.58958077      0.550000012    
        9676  -2.96709132       1.91517174      0.550000012    
        9678  -3.02390265       1.27505219      0.540000021    
        9680  -2.86131644       1.62346900      0.550000012    
        9682  -2.95322680       1.37371576      0.550000012    
        9684  -3.04708838       1.13551772      0.569999993    
        9686  -3.17777681       1.22932005      0.579999983    
        9688  -3.00084043       1.89130080      0.589999974    
        9690  -3.04652357       1.33966804      0.569999993    
        9692  -3.11876035      0.922677159      0.569999993    
        9694  -3.07472944       1.31650102      0.579999983    
        9696  -3.20184541       1.29445875      0.589999974    
        9698  -3.24381804       1.26171017      0.589999974    
        9700  -3.17322636       1.28038454      0.589999974    
        9702  -3.33922553       1.04224563      0.589999974    
        9704  -3.00467110       2.38074374      0.600000024    
        9706  -3.10132003       1.88405383      0.579999983    
        9708  -3.13948464       1.71114254      0.579999983    
        9710  -3.40356302      0.845524788      0.579999983    
        9712  -3.40408683       1.25112140      0.589999974    
        9714  -3.36099243       1.43442500      0.589999974    
        9716  -3.21705675       2.45819068      0.600000024    
        9718  -3.40332580       2.10962868      0.600000024    
        9720  -3.32447243       2.09918237      0.610000014    
        9722  -3.38572717       2.16748571      0.610000014    
        9724  -3.60311770       1.33964503      0.620000005    
        9726  -3.39100623       2.93308949      0.629999995    
        9728  -3.32898641       2.97761583      0.639999986    
        9730  -3.63740849       1.87889397      0.639999986    
        9732  -3.62789798       1.80347955      0.639999986    
        9734  -3.58331895       1.82896864      0.649999976    
        9736  -3.53895140       2.14213085      0.639999986    
        9738  -3.40368009       2.54673481      0.629999995    
        9740  -3.69839811       1.57593405      0.629999995    
        9742  -3.79489160       1.86835134      0.649999976    
        9744  -4.10263824       1.22587800      0.649999976    
        9746  -3.74390340       2.62580442      0.660000026    
        9748  -3.78711343       1.58724844      0.639999986    
        9750  -3.68151259       1.59565234      0.649999976    
        9752  -3.64781094       1.88149500      0.660000026    
        9754  -3.71931863       1.50355804      0.660000026    
        9756  -3.55074263       1.70713413      0.649999976    
        9758  -3.59448385       1.50862300      0.649999976    
        9760  -3.39427400       2.04110479      0.660000026    
        9762  -3.52567029       2.39766240      0.660000026    
        9764  -3.71879959       1.41692209      0.649999976    
        9766  -3.38186932       2.75429726      0.639999986    
        9768  -3.70482349       1.31134915      0.629999995    
        9770  -3.40354395       2.38559222      0.629999995    
        9772  -3.38339996       2.50905180      0.620000005    
        9774  -3.36794162       2.36892772      0.629999995    
        9776  -3.67673206       1.42977262      0.629999995    
        9778  -3.36641383       1.82680964      0.620000005    
        9780  -3.38907862       1.58471930      0.610000014    
        9782  -3.19251752       2.08836102      0.600000024    
        9784  -2.84812880       2.53076243      0.589999974    
        9786  -2.83582044       2.18166280      0.579999983    
        9788  -2.86968350       1.98175526      0.569999993    
        9790  -3.01997137       2.12157559      0.589999974    
        9792  -3.10811353       1.56608319      0.589999974    
        9794  -3.25940013       1.07366145      0.600000024    
        9796  -3.08689666       1.69227469      0.589999974    
        9798  -3.31423354       1.06789923      0.600000024    
        9800  -3.11139560       1.41160452      0.600000024    
        9802  -3.10369730       1.55145466      0.600000024    
        9804  -3.00101709       1.32726061      0.579999983    
        9806  -3.15278339      0.926367044      0.569999993    
        9808  -3.37663245      0.529331505      0.579999983    
        9810  -3.01381826       1.13623059      0.560000002    
        9812  -3.01940250       1.38458157      0.560000002    
        9814  -3.22268391       1.20705748      0.569999993    
        9816  -2.86967611       2.33627772      0.569999993    
        9818  -2.76321435       2.65896988      0.569999993    
        9820  -2.88880849       1.85396802      0.569999993    
        9822  -3.07482910      0.868477643      0.560000002    
        9824  -3.15561962      0.572409928      0.560000002    
        9826  -2.93233538       1.50562859      0.560000002    
        9828  -3.03451300       1.03930748      0.550000012    
        9830  -3.01326966       1.32571030      0.550000012    
        9832  -3.02293539       1.45280766      0.550000012    
        9834  -3.26894283      0.879096031      0.560000002    
        9836  -3.10507274       1.05360949      0.550000012    
        9838  -3.17510295       1.16357839      0.550000012    
        9840  -3.30666280       1.08816803      0.589999974    
        9842  -3.30191016       1.58104670      0.600000024    
        9844  -3.39429998      0.938456953      0.579999983    
        9846  -3.31106639       1.00749111      0.569999993    
        9848  -3.30546546       1.33134305      0.569999993    
        9850  -3.40101385      0.735850334      0.569999993    
        9852  -3.26265001      0.703297794      0.569999993    
        9854  -3.29626966       1.05701590      0.579999983    
        9856  -3.19475675       1.09281528      0.579999983    
        9858  -3.37291217      0.455078781      0.579999983    
        9860  -3.25703001      0.388688087      0.579999983    
        9862  -3.07659149       1.04496670      0.569999993    
        9864  -3.15933394      0.566000044      0.569999993    
        9866  -3.11349773      0.399248391      0.569999993    
        9868  -3.19627237      0.420224041      0.569999993    
        9870  -3.13391137      0.454930186      0.560000002    
        9872  -2.63783407       2.22203565      0.550000012    
        9874  -2.77270246       1.54584002      0.529999971    
        9876  -3.09293294      0.876033485      0.550000012    
        9878  -3.06585765       1.17356968      0.550000012    
        9880  -2.89404702       1.43013549      0.529999971    
        9882  -2.92062449       1.06603968      0.519999981    
        9884  -2.98723841      0.777019441      0.529999971    
        9886  -2.58560586       2.07601976      0.529999971    
        9888  -2.75214934       1.83904612      0.540000021    
        9890  -2.95376086       1.74268627      0.569999993    
        9892  -3.13552809       1.35111094      0.569999993    
        9894  -2.57153583       3.11915755      0.560000002    
        9896  -3.03690314       1.36266255      0.560000002    
        9898  -2.97786760       1.33447647      0.560000002    
        9900  -3.07697296       1.03474188      0.560000002    
        9902  -3.03941274      0.933293462      0.540000021    
        9904  -2.92484236       1.62556136      0.540000021    
        9906  -3.07211280      0.915840149      0.529999971    
        9908  -2.74149728       2.00964165      0.529999971    
        9910  -2.91505861       1.10605156      0.500000000    
        9912  -2.91882420       1.12328339      0.500000000    
        9914  -3.03004456      0.766941905      0.500000000    
        9916  -2.99921894      0.721032023      0.500000000    
        9918  -3.35849738     -0.167065993      0.509999990    
        9920  -3.13317347      0.454508871      0.509999990    
        9922  -2.86669779      0.721002877      0.500000000    
        9924  -2.51829767       1.91608739      0.490000010    
        9926  -2.79210997      0.950116992      0.500000000    
        9928  -3.05881763      0.892096758      0.529999971    
        9930  -2.87726855       1.44812536      0.529999971    
        9932  -2.96749377       1.01946437      0.529999971    
        9934  -2.83674169       1.55519354      0.500000000    
        9936  -2.89225531       1.67182302      0.519999981    
        9938  -2.62430048       1.64473760      0.490000010    
        9940  -2.86317515       1.35160029      0.519999981    
        9942  -2.74047399       1.79416442      0.529999971    
        9944  -2.76677084       1.11291838      0.519999981    
        9946  -2.89446688      0.865287125      0.519999981    
        9948  -3.00778294       1.23961902      0.540000021    
        9950  -2.93065286       1.15725362      0.519999981    
        9952  -2.77192760       2.18524575      0.540000021    
        9954  -3.18796349       3.83418463E-02  0.519999981    
        9956  -2.99163628      0.995097280      0.529999971    
        9958  -3.10491705      0.763511837      0.540000021    
        9960  -2.92115140       1.38150680      0.550000012    
        9962  -2.90800214       1.22970414      0.550000012    
        9964  -3.34480929       6.74993768E-02  0.569999993    
        9966  -3.29732370      0.727530837      0.579999983    
        9968  -2.93672013       1.64696658      0.569999993    
        9970  -3.08178782       1.11743855      0.560000002    
        9972  -2.74454236       1.74608994      0.550000012    
        9974  -2.77418542       2.16079450      0.560000002    
        9976  -2.63810587       1.50406086      0.540000021    
        9978  -2.67844868       1.26631474      0.519999981    
        9980  -2.43790913       1.34967005      0.500000000    
        9982  -2.57661986       1.81883788      0.509999990    
        9984  -2.63007331      0.892342210      0.519999981    
        9986  -2.63771796       1.51961541      0.509999990    
        9988  -2.74132323       1.87888849      0.529999971    
        9990  -2.80359721      0.959456980      0.529999971    
        9992  -2.70690870       1.59901118      0.540000021    
        9994  -2.94519544       1.49798286      0.569999993    
        9996  -3.00644517       1.46666348      0.569999993    
        9998  -2.93669248       1.85170579      0.569999993    
       10000  -3.21321273      0.766223550      0.569999993    
