           2  -3.85062647       3.10838771      0.730000019    
           4  -3.80465984       3.12091470      0.730000019    
           6  -3.49727345       4.35449171      0.730000019    
           8  -3.72788048       3.79274797      0.730000019    
          10  -3.90142941       2.65230560      0.720000029    
          12  -3.80058742       2.96314526      0.720000029    
          14  -3.82362771       3.10823941      0.720000029    
          16  -3.82846427       2.86904573      0.709999979    
          18  -3.79520011       2.57051778      0.699999988    
          20  -3.95018029       2.05701280      0.699999988    
          22  -3.83084488       2.36884332      0.699999988    
          24  -3.70163274       2.42951655      0.680000007    
          26  -3.72728348       2.86641526      0.699999988    
          28  -3.64355421       3.11163521      0.689999998    
          30  -3.74489999       2.70307970      0.689999998    
          32  -3.62831998       3.14844704      0.689999998    
          34  -3.67631078       2.65080380      0.689999998    
          36  -3.53407145       3.32184362      0.699999988    
          38  -3.51997662       3.01885724      0.699999988    
          40  -3.76613712       2.11576343      0.699999988    
          42  -3.62553358       2.95878673      0.699999988    
          44  -3.85182476       1.94849384      0.699999988    
          46  -3.60139084       3.17029738      0.699999988    
          48  -3.66327929       2.68001366      0.699999988    
          50  -3.72187209       2.82959676      0.699999988    
          52  -3.74765372       2.34049439      0.689999998    
          54  -4.05689621      0.911283612      0.689999998    
          56  -3.94727921       1.28624356      0.689999998    
          58  -4.15565491      0.766571760      0.689999998    
          60  -3.51274014       3.31297636      0.689999998    
          62  -3.64433479       2.45524669      0.670000017    
          64  -3.57664704       2.51812291      0.670000017    
          66  -3.65207887       1.81744790      0.670000017    
          68  -3.61129522       2.36545992      0.680000007    
          70  -3.54399848       2.71290588      0.680000007    
          72  -3.61066389       2.61723638      0.670000017    
          74  -3.63977313       2.35201693      0.670000017    
          76  -3.80265069       1.68796527      0.680000007    
          78  -3.46517611       2.80992723      0.670000017    
          80  -3.48759127       2.82880306      0.670000017    
          82  -3.41071272       3.39903188      0.670000017    
          84  -3.57575607       3.40384173      0.670000017    
          86  -3.69320250       2.66929007      0.660000026    
          88  -3.71141100       1.96024382      0.660000026    
          90  -3.59737730       2.45155621      0.670000017    
          92  -3.75898504       1.97600341      0.670000017    
          94  -3.73238373       1.61456406      0.670000017    
          96  -3.75563002       1.36640012      0.670000017    
          98  -3.85062981       1.32779324      0.680000007    
         100  -3.92410374       1.29553437      0.680000007    
         102  -3.92115760       1.52919614      0.680000007    
         104  -3.95754218       1.88773143      0.699999988    
         106  -3.90244818       2.70054746      0.709999979    
         108  -3.64947772       3.71631885      0.709999979    
         110  -3.66522455       3.45659614      0.709999979    
         112  -3.38969564       4.56807470      0.709999979    
         114  -3.40789437       5.32546139      0.730000019    
         116  -3.71812749       3.90468240      0.730000019    
         118  -3.82810473       3.44731545      0.730000019    
         120  -3.91882634       2.54245424      0.720000029    
         122  -3.58315039       3.98285508      0.730000019    
         124  -3.80285621       2.93326068      0.709999979    
         126  -4.10378933       1.92537212      0.709999979    
         128  -3.70825768       3.28565645      0.689999998    
         130  -3.86122656       3.03941250      0.699999988    
         132  -3.86855602       2.94039488      0.699999988    
         134  -3.97037768       2.59524512      0.699999988    
         136  -4.03755903       2.68739510      0.709999979    
         138  -3.90233493       2.52087474      0.699999988    
         140  -3.88991785       2.97491884      0.699999988    
         142  -4.23082066       1.64661372      0.699999988    
         144  -4.27408743       1.36262333      0.709999979    
         146  -4.31248569       1.02144647      0.699999988    
         148  -4.04272795       1.69983637      0.689999998    
         150  -3.72434783       2.37736630      0.689999998    
         152  -3.70452166       2.53725362      0.689999998    
         154  -3.81148624       1.68182302      0.680000007    
         156  -3.85236645       1.26907218      0.680000007    
         158  -3.79253507       1.34804368      0.670000017    
         160  -3.70059657       1.64699209      0.680000007    
         162  -3.98067236      0.645845115      0.680000007    
         164  -3.87246585      0.860910773      0.670000017    
         166  -3.98854232      0.598817408      0.670000017    
         168  -3.41636086       1.86656463      0.660000026    
         170  -3.74403811      0.899859488      0.660000026    
         172  -3.79759145      0.487155557      0.660000026    
         174  -3.49832845      0.729672551      0.629999995    
         176  -3.44390512      0.992607176      0.629999995    
         178  -3.48330998      0.973273098      0.639999986    
         180  -3.53249812      0.766340852      0.629999995    
         182  -3.29579377       1.70363319      0.629999995    
         184  -3.33975291       1.36592150      0.629999995    
         186  -3.14296889       2.31406927      0.629999995    
         188  -3.55327415      0.842919827      0.629999995    
         190  -3.58900690      0.426865608      0.629999995    
         192  -3.35096979       1.37417734      0.629999995    
         194  -3.57809949      0.772563934      0.629999995    
         196  -3.39819002       1.43298793      0.620000005    
         198  -3.35196996       1.64366007      0.620000005    
         200  -3.42976594       1.85123110      0.629999995    
         202  -3.57300782       1.25332057      0.629999995    
         204  -3.52076578       1.48551011      0.629999995    
         206  -3.62064242       1.20329261      0.629999995    
         208  -3.42768574       1.95024204      0.629999995    
         210  -3.29094672       1.92094243      0.620000005    
         212  -3.31839299       2.41323376      0.639999986    
         214  -3.17594314       2.75391054      0.639999986    
         216  -3.46847272       2.18871903      0.660000026    
         218  -3.59705544       1.78984201      0.670000017    
         220  -3.48531556       2.18112636      0.670000017    
         222  -3.26125264       3.37902451      0.670000017    
         224  -3.38629985       2.59429121      0.670000017    
         226  -3.40979838       2.82371616      0.670000017    
         228  -3.54696155       2.36965966      0.670000017    
         230  -3.67018080       1.46405578      0.660000026    
         232  -3.57104516       1.58483958      0.660000026    
         234  -3.71034813       1.27490544      0.649999976    
         236  -3.60235572       1.17409706      0.639999986    
         238  -3.47153401       1.51660824      0.629999995    
         240  -3.35298777       2.05487823      0.629999995    
         242  -3.15836000       2.70486403      0.639999986    
         244  -3.41488194       1.73457170      0.639999986    
         246  -3.38512588       1.78888559      0.639999986    
         248  -3.01361489       2.99912882      0.639999986    
         250  -3.23265028       2.47765279      0.639999986    
         252  -3.48434734       1.55986989      0.639999986    
         254  -3.59407306      0.797424316      0.639999986    
         256  -3.27261567       1.63849819      0.620000005    
         258  -3.47423458       1.21049380      0.620000005    
         260  -3.39099121       1.36717427      0.610000014    
         262  -3.34215236       1.56177473      0.620000005    
         264  -3.20541716       2.15430760      0.620000005    
         266  -3.56446147      0.387886345      0.610000014    
         268  -3.10993814       1.70296192      0.589999974    
         270  -3.33081365      0.717613876      0.579999983    
         272  -3.17670202       1.20941329      0.579999983    
         274  -3.32981563       1.34118330      0.610000014    
         276  -3.47432899       1.44848239      0.629999995    
         278  -3.61459398       1.36289430      0.639999986    
         280  -3.61443830       1.73141539      0.639999986    
         282  -3.35448551       2.66847658      0.639999986    
         284  -3.15412474       3.41652584      0.649999976    
         286  -3.18376684       3.24385810      0.649999976    
         288  -3.35605001       2.50211835      0.649999976    
         290  -3.31903672       2.22147727      0.629999995    
         292  -3.61628461      0.941751540      0.620000005    
         294  -3.53214645       1.83364189      0.629999995    
         296  -3.33389258       2.38464785      0.620000005    
         298  -3.45141768       2.11162615      0.620000005    
         300  -3.61953998       1.51109672      0.629999995    
         302  -3.57810640       1.63323939      0.629999995    
         304  -3.34220123       2.36129379      0.629999995    
         306  -3.52842283       1.03982878      0.610000014    
         308  -3.42376781       1.53505015      0.610000014    
         310  -3.51032352      0.873208702      0.610000014    
         312  -3.48805737      0.709176302      0.600000024    
         314  -3.21029663       1.61601841      0.589999974    
         316  -3.27798986       1.20630336      0.600000024    
         318  -3.23242736       1.65973330      0.610000014    
         320  -3.28771806       1.73209596      0.610000014    
         322  -3.10529518       2.65542650      0.610000014    
         324  -3.41281009       1.20561695      0.610000014    
         326  -3.42493105       1.77103376      0.610000014    
         328  -3.14568901       2.06306267      0.600000024    
         330  -3.29288507       1.70436966      0.600000024    
         332  -3.39475250       1.57261157      0.610000014    
         334  -3.40448856       1.95151532      0.620000005    
         336  -3.38489294       1.94792283      0.620000005    
         338  -3.47925591       1.65180695      0.620000005    
         340  -3.33745599       1.98897159      0.610000014    
         342  -3.38697433       1.69288170      0.620000005    
         344  -3.07182479       2.83549905      0.620000005    
         346  -3.31524253       1.97599816      0.620000005    
         348  -3.36433434       2.08478975      0.639999986    
         350  -3.46521997       1.60381269      0.639999986    
         352  -3.41413999       1.68560374      0.639999986    
         354  -3.34500003       2.05265927      0.649999976    
         356  -3.43130922       1.85644078      0.649999976    
         358  -3.49973369       1.73823225      0.649999976    
         360  -3.67408609       1.21640670      0.649999976    
         362  -3.71092081      0.866476953      0.639999986    
         364  -3.40252471       2.12480831      0.639999986    
         366  -3.37525511       2.15482283      0.629999995    
         368  -3.55234885       1.30737901      0.639999986    
         370  -3.73897076      0.799537718      0.649999976    
         372  -3.62332487       1.32028270      0.649999976    
         374  -3.57014894       1.49090827      0.649999976    
         376  -3.39448214       2.27092242      0.660000026    
         378  -3.58696890       1.75849998      0.649999976    
         380  -3.53678346       1.81840646      0.649999976    
         382  -3.43937397       2.47813511      0.649999976    
         384  -3.41890240       2.69967318      0.649999976    
         386  -3.58473516       2.34782481      0.660000026    
         388  -3.65426540       2.20044923      0.660000026    
         390  -3.41515350       3.35663629      0.660000026    
         392  -3.74786901       1.89033091      0.670000017    
         394  -3.83606744       1.83014154      0.660000026    
         396  -3.65001273       2.00212502      0.660000026    
         398  -3.41138506       3.08077335      0.670000017    
         400  -3.73163319       2.09681082      0.670000017    
         402  -3.70081258       1.96402514      0.670000017    
         404  -3.77806282       1.23462152      0.670000017    
         406  -3.78176880       1.45064259      0.670000017    
         408  -3.53614450       2.81860161      0.670000017    
         410  -3.54160166       2.17867947      0.670000017    
         412  -3.61541605       2.16579390      0.670000017    
         414  -3.43995762       2.61797738      0.639999986    
         416  -3.43376374       1.87783706      0.620000005    
         418  -3.21325183       3.02044511      0.620000005    
         420  -3.24261856       1.91078269      0.610000014    
         422  -3.17505074       1.92529035      0.610000014    
         424  -3.30493665       2.58193851      0.610000014    
         426  -3.33113217       2.59473991      0.610000014    
         428  -3.29814529       2.76828265      0.600000024    
         430  -3.36963940       1.95010626      0.600000024    
         432  -3.61472988       1.13416398      0.600000024    
         434  -3.56427550       1.32465911      0.610000014    
         436  -3.44621348       2.12829733      0.629999995    
         438  -3.55268550       1.66692936      0.639999986    
         440  -3.59709096       1.56242275      0.639999986    
         442  -3.85844278       1.18538880      0.649999976    
         444  -3.89946723      0.896057189      0.649999976    
         446  -3.75877142       1.59620988      0.649999976    
         448  -3.74326825      0.933229089      0.649999976    
         450  -3.96086478       1.09110689      0.670000017    
         452  -3.69216347       1.95207512      0.670000017    
         454  -3.94909763       1.03481627      0.680000007    
         456  -3.73522162       1.59372485      0.660000026    
         458  -3.34567690       2.74007487      0.639999986    
         460  -3.55144405       2.14027262      0.629999995    
         462  -3.62058640       2.09971333      0.629999995    
         464  -3.56231570       2.10270929      0.620000005    
         466  -3.56593633       1.64481866      0.610000014    
         468  -3.28448176       2.45728874      0.620000005    
         470  -3.40028453       2.12406611      0.610000014    
         472  -3.42889452       2.08678699      0.610000014    
         474  -3.60159373       1.80647337      0.620000005    
         476  -3.37440729       2.15585876      0.629999995    
         478  -3.43695378       2.32420659      0.639999986    
         480  -3.32138777       2.69616199      0.639999986    
         482  -3.33208323       2.74842453      0.629999995    
         484  -3.50042963       2.32637358      0.629999995    
         486  -3.65990353       2.13234186      0.639999986    
         488  -3.65242815       2.57668972      0.649999976    
         490  -3.67985415       2.20361567      0.670000017    
         492  -3.75122118       2.20245409      0.670000017    
         494  -3.67736602       2.38606596      0.670000017    
         496  -3.52266669       2.91265488      0.670000017    
         498  -3.66961694       2.28875351      0.680000007    
         500  -3.59663892       2.91354227      0.680000007    
         502  -3.82496095       1.29946017      0.670000017    
         504  -3.85845876       1.54423630      0.670000017    
         506  -3.72273278       2.33242440      0.680000007    
         508  -3.54995060       1.99701893      0.649999976    
         510  -3.26975298       2.81437588      0.649999976    
         512  -3.32670426       2.20224977      0.639999986    
         514  -3.18360376       2.39993548      0.629999995    
         516  -3.51075077       1.26557028      0.620000005    
         518  -3.46372557       1.66386533      0.620000005    
         520  -3.29011559       2.22367430      0.629999995    
         522  -3.50984836       1.95536971      0.649999976    
         524  -3.34685516       2.49807954      0.649999976    
         526  -3.61471128       1.61644101      0.660000026    
         528  -3.49161649       1.54056621      0.649999976    
         530  -3.42436552       1.56077898      0.649999976    
         532  -3.45752549       1.47424507      0.649999976    
         534  -3.54746938      0.899036705      0.649999976    
         536  -3.57321644       1.02228844      0.649999976    
         538  -3.65960455       1.19988525      0.649999976    
         540  -3.66915989       1.08983016      0.649999976    
         542  -3.76929736      0.657685757      0.649999976    
         544  -3.32291508       3.25668430      0.670000017    
         546  -3.62675285       1.75616229      0.660000026    
         548  -3.47058964       2.58996058      0.660000026    
         550  -3.55690265       2.48637915      0.660000026    
         552  -3.61749578       2.50155401      0.670000017    
         554  -3.74629974       2.27336526      0.670000017    
         556  -3.61014676       2.67105460      0.680000007    
         558  -3.59662104       2.26262212      0.649999976    
         560  -3.58380771       2.10964227      0.649999976    
         562  -3.48492956       2.06113720      0.649999976    
         564  -3.51915240       2.62670732      0.660000026    
         566  -3.64187598       1.87685955      0.660000026    
         568  -3.83123398      0.799584985      0.670000017    
         570  -3.60287952       2.17291284      0.670000017    
         572  -3.36727643       2.46238661      0.660000026    
         574  -3.45649815       2.31205201      0.680000007    
         576  -3.32776117       2.24991012      0.660000026    
         578  -3.47787714       2.16557264      0.660000026    
         580  -3.44175625       2.10591412      0.660000026    
         582  -3.31444144       3.05083489      0.670000017    
         584  -3.43919206       2.69268680      0.680000007    
         586  -3.44889808       3.11465955      0.689999998    
         588  -3.32372499       3.72647095      0.689999998    
         590  -3.37694001       3.68970752      0.689999998    
         592  -3.16723275       3.68402600      0.680000007    
         594  -3.48409152       2.98275638      0.689999998    
         596  -3.26123357       4.00324154      0.680000007    
         598  -3.45801044       3.15796924      0.670000017    
         600  -3.41313648       3.30261993      0.660000026    
         602  -3.34706163       3.18924260      0.660000026    
         604  -3.46586585       2.89987636      0.660000026    
         606  -3.64701915       2.07545757      0.670000017    
         608  -3.88472962       1.20314229      0.670000017    
         610  -3.46912456       2.10820603      0.649999976    
         612  -3.69398785       1.45118225      0.660000026    
         614  -3.47822285       1.94794488      0.639999986    
         616  -3.47162390       1.89316642      0.639999986    
         618  -3.22759128       2.68809986      0.639999986    
         620  -3.33410096       2.04943991      0.639999986    
         622  -3.55761290       1.70357132      0.649999976    
         624  -3.33328962       2.52709651      0.639999986    
         626  -3.52272391       1.74093080      0.639999986    
         628  -3.39508462       2.69015503      0.649999976    
         630  -3.31516790       2.78710580      0.649999976    
         632  -3.54053617       1.93191934      0.649999976    
         634  -3.67316413       1.08333361      0.629999995    
         636  -3.48486757       1.57568312      0.629999995    
         638  -3.43378830       1.69033575      0.629999995    
         640  -3.40182853       1.43096209      0.620000005    
         642  -3.28836155       1.69622445      0.620000005    
         644  -3.46072626       1.64122164      0.629999995    
         646  -3.49095702       1.53181875      0.639999986    
         648  -3.53889537       1.21281803      0.629999995    
         650  -3.37343431       1.65215921      0.629999995    
         652  -3.51328444       1.35788500      0.629999995    
         654  -3.32670736       1.27677369      0.620000005    
         656  -3.14616823       1.87265360      0.620000005    
         658  -3.07677031       2.39807296      0.620000005    
         660  -3.39616704      0.695717454      0.610000014    
         662  -3.20397592       1.51479518      0.620000005    
         664  -3.22030258       1.43203700      0.620000005    
         666  -3.19841099       2.22643828      0.610000014    
         668  -3.20915723       2.32560802      0.639999986    
         670  -3.51949835       1.32028496      0.639999986    
         672  -3.10606813       2.47117734      0.629999995    
         674  -3.31029296       1.36347759      0.600000024    
         676  -3.39587641       1.46737421      0.620000005    
         678  -3.13567972       2.43680048      0.620000005    
         680  -3.07721305       2.25398326      0.620000005    
         682  -3.05437398       2.13986182      0.620000005    
         684  -3.30555153      0.939236999      0.610000014    
         686  -3.17154646       1.23509407      0.600000024    
         688  -3.18445468       1.53440106      0.610000014    
         690  -3.37589288      0.873537302      0.600000024    
         692  -3.43510699      0.549396813      0.600000024    
         694  -3.37864995      0.550125182      0.589999974    
         696  -3.36967516       1.20000148      0.600000024    
         698  -3.47218180      0.723347783      0.610000014    
         700  -3.22554374       1.46531487      0.600000024    
         702  -3.27103114       1.71641099      0.610000014    
         704  -3.27755451       1.88854754      0.610000014    
         706  -3.12778807       2.37380171      0.610000014    
         708  -2.95319200       2.80615449      0.600000024    
         710  -3.14057302       1.97997832      0.589999974    
         712  -3.28408170       1.31653452      0.589999974    
         714  -3.37103105      0.884489954      0.589999974    
         716  -3.49893761       1.18185413      0.600000024    
         718  -3.34534812       1.97559404      0.620000005    
         720  -3.24772191       2.05103660      0.600000024    
         722  -3.06840277       1.56661272      0.569999993    
         724  -3.31140018       1.29672360      0.579999983    
         726  -3.31941557       1.44442344      0.600000024    
         728  -3.24692774       1.73421550      0.600000024    
         730  -3.41962004       1.23384106      0.600000024    
         732  -3.39354444       1.00241590      0.600000024    
         734  -3.33623791       1.52389300      0.600000024    
         736  -3.33544970       1.66707265      0.610000014    
         738  -2.94032288       2.52795529      0.589999974    
         740  -2.94781113       2.69772100      0.589999974    
         742  -3.19651985       1.92996156      0.600000024    
         744  -3.11052799       2.14341307      0.600000024    
         746  -3.18499517       1.69750071      0.600000024    
         748  -3.32707572      0.932430983      0.600000024    
         750  -3.41558290       1.33574462      0.620000005    
         752  -3.52194309      0.762350917      0.620000005    
         754  -3.31258297       1.38369727      0.629999995    
         756  -3.33564091       1.31177127      0.629999995    
         758  -3.48443103      0.803984284      0.629999995    
         760  -3.50307083      0.693392515      0.620000005    
         762  -3.49343467       1.19925058      0.620000005    
         764  -3.48382354      0.776703119      0.610000014    
         766  -3.53533101      0.716665268      0.600000024    
         768  -3.37965965       1.66077352      0.610000014    
         770  -3.24312449       1.72276914      0.600000024    
         772  -3.41539574       1.23246717      0.620000005    
         774  -3.32514286       1.59016812      0.620000005    
         776  -3.36350584       1.79804742      0.620000005    
         778  -3.37336087       1.52604938      0.620000005    
         780  -3.37091875       1.24136412      0.610000014    
         782  -3.32884765       1.44880819      0.610000014    
         784  -3.23916268       1.36546409      0.600000024    
         786  -3.11142182       2.31191778      0.620000005    
         788  -2.96645331       3.04544401      0.610000014    
         790  -2.83008981       3.36136532      0.610000014    
         792  -3.07741570       1.52560163      0.600000024    
         794  -2.78128195       2.55725932      0.589999974    
         796  -3.01621795       1.50091386      0.569999993    
         798  -3.21546841      0.847189665      0.579999983    
         800  -3.21271205      0.415409803      0.560000002    
         802  -3.19944096      0.906133890      0.579999983    
         804  -3.02413630      0.991888463      0.569999993    
         806  -2.86915183       1.18217111      0.560000002    
         808  -2.73613548       1.92518115      0.569999993    
         810  -2.91673923       1.68034565      0.579999983    
         812  -2.81187201       1.81232345      0.569999993    
         814  -3.19147944      0.816452622      0.569999993    
         816  -3.12237430       1.31428897      0.560000002    
         818  -2.79509401       2.06408215      0.560000002    
         820  -3.37022853      0.247000784      0.560000002    
         822  -3.26972342      0.858473122      0.550000012    
         824  -2.80065107       1.60345769      0.540000021    
         826  -3.20729947       1.19567204      0.560000002    
         828  -3.17846155       1.16855502      0.569999993    
         830  -2.98200178       2.07530117      0.579999983    
         832  -2.75697994       2.60908318      0.569999993    
         834  -2.79803777       2.09402037      0.560000002    
         836  -2.86037111       1.89633584      0.569999993    
         838  -2.87817049       1.60846853      0.569999993    
         840  -3.00684953       1.42534542      0.579999983    
         842  -2.83297038       1.69623339      0.589999974    
         844  -2.80128479       2.04909253      0.589999974    
         846  -2.91718388       1.68968320      0.589999974    
         848  -3.01429224       1.34189081      0.589999974    
         850  -3.00234437      0.929762244      0.579999983    
         852  -2.74168420       2.04904532      0.579999983    
         854  -3.00311041       1.06355226      0.589999974    
         856  -3.24182701       6.55300245E-02  0.589999974    
         858  -2.98573351       1.35159588      0.600000024    
         860  -3.04344296       1.81814194      0.620000005    
         862  -3.08782721       2.11697960      0.629999995    
         864  -3.18715572       1.46227729      0.620000005    
         866  -3.51273322      0.893562734      0.629999995    
         868  -3.29255390       1.67521334      0.620000005    
         870  -3.43618894       1.03456235      0.620000005    
         872  -3.53442907      0.702188849      0.629999995    
         874  -3.42112064       1.85797727      0.639999986    
         876  -3.56605124       1.11213648      0.620000005    
         878  -3.45763254       1.82487702      0.620000005    
         880  -3.41354418       1.62354314      0.610000014    
         882  -2.92406750       3.09631395      0.600000024    
         884  -3.24780822       1.51179969      0.579999983    
         886  -3.01783133       2.69324541      0.600000024    
         888  -3.32842422       1.72580147      0.600000024    
         890  -3.21815825       2.17633224      0.610000014    
         892  -3.64324975      0.664745986      0.620000005    
         894  -3.42811823       1.71537042      0.620000005    
         896  -3.31323719       1.66753745      0.620000005    
         898  -3.47754693       1.24572444      0.620000005    
         900  -3.65196943      0.616877675      0.620000005    
         902  -3.60846543      0.969801605      0.610000014    
         904  -3.53616858       1.15870619      0.610000014    
         906  -3.46641803       1.49332106      0.620000005    
         908  -3.42272544       1.67937636      0.620000005    
         910  -3.29356384       2.81606770      0.639999986    
         912  -3.07731366       3.01311874      0.620000005    
         914  -3.53376484       1.55803239      0.629999995    
         916  -3.66129780       1.02580404      0.620000005    
         918  -3.49641013       2.00918961      0.639999986    
         920  -3.61506796       1.22034943      0.629999995    
         922  -3.69288993       1.30706763      0.639999986    
         924  -3.47439384       1.84833539      0.629999995    
         926  -3.50465298       1.80137098      0.620000005    
         928  -3.44843698       1.69548571      0.610000014    
         930  -3.29057574       2.10198522      0.610000014    
         932  -3.43342137       1.38123393      0.569999993    
         934  -3.14494467       2.42750406      0.600000024    
         936  -3.32132816       1.95497513      0.600000024    
         938  -2.93537402       3.37082982      0.600000024    
         940  -3.32736135       2.19935274      0.610000014    
         942  -3.43964720      0.910549760      0.589999974    
         944  -3.31680298       1.36715734      0.589999974    
         946  -3.09310460       2.49011302      0.600000024    
         948  -3.34470344       1.52870059      0.610000014    
         950  -3.12850237       2.24079418      0.610000014    
         952  -3.35834098       1.49177372      0.610000014    
         954  -3.22408128       1.94949567      0.620000005    
         956  -3.26417232       1.27216542      0.600000024    
         958  -3.28619671       1.02060735      0.610000014    
         960  -3.41060662      0.554290712      0.610000014    
         962  -3.27819276       1.42372775      0.639999986    
         964  -3.17628551       1.63155162      0.629999995    
         966  -3.05951834       1.96430886      0.620000005    
         968  -3.21371865       1.43524849      0.610000014    
         970  -3.28608847       1.32194793      0.610000014    
         972  -3.31522727       1.22290993      0.610000014    
         974  -3.07825565       1.83241880      0.600000024    
         976  -3.16349173       1.78001261      0.610000014    
         978  -2.98202848       2.93877602      0.600000024    
         980  -3.32014513       1.56316245      0.589999974    
         982  -3.03796339       2.39883828      0.589999974    
         984  -3.25791597       1.21100986      0.589999974    
         986  -2.93449736       1.56708777      0.550000012    
         988  -2.87817049       1.88658166      0.540000021    
         990  -2.96689343       1.79914284      0.560000002    
         992  -3.23709679      0.436251253      0.540000021    
         994  -3.27107453      0.558212101      0.550000012    
         996  -3.15182233       1.17260015      0.560000002    
         998  -3.12205148       1.26697874      0.569999993    
        1000  -3.29470301      0.777280629      0.569999993    
        1002  -3.40336871      0.502128720      0.579999983    
        1004  -3.18897820       1.11378813      0.579999983    
        1006  -3.49055386      0.416505218      0.579999983    
        1008  -3.42308187       1.00116014      0.589999974    
        1010  -3.22439194       1.96889067      0.589999974    
        1012  -3.23998475       1.74722874      0.600000024    
        1014  -3.61459947      0.945297539      0.620000005    
        1016  -3.55198669       2.23716474      0.639999986    
        1018  -3.58852649       2.06293178      0.639999986    
        1020  -3.48324013       2.20195127      0.660000026    
        1022  -3.25526905       3.47556281      0.660000026    
        1024  -3.55172753       2.61620593      0.670000017    
        1026  -3.76745319       1.69729555      0.670000017    
        1028  -3.81952715       1.65731323      0.680000007    
        1030  -3.47755146       2.80213857      0.689999998    
        1032  -3.70174146       2.07272100      0.689999998    
        1034  -3.65808582       1.86135387      0.680000007    
        1036  -3.80972242       1.56871796      0.680000007    
        1038  -3.74642348       1.73025644      0.680000007    
        1040  -3.75630498       1.52766979      0.680000007    
        1042  -3.71160793       1.38170588      0.670000017    
        1044  -3.51653051       1.82429087      0.660000026    
        1046  -3.55757928       1.99561644      0.660000026    
        1048  -3.60408211       1.57577193      0.660000026    
        1050  -3.51558876       2.45876193      0.670000017    
        1052  -3.51116109       2.56966805      0.689999998    
        1054  -3.43261552       3.49798059      0.699999988    
        1056  -3.58990240       2.97823238      0.699999988    
        1058  -3.87921691       1.68343651      0.680000007    
        1060  -3.74359465       2.27402282      0.689999998    
        1062  -3.67065883       2.67711830      0.689999998    
        1064  -3.76191688       1.86243629      0.680000007    
        1066  -3.78876185       1.50761104      0.670000017    
        1068  -3.79450226       1.53425610      0.670000017    
        1070  -3.67505407       1.86248505      0.660000026    
        1072  -3.80438137       1.44921780      0.660000026    
        1074  -3.76691818       1.96800292      0.660000026    
        1076  -3.90837479       1.57447326      0.680000007    
        1078  -3.84627414       1.92552495      0.680000007    
        1080  -3.66179323       2.69479752      0.680000007    
        1082  -3.94028687       2.14806151      0.680000007    
        1084  -3.57405019       3.28226781      0.680000007    
        1086  -3.53795791       3.44633341      0.680000007    
        1088  -3.83855820       2.07410336      0.670000017    
        1090  -3.68723106       2.66032410      0.670000017    
        1092  -3.86220860       1.60453475      0.670000017    
        1094  -3.72001672       2.25182295      0.680000007    
        1096  -3.70393515       2.49186778      0.680000007    
        1098  -3.69522047       2.55070519      0.680000007    
        1100  -3.68417430       2.25681973      0.680000007    
        1102  -3.56027508       2.62736630      0.680000007    
        1104  -3.52563930       2.79424524      0.670000017    
        1106  -3.54473996       2.96288967      0.670000017    
        1108  -3.46070409       3.31657648      0.680000007    
        1110  -3.47929549       3.09935403      0.670000017    
        1112  -3.41711426       2.89831161      0.660000026    
        1114  -3.69268394       1.94626546      0.660000026    
        1116  -3.60106468       2.51461339      0.660000026    
        1118  -3.55291843       2.63108301      0.670000017    
        1120  -3.32562709       2.98929501      0.670000017    
        1122  -3.34699988       2.92574787      0.670000017    
        1124  -3.59599280       1.71365619      0.670000017    
        1126  -3.59209728       1.79014027      0.670000017    
        1128  -3.31441188       3.15994835      0.670000017    
        1130  -3.38006568       2.60219097      0.680000007    
        1132  -3.25792360       2.98265982      0.680000007    
        1134  -3.65030956       1.71456981      0.660000026    
        1136  -3.35217071       2.82644248      0.660000026    
        1138  -3.45241237       2.22246480      0.639999986    
        1140  -3.55704808       1.66793275      0.639999986    
        1142  -3.28723931       2.46925569      0.649999976    
        1144  -3.44778991       1.95391512      0.649999976    
        1146  -3.24349666       2.42878747      0.639999986    
        1148  -3.52387190       1.50067210      0.639999986    
        1150  -3.42995715       1.79162395      0.639999986    
        1152  -3.39197826       1.77097857      0.639999986    
        1154  -3.47380209       1.67421472      0.639999986    
        1156  -3.39063835       1.83105278      0.639999986    
        1158  -3.29276919       1.69176102      0.639999986    
        1160  -3.46890450       1.15945482      0.649999976    
        1162  -3.47293925       1.08657432      0.639999986    
        1164  -3.34396863       1.70917249      0.629999995    
        1166  -3.23873258       1.86372709      0.610000014    
        1168  -3.02462935       2.24609852      0.600000024    
        1170  -3.23409438       1.51811576      0.589999974    
        1172  -3.23824453       1.78989601      0.589999974    
        1174  -3.32627940       1.09224463      0.569999993    
        1176  -3.29908776      0.875011206      0.560000002    
        1178  -3.15216589       1.19147038      0.560000002    
        1180  -3.27507782      0.709498823      0.560000002    
        1182  -3.08778286       1.20616400      0.560000002    
        1184  -3.17745590       1.08938909      0.560000002    
        1186  -3.07788777       1.43403041      0.550000012    
        1188  -2.98162866       1.02176774      0.540000021    
        1190  -2.92157578      0.996776700      0.540000021    
        1192  -2.72627378       1.90117741      0.550000012    
        1194  -3.18604088      0.841033578      0.569999993    
        1196  -3.00090623       1.97701168      0.579999983    
        1198  -3.02287674       1.34856021      0.560000002    
        1200  -3.04223871       1.45599282      0.560000002    
        1202  -2.90436721       1.87974894      0.569999993    
        1204  -2.91746926       2.21704316      0.579999983    
        1206  -3.14267373       1.96017122      0.589999974    
        1208  -2.83420944       2.84167123      0.610000014    
        1210  -3.22078037       1.62387300      0.610000014    
        1212  -3.44442534       1.06228352      0.620000005    
        1214  -3.37300682       1.60374296      0.620000005    
        1216  -3.40779591       1.72002327      0.620000005    
        1218  -3.32868958       2.27066422      0.629999995    
        1220  -3.26504302       2.96358728      0.649999976    
        1222  -3.35132694       1.80306089      0.639999986    
        1224  -3.30589676       1.90373874      0.639999986    
        1226  -3.33105612       2.16724753      0.649999976    
        1228  -3.28116393       2.32999110      0.660000026    
        1230  -3.54607749       1.11782968      0.649999976    
        1232  -3.54408813       1.68434119      0.639999986    
        1234  -3.34181404       1.59629273      0.620000005    
        1236  -3.26793385       1.44249904      0.620000005    
        1238  -3.16238403       1.63009179      0.610000014    
        1240  -3.12804008       1.76904309      0.600000024    
        1242  -3.14598536       1.58405292      0.589999974    
        1244  -3.24184489       1.07747269      0.579999983    
        1246  -3.24842930       1.10593641      0.589999974    
        1248  -3.11807466       1.96467078      0.579999983    
        1250  -3.23917079       1.72357976      0.600000024    
        1252  -3.24503183       1.89653742      0.620000005    
        1254  -3.28008246       2.39297652      0.639999986    
        1256  -3.23337865       2.36175966      0.639999986    
        1258  -2.98065639       3.32233977      0.639999986    
        1260  -3.29804778       1.96137726      0.629999995    
        1262  -3.25310040       2.69386125      0.639999986    
        1264  -3.42181754       1.66078365      0.639999986    
        1266  -3.15533161       2.67364502      0.639999986    
        1268  -3.38239360       2.04117107      0.639999986    
        1270  -3.49914098       1.63479292      0.639999986    
        1272  -3.30688143       2.43952060      0.639999986    
        1274  -3.34724092       2.22164011      0.639999986    
        1276  -3.19240856       2.99285722      0.629999995    
        1278  -3.33661056       2.49138021      0.620000005    
        1280  -3.24943542       2.48800707      0.620000005    
        1282  -3.48315358       1.23791385      0.620000005    
        1284  -3.22678232       1.52430439      0.610000014    
        1286  -3.29142690       1.45830286      0.620000005    
        1288  -3.33246899       1.01332974      0.610000014    
        1290  -3.35529804      0.949640810      0.610000014    
        1292  -3.21233797       1.55992007      0.610000014    
        1294  -3.18144011       1.92398238      0.620000005    
        1296  -3.12411189       2.17101765      0.620000005    
        1298  -3.04749203       2.54880667      0.620000005    
        1300  -3.32062721       1.61606526      0.620000005    
        1302  -3.33968449       1.45707631      0.620000005    
        1304  -3.39513230       1.61221313      0.620000005    
        1306  -3.21333981       2.14219832      0.620000005    
        1308  -3.44065809       1.30287838      0.629999995    
        1310  -3.37042928       1.85778964      0.639999986    
        1312  -3.52566290       1.07243466      0.639999986    
        1314  -3.44245005       1.58939958      0.639999986    
        1316  -3.32586241       1.66043520      0.629999995    
        1318  -3.39857316       1.59822893      0.629999995    
        1320  -3.44195127       1.49142361      0.629999995    
        1322  -3.49234581       1.38505781      0.629999995    
        1324  -3.46577215       1.60124230      0.629999995    
        1326  -3.19729900       2.86708975      0.629999995    
        1328  -3.52960205       1.39375663      0.620000005    
        1330  -3.44812560       2.13256145      0.629999995    
        1332  -3.72015095      0.556793213      0.620000005    
        1334  -3.87778640      0.168786049      0.620000005    
        1336  -3.53674054       1.50786388      0.620000005    
        1338  -3.57301688       1.37557220      0.610000014    
        1340  -3.41082382       2.13801765      0.620000005    
        1342  -3.47852468       1.63516927      0.620000005    
        1344  -3.22658634       2.70477200      0.629999995    
        1346  -3.21255326       2.58719039      0.620000005    
        1348  -3.02475405       3.35516882      0.629999995    
        1350  -3.16295815       3.08617854      0.629999995    
        1352  -3.48375654       1.97125626      0.639999986    
        1354  -3.32154942       2.34852338      0.629999995    
        1356  -3.30201983       2.45790124      0.639999986    
        1358  -3.56054306       1.83610523      0.639999986    
        1360  -3.40464306       2.56536865      0.649999976    
        1362  -3.35335422       2.65525246      0.649999976    
        1364  -3.65430474       1.98095274      0.649999976    
        1366  -3.74459457       1.73451149      0.639999986    
        1368  -3.56198931       2.32567072      0.639999986    
        1370  -3.65927052       1.75417018      0.629999995    
        1372  -3.64823318       1.91420257      0.629999995    
        1374  -3.63291693       1.59416687      0.629999995    
        1376  -3.43159485       2.34602475      0.629999995    
        1378  -3.82148838       1.74859548      0.649999976    
        1380  -3.70980120       2.56404495      0.670000017    
        1382  -3.84643197       1.85096335      0.660000026    
        1384  -3.71982956       1.90426064      0.649999976    
        1386  -3.68188024       1.84034169      0.649999976    
        1388  -3.53546762       2.49293280      0.660000026    
        1390  -3.33749104       3.22978401      0.660000026    
        1392  -3.52954006       2.19566894      0.639999986    
        1394  -3.56244540       2.04705286      0.639999986    
        1396  -3.67672062       1.31637943      0.639999986    
        1398  -3.62086701       2.23099732      0.649999976    
        1400  -3.65109921       1.96151745      0.629999995    
        1402  -3.79434443       1.26912212      0.620000005    
        1404  -3.77097654       1.06732702      0.620000005    
        1406  -3.66907501       1.25937843      0.620000005    
        1408  -3.67480326      0.917994559      0.620000005    
        1410  -3.54970145       1.13505316      0.620000005    
        1412  -3.58386731       1.16968536      0.620000005    
        1414  -3.44841838       1.72068655      0.620000005    
        1416  -3.29080749       1.93030620      0.620000005    
        1418  -3.46776795       1.68776226      0.629999995    
        1420  -3.20346403       2.44798803      0.610000014    
        1422  -3.05078840       2.60205555      0.610000014    
        1424  -3.32560658       1.41177499      0.600000024    
        1426  -3.23229265       1.79953659      0.600000024    
        1428  -3.30256915       1.99037468      0.600000024    
        1430  -3.44240570       1.64749980      0.600000024    
        1432  -3.46327901       1.63045228      0.610000014    
        1434  -3.29233527       2.22962856      0.620000005    
        1436  -3.51085281       1.63297439      0.629999995    
        1438  -3.50781560       2.03175831      0.639999986    
        1440  -3.33902645       1.97782207      0.620000005    
        1442  -3.43679571       2.14237237      0.629999995    
        1444  -3.39079857       1.91497350      0.620000005    
        1446  -3.54053617       1.51153660      0.620000005    
        1448  -3.41422296       2.16143179      0.629999995    
        1450  -3.15728259       2.80773163      0.620000005    
        1452  -3.33400273       2.19707918      0.620000005    
        1454  -3.36794209       1.96857607      0.610000014    
        1456  -3.61466813      0.931035817      0.610000014    
        1458  -3.64278603       1.19686580      0.610000014    
        1460  -3.79757452       1.05980527      0.610000014    
        1462  -3.55383182       2.28557324      0.620000005    
        1464  -3.55000687       2.53545380      0.629999995    
        1466  -3.51646495       2.56371355      0.639999986    
        1468  -3.47915792       1.78804862      0.620000005    
        1470  -3.55604815       1.49203372      0.620000005    
        1472  -3.45106530       2.00223517      0.620000005    
        1474  -3.57274079       1.03232384      0.610000014    
        1476  -3.60993099       1.08255243      0.629999995    
        1478  -3.19452953       2.86180139      0.639999986    
        1480  -3.52479124       1.67708433      0.639999986    
        1482  -3.55878663       1.75570941      0.639999986    
        1484  -3.50000787       2.12050843      0.639999986    
        1486  -3.45508528       2.13172770      0.639999986    
        1488  -3.33707571       2.08113074      0.629999995    
        1490  -3.56952190       1.07451713      0.620000005    
        1492  -3.30163383       1.81926119      0.629999995    
        1494  -3.49384427       1.04030240      0.620000005    
        1496  -3.54417157      0.938226223      0.620000005    
        1498  -3.31951451       1.98245656      0.620000005    
        1500  -3.36764097       1.64451039      0.629999995    
        1502  -3.44441175       1.80215347      0.639999986    
        1504  -3.51070976       1.71288133      0.639999986    
        1506  -3.68846440      0.973010480      0.639999986    
        1508  -3.44432926       1.58684528      0.620000005    
        1510  -3.34310102       1.95721626      0.620000005    
        1512  -3.47885346       1.46420109      0.620000005    
        1514  -3.43404770       1.02024961      0.610000014    
        1516  -3.29903674       1.83661699      0.620000005    
        1518  -3.33392978       1.43233979      0.600000024    
        1520  -3.16764784       1.81583738      0.589999974    
        1522  -3.35046482       1.27535903      0.600000024    
        1524  -3.35715175       1.81808150      0.610000014    
        1526  -3.50384760       1.70915699      0.610000014    
        1528  -3.18580103       2.19341636      0.610000014    
        1530  -3.46834469       1.48648322      0.620000005    
        1532  -3.60394883       1.38817298      0.620000005    
        1534  -3.57087469       1.33710885      0.629999995    
        1536  -3.24768758       2.47946095      0.629999995    
        1538  -3.24896288       3.10603046      0.649999976    
        1540  -3.29767418       2.75577664      0.660000026    
        1542  -3.36584449       1.89594626      0.649999976    
        1544  -3.44363499       1.91242683      0.649999976    
        1546  -3.17148542       3.20839596      0.660000026    
        1548  -3.30571270       2.56156421      0.660000026    
        1550  -3.63412189       1.24882770      0.649999976    
        1552  -3.36503983       2.10288978      0.649999976    
        1554  -3.48969960       1.86696982      0.649999976    
        1556  -3.47637844       1.95286763      0.639999986    
        1558  -3.49545693       1.89969397      0.639999986    
        1560  -3.30963182       2.76185298      0.629999995    
        1562  -3.55144382       2.27074337      0.649999976    
        1564  -3.63736868       1.86261857      0.649999976    
        1566  -3.68798470       1.78621399      0.660000026    
        1568  -3.66255331       2.31146836      0.670000017    
        1570  -3.70634890       2.14759755      0.670000017    
        1572  -3.75016785       1.89230490      0.670000017    
        1574  -3.77825141       1.64217508      0.670000017    
        1576  -3.51173186       3.05415821      0.680000007    
        1578  -3.71756792       2.43417239      0.680000007    
        1580  -3.70088005       2.60570502      0.689999998    
        1582  -3.97886014       1.09406471      0.689999998    
        1584  -3.75176549       1.93028784      0.699999988    
        1586  -3.83503222       1.81974554      0.699999988    
        1588  -3.65211225       2.41241813      0.689999998    
        1590  -3.84190822       1.61438835      0.689999998    
        1592  -3.65764976       2.37877774      0.689999998    
        1594  -3.58554339       2.43686008      0.689999998    
        1596  -3.56748581       2.33944488      0.689999998    
        1598  -3.58492327       2.42106223      0.689999998    
        1600  -3.64909911       2.02159953      0.689999998    
        1602  -3.47920823       2.42142439      0.680000007    
        1604  -3.61773157       2.42901301      0.689999998    
        1606  -3.84080720       1.17001128      0.689999998    
        1608  -3.72946453       2.22010064      0.699999988    
        1610  -3.62734985       2.43708873      0.699999988    
        1612  -3.36203098       3.79042459      0.699999988    
        1614  -3.68913364       2.76026797      0.709999979    
        1616  -3.73450923       2.55774474      0.709999979    
        1618  -3.77089310       2.76824784      0.709999979    
        1620  -3.92440510       1.91278422      0.709999979    
        1622  -3.77042890       2.49006200      0.720000029    
        1624  -3.69670177       2.39020872      0.709999979    
        1626  -3.64428520       2.96201277      0.709999979    
        1628  -3.39925098       3.86731696      0.709999979    
        1630  -3.50029016       3.58497405      0.709999979    
        1632  -3.64424539       2.37734318      0.709999979    
        1634  -3.70051932       2.66167808      0.709999979    
        1636  -3.68303323       2.48090196      0.699999988    
        1638  -3.48778176       3.32281685      0.689999998    
        1640  -3.56936216       2.93329406      0.689999998    
        1642  -3.76790023       2.06453156      0.699999988    
        1644  -3.77171707       1.96473157      0.699999988    
        1646  -3.81851172       1.49918604      0.699999988    
        1648  -3.84530592       1.61820042      0.709999979    
        1650  -3.67406416       2.21305656      0.699999988    
        1652  -3.65536928       2.30739737      0.699999988    
        1654  -3.76449227       1.64181161      0.699999988    
        1656  -3.86466837       1.40665376      0.699999988    
        1658  -3.70929217       2.41322112      0.709999979    
        1660  -3.52934217       3.02633500      0.709999979    
        1662  -3.78825808       1.98624289      0.709999979    
        1664  -3.58987665       2.62355375      0.689999998    
        1666  -3.69399786       2.04814839      0.689999998    
        1668  -3.85711670       1.03420603      0.689999998    
        1670  -3.41751838       2.55829477      0.689999998    
        1672  -3.57924533       2.86940885      0.699999988    
        1674  -3.52677774       2.89540935      0.699999988    
        1676  -3.56534481       3.13379240      0.699999988    
        1678  -3.71724606       2.47794557      0.699999988    
        1680  -3.61654544       2.69028664      0.699999988    
        1682  -3.45626688       3.38341522      0.699999988    
        1684  -3.46420264       3.15722847      0.689999998    
        1686  -3.23177671       3.83578396      0.699999988    
        1688  -3.61331153       2.93415260      0.699999988    
        1690  -3.65015459       3.16904473      0.709999979    
        1692  -3.53102303       3.15964794      0.699999988    
        1694  -3.61926889       2.51041055      0.699999988    
        1696  -3.21107912       4.07655001      0.689999998    
        1698  -3.28004432       3.93158388      0.680000007    
        1700  -3.20610452       4.52801704      0.689999998    
        1702  -3.54153347       3.90838146      0.699999988    
        1704  -3.90665793       2.13540721      0.699999988    
        1706  -3.57625628       3.22567606      0.699999988    
        1708  -3.69554210       2.85481310      0.699999988    
        1710  -3.76783323       2.57708430      0.699999988    
        1712  -3.50525284       3.23157144      0.699999988    
        1714  -3.66388607       2.59637356      0.699999988    
        1716  -3.50415611       2.84277248      0.699999988    
        1718  -3.88130188       1.80792284      0.720000029    
        1720  -3.71720481       2.36445904      0.709999979    
        1722  -3.83227706       1.82593465      0.709999979    
        1724  -3.86440539       1.48915255      0.709999979    
        1726  -3.94350386       1.57739377      0.699999988    
        1728  -3.53689337       3.12124276      0.699999988    
        1730  -3.56516790       2.77066922      0.689999998    
        1732  -3.65560842       2.62471604      0.699999988    
        1734  -3.93849349       1.48593998      0.699999988    
        1736  -3.68891358       2.96408057      0.699999988    
        1738  -3.70789790       2.87540770      0.699999988    
        1740  -3.66757798       2.19091368      0.680000007    
        1742  -3.64539409       2.34743476      0.680000007    
        1744  -3.69439054       2.47943115      0.689999998    
        1746  -3.71235228       2.67348719      0.699999988    
        1748  -3.72922111       2.88462520      0.699999988    
        1750  -3.85647988       2.15222692      0.699999988    
        1752  -3.84746194       2.10931206      0.699999988    
        1754  -3.79504776       2.27561927      0.699999988    
        1756  -3.85697627       1.99427509      0.699999988    
        1758  -3.84122968       2.22060275      0.699999988    
        1760  -3.82145000       2.36720347      0.689999998    
        1762  -4.03097486       1.65519571      0.689999998    
        1764  -3.83039975       2.18230700      0.680000007    
        1766  -3.78009748       2.05779290      0.670000017    
        1768  -3.78471327       2.17806506      0.670000017    
        1770  -3.71242952       2.17596698      0.670000017    
        1772  -3.71594286       2.39962339      0.680000007    
        1774  -3.84378409       2.04586315      0.689999998    
        1776  -3.93150854       1.38687682      0.680000007    
        1778  -3.74412894       2.15078187      0.680000007    
        1780  -3.83835459       2.12888241      0.689999998    
        1782  -3.85619473       1.95646811      0.689999998    
        1784  -3.86202908       1.62977278      0.689999998    
        1786  -3.66609097       2.22669530      0.680000007    
        1788  -3.47876978       2.39514565      0.680000007    
        1790  -3.51861095       2.19226336      0.670000017    
        1792  -3.61154628       1.83394098      0.670000017    
        1794  -3.45503068       2.10775471      0.670000017    
        1796  -3.75532722       1.78655148      0.680000007    
        1798  -3.50412202       2.57503772      0.680000007    
        1800  -3.50098634       2.65885639      0.670000017    
        1802  -3.37267685       2.83272791      0.680000007    
        1804  -3.48777032       2.55589986      0.680000007    
        1806  -3.53526497       2.41170311      0.680000007    
        1808  -3.65706205       2.34976196      0.680000007    
        1810  -3.73818135       1.92375648      0.699999988    
        1812  -3.68665481       2.38150477      0.699999988    
        1814  -3.87378049       1.83459103      0.709999979    
        1816  -3.92629719       1.83898962      0.709999979    
        1818  -3.73722625       2.69534969      0.720000029    
        1820  -3.75905466       2.63917303      0.720000029    
        1822  -3.90284586       2.45269728      0.720000029    
        1824  -3.87387395       2.25527096      0.720000029    
        1826  -3.93363929       2.03278279      0.730000019    
        1828  -3.94444609       2.06186390      0.730000019    
        1830  -4.00277996       1.59209394      0.730000019    
        1832  -3.95769405       1.77494812      0.730000019    
        1834  -3.84051108       1.89804018      0.730000019    
        1836  -4.00657511       1.74347818      0.730000019    
        1838  -3.61720085       3.34570765      0.730000019    
        1840  -3.89441776       2.03978205      0.720000029    
        1842  -3.64492178       2.66498971      0.709999979    
        1844  -3.83561897       1.59816945      0.699999988    
        1846  -3.93383360       1.17070198      0.689999998    
        1848  -3.88233137       1.31820762      0.689999998    
        1850  -3.80549812       1.48012495      0.689999998    
        1852  -4.01982975      0.893495500      0.689999998    
        1854  -3.44229746       3.18971944      0.709999979    
        1856  -3.22197461       4.11959171      0.709999979    
        1858  -3.67852187       2.30244160      0.709999979    
        1860  -3.76462698       2.57073426      0.720000029    
        1862  -3.76182556       2.51261139      0.720000029    
        1864  -3.72239232       2.52599001      0.720000029    
        1866  -3.57586479       3.36133981      0.709999979    
        1868  -3.69849992       2.62642384      0.699999988    
        1870  -3.61833429       2.87763357      0.699999988    
        1872  -3.99929953       1.39495981      0.699999988    
        1874  -3.73967481       2.37530756      0.699999988    
        1876  -3.78230453       2.18796945      0.699999988    
        1878  -3.84204316       1.96768236      0.699999988    
        1880  -3.75851798       2.42815852      0.709999979    
        1882  -3.77881455       2.31235886      0.699999988    
        1884  -3.64632392       3.06834531      0.709999979    
        1886  -3.93473816       1.95261979      0.709999979    
        1888  -3.70125008       3.00662684      0.709999979    
        1890  -3.77835536       2.70395684      0.709999979    
        1892  -3.66798162       3.16530299      0.709999979    
        1894  -3.69622660       2.62689972      0.709999979    
        1896  -3.58176160       3.15289688      0.699999988    
        1898  -3.61465836       2.76672482      0.699999988    
        1900  -3.65389180       2.13040662      0.699999988    
        1902  -3.62781405       2.57709599      0.699999988    
        1904  -3.94161773       1.66248846      0.709999979    
        1906  -4.08906174       1.02692831      0.709999979    
        1908  -3.91349721       1.81233549      0.699999988    
        1910  -3.52996159       3.24698853      0.699999988    
        1912  -3.64268804       2.41606975      0.699999988    
        1914  -3.71839571       2.30154943      0.689999998    
        1916  -3.74857831       2.27107406      0.680000007    
        1918  -3.72595024       1.89715147      0.670000017    
        1920  -3.39723086       2.32446361      0.660000026    
        1922  -3.69007826       1.43297446      0.660000026    
        1924  -3.62115622       1.45168734      0.660000026    
        1926  -3.30920315       2.34260345      0.660000026    
        1928  -3.56459928       1.71443057      0.660000026    
        1930  -3.25378728       2.86008382      0.649999976    
        1932  -3.48815966       1.92171597      0.639999986    
        1934  -3.19973779       3.32811952      0.649999976    
        1936  -3.37527871       2.81610227      0.649999976    
        1938  -3.15908980       3.24944305      0.649999976    
        1940  -3.23377609       2.30185938      0.639999986    
        1942  -3.55899191       1.07938826      0.639999986    
        1944  -3.57561898       1.23057711      0.639999986    
        1946  -3.34804249       1.59371197      0.629999995    
        1948  -3.49475574       1.34590089      0.629999995    
        1950  -3.12615108       2.95135641      0.629999995    
        1952  -3.20522356       2.22124147      0.629999995    
        1954  -3.33617806       1.42745471      0.620000005    
        1956  -3.16805625       1.64975667      0.610000014    
        1958  -3.11998177       1.92560565      0.620000005    
        1960  -3.27781558       1.38173163      0.610000014    
        1962  -3.12631106       1.93922532      0.610000014    
        1964  -3.39834142       1.01453221      0.620000005    
        1966  -3.44061279      0.995334268      0.620000005    
        1968  -3.40832520       1.43574071      0.629999995    
        1970  -3.52667713      0.886600912      0.629999995    
        1972  -3.46336150       1.35757089      0.629999995    
        1974  -3.57403946       1.06867850      0.629999995    
        1976  -3.46274948       1.47199774      0.629999995    
        1978  -3.48541903       1.72931921      0.629999995    
        1980  -3.32763028       2.55761218      0.649999976    
        1982  -3.52350855       1.87489712      0.639999986    
        1984  -3.26961112       2.75783229      0.649999976    
        1986  -3.33067703       2.56542349      0.660000026    
        1988  -3.21324205       3.08573318      0.660000026    
        1990  -3.42077613       2.18597937      0.649999976    
        1992  -3.61817145       1.44941759      0.649999976    
        1994  -3.71396899       1.02723432      0.649999976    
        1996  -3.41612363       2.04312730      0.639999986    
        1998  -3.48811507       2.23287749      0.639999986    
        2000  -3.51004815       1.78946245      0.639999986    
        2002  -3.16942501       3.27589273      0.660000026    
        2004  -3.21644807       2.93877196      0.660000026    
        2006  -3.54845929       1.73793781      0.649999976    
        2008  -3.23282456       2.70069456      0.639999986    
        2010  -3.51551747      0.799707830      0.629999995    
        2012  -3.42373085       1.22422564      0.629999995    
        2014  -3.19043088       2.19754100      0.629999995    
        2016  -3.55033350      0.627198398      0.629999995    
        2018  -3.43495321       1.41310298      0.629999995    
        2020  -3.21398473       1.52129364      0.620000005    
        2022  -3.41935945       1.32455039      0.629999995    
        2024  -3.26886392       2.20257187      0.620000005    
        2026  -3.53214431       1.63226771      0.629999995    
        2028  -3.59187436       1.22298741      0.629999995    
        2030  -3.62268686       1.40742362      0.639999986    
        2032  -3.54081464       1.31568134      0.629999995    
        2034  -3.54488778       1.36940110      0.639999986    
        2036  -3.50162411       1.57853603      0.639999986    
        2038  -3.50749612       1.95246875      0.649999976    
        2040  -3.59127259       2.38574100      0.660000026    
        2042  -3.57334876       2.13083220      0.649999976    
        2044  -3.65092945       1.97335434      0.660000026    
        2046  -3.59070754       2.34955859      0.660000026    
        2048  -3.45295572       2.58255649      0.649999976    
        2050  -3.59765649       1.84301460      0.639999986    
        2052  -3.68043399       1.60422826      0.639999986    
        2054  -3.44859338       2.57145572      0.639999986    
        2056  -3.60735178       1.74317491      0.629999995    
        2058  -3.55372977       2.07381749      0.639999986    
        2060  -3.40891147       2.56699800      0.639999986    
        2062  -3.39963961       2.62462378      0.639999986    
        2064  -3.56625533       2.32724690      0.639999986    
        2066  -3.73055387       1.52986991      0.629999995    
        2068  -3.87335157      0.913825035      0.629999995    
        2070  -3.58062816       2.10866475      0.629999995    
        2072  -3.27238393       3.05807948      0.629999995    
        2074  -3.79680920       1.11882210      0.629999995    
        2076  -3.73363328      0.985450685      0.629999995    
        2078  -3.70023322      0.729513109      0.639999986    
        2080  -3.72036958      0.707507253      0.629999995    
        2082  -3.50703955       1.57943726      0.629999995    
        2084  -3.54642606       1.38054073      0.629999995    
        2086  -3.54347277       1.09763587      0.620000005    
        2088  -3.34168077       2.29967737      0.629999995    
        2090  -3.34019113       2.18946052      0.629999995    
        2092  -3.41145134       1.82247972      0.629999995    
        2094  -3.67861962       1.24973845      0.639999986    
        2096  -3.83665824      0.583260059      0.639999986    
        2098  -3.86043167      0.273830116      0.639999986    
        2100  -3.73889279      0.607361674      0.639999986    
        2102  -3.77577639      0.566127717      0.629999995    
        2104  -3.64822888      0.908693850      0.620000005    
        2106  -3.44425893       1.53808248      0.610000014    
        2108  -3.29947305       1.30926549      0.600000024    
        2110  -3.34306097       1.67100930      0.620000005    
        2112  -3.26398110       1.75775850      0.620000005    
        2114  -3.30228066       1.56417298      0.620000005    
        2116  -3.36112976       1.27035022      0.620000005    
        2118  -3.30252123       1.81195128      0.629999995    
        2120  -3.30048466       1.90515554      0.620000005    
        2122  -3.47000575       1.68919909      0.629999995    
        2124  -3.29883361       2.64373422      0.639999986    
        2126  -3.37891936       2.40879774      0.639999986    
        2128  -3.34367871       2.41331244      0.639999986    
        2130  -3.30729032       2.24691129      0.649999976    
        2132  -3.32558250       2.25379658      0.649999976    
        2134  -3.61759591      0.937215149      0.649999976    
        2136  -3.49160004       1.33652771      0.649999976    
        2138  -3.58482170       1.65396333      0.660000026    
        2140  -3.46071577       2.90189099      0.680000007    
        2142  -3.51306319       2.91787100      0.670000017    
        2144  -3.39533734       3.06106114      0.660000026    
        2146  -3.64640379       1.89365458      0.660000026    
        2148  -3.78553247      0.798879504      0.660000026    
        2150  -3.36319947       2.58056521      0.670000017    
        2152  -3.49465823       2.35615849      0.670000017    
        2154  -3.68462777       1.44883871      0.670000017    
        2156  -3.47743177       2.52296543      0.680000007    
        2158  -3.59619141       1.97203612      0.680000007    
        2160  -3.73465109       1.97377670      0.689999998    
        2162  -3.46516967       2.97512603      0.689999998    
        2164  -3.46911955       3.02967024      0.689999998    
        2166  -3.26785469       4.16268349      0.689999998    
        2168  -3.45220590       3.43465686      0.689999998    
        2170  -3.71008921       1.95479631      0.689999998    
        2172  -3.66048765       2.52046204      0.699999988    
        2174  -3.84256268       2.32285666      0.699999988    
        2176  -3.76230001       2.56584001      0.699999988    
        2178  -3.35430932       3.23089385      0.680000007    
        2180  -3.66201997       2.06248212      0.670000017    
        2182  -3.76113558       1.67563796      0.670000017    
        2184  -3.59769106       1.85526669      0.670000017    
        2186  -3.39406586       2.39165783      0.670000017    
        2188  -3.69744229       1.01876235      0.660000026    
        2190  -3.42472911       2.15542674      0.670000017    
        2192  -3.53850818       1.73557889      0.670000017    
        2194  -3.45286918       1.75142288      0.660000026    
        2196  -3.69137955      0.907183588      0.649999976    
        2198  -3.32805204       1.91940439      0.639999986    
        2200  -3.51068377       1.07936358      0.629999995    
        2202  -3.66999817      0.413181305      0.620000005    
        2204  -3.33048296       1.88591123      0.620000005    
        2206  -3.43037152       1.49908280      0.620000005    
        2208  -3.31077504       1.29916525      0.610000014    
        2210  -3.38528609       1.11472929      0.610000014    
        2212  -3.41150665       1.33954930      0.610000014    
        2214  -3.46515250       1.29865074      0.610000014    
        2216  -3.32105255       2.14713764      0.620000005    
        2218  -3.23535228       2.78556705      0.639999986    
        2220  -3.11741471       3.00480795      0.629999995    
        2222  -3.76666427       1.04514718      0.639999986    
        2224  -3.64997888       1.56255519      0.649999976    
        2226  -3.66815376       1.86871982      0.660000026    
        2228  -3.56522322       1.90246820      0.649999976    
        2230  -3.90439057       1.10803819      0.670000017    
        2232  -3.66597247       2.19770050      0.670000017    
        2234  -3.52040005       1.98919821      0.660000026    
        2236  -3.52051830       2.47125101      0.660000026    
        2238  -3.54844046       2.24141097      0.660000026    
        2240  -3.76333237       1.04292262      0.660000026    
        2242  -3.55881405       1.54027724      0.649999976    
        2244  -3.60228634       1.84604406      0.670000017    
        2246  -3.31875777       2.97996902      0.670000017    
        2248  -3.69213009       1.55662382      0.660000026    
        2250  -3.75777030       1.64551961      0.660000026    
        2252  -3.75735688       1.48448205      0.660000026    
        2254  -3.45750284       2.18956399      0.649999976    
        2256  -3.73070240       1.28733778      0.660000026    
        2258  -3.50827312       2.22250772      0.660000026    
        2260  -3.44156098       2.23939180      0.649999976    
        2262  -3.38089538       2.36871338      0.649999976    
        2264  -3.54163003       2.23206544      0.660000026    
        2266  -3.39177871       2.37187243      0.670000017    
        2268  -3.59735894       2.58400106      0.680000007    
        2270  -3.81914759       1.37158215      0.660000026    
        2272  -3.61388898       2.29579020      0.649999976    
        2274  -3.44754863       2.73709917      0.649999976    
        2276  -3.67414355       2.15827465      0.649999976    
        2278  -4.06151819      0.333440542      0.629999995    
        2280  -3.62664509       2.09397650      0.629999995    
        2282  -3.64267421       1.49468100      0.629999995    
        2284  -3.67657709       1.34427190      0.639999986    
        2286  -3.70787239       1.34477592      0.649999976    
        2288  -3.64629841       1.71435511      0.649999976    
        2290  -3.60933471       2.05349159      0.660000026    
        2292  -3.53812408       1.99860668      0.670000017    
        2294  -3.51504302       2.48012257      0.660000026    
        2296  -3.57417512       2.16559911      0.660000026    
        2298  -3.54766250       2.19910550      0.670000017    
        2300  -3.66739750       1.59743512      0.670000017    
        2302  -3.76183629       1.46965480      0.670000017    
        2304  -3.64017320       1.62674928      0.670000017    
        2306  -3.50638127       2.15435743      0.670000017    
        2308  -3.44086742       2.09797478      0.660000026    
        2310  -3.52501273       1.95283473      0.660000026    
        2312  -3.55186439       2.22526288      0.670000017    
        2314  -3.22902799       3.22116399      0.670000017    
        2316  -3.68096137       1.34514987      0.660000026    
        2318  -3.36942101       2.44435716      0.649999976    
        2320  -3.40100670       2.33035851      0.649999976    
        2322  -3.54750419       1.53060603      0.649999976    
        2324  -3.41051149       2.20608783      0.660000026    
        2326  -3.42474961       2.36188793      0.660000026    
        2328  -3.45144725       2.35429764      0.660000026    
        2330  -3.49029040       1.91455460      0.649999976    
        2332  -3.53557086       1.75223243      0.649999976    
        2334  -3.27486062       2.14341259      0.629999995    
        2336  -3.25792789       2.15143585      0.629999995    
        2338  -3.38588452       1.31311917      0.610000014    
        2340  -3.28131628       1.62682962      0.610000014    
        2342  -2.95645094       2.87949800      0.620000005    
        2344  -2.98866510       2.13797092      0.610000014    
        2346  -3.17531657       1.71433830      0.610000014    
        2348  -3.29886651       1.77552712      0.620000005    
        2350  -3.36970496       1.77488649      0.629999995    
        2352  -3.26758099       2.31570411      0.639999986    
        2354  -3.23340583       2.41014194      0.629999995    
        2356  -3.23534870       2.63143015      0.639999986    
        2358  -3.12018323       2.54582810      0.639999986    
        2360  -3.39144349       1.53333938      0.639999986    
        2362  -3.39194345       1.80427527      0.639999986    
        2364  -3.37479806       2.09324503      0.639999986    
        2366  -3.49664235       1.71372008      0.639999986    
        2368  -3.43191791       1.99009192      0.639999986    
        2370  -3.61088514       1.77084541      0.639999986    
        2372  -3.55328321       1.53728998      0.639999986    
        2374  -3.28114128       2.58964705      0.639999986    
        2376  -3.60244727       1.96714056      0.660000026    
        2378  -3.77362347       1.10629737      0.660000026    
        2380  -3.37825584       2.23399091      0.649999976    
        2382  -3.34450626       2.66995358      0.649999976    
        2384  -3.52212787       1.50298285      0.639999986    
        2386  -3.58252978       1.65169203      0.639999986    
        2388  -3.34535408       2.26148319      0.639999986    
        2390  -3.41621137       1.41248500      0.629999995    
        2392  -3.48774958      0.733678520      0.610000014    
        2394  -3.38820457      0.747490942      0.610000014    
        2396  -2.96058488       2.07550383      0.600000024    
        2398  -3.11252928       1.81233799      0.610000014    
        2400  -3.30964112       1.38066947      0.610000014    
        2402  -3.33734012      0.882303238      0.600000024    
        2404  -3.36418939      0.937239051      0.600000024    
        2406  -3.16125011       1.45067394      0.600000024    
        2408  -3.21383762       1.65572441      0.610000014    
        2410  -3.38190246       1.35115325      0.620000005    
        2412  -3.49752498      0.942518532      0.620000005    
        2414  -3.29263353       1.36852491      0.620000005    
        2416  -3.42122436       1.03801489      0.620000005    
        2418  -3.00881958       2.54785061      0.620000005    
        2420  -3.45250702       1.55871618      0.629999995    
        2422  -3.39099121       2.10904765      0.629999995    
        2424  -3.48400950       2.29249358      0.649999976    
        2426  -3.40391755       2.20321941      0.649999976    
        2428  -3.52067089       2.12946320      0.670000017    
        2430  -3.53719807       1.67205703      0.639999986    
        2432  -3.51268768       1.77796447      0.639999986    
        2434  -3.61256266       1.59933126      0.639999986    
        2436  -3.42139459       2.47756481      0.649999976    
        2438  -3.63390923       1.74969923      0.649999976    
        2440  -3.69360113       1.59539175      0.649999976    
        2442  -3.74184728       1.35787225      0.649999976    
        2444  -3.80374718       1.35168707      0.660000026    
        2446  -3.61227322       1.80842030      0.649999976    
        2448  -3.41958427       2.63545728      0.649999976    
        2450  -3.64595675       2.11950445      0.649999976    
        2452  -3.42354226       2.64586544      0.649999976    
        2454  -3.53680634       2.16885042      0.649999976    
        2456  -3.46015787       1.67046988      0.639999986    
        2458  -3.15101957       2.69468665      0.629999995    
        2460  -3.40121317       1.97885311      0.629999995    
        2462  -3.35650110       1.94874823      0.629999995    
        2464  -3.49603057       1.46140397      0.629999995    
        2466  -3.51904798       1.66009474      0.620000005    
        2468  -3.44862199       1.52316797      0.629999995    
        2470  -3.52277899       1.38390446      0.629999995    
        2472  -3.52198386       1.53835928      0.629999995    
        2474  -3.66339946       1.26666760      0.629999995    
        2476  -3.29196143       3.14143920      0.649999976    
        2478  -3.44853926       2.50244093      0.649999976    
        2480  -3.49543810       2.21719742      0.649999976    
        2482  -3.60712099       1.47576475      0.660000026    
        2484  -3.47761798       2.28913903      0.660000026    
        2486  -3.55492139       2.17406440      0.670000017    
        2488  -3.44410276       2.80310249      0.670000017    
        2490  -3.50022793       2.48528123      0.670000017    
        2492  -3.65327477       2.48801398      0.670000017    
        2494  -3.56020761       2.60466719      0.670000017    
        2496  -3.75893283       1.64534318      0.680000007    
        2498  -3.73470902       1.67405438      0.689999998    
        2500  -3.75067639       1.56408834      0.689999998    
        2502  -3.94861817      0.897502542      0.689999998    
        2504  -3.76035976       1.56211615      0.689999998    
        2506  -3.73408127       1.48884714      0.680000007    
        2508  -3.53265572       2.71449876      0.680000007    
        2510  -3.75147057       1.83843446      0.680000007    
        2512  -3.78176737       1.40659070      0.670000017    
        2514  -3.83579016       1.55848289      0.670000017    
        2516  -3.68413711       1.65134752      0.670000017    
        2518  -3.69011092       1.22148621      0.649999976    
        2520  -3.59477687       1.99985373      0.649999976    
        2522  -3.62534904       1.64983737      0.649999976    
        2524  -3.64443040       1.92901218      0.639999986    
        2526  -3.36106205       2.95413446      0.649999976    
        2528  -3.56802988       1.87113428      0.649999976    
        2530  -3.49906707       1.40999162      0.629999995    
        2532  -3.56676126       1.44195914      0.629999995    
        2534  -3.22351408       2.64959693      0.620000005    
        2536  -3.31883383       1.85697830      0.610000014    
        2538  -3.49957037       1.39044034      0.620000005    
        2540  -3.29910851       2.04710054      0.620000005    
        2542  -3.32063985       1.58055079      0.620000005    
        2544  -3.41298556       1.48041713      0.620000005    
        2546  -3.12549829       2.07279277      0.610000014    
        2548  -3.29493284       1.91828585      0.620000005    
        2550  -3.34518647       2.03558898      0.620000005    
        2552  -3.36385512       1.56711590      0.610000014    
        2554  -3.54930854      0.579777300      0.610000014    
        2556  -3.16652346       2.28146005      0.620000005    
        2558  -3.40049505       1.54854131      0.610000014    
        2560  -3.38872957       1.44211698      0.610000014    
        2562  -3.34123302       1.50160015      0.610000014    
        2564  -3.22945070       2.16778517      0.610000014    
        2566  -3.27078819       1.65164125      0.600000024    
        2568  -3.32837129       1.52388430      0.610000014    
        2570  -3.48654437       1.75713670      0.629999995    
        2572  -3.43737483       2.07259607      0.649999976    
        2574  -3.38593769       2.12069416      0.620000005    
        2576  -3.45857120       1.87550497      0.629999995    
        2578  -3.40662837       1.91386664      0.629999995    
        2580  -3.42924309       1.94390333      0.639999986    
        2582  -3.42453599       2.16150618      0.639999986    
        2584  -3.77174020      0.992902458      0.649999976    
        2586  -3.34681082       2.42810011      0.649999976    
        2588  -3.24792051       2.65898824      0.649999976    
        2590  -3.36044717       1.77853107      0.629999995    
        2592  -3.40427089       1.53962386      0.629999995    
        2594  -3.20581818       2.13731098      0.639999986    
        2596  -3.15494347       2.90168667      0.639999986    
        2598  -2.96255398       3.74511838      0.649999976    
        2600  -3.05230737       3.36635685      0.649999976    
        2602  -3.19011402       2.99030328      0.649999976    
        2604  -3.01343012       3.38834977      0.649999976    
        2606  -3.20273829       2.79821038      0.649999976    
        2608  -2.98730993       3.16575980      0.649999976    
        2610  -3.16701889       2.56027699      0.639999986    
        2612  -3.38383794       1.88010168      0.649999976    
        2614  -3.64916277       1.35380173      0.660000026    
        2616  -3.63676739       1.47341502      0.660000026    
        2618  -3.57142663       1.76955914      0.649999976    
        2620  -3.42722797       1.67896390      0.639999986    
        2622  -3.32461548       2.16403890      0.639999986    
        2624  -3.50710797       1.32867956      0.620000005    
        2626  -3.38461781       2.06885910      0.629999995    
        2628  -3.22645760       2.62026548      0.629999995    
        2630  -3.15748215       2.69906354      0.629999995    
        2632  -3.30554795       2.05768347      0.620000005    
        2634  -3.13632679       2.24777985      0.610000014    
        2636  -3.15125823       1.87424672      0.629999995    
        2638  -3.33925200       1.34673858      0.629999995    
        2640  -3.19567871       2.10921001      0.629999995    
        2642  -3.37153220       1.01825643      0.620000005    
        2644  -3.14881349       1.57508695      0.600000024    
        2646  -3.04860306       1.74026084      0.589999974    
        2648  -3.15570402       1.25716126      0.600000024    
        2650  -3.29507136       1.11875558      0.610000014    
        2652  -3.38173079       1.02845037      0.610000014    
        2654  -3.31004453       1.47350824      0.610000014    
        2656  -3.10415792       2.62523389      0.629999995    
        2658  -3.36672783       1.78293884      0.629999995    
        2660  -3.25714517       1.94564497      0.610000014    
        2662  -3.33036065       1.84867990      0.610000014    
        2664  -3.51402545       1.28025365      0.620000005    
        2666  -3.55903769       1.46582878      0.629999995    
        2668  -3.39815950       2.44699788      0.649999976    
        2670  -3.33972573       2.45162058      0.639999986    
        2672  -3.53935170       1.64967132      0.639999986    
        2674  -3.30282950       2.35760117      0.629999995    
        2676  -3.30245066       2.54940748      0.629999995    
        2678  -3.43096113       2.44553828      0.629999995    
        2680  -3.73214960       1.49423337      0.620000005    
        2682  -3.39869761       1.97026229      0.610000014    
        2684  -3.52410626       1.45515788      0.610000014    
        2686  -3.27830505       2.76716423      0.620000005    
        2688  -3.35988903       1.94541144      0.620000005    
        2690  -3.43601203       1.80779576      0.629999995    
        2692  -3.35346627       2.65680432      0.660000026    
        2694  -3.42669106       2.05945563      0.649999976    
        2696  -3.36369872       2.36586833      0.649999976    
        2698  -3.41342664       2.16354990      0.649999976    
        2700  -3.62523150       1.31847417      0.649999976    
        2702  -3.32944012       2.51954794      0.649999976    
        2704  -3.53192067       2.22482467      0.670000017    
        2706  -3.55201650       2.04909706      0.660000026    
        2708  -3.52417755       1.86728108      0.660000026    
        2710  -3.42875838       2.02018476      0.660000026    
        2712  -3.51894832       2.21547985      0.660000026    
        2714  -3.16113234       2.92134237      0.639999986    
        2716  -3.55724049       1.98384166      0.660000026    
        2718  -3.61620259       1.58667946      0.660000026    
        2720  -3.37564421       2.28369045      0.660000026    
        2722  -3.60762525       1.42723382      0.649999976    
        2724  -3.57479715       1.75824070      0.649999976    
        2726  -3.37880659       2.11724997      0.649999976    
        2728  -3.68216491       1.25595844      0.660000026    
        2730  -3.53347850       1.96793306      0.680000007    
        2732  -3.49604893       2.65756154      0.680000007    
        2734  -3.59230804       2.46619749      0.680000007    
        2736  -3.64114213       2.53419328      0.680000007    
        2738  -3.63811064       2.20394444      0.680000007    
        2740  -3.59416938       2.39043212      0.689999998    
        2742  -3.47770858       2.55294824      0.680000007    
        2744  -3.23246765       2.93395543      0.660000026    
        2746  -3.33701682       2.53134632      0.649999976    
        2748  -3.48206758       1.89613879      0.660000026    
        2750  -3.35203505       2.21351862      0.660000026    
        2752  -3.52699757       1.25333416      0.649999976    
        2754  -3.52346969       1.32308638      0.660000026    
        2756  -3.41346836       2.31260562      0.670000017    
        2758  -3.43332171       2.81740451      0.689999998    
        2760  -3.48581028       2.96608806      0.689999998    
        2762  -3.45702457       2.25588179      0.670000017    
        2764  -3.60658073       1.44214225      0.670000017    
        2766  -3.56590056       2.21520305      0.689999998    
        2768  -3.53901243       2.05119705      0.689999998    
        2770  -3.55037427       2.16291690      0.689999998    
        2772  -3.60138011       2.22471285      0.689999998    
        2774  -3.64542174       1.84198213      0.689999998    
        2776  -3.97528768      0.615351677      0.689999998    
        2778  -3.65176177       1.69359851      0.689999998    
        2780  -3.43681979       2.76013637      0.689999998    
        2782  -3.30979657       2.96244359      0.680000007    
        2784  -3.53133273       1.85665679      0.680000007    
        2786  -3.58004165       1.51648295      0.660000026    
        2788  -3.70112562       1.16539967      0.670000017    
        2790  -3.75808692      0.596111596      0.680000007    
        2792  -3.86615491      0.685082078      0.680000007    
        2794  -3.75119877       1.49349833      0.689999998    
        2796  -3.67175889       1.87046623      0.689999998    
        2798  -3.71014214       2.02891755      0.699999988    
        2800  -3.63917565       2.46299815      0.699999988    
        2802  -3.75210309       1.83821833      0.699999988    
        2804  -3.69064546       1.68281841      0.699999988    
        2806  -3.51323867       2.66574025      0.699999988    
        2808  -3.46686125       2.91882992      0.699999988    
        2810  -3.61600232       2.36516690      0.699999988    
        2812  -3.56979775       2.19408107      0.689999998    
        2814  -3.61327553       2.35192299      0.689999998    
        2816  -3.55426741       2.76993155      0.699999988    
        2818  -3.64517021       2.25637293      0.699999988    
        2820  -3.54965162       2.54651165      0.699999988    
        2822  -3.63696814       2.81492496      0.699999988    
        2824  -3.72987723       2.50684929      0.699999988    
        2826  -3.70585918       2.40993953      0.689999998    
        2828  -3.64786887       2.23261642      0.680000007    
        2830  -3.66997504       2.30978942      0.680000007    
        2832  -3.36497498       3.03283668      0.649999976    
        2834  -3.26897287       2.40593839      0.629999995    
        2836  -3.29421926       2.77985454      0.649999976    
        2838  -3.47323751       1.82616985      0.629999995    
        2840  -3.44849491       1.60330153      0.639999986    
        2842  -3.48087335       1.63718975      0.639999986    
        2844  -3.35508537       1.82701957      0.629999995    
        2846  -3.43492532       1.24250162      0.620000005    
        2848  -3.32070470       1.44378757      0.620000005    
        2850  -3.47657442       1.36675763      0.620000005    
        2852  -3.59474421       1.27847183      0.629999995    
        2854  -3.57253194       1.38729060      0.629999995    
        2856  -3.42815828       1.70463550      0.629999995    
        2858  -3.47106934       1.59528482      0.629999995    
        2860  -3.31436205       2.10516357      0.629999995    
        2862  -3.58659434       1.72114801      0.649999976    
        2864  -3.26964736       3.03842878      0.649999976    
        2866  -3.56256938       2.28409410      0.660000026    
        2868  -3.40992522       3.09006786      0.649999976    
        2870  -3.49072409       2.82819748      0.660000026    
        2872  -3.53137326       2.33619475      0.660000026    
        2874  -3.27519441       3.43625283      0.660000026    
        2876  -3.52517486       2.74951720      0.660000026    
        2878  -3.46235180       2.74746537      0.660000026    
        2880  -3.30570126       3.27481270      0.660000026    
        2882  -3.53077126       2.60281157      0.660000026    
        2884  -3.50503135       2.53146720      0.660000026    
        2886  -3.81464696       1.23924673      0.660000026    
        2888  -3.65342379       1.81077123      0.660000026    
        2890  -3.55682540       2.65460348      0.670000017    
        2892  -3.47328949       2.57512236      0.670000017    
        2894  -3.54308367       2.40795064      0.670000017    
        2896  -3.17707348       3.38485813      0.670000017    
        2898  -3.69496584       1.91770840      0.670000017    
        2900  -3.61406636       2.13967156      0.670000017    
        2902  -3.80943513       1.63534522      0.680000007    
        2904  -3.79259753       1.71585441      0.680000007    
        2906  -3.54176974       2.69964457      0.680000007    
        2908  -3.49214983       2.54312468      0.670000017    
        2910  -3.59896231       1.91132426      0.660000026    
        2912  -3.38761210       2.53970838      0.660000026    
        2914  -3.67488933       1.71978593      0.660000026    
        2916  -3.44053626       2.44974661      0.660000026    
        2918  -3.54684973       2.17543864      0.660000026    
        2920  -3.53038573       2.46894526      0.670000017    
        2922  -3.52755451       2.40283179      0.670000017    
        2924  -3.73092270       2.04169655      0.680000007    
        2926  -3.54228568       2.91778469      0.699999988    
        2928  -3.79603696       1.98414445      0.709999979    
        2930  -3.58440924       2.81990409      0.709999979    
        2932  -3.71745872       2.53103042      0.709999979    
        2934  -3.39124060       3.87035704      0.709999979    
        2936  -3.55173373       3.07919788      0.709999979    
        2938  -3.85383654       2.03779531      0.709999979    
        2940  -3.58317852       2.99768853      0.720000029    
        2942  -3.87357283       1.96782219      0.720000029    
        2944  -3.94053578       2.14620829      0.730000019    
        2946  -4.01334333       1.84417081      0.730000019    
        2948  -3.92537093       2.53036690      0.740000010    
        2950  -4.00237417       2.18803573      0.740000010    
        2952  -3.73921776       3.55334353      0.740000010    
        2954  -3.88132143       2.86143088      0.740000010    
        2956  -3.83220267       3.56489325      0.750000000    
        2958  -4.14670944       2.28834629      0.759999990    
        2960  -4.12726736       2.72207928      0.759999990    
        2962  -4.06487226       3.05583930      0.759999990    
        2964  -3.83203340       4.06067657      0.759999990    
        2966  -3.94456768       3.43356776      0.750000000    
        2968  -3.78514647       3.93882489      0.750000000    
        2970  -3.88420200       3.32273841      0.750000000    
        2972  -3.55338049       4.25225592      0.740000010    
        2974  -3.58880877       4.00201750      0.730000019    
        2976  -3.76895976       2.80828714      0.730000019    
        2978  -3.83407164       2.54982448      0.720000029    
        2980  -3.61766195       2.83744121      0.709999979    
        2982  -3.48956251       3.29072213      0.709999979    
        2984  -3.54406142       2.97995400      0.699999988    
        2986  -3.47526026       3.04316068      0.699999988    
        2988  -3.54531932       3.15930462      0.709999979    
        2990  -3.49273920       3.17559958      0.709999979    
        2992  -3.73556352       2.25274301      0.709999979    
        2994  -3.64676714       2.73505545      0.709999979    
        2996  -3.43932390       3.58090758      0.709999979    
        2998  -3.67278814       2.38798904      0.689999998    
        3000  -3.60766578       2.87701797      0.680000007    
        3002  -3.65160990       2.33840227      0.680000007    
        3004  -3.60841513       2.64308143      0.699999988    
        3006  -3.63042712       2.63683677      0.699999988    
        3008  -3.84883428       1.83348370      0.709999979    
        3010  -3.68784666       2.56231093      0.709999979    
        3012  -3.65344119       2.67317724      0.709999979    
        3014  -3.66468167       2.57508135      0.709999979    
        3016  -3.57238412       2.70787859      0.699999988    
        3018  -3.88355970       2.11484385      0.709999979    
        3020  -3.69191384       2.79430795      0.709999979    
        3022  -3.70280123       2.81712723      0.709999979    
        3024  -3.73535061       2.36013579      0.709999979    
        3026  -3.51599669       3.36435056      0.709999979    
        3028  -3.76031184       2.09653759      0.709999979    
        3030  -3.66302800       2.66968393      0.709999979    
        3032  -3.82190061       2.79721546      0.720000029    
        3034  -3.38789630       4.57648897      0.709999979    
        3036  -3.64563465       3.55407357      0.709999979    
        3038  -3.93575406       2.20524192      0.709999979    
        3040  -3.74850678       2.86690474      0.709999979    
        3042  -3.36922693       4.48953295      0.720000029    
        3044  -3.72776985       3.58099174      0.730000019    
        3046  -3.78621149       3.27053332      0.730000019    
        3048  -3.71103692       2.99930358      0.720000029    
        3050  -3.62440324       3.24096084      0.720000029    
        3052  -3.43035722       4.53964281      0.730000019    
        3054  -3.45446563       3.87352633      0.720000029    
        3056  -3.78207135       2.79018044      0.720000029    
        3058  -3.70882249       2.94178057      0.709999979    
        3060  -3.76090503       1.96101868      0.689999998    
        3062  -3.47995353       2.16364574      0.670000017    
        3064  -3.47948146       2.75879383      0.680000007    
        3066  -3.50748873       2.52448750      0.680000007    
        3068  -3.84022355       1.08127713      0.680000007    
        3070  -3.66363120       2.30774093      0.680000007    
        3072  -3.70761418       2.34117007      0.689999998    
        3074  -3.72771239       2.26832366      0.689999998    
        3076  -3.51275301       2.78808260      0.670000017    
        3078  -3.60748339       2.53489256      0.670000017    
        3080  -3.44282007       3.29970050      0.660000026    
        3082  -3.89724302       1.87272418      0.660000026    
        3084  -3.74225616       2.66941214      0.660000026    
        3086  -3.65835571       2.37839723      0.660000026    
        3088  -3.51444483       2.40712738      0.660000026    
        3090  -3.52208853       1.98731673      0.639999986    
        3092  -3.59472752       1.87394929      0.649999976    
        3094  -3.63849020       1.69818628      0.649999976    
        3096  -3.64999795       1.49222159      0.639999986    
        3098  -3.46915889       2.21587133      0.629999995    
        3100  -3.42426682       2.47225213      0.639999986    
        3102  -3.58926320       1.64924705      0.649999976    
        3104  -3.65105104       1.54119158      0.649999976    
        3106  -3.55800247       1.35285830      0.639999986    
        3108  -3.59312391       1.12315786      0.629999995    
        3110  -3.59202147       1.39931166      0.629999995    
        3112  -3.66584516       1.55818713      0.639999986    
        3114  -3.74200916      0.883493960      0.629999995    
        3116  -3.86664271      0.568436146      0.629999995    
        3118  -3.63326788       1.37669849      0.639999986    
        3120  -3.39789295       1.90233016      0.639999986    
        3122  -2.99064136       3.19810081      0.629999995    
        3124  -3.36562562       1.69548154      0.620000005    
        3126  -3.39647055       1.44219327      0.620000005    
        3128  -3.44536948       1.86100411      0.649999976    
        3130  -3.66127706       1.02299452      0.649999976    
        3132  -3.65714288       1.03544486      0.649999976    
        3134  -3.43074632       2.21060705      0.649999976    
        3136  -3.10797310       3.51634383      0.649999976    
        3138  -3.23251605       3.00512075      0.649999976    
        3140  -3.14875269       3.13473725      0.649999976    
        3142  -3.47593546       2.29636908      0.660000026    
        3144  -3.77654791       2.17680693      0.699999988    
        3146  -3.78782439       2.01363587      0.689999998    
        3148  -3.55257654       2.55518150      0.689999998    
        3150  -3.35930920       3.74101210      0.680000007    
        3152  -3.50355601       3.48092365      0.680000007    
        3154  -3.69470167       2.29884028      0.660000026    
        3156  -3.71524477       2.54269671      0.680000007    
        3158  -3.73373389       2.12966776      0.680000007    
        3160  -3.81469798       1.83635879      0.680000007    
        3162  -3.97961617       1.24280453      0.689999998    
        3164  -3.79169250       1.85618854      0.680000007    
        3166  -3.94681311       1.37731647      0.689999998    
        3168  -3.22429299       3.04333925      0.670000017    
        3170  -3.56598568       2.12633610      0.670000017    
        3172  -3.56739950       2.18780947      0.670000017    
        3174  -3.47838736       2.72238994      0.680000007    
        3176  -3.65691733       2.54841447      0.689999998    
        3178  -3.78721690       1.88648403      0.689999998    
        3180  -3.45726919       2.93265295      0.689999998    
        3182  -3.56779408       2.31953692      0.680000007    
        3184  -3.64585519       1.77203763      0.689999998    
        3186  -3.33468151       2.57561779      0.680000007    
        3188  -3.43851590       2.68986106      0.689999998    
        3190  -3.50671816       2.07995820      0.680000007    
        3192  -3.68593740       1.49368024      0.670000017    
        3194  -3.70157027       1.72513080      0.680000007    
        3196  -3.76342177       1.54438639      0.680000007    
        3198  -3.87029672      0.925858736      0.670000017    
        3200  -3.67639112       1.44775367      0.670000017    
        3202  -3.82594395      0.888203144      0.670000017    
        3204  -3.41521955       2.65679359      0.670000017    
        3206  -3.46462703       2.43396521      0.670000017    
        3208  -3.11717582       3.31716776      0.639999986    
        3210  -3.28393769       3.10853648      0.649999976    
        3212  -3.28637600       2.91790175      0.649999976    
        3214  -3.32376480       3.29639101      0.660000026    
        3216  -3.57540202       2.34346747      0.660000026    
        3218  -3.53532052       2.16445208      0.660000026    
        3220  -3.70512176       1.82840037      0.660000026    
        3222  -3.61827326       2.17430282      0.660000026    
        3224  -3.36258936       3.17746115      0.660000026    
        3226  -3.39321446       2.23642325      0.639999986    
        3228  -3.48167992       1.98427200      0.639999986    
        3230  -3.47727013       2.11653852      0.639999986    
        3232  -3.67153478       1.51545155      0.639999986    
        3234  -3.49197173       2.53463197      0.649999976    
        3236  -3.58998299       1.13778460      0.629999995    
        3238  -3.24600744       2.68331528      0.629999995    
        3240  -3.00638223       3.18345761      0.629999995    
        3242  -3.23231697       2.08343124      0.629999995    
        3244  -2.97122431       2.89833665      0.629999995    
        3246  -3.56008673       1.19963920      0.639999986    
        3248  -3.30334282       2.89305353      0.649999976    
        3250  -3.11267209       3.61985898      0.660000026    
        3252  -3.78431225       1.52685261      0.670000017    
        3254  -3.20507622       3.60091281      0.660000026    
        3256  -3.40001154       2.50875711      0.660000026    
        3258  -3.51128054       2.31260300      0.670000017    
        3260  -3.72318578       1.49809945      0.670000017    
        3262  -3.56983829       1.87786961      0.670000017    
        3264  -3.48802996       1.59530139      0.649999976    
        3266  -3.38149929       2.19064498      0.649999976    
        3268  -3.43193507       2.08248115      0.649999976    
        3270  -3.45597053       1.93649256      0.639999986    
        3272  -3.24577427       2.45670676      0.639999986    
        3274  -3.57632470       1.22606981      0.639999986    
        3276  -3.48796177       1.53255880      0.649999976    
        3278  -3.25904775       1.82221913      0.629999995    
        3280  -3.27848887       1.72591615      0.629999995    
        3282  -3.24349666       1.74891222      0.620000005    
        3284  -3.30000067       1.53432441      0.620000005    
        3286  -3.03463864       2.25955343      0.610000014    
        3288  -3.48300314       1.12888873      0.610000014    
        3290  -3.39220524       1.47277915      0.610000014    
        3292  -3.37006378       1.68604183      0.610000014    
        3294  -3.39047480       1.88196826      0.610000014    
        3296  -2.97614479       2.78209186      0.620000005    
        3298  -3.57027078      0.770703018      0.600000024    
        3300  -3.57848763       1.15412569      0.620000005    
        3302  -3.46491146       1.25377429      0.620000005    
        3304  -3.45906258       1.53997159      0.629999995    
        3306  -3.37382030       2.07816386      0.620000005    
        3308  -3.38207245       2.11008501      0.620000005    
        3310  -3.52158189       1.36963022      0.620000005    
        3312  -3.28366041       2.10497522      0.610000014    
        3314  -3.26526046       2.30611825      0.610000014    
        3316  -3.30857277       2.14035606      0.610000014    
        3318  -3.55402517       1.49701297      0.620000005    
        3320  -3.46505690       1.88399839      0.629999995    
        3322  -3.35991716       1.83139014      0.610000014    
        3324  -2.89808583       3.38344669      0.620000005    
        3326  -3.31731963       2.12425017      0.600000024    
        3328  -3.20286560       2.16886353      0.610000014    
        3330  -3.39450145       1.72732842      0.629999995    
        3332  -3.46984911       1.62094295      0.629999995    
        3334  -3.33749413       2.70503759      0.649999976    
        3336  -3.39179564       2.43927956      0.649999976    
        3338  -3.43934751       1.87198150      0.639999986    
        3340  -3.72038889      0.778739750      0.639999986    
        3342  -3.24167252       2.53104496      0.639999986    
        3344  -3.45108819       2.04962277      0.639999986    
        3346  -3.52210951       1.61894524      0.629999995    
        3348  -3.48785782       1.60727954      0.629999995    
        3350  -3.56047249       1.42170775      0.629999995    
        3352  -3.61538959       1.19352949      0.629999995    
        3354  -3.71461821      0.719335735      0.639999986    
        3356  -3.54662967       1.09747779      0.639999986    
        3358  -3.44867682       1.43033242      0.620000005    
        3360  -3.25675535       2.15306973      0.629999995    
        3362  -3.36693072       1.96177459      0.629999995    
        3364  -3.22756672       2.18211126      0.629999995    
        3366  -3.32886243       1.81544220      0.620000005    
        3368  -3.38509703       1.31426346      0.620000005    
        3370  -3.34119129       2.07515621      0.620000005    
        3372  -3.26953673       1.79470944      0.620000005    
        3374  -3.08926654       2.69955707      0.629999995    
        3376  -3.15426421       2.20066524      0.620000005    
        3378  -3.17678380       1.79947257      0.600000024    
        3380  -3.42597842       1.02586710      0.610000014    
        3382  -3.25654244       1.73078513      0.620000005    
        3384  -3.49854112      0.579966486      0.610000014    
        3386  -3.22427869       1.49728334      0.610000014    
        3388  -3.26102638       1.71766710      0.610000014    
        3390  -3.18626666       1.87902319      0.600000024    
        3392  -3.23868465       1.85398650      0.610000014    
        3394  -3.06818795       3.00892067      0.610000014    
        3396  -3.20507240       2.42520165      0.610000014    
        3398  -3.17995381       2.50501513      0.620000005    
        3400  -3.37455964       1.85795021      0.620000005    
        3402  -3.40722656       1.63898301      0.620000005    
        3404  -3.15675473       2.51250792      0.629999995    
        3406  -3.24101162       2.48473883      0.629999995    
        3408  -3.53012872       2.37344885      0.660000026    
        3410  -3.67215610       1.84792495      0.660000026    
        3412  -3.46965146       2.34978127      0.660000026    
        3414  -3.54442596       1.95207644      0.660000026    
        3416  -3.57860589       1.93339658      0.670000017    
        3418  -3.37503743       2.41924310      0.660000026    
        3420  -3.63876319       1.63776326      0.660000026    
        3422  -3.64082122       1.37227499      0.660000026    
        3424  -3.73649168      0.997418642      0.660000026    
        3426  -3.62543941       1.60670161      0.670000017    
        3428  -3.40514994       3.13035107      0.680000007    
        3430  -3.42632151       3.06918025      0.680000007    
        3432  -3.55396199       2.22535706      0.680000007    
        3434  -3.81704688       1.09909570      0.660000026    
        3436  -3.69679070       1.73662508      0.670000017    
        3438  -3.70195198       1.33278239      0.660000026    
        3440  -3.82335258       1.97597170      0.689999998    
        3442  -3.89916468       1.65702796      0.689999998    
        3444  -3.72681522       2.22828388      0.689999998    
        3446  -3.74150562       2.06758046      0.680000007    
        3448  -3.78759480       2.15848660      0.689999998    
        3450  -3.70939612       2.11151099      0.680000007    
        3452  -3.69407678       2.03396702      0.680000007    
        3454  -3.64055109       1.76988351      0.670000017    
        3456  -3.64002776       2.03664899      0.670000017    
        3458  -3.48843193       2.31306887      0.670000017    
        3460  -3.68613958       2.27839851      0.670000017    
        3462  -3.52050662       2.71967483      0.670000017    
        3464  -3.54825282       2.64799762      0.680000007    
        3466  -3.66163135       2.60217237      0.699999988    
        3468  -3.47935486       3.20465994      0.699999988    
        3470  -3.63919997       2.08311749      0.689999998    
        3472  -3.63349795       2.23536372      0.699999988    
        3474  -3.81113029       1.59033811      0.699999988    
        3476  -3.69271350       1.77715254      0.689999998    
        3478  -3.44545341       2.29880810      0.680000007    
        3480  -3.53227520       2.21536589      0.680000007    
        3482  -3.72743034       1.91563940      0.699999988    
        3484  -3.88897491       2.01113820      0.709999979    
        3486  -3.72774482       2.33223557      0.709999979    
        3488  -3.83795214       1.88131785      0.709999979    
        3490  -3.78109813       2.10334802      0.709999979    
        3492  -3.81702137       1.82149541      0.709999979    
        3494  -3.66555142       1.85871887      0.699999988    
        3496  -3.57226753       2.33675337      0.680000007    
        3498  -3.59727263       2.04908943      0.660000026    
        3500  -3.55512238       1.66767025      0.649999976    
        3502  -3.56623125       1.62003613      0.660000026    
        3504  -3.32068777       2.38537550      0.660000026    
        3506  -3.48163033       1.97200155      0.660000026    
        3508  -3.68556023       1.29970706      0.660000026    
        3510  -3.54964328       1.92439032      0.660000026    
        3512  -3.47795963       2.32591486      0.660000026    
        3514  -3.52297854       2.02076793      0.660000026    
        3516  -3.52545452       2.07028198      0.670000017    
        3518  -3.46169972       3.13232732      0.689999998    
        3520  -3.54703474       2.75433183      0.699999988    
        3522  -3.55784392       2.61006761      0.689999998    
        3524  -3.55123830       2.52828503      0.680000007    
        3526  -3.56392384       1.98204648      0.680000007    
        3528  -3.59631896       1.86455214      0.680000007    
        3530  -3.55907393       1.83436155      0.670000017    
        3532  -3.53428578       1.94000399      0.660000026    
        3534  -3.59912419       1.54364479      0.660000026    
        3536  -3.33963680       2.91581631      0.660000026    
        3538  -3.44023824       2.71506763      0.660000026    
        3540  -3.29138684       3.03002310      0.649999976    
        3542  -3.04329610       3.93751454      0.639999986    
        3544  -3.20118570       2.92471242      0.629999995    
        3546  -3.31798100       2.32279754      0.629999995    
        3548  -3.31452084       2.77068639      0.629999995    
        3550  -3.43437982       2.34804249      0.629999995    
        3552  -3.71789169       1.51441276      0.639999986    
        3554  -3.46859336       2.16040754      0.629999995    
        3556  -3.43112540       1.58246291      0.629999995    
        3558  -3.57578921       1.72583485      0.639999986    
        3560  -3.55635738       1.40992951      0.629999995    
        3562  -3.48955202       1.79807162      0.620000005    
        3564  -3.34511614       2.40968418      0.620000005    
        3566  -3.33050036       2.69453692      0.629999995    
        3568  -3.55312204       1.83417904      0.649999976    
        3570  -3.44383383       2.53771687      0.660000026    
        3572  -3.63496327       2.32641816      0.670000017    
        3574  -3.67458487       2.06839538      0.660000026    
        3576  -3.40115261       3.20214939      0.660000026    
        3578  -3.26583886       3.38916183      0.660000026    
        3580  -3.49576735       2.95907831      0.670000017    
        3582  -3.49734139       3.04179788      0.680000007    
        3584  -3.53328347       3.38300037      0.689999998    
        3586  -3.69406271       2.51232648      0.689999998    
        3588  -3.73583984       2.91797757      0.689999998    
        3590  -3.69964290       3.34073687      0.699999988    
        3592  -3.89633107       2.46618056      0.709999979    
        3594  -3.66620708       3.38756251      0.709999979    
        3596  -3.61081553       3.51125526      0.709999979    
        3598  -3.65753794       2.63313866      0.699999988    
        3600  -3.78935385       2.42122364      0.699999988    
        3602  -3.69791698       2.45469284      0.699999988    
        3604  -3.89998770       1.63381565      0.699999988    
        3606  -3.53967476       3.38128901      0.720000029    
        3608  -3.69511724       3.17659569      0.720000029    
        3610  -3.76112986       2.22364020      0.709999979    
        3612  -3.76826501       2.27130747      0.709999979    
        3614  -3.83415842       1.60705912      0.699999988    
        3616  -3.81209111       1.87558591      0.699999988    
        3618  -3.56401968       3.12009335      0.699999988    
        3620  -3.66674066       2.45775127      0.699999988    
        3622  -3.83279037       1.77558315      0.699999988    
        3624  -3.76984620       2.07224274      0.689999998    
        3626  -3.87991190       1.71596384      0.680000007    
        3628  -3.95110607       1.50635612      0.689999998    
        3630  -3.93790388       1.73382878      0.689999998    
        3632  -3.84413409       2.01485610      0.689999998    
        3634  -3.97191811       1.55952871      0.689999998    
        3636  -3.70793653       2.55328608      0.680000007    
        3638  -3.69974041       2.70866370      0.680000007    
        3640  -4.00573063       1.76761889      0.680000007    
        3642  -3.82679009       1.87015355      0.670000017    
        3644  -3.75825119       2.24084210      0.670000017    
        3646  -3.74352837       2.06499100      0.680000007    
        3648  -3.75091982       2.00185561      0.680000007    
        3650  -3.63251281       2.71751046      0.680000007    
        3652  -3.78802633       2.02446103      0.689999998    
        3654  -3.68281770       2.04482889      0.689999998    
        3656  -3.63949490       2.84764862      0.709999979    
        3658  -3.53420782       3.04576635      0.699999988    
        3660  -3.25596309       3.71896338      0.689999998    
        3662  -3.36073375       3.42689300      0.689999998    
        3664  -3.68441319       2.44917846      0.699999988    
        3666  -3.78322935       1.79931378      0.680000007    
        3668  -3.35660124       3.46803069      0.680000007    
        3670  -3.53758144       2.80911517      0.680000007    
        3672  -3.26791120       3.76923156      0.670000017    
        3674  -3.56222463       3.01618481      0.680000007    
        3676  -3.35386491       4.08365345      0.680000007    
        3678  -3.75755477       1.97658229      0.680000007    
        3680  -3.59314609       2.38170600      0.670000017    
        3682  -3.51759815       2.39861488      0.660000026    
        3684  -3.69190454       1.19273829      0.649999976    
        3686  -3.69707918      0.993083417      0.639999986    
        3688  -3.73330808      0.656250656      0.639999986    
        3690  -3.43423247       1.56386387      0.639999986    
        3692  -3.35958481       1.74288201      0.629999995    
        3694  -3.53733730       1.02806664      0.620000005    
        3696  -3.54559922       1.32504332      0.620000005    
        3698  -3.23782659       2.70038390      0.629999995    
        3700  -3.64780498       1.49812829      0.639999986    
        3702  -3.65009713       1.76325202      0.660000026    
        3704  -3.48532057       2.17517519      0.670000017    
        3706  -3.24712706       2.45015740      0.649999976    
        3708  -3.26870584       2.64689183      0.649999976    
        3710  -3.75218797      0.535133481      0.639999986    
        3712  -3.07476330       3.16376019      0.639999986    
        3714  -3.50066233      0.845964789      0.620000005    
        3716  -3.31954861       1.49419045      0.620000005    
        3718  -3.31008458       1.47476327      0.610000014    
        3720  -3.23053646       1.81469786      0.620000005    
        3722  -3.03570390       2.88068700      0.629999995    
        3724  -3.65139842       1.17335773      0.649999976    
        3726  -3.51119375       2.00983191      0.660000026    
        3728  -3.56055927       2.20554686      0.660000026    
        3730  -3.68458629       1.34002209      0.649999976    
        3732  -3.43175292       2.21012831      0.649999976    
        3734  -3.42413950       1.45173430      0.629999995    
        3736  -3.44414735       1.56647408      0.629999995    
        3738  -3.18026710       2.16177654      0.620000005    
        3740  -3.38245344       1.58471787      0.629999995    
        3742  -3.58811784      0.475482702      0.629999995    
        3744  -3.38925123       1.12024915      0.639999986    
        3746  -3.47716737       1.09572279      0.639999986    
        3748  -3.39054418       1.43957925      0.639999986    
        3750  -3.37375546       1.06768453      0.639999986    
        3752  -3.38181806       1.12331355      0.639999986    
        3754  -3.36988330       1.55506670      0.639999986    
        3756  -3.39391589       1.55679703      0.639999986    
        3758  -3.55198336       1.07388914      0.629999995    
        3760  -3.45245624       1.38495362      0.629999995    
        3762  -3.18689275       1.90588021      0.620000005    
        3764  -3.31157255       1.16401231      0.620000005    
        3766  -3.36638975       1.42857051      0.620000005    
        3768  -3.37928557       1.27944148      0.620000005    
        3770  -3.34123707       1.52180338      0.600000024    
        3772  -3.02658129       2.83493638      0.610000014    
        3774  -3.01050329       2.45731068      0.600000024    
        3776  -3.12922573       1.72317147      0.600000024    
        3778  -3.37718797       1.10084951      0.610000014    
        3780  -3.07123756       2.18506813      0.620000005    
        3782  -3.00366044       2.55614018      0.620000005    
        3784  -3.40819025       1.35561121      0.620000005    
        3786  -3.33255744       1.63426876      0.629999995    
        3788  -3.41902041       1.13027465      0.629999995    
        3790  -3.34533501       1.68702757      0.639999986    
        3792  -3.11136961       2.00265527      0.629999995    
        3794  -3.20983148       1.45347726      0.620000005    
        3796  -3.51003313      0.815051019      0.629999995    
        3798  -3.38896418      0.955854535      0.629999995    
        3800  -3.29913783       1.68955326      0.629999995    
        3802  -3.07201457       2.28872252      0.620000005    
        3804  -3.34418344       1.84102750      0.620000005    
        3806  -3.38619614       1.59710944      0.600000024    
        3808  -3.33256006       1.96186614      0.600000024    
        3810  -3.43775344       1.11595201      0.600000024    
        3812  -3.17663264       2.24605393      0.600000024    
        3814  -3.12597179       1.93113637      0.600000024    
        3816  -3.13821363       1.61818528      0.600000024    
        3818  -3.20422721       1.51219392      0.600000024    
        3820  -3.43890548      0.798650265      0.600000024    
        3822  -3.17233634       1.69107044      0.600000024    
        3824  -3.15305829       1.50593758      0.600000024    
        3826  -3.51833034      0.561863720      0.600000024    
        3828  -3.23891640       1.32621288      0.610000014    
        3830  -3.29444504       2.31104565      0.629999995    
        3832  -3.54040790       1.13894999      0.629999995    
        3834  -3.63344073      0.714906037      0.629999995    
        3836  -3.72246933      0.731140256      0.620000005    
        3838  -3.49171829       1.26592124      0.629999995    
        3840  -3.58303547       1.04502583      0.620000005    
        3842  -3.33993459       2.07174063      0.620000005    
        3844  -3.57702136       1.29369748      0.620000005    
        3846  -3.61831141       1.16728091      0.639999986    
        3848  -3.44774008       1.59566379      0.639999986    
        3850  -3.60993910       1.31550336      0.649999976    
        3852  -3.43327570       1.76216114      0.649999976    
        3854  -3.35747385       1.74003673      0.649999976    
        3856  -3.48286200       1.70815051      0.649999976    
        3858  -3.48077440       2.23280215      0.649999976    
        3860  -3.47643304       2.49422765      0.660000026    
        3862  -3.71542454       1.25345874      0.660000026    
        3864  -3.59683013       1.63246989      0.660000026    
        3866  -3.49139667       1.56975329      0.660000026    
        3868  -3.47390485       1.64503872      0.660000026    
        3870  -3.09884048       3.37824035      0.670000017    
        3872  -3.40653729       1.82959998      0.660000026    
        3874  -3.59985280       1.34313977      0.660000026    
        3876  -3.55268860       1.61957562      0.649999976    
        3878  -3.46185589       2.23250341      0.649999976    
        3880  -3.30081177       2.27074385      0.639999986    
        3882  -3.49260592      0.943576455      0.629999995    
        3884  -3.31859469       1.17246008      0.620000005    
        3886  -3.28760266       1.47012055      0.610000014    
        3888  -3.13592434       2.39417648      0.600000024    
        3890  -3.10330105       2.17401052      0.589999974    
        3892  -3.18923974       2.13466740      0.610000014    
        3894  -3.36961675       1.77464223      0.610000014    
        3896  -3.30881858       1.91789937      0.600000024    
        3898  -3.12465572       3.14709234      0.620000005    
        3900  -3.38169765       2.36326599      0.620000005    
        3902  -3.37631917       2.19102025      0.620000005    
        3904  -2.95180321       1.96771514      0.589999974    
        3906  -3.47852111      0.851682007      0.600000024    
        3908  -3.28558731       1.79783702      0.610000014    
        3910  -3.22984052       1.40492129      0.600000024    
        3912  -3.05268764       1.49249339      0.579999983    
        3914  -3.18779588       1.50432217      0.589999974    
        3916  -3.32062769      0.880361736      0.589999974    
        3918  -3.01221275       2.08628535      0.589999974    
        3920  -2.99081206       2.23874497      0.589999974    
        3922  -3.17278790       1.52438545      0.589999974    
        3924  -3.18508148       1.62571859      0.600000024    
        3926  -3.18874478       1.49676669      0.600000024    
        3928  -3.30951357      0.983458400      0.600000024    
        3930  -3.16658568       2.00127411      0.610000014    
        3932  -3.08434916       1.99051487      0.610000014    
        3934  -3.22324800       1.78126466      0.620000005    
        3936  -3.22437143       1.38146865      0.610000014    
        3938  -3.34021950       1.72669184      0.620000005    
        3940  -3.23701835       2.08891082      0.629999995    
        3942  -3.36963844       1.75027263      0.639999986    
        3944  -3.26125050       1.86904585      0.639999986    
        3946  -3.45928049      0.988744855      0.629999995    
        3948  -3.34435272       1.18292105      0.629999995    
        3950  -3.44397426       1.20746362      0.639999986    
        3952  -3.45623732       1.49657798      0.660000026    
        3954  -3.53033781       1.62637258      0.660000026    
        3956  -3.46200228       2.00917768      0.660000026    
        3958  -3.47825170       2.02708673      0.660000026    
        3960  -3.50762558       1.60162163      0.660000026    
        3962  -3.24753690       2.38668084      0.660000026    
        3964  -3.34329057       2.39841032      0.670000017    
        3966  -3.45973682       1.89773989      0.660000026    
        3968  -3.40881824       1.55928981      0.649999976    
        3970  -3.60547328       1.20612788      0.649999976    
        3972  -3.60173750       1.30211067      0.649999976    
        3974  -3.54875326      0.936270773      0.639999986    
        3976  -3.58025789      0.860262990      0.639999986    
        3978  -3.62626290       1.06323588      0.649999976    
        3980  -3.46249008       1.63919425      0.660000026    
        3982  -3.56955433       1.23599792      0.649999976    
        3984  -3.37659621       2.85725927      0.680000007    
        3986  -3.32135940       3.53548074      0.680000007    
        3988  -3.63446283       2.41860127      0.680000007    
        3990  -3.82067442       1.61900985      0.670000017    
        3992  -3.53902102       2.69805503      0.670000017    
        3994  -3.70904469       2.68004942      0.689999998    
        3996  -3.66241693       2.97120500      0.689999998    
        3998  -3.51364756       3.29031038      0.680000007    
        4000  -3.66096497       2.49388790      0.680000007    
        4002  -3.81890202       1.88691795      0.680000007    
        4004  -3.68465900       2.70638537      0.680000007    
        4006  -3.52412772       2.98848987      0.680000007    
        4008  -3.45373607       3.48866153      0.689999998    
        4010  -3.57017517       3.00830626      0.689999998    
        4012  -3.53711486       3.32748532      0.699999988    
        4014  -3.66327715       2.52612805      0.689999998    
        4016  -3.55921531       3.12854743      0.699999988    
        4018  -3.85710549       2.09319592      0.699999988    
        4020  -3.87194490       2.02550936      0.689999998    
        4022  -3.78108859       2.23092222      0.689999998    
        4024  -4.05875158       1.43010974      0.689999998    
        4026  -3.96492887       1.27022922      0.680000007    
        4028  -3.88610578       1.29808259      0.680000007    
        4030  -3.80071163       2.08632088      0.689999998    
        4032  -3.39355826       3.54331350      0.680000007    
        4034  -3.72988725       2.36919880      0.680000007    
        4036  -3.79833746       2.32110143      0.689999998    
        4038  -3.74035525       2.63281703      0.699999988    
        4040  -3.67287469       2.82282567      0.709999979    
        4042  -3.63536692       3.46141839      0.709999979    
        4044  -3.79388618       2.96363926      0.720000029    
        4046  -3.71836710       3.18160272      0.720000029    
        4048  -3.74045181       3.22878766      0.720000029    
        4050  -3.69253755       2.71161437      0.709999979    
        4052  -3.88188791       2.24247003      0.709999979    
        4054  -3.83447552       2.68385363      0.720000029    
        4056  -3.82155490       3.20660019      0.720000029    
        4058  -3.93277955       2.31304884      0.730000019    
        4060  -3.50125933       4.22248697      0.730000019    
        4062  -3.86062551       2.66679239      0.730000019    
        4064  -3.71146250       2.94246674      0.720000029    
        4066  -3.91114902       2.14122820      0.720000029    
        4068  -3.91261506       2.33271027      0.720000029    
        4070  -3.81042266       2.50596786      0.720000029    
        4072  -3.76761913       2.38702059      0.720000029    
        4074  -3.53024459       3.29089999      0.699999988    
        4076  -3.71053076       2.69226623      0.689999998    
        4078  -3.84427643       2.23039699      0.689999998    
        4080  -3.94268966       1.56619334      0.689999998    
        4082  -3.91203380       1.37467504      0.680000007    
        4084  -4.05447960       1.16151941      0.680000007    
        4086  -3.83716989       1.87997150      0.680000007    
        4088  -3.71606779       2.40206313      0.670000017    
        4090  -3.59797359       3.08260632      0.670000017    
        4092  -3.67594981       2.81919265      0.670000017    
        4094  -4.09631157       1.28350210      0.670000017    
        4096  -4.09717941       1.07436144      0.670000017    
        4098  -3.80601740       2.05763149      0.670000017    
        4100  -3.78143787       1.87127149      0.670000017    
        4102  -3.88346720       1.74905992      0.670000017    
        4104  -3.57843542       2.02456903      0.649999976    
        4106  -3.68226004       1.24416280      0.649999976    
        4108  -3.75574517       1.61423171      0.649999976    
        4110  -3.64279485       2.27524137      0.649999976    
        4112  -4.03723621      0.688988090      0.660000026    
        4114  -3.73896837       1.49971056      0.660000026    
        4116  -3.80830002       1.35519433      0.660000026    
        4118  -3.65548825       1.91864932      0.660000026    
        4120  -3.81073999       1.51716542      0.670000017    
        4122  -3.79389834       1.46242988      0.670000017    
        4124  -3.58530140       1.84046042      0.670000017    
        4126  -3.38868642       2.71050215      0.670000017    
        4128  -3.55210590       2.12847519      0.670000017    
        4130  -3.52855730       2.04366612      0.670000017    
        4132  -3.73340440       1.29377413      0.670000017    
        4134  -3.65950346       1.83330441      0.670000017    
        4136  -3.71780753       1.82066882      0.670000017    
        4138  -3.81194687       1.22078371      0.680000007    
        4140  -3.59289455       2.41996884      0.680000007    
        4142  -3.50596142       2.15261316      0.649999976    
        4144  -3.38271952       2.12797260      0.639999986    
        4146  -3.65851331       1.19115663      0.639999986    
        4148  -3.49271655       1.56153119      0.639999986    
        4150  -3.30859470       3.14031935      0.660000026    
        4152  -3.25169301       3.40891099      0.660000026    
        4154  -3.75835395       1.71890581      0.670000017    
        4156  -3.59061050       2.32574177      0.670000017    
        4158  -3.56909800       2.35815978      0.660000026    
        4160  -3.80943179       1.14646482      0.660000026    
        4162  -3.48216558       2.13604593      0.649999976    
        4164  -3.80092549       1.25170910      0.660000026    
        4166  -3.75127125       1.73472977      0.670000017    
        4168  -3.50672603       2.96247196      0.689999998    
        4170  -3.69039655       2.21521068      0.689999998    
        4172  -3.69537640       2.19770837      0.699999988    
        4174  -3.71139741       2.82749414      0.699999988    
        4176  -3.70692396       3.21555901      0.720000029    
        4178  -3.46386600       4.12836361      0.709999979    
        4180  -3.44264197       4.66015100      0.720000029    
        4182  -3.60439491       3.84079766      0.720000029    
        4184  -3.88425303       2.58534479      0.720000029    
        4186  -4.03092051       2.34682822      0.720000029    
        4188  -3.77746797       3.41888022      0.720000029    
        4190  -3.79098678       3.05292201      0.720000029    
        4192  -3.81853771       2.00933433      0.709999979    
        4194  -3.58872175       3.11512065      0.709999979    
        4196  -3.61343193       3.23849702      0.709999979    
        4198  -3.79508471       2.77528954      0.709999979    
        4200  -3.79638696       3.12198043      0.720000029    
        4202  -4.28226948       1.03910077      0.720000029    
        4204  -3.99138165       2.20457673      0.720000029    
        4206  -3.79929328       2.27717948      0.709999979    
        4208  -3.60491371       2.87146711      0.709999979    
        4210  -3.82261491       1.50447404      0.689999998    
        4212  -3.57381201       3.03361869      0.709999979    
        4214  -3.70266676       3.58348799      0.720000029    
        4216  -3.91569877       2.23282671      0.709999979    
        4218  -3.54839110       3.70760107      0.709999979    
        4220  -3.72505260       2.83477354      0.709999979    
        4222  -3.78077745       2.69439721      0.709999979    
        4224  -3.88428211       2.43889332      0.709999979    
        4226  -3.72104645       2.87325811      0.720000029    
        4228  -3.74476719       2.57862425      0.720000029    
        4230  -3.55192399       3.50786281      0.720000029    
        4232  -3.67592573       3.20763493      0.720000029    
        4234  -3.52824378       3.57415605      0.720000029    
        4236  -3.66949129       2.51917624      0.699999988    
        4238  -3.54558659       3.11551356      0.699999988    
        4240  -3.83327222       2.16519713      0.709999979    
        4242  -3.97787142       1.64480877      0.699999988    
        4244  -3.75685668       2.19397926      0.699999988    
        4246  -3.92560315       1.65563262      0.699999988    
        4248  -3.71481037       2.09937572      0.680000007    
        4250  -3.53701615       2.85146308      0.680000007    
        4252  -3.85964561       1.65985930      0.680000007    
        4254  -3.54661679       3.06435418      0.689999998    
        4256  -3.70441961       1.94543660      0.680000007    
        4258  -3.65725207       2.53791308      0.689999998    
        4260  -3.78649616       1.98661768      0.699999988    
        4262  -3.46093345       3.38370228      0.699999988    
        4264  -3.47409368       2.95957327      0.689999998    
        4266  -3.69771934       2.64536905      0.699999988    
        4268  -3.75624990       2.09348369      0.699999988    
        4270  -3.48811674       3.60186243      0.709999979    
        4272  -3.58062601       2.72767949      0.699999988    
        4274  -3.76413012       2.04547048      0.699999988    
        4276  -3.68599153       2.55297613      0.699999988    
        4278  -3.51836681       2.48137116      0.689999998    
        4280  -3.60237455       1.96926939      0.689999998    
        4282  -3.40858960       3.31737566      0.709999979    
        4284  -3.46617365       2.94275808      0.699999988    
        4286  -3.35368443       3.65284181      0.699999988    
        4288  -3.36991549       3.31629896      0.699999988    
        4290  -3.56770158       2.51218557      0.699999988    
        4292  -3.43248892       3.19532347      0.699999988    
        4294  -3.42544794       2.80036497      0.689999998    
        4296  -3.35450840       3.95047355      0.699999988    
        4298  -3.45063329       3.19746399      0.689999998    
        4300  -3.50995660       2.12343860      0.680000007    
        4302  -3.39735842       2.43228126      0.670000017    
        4304  -3.79410863       1.49046254      0.680000007    
        4306  -3.50557828       2.23945642      0.680000007    
        4308  -3.49228621       2.40400672      0.680000007    
        4310  -3.48590541       2.59823608      0.680000007    
        4312  -3.53560138       2.56333804      0.670000017    
        4314  -3.48571658       2.63066792      0.670000017    
        4316  -3.46834779       2.38503909      0.680000007    
        4318  -3.62568140       1.84792268      0.680000007    
        4320  -3.63934851       2.03684616      0.689999998    
        4322  -3.48422456       2.44110322      0.680000007    
        4324  -3.35534453       2.86008072      0.680000007    
        4326  -3.30823445       3.77961874      0.699999988    
        4328  -3.46931577       2.82172132      0.689999998    
        4330  -3.67482185       2.06209826      0.680000007    
        4332  -3.79685330       1.32784963      0.680000007    
        4334  -3.44499660       2.05744028      0.649999976    
        4336  -3.43755031       1.95450532      0.649999976    
        4338  -3.55021095       2.10401225      0.649999976    
        4340  -3.71488357       1.76322997      0.649999976    
        4342  -3.44824791       2.71233487      0.660000026    
        4344  -3.75965261       1.69860375      0.660000026    
        4346  -3.95579863       1.11653411      0.680000007    
        4348  -3.78775406       2.23133230      0.680000007    
        4350  -3.68975067       2.16239166      0.670000017    
        4352  -3.53331876       2.89146948      0.660000026    
        4354  -3.44011140       3.18512988      0.660000026    
        4356  -3.62575173       2.48343539      0.670000017    
        4358  -3.72429562       2.00329494      0.670000017    
        4360  -3.83901381       1.55752921      0.670000017    
        4362  -3.74197364       2.17639565      0.680000007    
        4364  -3.85544372       1.71681631      0.680000007    
        4366  -3.73608446       2.21658325      0.680000007    
        4368  -3.92059183       1.36566734      0.670000017    
        4370  -3.85342240       1.46840799      0.670000017    
        4372  -3.80175853       1.70299625      0.670000017    
        4374  -3.57596397       2.91676831      0.689999998    
        4376  -3.56087899       2.57741880      0.680000007    
        4378  -3.67480993       1.96427548      0.689999998    
        4380  -3.55040836       2.94432616      0.689999998    
        4382  -3.87197804       1.93238997      0.699999988    
        4384  -3.79041076       2.04966068      0.699999988    
        4386  -3.34949040       3.45641160      0.699999988    
        4388  -3.67497015       2.14177108      0.699999988    
        4390  -3.48228741       2.67489958      0.689999998    
        4392  -3.90603614       1.27990985      0.689999998    
        4394  -3.69711924       2.14362597      0.699999988    
        4396  -3.71125484       2.53526092      0.709999979    
        4398  -3.63049936       2.65929317      0.699999988    
        4400  -3.70038271       2.60513377      0.699999988    
        4402  -3.69368291       2.69460392      0.699999988    
        4404  -3.79064703       3.26549959      0.709999979    
        4406  -3.68181682       2.94720531      0.689999998    
        4408  -3.75540781       2.52073383      0.689999998    
        4410  -3.96200109       1.76057208      0.680000007    
        4412  -3.68984938       2.72852969      0.680000007    
        4414  -3.71502519       2.52532291      0.680000007    
        4416  -3.86658883       2.34777427      0.680000007    
        4418  -3.75456858       2.58115292      0.680000007    
        4420  -3.82711387       2.03289485      0.689999998    
        4422  -3.84942341       2.04543900      0.689999998    
        4424  -3.73577476       2.62042546      0.699999988    
        4426  -3.92365742       2.48504376      0.699999988    
        4428  -4.10882044       1.27777517      0.699999988    
        4430  -3.93597865       2.05142832      0.709999979    
        4432  -3.84470177       2.43960834      0.699999988    
        4434  -3.71780229       3.03842473      0.709999979    
        4436  -3.52061510       3.78453779      0.699999988    
        4438  -3.65698576       3.70936918      0.699999988    
        4440  -3.62885237       3.90739846      0.699999988    
        4442  -3.53226352       4.19751692      0.699999988    
        4444  -3.59461427       3.94731092      0.699999988    
        4446  -3.64560843       3.59890270      0.689999998    
        4448  -3.73361540       3.28117180      0.689999998    
        4450  -3.88088918       2.83399248      0.689999998    
        4452  -3.86381269       3.44161272      0.699999988    
        4454  -3.95476580       2.85597515      0.709999979    
        4456  -3.97582221       2.83185768      0.699999988    
        4458  -3.71800184       3.69313264      0.699999988    
        4460  -3.97132134       2.47164631      0.709999979    
        4462  -3.82138348       2.66374636      0.689999998    
        4464  -3.96458220       1.81022620      0.680000007    
        4466  -3.86855245       1.85280776      0.680000007    
        4468  -3.63201070       3.00237751      0.689999998    
        4470  -3.75891209       2.09608150      0.680000007    
        4472  -3.43096614       3.10788202      0.689999998    
        4474  -3.48869658       2.84006810      0.689999998    
        4476  -3.57261038       2.47784305      0.689999998    
        4478  -3.71691298       1.79236019      0.680000007    
        4480  -3.54100561       2.33209085      0.680000007    
        4482  -3.49969125       2.58726621      0.680000007    
        4484  -3.43011975       3.03480959      0.680000007    
        4486  -3.49476981       3.15328097      0.680000007    
        4488  -3.73224092       2.29577017      0.689999998    
        4490  -3.58727169       2.91851115      0.680000007    
        4492  -3.68782234       2.40122747      0.680000007    
        4494  -3.60843325       2.64461350      0.689999998    
        4496  -3.79279876       2.33807349      0.689999998    
        4498  -3.71175575       2.19155264      0.680000007    
        4500  -3.88289547       2.01278090      0.680000007    
        4502  -3.52779341       3.13247800      0.680000007    
        4504  -3.99445534       1.34751666      0.680000007    
        4506  -3.70445204       2.44187021      0.680000007    
        4508  -3.72532058       2.63082981      0.680000007    
        4510  -3.82074261       1.71153581      0.680000007    
        4512  -3.91521859       1.31883395      0.680000007    
        4514  -3.77967095       1.97831392      0.689999998    
        4516  -3.92642689       1.74632061      0.689999998    
        4518  -3.61297655       2.61031723      0.689999998    
        4520  -3.64237237       2.83369946      0.699999988    
        4522  -3.69599915       2.44781041      0.699999988    
        4524  -3.58926868       2.71220589      0.699999988    
        4526  -3.70072937       2.87659383      0.709999979    
        4528  -3.74384642       2.88299537      0.709999979    
        4530  -3.51397610       3.49783969      0.699999988    
        4532  -3.62813854       2.49317288      0.680000007    
        4534  -3.94188476       1.28309190      0.689999998    
        4536  -3.88448644       2.02779245      0.699999988    
        4538  -3.59323692       2.65824223      0.680000007    
        4540  -3.68643785       2.54234338      0.689999998    
        4542  -3.71904016       2.34677696      0.699999988    
        4544  -3.68162894       2.76832747      0.699999988    
        4546  -3.52696848       2.97455812      0.689999998    
        4548  -3.63534021       2.75201941      0.699999988    
        4550  -3.74800420       1.82601106      0.689999998    
        4552  -3.65169263       1.59662557      0.689999998    
        4554  -3.77739644       1.40964019      0.689999998    
        4556  -3.84827065       1.29770720      0.689999998    
        4558  -3.85068703       1.77879190      0.709999979    
        4560  -3.76244330       1.90160358      0.709999979    
        4562  -3.75415039       2.02654648      0.709999979    
        4564  -3.89823365       1.54029834      0.709999979    
        4566  -3.86215425       2.16061711      0.709999979    
        4568  -3.80728197       2.27692270      0.709999979    
        4570  -3.76293969       2.80237198      0.709999979    
        4572  -3.42520595       4.57636595      0.740000010    
        4574  -3.61964011       3.12084913      0.709999979    
        4576  -3.79027224       2.69481802      0.720000029    
        4578  -3.73228145       2.75371599      0.709999979    
        4580  -3.77516198       2.13598657      0.689999998    
        4582  -3.49935055       3.03040290      0.689999998    
        4584  -3.41879249       3.64476776      0.689999998    
        4586  -3.58683658       3.41440749      0.699999988    
        4588  -3.72017527       1.89407957      0.680000007    
        4590  -3.55366302       2.26632237      0.670000017    
        4592  -3.50013590       2.29670429      0.660000026    
        4594  -3.47191191       2.34236383      0.660000026    
        4596  -3.67463493       1.88508809      0.660000026    
        4598  -3.68651891       1.65264010      0.660000026    
        4600  -3.85072446       1.20020950      0.670000017    
        4602  -3.67987084       1.92538750      0.670000017    
        4604  -3.60265398       1.71344137      0.670000017    
        4606  -3.85935926      0.668306410      0.670000017    
        4608  -3.63256121       1.70756459      0.670000017    
        4610  -3.67352533       1.38420081      0.660000026    
        4612  -3.69249463       1.48808777      0.660000026    
        4614  -3.56428623       2.10819554      0.660000026    
        4616  -3.26667833       3.41049075      0.670000017    
        4618  -3.27442837       3.01566601      0.649999976    
        4620  -3.39283967       2.26558518      0.639999986    
        4622  -3.18110394       2.83141661      0.639999986    
        4624  -3.35373831       2.13056970      0.639999986    
        4626  -3.45038009       2.15102625      0.639999986    
        4628  -3.39749217       2.55555463      0.649999976    
        4630  -3.55600739       1.75141692      0.649999976    
        4632  -3.44376874       2.07214594      0.649999976    
        4634  -3.60368252       1.33471131      0.649999976    
        4636  -3.37205505       2.37657046      0.649999976    
        4638  -3.48296833       1.77778280      0.649999976    
        4640  -3.29084873       2.43693471      0.649999976    
        4642  -3.53015089       1.81389141      0.660000026    
        4644  -3.62334824       1.81369078      0.660000026    
        4646  -3.79415512       1.06627798      0.680000007    
        4648  -3.65021086       2.08556914      0.680000007    
        4650  -3.45543790       2.77338433      0.680000007    
        4652  -3.44852066       2.59057641      0.680000007    
        4654  -3.60883212       1.91123164      0.660000026    
        4656  -3.46334314       2.46159220      0.670000017    
        4658  -3.63384414       1.79822755      0.670000017    
        4660  -3.63768291       2.05148482      0.680000007    
        4662  -3.51607299       2.38427615      0.670000017    
        4664  -3.70033383       2.08188128      0.670000017    
        4666  -3.71527147       1.57057428      0.660000026    
        4668  -3.39191890       2.18067217      0.649999976    
        4670  -3.36837363       2.19198442      0.649999976    
        4672  -3.33716869       2.04391909      0.649999976    
        4674  -3.25276303       3.30297208      0.670000017    
        4676  -3.55226636       2.06544161      0.670000017    
        4678  -3.33628988       2.53406191      0.660000026    
        4680  -3.38098764       2.32130694      0.660000026    
        4682  -3.16481972       3.17134762      0.660000026    
        4684  -3.27661943       2.47609806      0.649999976    
        4686  -3.47151518       2.07377887      0.649999976    
        4688  -3.52345610       1.79489267      0.660000026    
        4690  -3.85415816      0.825701475      0.660000026    
        4692  -3.65357327       1.42798901      0.660000026    
        4694  -3.76064730       1.64855790      0.670000017    
        4696  -3.70588851       1.84812033      0.689999998    
        4698  -3.68826175       1.85685933      0.689999998    
        4700  -3.85439825       1.48702097      0.709999979    
        4702  -3.95249200       1.17746782      0.699999988    
        4704  -3.69937205       2.17210889      0.699999988    
        4706  -3.68470907       2.53717732      0.699999988    
        4708  -3.51478648       2.71137118      0.689999998    
        4710  -3.74607086       1.93508303      0.680000007    
        4712  -3.45418119       3.11695123      0.680000007    
        4714  -3.64139748       2.59412026      0.699999988    
        4716  -3.50703883       3.21007037      0.689999998    
        4718  -3.75572181       2.09439659      0.689999998    
        4720  -3.40376425       3.58336568      0.699999988    
        4722  -3.70901728       2.18611407      0.689999998    
        4724  -3.86195660       1.58818865      0.680000007    
        4726  -3.68054295       2.35110068      0.680000007    
        4728  -3.87629890       1.71491742      0.670000017    
        4730  -3.70244241       1.81654787      0.660000026    
        4732  -3.47354341       2.25254345      0.649999976    
        4734  -3.02660847       3.68111062      0.649999976    
        4736  -3.24439859       3.53692722      0.670000017    
        4738  -3.53899765       2.88892722      0.680000007    
        4740  -3.83952236       1.51334691      0.680000007    
        4742  -3.60342860       2.38013935      0.680000007    
        4744  -3.57883716       2.14630556      0.680000007    
        4746  -3.60268259       1.93233883      0.660000026    
        4748  -3.51716805       1.59313810      0.649999976    
        4750  -3.60739160       1.45861971      0.639999986    
        4752  -3.61824751       1.21136045      0.639999986    
        4754  -3.80308533      0.745215535      0.649999976    
        4756  -3.62958980       1.70053446      0.660000026    
        4758  -3.34613395       2.44946790      0.660000026    
        4760  -3.53113246       2.00483823      0.660000026    
        4762  -3.52542949       2.04266071      0.649999976    
        4764  -3.56772184       2.21692514      0.660000026    
        4766  -3.33623600       2.98057222      0.660000026    
        4768  -3.48563051       2.45458460      0.660000026    
        4770  -3.48770499       1.97026706      0.649999976    
        4772  -3.58492112       2.07282352      0.649999976    
        4774  -3.63904858       1.29018474      0.660000026    
        4776  -3.56739998       1.77312589      0.660000026    
        4778  -3.59395099       1.95529747      0.660000026    
        4780  -3.62037826       1.92287874      0.660000026    
        4782  -3.70900488       1.51581764      0.670000017    
        4784  -3.51628232       2.52941513      0.670000017    
        4786  -3.50924063       2.38718367      0.660000026    
        4788  -3.53317714       2.07949567      0.660000026    
        4790  -3.66436958       1.76110625      0.670000017    
        4792  -3.91387987       1.45014358      0.680000007    
        4794  -3.80398941       1.90587151      0.689999998    
        4796  -3.53665137       3.12687755      0.689999998    
        4798  -3.70760870       2.58711648      0.689999998    
        4800  -3.75675774       2.09205985      0.689999998    
        4802  -3.73930907       2.35179114      0.699999988    
        4804  -3.75726366       1.78938794      0.689999998    
        4806  -3.69847775       1.88332248      0.689999998    
        4808  -3.59214568       2.19754267      0.660000026    
        4810  -3.68455052       1.92747867      0.660000026    
        4812  -3.67518926       1.71647346      0.670000017    
        4814  -3.63792253       1.93490720      0.670000017    
        4816  -3.35781908       2.64989352      0.670000017    
        4818  -3.31474853       2.92345715      0.670000017    
        4820  -3.19175220       3.15201545      0.670000017    
        4822  -3.30013633       3.14058614      0.660000026    
        4824  -3.12881732       3.92655277      0.670000017    
        4826  -3.57239223       2.08328414      0.670000017    
        4828  -3.54749584       2.66070557      0.670000017    
        4830  -3.50668192       2.70099473      0.660000026    
        4832  -3.28696775       3.15083218      0.660000026    
        4834  -3.56008983       2.00230074      0.660000026    
        4836  -3.77684236       1.25377882      0.670000017    
        4838  -3.73543048       1.56539607      0.680000007    
        4840  -3.57396388       1.94200504      0.670000017    
        4842  -3.72296810       2.00209713      0.680000007    
        4844  -3.72652364       1.64809573      0.670000017    
        4846  -3.65664959       1.93140936      0.670000017    
        4848  -3.61306214       1.88662767      0.649999976    
        4850  -3.52671409       1.84224176      0.649999976    
        4852  -3.88149214       1.22170365      0.670000017    
        4854  -3.69074655       2.12441683      0.670000017    
        4856  -3.78460383       1.60544538      0.670000017    
        4858  -3.95335317       1.08891022      0.680000007    
        4860  -3.94815135       1.53898025      0.689999998    
        4862  -3.61738610       2.44480276      0.689999998    
        4864  -4.00311565       1.17698467      0.689999998    
        4866  -3.62448215       2.84225893      0.689999998    
        4868  -3.57354927       2.88942599      0.699999988    
        4870  -3.83857632       1.80360258      0.699999988    
        4872  -3.89657784       1.89984930      0.709999979    
        4874  -3.80648828       2.68649149      0.720000029    
        4876  -3.82517409       2.01944470      0.709999979    
        4878  -3.78868628       2.56775546      0.720000029    
        4880  -3.88503170       2.33969903      0.720000029    
        4882  -3.95230389       2.18116498      0.720000029    
        4884  -3.80873537       2.82136202      0.720000029    
        4886  -3.77754688       2.52166295      0.720000029    
        4888  -3.68916178       2.87043047      0.720000029    
        4890  -3.56475425       2.82187915      0.720000029    
        4892  -3.61234140       3.08843374      0.720000029    
        4894  -3.45339942       3.38483763      0.709999979    
        4896  -3.41548514       3.60295773      0.709999979    
        4898  -3.51299644       3.03737426      0.699999988    
        4900  -3.74340010       2.36152363      0.699999988    
        4902  -3.45330334       3.13902950      0.699999988    
        4904  -3.48968053       2.89305925      0.699999988    
        4906  -3.57886195       2.42907333      0.689999998    
        4908  -3.42014265       3.43721652      0.699999988    
        4910  -3.49453378       2.57287741      0.689999998    
        4912  -3.65773821       2.25300622      0.689999998    
        4914  -3.64062548       1.97052312      0.670000017    
        4916  -3.24448299       3.24386072      0.660000026    
        4918  -3.43209887       2.47557902      0.660000026    
        4920  -3.51472354       1.88404429      0.649999976    
        4922  -3.44102621       1.62695229      0.639999986    
        4924  -3.21354699       2.57059455      0.629999995    
        4926  -3.35693932       2.10329628      0.620000005    
        4928  -3.61937165      0.983447492      0.620000005    
        4930  -3.45558214       1.56141186      0.620000005    
        4932  -2.99279904       3.09657359      0.610000014    
        4934  -3.41854715       1.39234972      0.610000014    
        4936  -3.17022848       2.32068872      0.600000024    
        4938  -3.39570451       1.35782063      0.600000024    
        4940  -3.45500088       1.52357364      0.610000014    
        4942  -3.29391551       2.26649046      0.610000014    
        4944  -2.98813653       3.36773396      0.610000014    
        4946  -3.18944526       2.41794586      0.610000014    
        4948  -3.15670967       2.06102347      0.610000014    
        4950  -3.24548674       1.76502001      0.610000014    
        4952  -3.34276652       1.67807937      0.620000005    
        4954  -3.26681876       1.90273201      0.620000005    
        4956  -3.24535942       2.34911680      0.629999995    
        4958  -3.41113043       1.63213909      0.629999995    
        4960  -3.45438218       1.78041565      0.629999995    
        4962  -3.45126200       1.12459731      0.620000005    
        4964  -3.48890805       1.09089434      0.620000005    
        4966  -3.42548633       1.40920675      0.620000005    
        4968  -3.62212205      0.782270312      0.629999995    
        4970  -3.23717308       2.44838548      0.629999995    
        4972  -3.36680627       1.54506719      0.629999995    
        4974  -3.39786339       1.45951450      0.629999995    
        4976  -3.39314771       1.58264208      0.620000005    
        4978  -3.34072804       1.39668381      0.610000014    
        4980  -3.41500831       1.53690302      0.620000005    
        4982  -3.29369283       2.11223316      0.629999995    
        4984  -3.37556744       1.50290239      0.629999995    
        4986  -3.15240932       1.56321084      0.610000014    
        4988  -3.06510496       2.12667322      0.620000005    
        4990  -3.40590358      0.778808951      0.620000005    
        4992  -3.32713914       1.41231084      0.629999995    
        4994  -3.11762047       2.56222749      0.639999986    
        4996  -3.38206816       1.56918395      0.629999995    
        4998  -3.35489559       1.47359228      0.620000005    
        5000  -3.29152727       1.56119907      0.620000005    
        5002  -3.46929955      0.975484490      0.620000005    
        5004  -3.25323749       1.02941632      0.610000014    
        5006  -3.19175816       1.50309503      0.610000014    
        5008  -3.25000429       1.64498353      0.620000005    
        5010  -3.24145842       1.99017191      0.610000014    
        5012  -3.44493103      0.896284580      0.600000024    
        5014  -3.29642749       1.29432464      0.610000014    
        5016  -3.41218734       1.21505451      0.620000005    
        5018  -3.44839549       1.14788806      0.610000014    
        5020  -3.25679374       2.05880141      0.610000014    
        5022  -3.53246880       1.08270919      0.620000005    
        5024  -3.28898168       2.12137985      0.629999995    
        5026  -3.24420142       2.16508293      0.629999995    
        5028  -3.18127108       2.16176605      0.629999995    
        5030  -3.20292687       2.46459484      0.629999995    
        5032  -3.37866712       2.13240433      0.639999986    
        5034  -3.41061711       2.11708117      0.649999976    
        5036  -3.72252321       1.19122279      0.649999976    
        5038  -3.46540427       1.75559855      0.649999976    
        5040  -3.60973120      0.918966949      0.649999976    
        5042  -3.56012559       1.05914772      0.649999976    
        5044  -3.39606023       1.97393858      0.649999976    
        5046  -3.44550538       1.47707093      0.639999986    
        5048  -3.37464261       1.68765128      0.629999995    
        5050  -3.26854968       2.68573713      0.649999976    
        5052  -3.41902280       2.29130983      0.649999976    
        5054  -3.67599320       1.16061556      0.649999976    
        5056  -3.65278506       1.64312696      0.660000026    
        5058  -3.86762047      0.624507308      0.660000026    
        5060  -3.69124293       1.10583079      0.660000026    
        5062  -3.62842894       1.10750222      0.660000026    
        5064  -3.66328001      0.878204167      0.649999976    
        5066  -3.65318227      0.892203212      0.649999976    
        5068  -3.47533417       1.33080065      0.639999986    
        5070  -3.25269651       2.63677216      0.639999986    
        5072  -3.39173985       1.16019249      0.629999995    
        5074  -3.60563016      0.688575745      0.629999995    
        5076  -3.51374245       1.39218402      0.629999995    
        5078  -3.43374538       1.60647428      0.629999995    
        5080  -3.56523108       1.60998189      0.639999986    
        5082  -3.45368576       2.31776953      0.639999986    
        5084  -3.32346153       2.27323103      0.629999995    
        5086  -3.16206622       2.32166338      0.620000005    
        5088  -3.45636177       1.29407835      0.620000005    
        5090  -3.33911586       1.98656690      0.639999986    
        5092  -3.58240485       1.72001207      0.660000026    
        5094  -3.66575813       1.76511478      0.670000017    
        5096  -3.71334410       2.20988250      0.680000007    
        5098  -3.86164784       1.65357804      0.680000007    
        5100  -3.81377816       2.06989813      0.680000007    
        5102  -3.63113141       3.43303251      0.689999998    
        5104  -3.54105473       3.14719176      0.680000007    
        5106  -3.47892284       3.17712879      0.680000007    
        5108  -3.48406196       2.82745552      0.689999998    
        5110  -3.53363776       3.24238491      0.709999979    
        5112  -3.66213751       2.91682315      0.720000029    
        5114  -3.93304324       1.96984982      0.709999979    
        5116  -4.10280132       1.45826137      0.709999979    
        5118  -4.12980747       1.38448262      0.709999979    
        5120  -3.95784903       2.42451310      0.720000029    
        5122  -3.88069558       2.61891317      0.709999979    
        5124  -3.52261186       4.03436327      0.709999979    
        5126  -3.79418993       2.88303518      0.709999979    
        5128  -3.70268059       3.27970004      0.709999979    
        5130  -3.83964181       2.55856657      0.709999979    
        5132  -3.76261353       2.44684243      0.689999998    
        5134  -3.81605864       2.13199496      0.680000007    
        5136  -3.58359194       3.10075760      0.689999998    
        5138  -3.09659243       4.76417446      0.689999998    
        5140  -3.35339212       3.36120963      0.670000017    
        5142  -3.52640367       2.27190685      0.660000026    
        5144  -3.07538557       3.58916569      0.649999976    
        5146  -3.49997663       2.13708043      0.649999976    
        5148  -3.51913524       2.59232259      0.660000026    
        5150  -3.61899519       2.69251442      0.660000026    
        5152  -3.54723001       2.91635060      0.649999976    
        5154  -3.48443341       2.59442544      0.639999986    
        5156  -3.62785912       1.79684806      0.649999976    
        5158  -3.60910583       2.06861043      0.660000026    
        5160  -3.61581159       2.03701353      0.670000017    
        5162  -3.71133137       1.49623954      0.670000017    
        5164  -3.50931478       2.14576840      0.670000017    
        5166  -3.74238372       1.47525239      0.680000007    
        5168  -3.80917382      0.910500348      0.670000017    
        5170  -3.71479416      0.990946293      0.660000026    
        5172  -3.60443044       1.55807376      0.660000026    
        5174  -3.58834934       1.68524253      0.649999976    
        5176  -3.56383228       2.54502583      0.670000017    
        5178  -3.64522171       1.47474086      0.660000026    
        5180  -3.57026815       1.86872268      0.660000026    
        5182  -3.48919272       1.80556226      0.649999976    
        5184  -3.84493542      0.705733299      0.649999976    
        5186  -3.65898418      0.744759262      0.649999976    
        5188  -3.52727032       1.42830944      0.649999976    
        5190  -3.15586042       2.29174948      0.639999986    
        5192  -3.21715450       2.06128311      0.639999986    
        5194  -3.20679355       2.14260054      0.639999986    
        5196  -3.18453860       2.31756687      0.649999976    
        5198  -3.31583118       1.86303675      0.649999976    
        5200  -3.36209154       1.88576996      0.649999976    
        5202  -3.31007504       1.56151593      0.639999986    
        5204  -3.26648498       1.93303216      0.639999986    
        5206  -3.38411522       1.05931485      0.629999995    
        5208  -3.26559067       1.30464625      0.620000005    
        5210  -3.40789914      0.256545931      0.610000014    
        5212  -3.19832778       1.04979193      0.600000024    
        5214  -3.25883842      0.891764164      0.600000024    
        5216  -3.20998096       1.82867610      0.620000005    
        5218  -3.32330108       1.26596117      0.620000005    
        5220  -3.39630508      0.869065404      0.629999995    
        5222  -3.34507036       1.16717553      0.629999995    
        5224  -3.39141870      0.829369605      0.620000005    
        5226  -2.99418783       1.98396897      0.620000005    
        5228  -3.03287053       2.21440578      0.620000005    
        5230  -3.43313217       1.39679968      0.629999995    
        5232  -3.28972793       1.80827677      0.629999995    
        5234  -3.44038296       1.19262731      0.620000005    
        5236  -3.31995773       1.73689520      0.629999995    
        5238  -3.32811928       1.63935840      0.629999995    
        5240  -3.28946352       1.71367812      0.629999995    
        5242  -3.28883815       1.42173851      0.610000014    
        5244  -3.18352103       1.80662215      0.610000014    
        5246  -3.39387131       1.13944447      0.610000014    
        5248  -3.28516746       1.36160338      0.610000014    
        5250  -3.16387892       1.53278232      0.610000014    
        5252  -3.23694348       1.32741272      0.610000014    
        5254  -3.22167373       1.16406643      0.600000024    
        5256  -3.05360174       1.73554540      0.600000024    
        5258  -3.21717334       1.31867790      0.610000014    
        5260  -3.02527523       1.91105950      0.600000024    
        5262  -3.34819460       1.08012271      0.610000014    
        5264  -3.19851613       1.97296417      0.620000005    
        5266  -3.10409570       2.00191712      0.610000014    
        5268  -3.30536652       1.22781825      0.620000005    
        5270  -3.32271791       1.17466044      0.620000005    
        5272  -3.23123002       1.63388598      0.620000005    
        5274  -3.41397357       1.09892976      0.629999995    
        5276  -3.20708799       2.48119068      0.639999986    
        5278  -3.43917036       1.19060469      0.639999986    
        5280  -3.58597946       1.16829157      0.649999976    
        5282  -3.45159054       2.14076781      0.660000026    
        5284  -3.57439685       1.33327794      0.660000026    
        5286  -3.68863893      0.961036503      0.660000026    
        5288  -3.57476139       1.50166392      0.649999976    
        5290  -3.49877644       1.51490808      0.649999976    
        5292  -3.50185537       1.22405303      0.639999986    
        5294  -3.55400491       1.25192761      0.649999976    
        5296  -3.43877172       1.68998659      0.649999976    
        5298  -3.59307861       1.15612829      0.649999976    
        5300  -3.48498774       1.58667004      0.649999976    
        5302  -3.67022276      0.789334953      0.639999986    
        5304  -3.67837787       1.32907927      0.649999976    
        5306  -3.76989579       1.41733849      0.670000017    
        5308  -3.77356052       1.16100657      0.660000026    
        5310  -3.64649677       1.47705698      0.660000026    
        5312  -3.67190433       1.66625702      0.660000026    
        5314  -3.48647118       1.65567911      0.639999986    
        5316  -3.45104480       1.87142682      0.639999986    
        5318  -3.50529933       2.03604746      0.660000026    
        5320  -3.71764684       1.06583595      0.660000026    
        5322  -3.78298569      0.972135484      0.660000026    
        5324  -3.49512386       2.11114144      0.649999976    
        5326  -3.32875228       1.90434885      0.629999995    
        5328  -3.52988672       1.04078102      0.639999986    
        5330  -3.48802471      0.936932504      0.629999995    
        5332  -3.41689348       1.48124313      0.629999995    
        5334  -3.70817709      0.634210050      0.629999995    
        5336  -3.16522598       2.16094112      0.629999995    
        5338  -3.08518314       2.36531258      0.620000005    
        5340  -3.34693503       1.15108764      0.620000005    
        5342  -3.25811577       1.45316136      0.620000005    
        5344  -3.15065622       1.38025653      0.610000014    
        5346  -3.22286630       1.53356934      0.610000014    
        5348  -3.41067863      0.822185159      0.610000014    
        5350  -3.23546839       1.12291133      0.600000024    
        5352  -3.39727497      0.548183322      0.589999974    
        5354  -3.17330909       1.36416531      0.589999974    
        5356  -3.09337687       1.10408700      0.579999983    
        5358  -3.27239585      0.464414090      0.569999993    
        5360  -3.01506495       1.94381297      0.579999983    
        5362  -2.97377491       2.21911478      0.579999983    
        5364  -3.20011425       1.17999947      0.579999983    
        5366  -3.14969158       1.29863381      0.589999974    
        5368  -3.17704415       1.57170665      0.589999974    
        5370  -3.23025084      0.941917121      0.579999983    
        5372  -3.16402769      0.912595272      0.579999983    
        5374  -3.26723981      0.504975259      0.569999993    
        5376  -3.27040958      0.418789268      0.560000002    
        5378  -3.17683005      0.444176942      0.560000002    
        5380  -3.10352707      0.732198834      0.540000021    
        5382  -3.11468244      0.554702163      0.550000012    
        5384  -3.04397845      0.830536008      0.560000002    
        5386  -2.81753993       2.02376103      0.579999983    
        5388  -3.15620208       1.09634554      0.589999974    
        5390  -3.21939564       1.06242442      0.589999974    
        5392  -3.08398533       1.21710455      0.589999974    
        5394  -3.35781002      0.334638059      0.589999974    
        5396  -3.26473331      0.519227922      0.589999974    
        5398  -3.12342238      0.990467250      0.589999974    
        5400  -3.10800290       1.05201387      0.589999974    
        5402  -3.13797450       1.03128219      0.589999974    
        5404  -3.12394333       1.49332106      0.600000024    
        5406  -2.84427571       1.71204114      0.579999983    
        5408  -2.97435617       1.37290347      0.569999993    
        5410  -2.99918342      0.858871579      0.569999993    
        5412  -2.93650150       1.18517399      0.560000002    
        5414  -2.93989706       1.20364749      0.579999983    
        5416  -3.03093672      0.965604484      0.579999983    
        5418  -3.22392535      0.419032544      0.579999983    
        5420  -3.17882991      0.592415571      0.569999993    
        5422  -2.96685839      0.961763442      0.569999993    
        5424  -3.15351129      0.724994838      0.569999993    
        5426  -2.91607022       1.48577130      0.569999993    
        5428  -3.09942079       1.25811756      0.569999993    
        5430  -3.03026462       1.34199011      0.569999993    
        5432  -3.11544847       1.08524466      0.579999983    
        5434  -2.82052207       1.70187032      0.569999993    
        5436  -2.91867256       1.63618243      0.569999993    
        5438  -2.84805799       2.18379617      0.579999983    
        5440  -2.93821549       1.80707037      0.569999993    
        5442  -2.93970060       1.26264691      0.550000012    
        5444  -3.01550293      0.841999114      0.540000021    
        5446  -3.01573539      0.771721661      0.540000021    
        5448  -2.85749364       1.55427277      0.550000012    
        5450  -2.76523137       1.71289921      0.540000021    
        5452  -2.79194069       1.42085218      0.540000021    
        5454  -2.89621449       2.14171958      0.589999974    
        5456  -3.21778870       1.25240052      0.579999983    
        5458  -3.02601719       1.90788472      0.579999983    
        5460  -3.25243664      0.855012059      0.579999983    
        5462  -3.43654561      0.992383957      0.620000005    
        5464  -3.17832971       2.55901933      0.639999986    
        5466  -3.44833899       1.47082412      0.639999986    
        5468  -3.36764503       1.66060472      0.629999995    
        5470  -3.24088287       2.49595261      0.639999986    
        5472  -3.30714893       1.96524656      0.629999995    
        5474  -3.20572925       2.35151076      0.620000005    
        5476  -3.25308800       2.22442341      0.629999995    
        5478  -3.45177412       1.50328016      0.629999995    
        5480  -3.43015504       1.49385953      0.639999986    
        5482  -3.04011416       2.79158449      0.639999986    
        5484  -3.29987645       1.63463724      0.629999995    
        5486  -3.36439133       1.41875637      0.610000014    
        5488  -3.28952694       1.54280353      0.610000014    
        5490  -3.24775791       1.99221051      0.620000005    
        5492  -3.34986162       1.41414928      0.620000005    
        5494  -3.43139052       1.07828891      0.610000014    
        5496  -3.26374245       1.39132154      0.610000014    
        5498  -3.00904036       2.14802575      0.610000014    
        5500  -3.55225277      0.735194743      0.610000014    
        5502  -3.19095325       1.95906711      0.620000005    
        5504  -3.38673139       1.95182443      0.629999995    
        5506  -3.57104063       1.29365921      0.629999995    
        5508  -3.45674062       1.83649015      0.629999995    
        5510  -3.55741453      0.994153023      0.629999995    
        5512  -3.55729723       1.12777960      0.629999995    
        5514  -3.39765072       2.53765035      0.639999986    
        5516  -3.45508647       2.91837001      0.639999986    
        5518  -3.39157414       2.69994712      0.639999986    
        5520  -3.58810735       2.34593415      0.649999976    
        5522  -3.29095292       3.77835393      0.660000026    
        5524  -3.46018934       3.12013054      0.660000026    
        5526  -3.68753028       2.57302547      0.670000017    
        5528  -3.97036290       1.51617932      0.660000026    
        5530  -3.61434054       2.47592831      0.670000017    
        5532  -3.77639318       1.83497334      0.670000017    
        5534  -3.67229724       2.44446421      0.670000017    
        5536  -3.73739743       2.29836798      0.670000017    
        5538  -3.82200480       1.96675634      0.670000017    
        5540  -3.69583821       2.80788541      0.670000017    
        5542  -3.94175458       1.69795656      0.680000007    
        5544  -3.68133068       2.44542265      0.680000007    
        5546  -3.73680496       2.86652350      0.689999998    
        5548  -3.62260437       3.23829436      0.670000017    
        5550  -3.51613474       4.01751232      0.680000007    
        5552  -3.59547782       3.50815248      0.670000017    
        5554  -3.59860682       3.17677855      0.660000026    
        5556  -3.57779717       3.40386629      0.660000026    
        5558  -3.80950475       2.91492867      0.680000007    
        5560  -3.84728217       2.28871012      0.670000017    
        5562  -3.69598413       2.19888520      0.660000026    
        5564  -3.81926465       2.22314310      0.670000017    
        5566  -3.58809853       3.13084245      0.680000007    
        5568  -3.71596646       2.47041345      0.689999998    
        5570  -3.56337547       3.03408623      0.689999998    
        5572  -3.45916653       2.91991448      0.670000017    
        5574  -3.37423515       3.22106290      0.680000007    
        5576  -3.70147419       2.10840297      0.680000007    
        5578  -3.67806268       2.01532674      0.689999998    
        5580  -3.61911297       2.40948129      0.699999988    
        5582  -3.81858230       1.83491254      0.699999988    
        5584  -3.88322759       1.78312433      0.699999988    
        5586  -3.81892133       2.04815412      0.699999988    
        5588  -3.91591692       1.74384403      0.699999988    
        5590  -3.73640060       3.09655380      0.699999988    
        5592  -3.73552990       3.05420828      0.699999988    
        5594  -3.84999728       2.54793501      0.709999979    
        5596  -3.57921743       4.20724344      0.709999979    
        5598  -3.74547315       3.32685065      0.720000029    
        5600  -3.53696728       3.75378990      0.709999979    
        5602  -3.86961484       2.40726471      0.709999979    
        5604  -3.89638042       2.48378301      0.720000029    
        5606  -3.97947407       1.89603615      0.709999979    
        5608  -4.01531553       1.78400648      0.709999979    
        5610  -4.17505169       1.54981220      0.709999979    
        5612  -3.96785402       2.35765219      0.709999979    
        5614  -3.88472557       2.88008642      0.709999979    
        5616  -4.04803324       1.66337645      0.709999979    
        5618  -3.78562117       2.78031301      0.709999979    
        5620  -4.01929712       2.07103872      0.709999979    
        5622  -3.79939628       2.54639411      0.709999979    
        5624  -3.92653251       1.89010143      0.709999979    
        5626  -3.68396759       2.63885212      0.709999979    
        5628  -3.50787020       3.24581027      0.699999988    
        5630  -3.80306244       1.90516114      0.699999988    
        5632  -3.93872976       1.56497431      0.709999979    
        5634  -3.71605325       2.44848108      0.709999979    
        5636  -3.83656120       1.99988401      0.709999979    
        5638  -3.75372410       2.40476632      0.709999979    
        5640  -3.86593628       2.32856083      0.709999979    
        5642  -3.79837894       3.08853364      0.720000029    
        5644  -4.03207493       2.23034906      0.720000029    
        5646  -3.90058541       2.05036902      0.709999979    
        5648  -3.64047766       2.82913494      0.699999988    
        5650  -3.76803637       2.14454603      0.709999979    
        5652  -3.64205480       2.32095528      0.699999988    
        5654  -3.89832926       1.07381248      0.699999988    
        5656  -3.76638722       2.15274906      0.699999988    
        5658  -3.80767822       2.16320133      0.699999988    
        5660  -3.74022126       1.99973035      0.699999988    
        5662  -3.45220685       3.36446667      0.699999988    
        5664  -3.50023890       3.16539311      0.699999988    
        5666  -3.55627942       2.83447886      0.699999988    
        5668  -3.70295763       2.94812489      0.709999979    
        5670  -3.80542064       2.26099300      0.699999988    
        5672  -3.76054096       2.30274367      0.699999988    
        5674  -3.68831348       2.23767567      0.689999998    
        5676  -3.76017380       1.84546411      0.689999998    
        5678  -3.62773848       2.68938971      0.699999988    
        5680  -3.80177927       2.65920234      0.720000029    
        5682  -3.91053271       2.08319068      0.720000029    
        5684  -3.66669941       2.86710262      0.720000029    
        5686  -3.74401855       3.10486197      0.720000029    
        5688  -3.80999064       2.12444901      0.709999979    
        5690  -3.79601502       1.63224661      0.689999998    
        5692  -3.83742261       1.32881773      0.689999998    
        5694  -3.79730439       1.85865486      0.699999988    
        5696  -3.74678731       1.91633582      0.699999988    
        5698  -3.35706878       3.90918779      0.699999988    
        5700  -3.74207044       2.02461338      0.689999998    
        5702  -3.66389012       2.27103305      0.660000026    
        5704  -3.32303166       3.74866080      0.660000026    
        5706  -3.40219498       2.56155038      0.639999986    
        5708  -3.61084461       1.49061728      0.639999986    
        5710  -3.71622801       1.29710960      0.639999986    
        5712  -3.66147590       1.51123357      0.629999995    
        5714  -3.71361446       1.39288759      0.629999995    
        5716  -3.69239759       1.65270340      0.639999986    
        5718  -3.76215100       1.57384908      0.639999986    
        5720  -3.63958478       2.37469959      0.649999976    
        5722  -3.53762221       2.67468357      0.660000026    
        5724  -3.63932371       2.25481057      0.660000026    
        5726  -3.67747569       1.84539509      0.649999976    
        5728  -3.78959703       1.30997968      0.649999976    
        5730  -3.61432886       2.31545806      0.649999976    
        5732  -3.95027256       1.06002676      0.649999976    
        5734  -3.71446538       1.86950850      0.649999976    
        5736  -3.75629210       1.72091925      0.649999976    
        5738  -3.55599952       2.51312661      0.649999976    
        5740  -3.69003344       1.41154730      0.639999986    
        5742  -3.58017302       1.86689019      0.639999986    
        5744  -3.73756218       1.49387908      0.639999986    
        5746  -3.46822143       1.72664464      0.620000005    
        5748  -3.28112888       2.32017040      0.629999995    
        5750  -3.18068504       2.73042178      0.629999995    
        5752  -3.04831004       4.26564217      0.649999976    
        5754  -3.17173743       3.58433270      0.649999976    
        5756  -3.36685991       2.76096606      0.649999976    
        5758  -3.52642512       2.05862641      0.649999976    
        5760  -3.48757982       2.14216113      0.649999976    
        5762  -3.48888659       1.80201590      0.649999976    
        5764  -3.67196584       1.23855138      0.649999976    
        5766  -3.47460485       2.27395463      0.649999976    
        5768  -3.40669394       2.01123762      0.620000005    
        5770  -3.19667363       2.23182583      0.620000005    
        5772  -3.56550550       1.07581091      0.629999995    
        5774  -3.39531684       1.29156089      0.620000005    
        5776  -3.40983415       1.30212998      0.620000005    
        5778  -3.60934353      0.998647451      0.629999995    
        5780  -3.51212144       1.45772886      0.629999995    
        5782  -3.57496381      0.916472375      0.629999995    
        5784  -3.51842523       1.72436094      0.649999976    
        5786  -3.19907665       3.14603710      0.649999976    
        5788  -3.41212058       2.25939679      0.649999976    
        5790  -3.47747016       1.85743070      0.660000026    
        5792  -3.33875632       2.25401139      0.649999976    
        5794  -3.57785392       1.45443690      0.649999976    
        5796  -3.54437637       1.37474811      0.649999976    
        5798  -3.47718477       1.50220323      0.649999976    
        5800  -3.63024569       1.00958169      0.649999976    
        5802  -3.38112473       1.62679398      0.639999986    
        5804  -3.50314236       1.23357284      0.649999976    
        5806  -3.56600523      0.899864852      0.649999976    
        5808  -3.51860666       1.23112893      0.649999976    
        5810  -3.46001124       2.04164577      0.660000026    
        5812  -3.18921590       1.91651678      0.629999995    
        5814  -3.04279447       2.32365251      0.629999995    
        5816  -3.29622483       1.65715528      0.639999986    
        5818  -3.49623847       1.18531311      0.639999986    
        5820  -3.52439427      0.959160745      0.629999995    
        5822  -3.58002234      0.161558092      0.600000024    
        5824  -3.27680278       1.35232008      0.610000014    
        5826  -3.30408239       1.56343997      0.620000005    
        5828  -3.20788932       1.99862528      0.629999995    
        5830  -3.18576622       2.12684751      0.629999995    
        5832  -3.35629559       1.48903584      0.620000005    
        5834  -3.21653867       2.31926823      0.620000005    
        5836  -3.41570997       1.13587773      0.620000005    
        5838  -2.97163606       2.35644460      0.600000024    
        5840  -3.00240755       1.84289491      0.579999983    
        5842  -3.16789579      0.921888828      0.579999983    
        5844  -3.11215854       1.07738531      0.579999983    
        5846  -3.28579664      0.789518714      0.579999983    
        5848  -3.25661254       1.26746082      0.589999974    
        5850  -3.07044768       1.85846436      0.589999974    
        5852  -2.96146989       2.42068696      0.600000024    
        5854  -3.45162773       1.40538156      0.620000005    
        5856  -3.66363454       1.03818738      0.629999995    
        5858  -3.58114958       1.33603013      0.620000005    
        5860  -3.40997148       1.48420954      0.620000005    
        5862  -3.42947674       2.08635879      0.639999986    
        5864  -3.67010808       1.17247093      0.639999986    
        5866  -3.84245563      0.726585746      0.639999986    
        5868  -3.59217668       1.85489583      0.639999986    
        5870  -3.67295885       1.63784671      0.649999976    
        5872  -3.75368381       1.41318834      0.649999976    
        5874  -3.43567419       2.22824001      0.649999976    
        5876  -3.62527037       1.48278666      0.649999976    
        5878  -3.65597987       1.45509934      0.660000026    
        5880  -3.69834733      0.963384569      0.649999976    
        5882  -3.35037923       2.26345277      0.649999976    
        5884  -3.29726481       2.20453954      0.649999976    
        5886  -3.55560064       1.50846398      0.639999986    
        5888  -3.55989861       1.51125407      0.639999986    
        5890  -3.55790925       1.81476831      0.649999976    
        5892  -3.34798193       2.59010172      0.649999976    
        5894  -3.43835640       2.04825306      0.649999976    
        5896  -3.50909567       2.67713118      0.660000026    
        5898  -3.36921692       2.84319782      0.660000026    
        5900  -3.63135290       2.08975530      0.649999976    
        5902  -3.60882258       1.80150568      0.649999976    
        5904  -3.59933829       1.88020444      0.649999976    
        5906  -3.60453868       1.92310762      0.649999976    
        5908  -3.60215402       1.69565642      0.649999976    
        5910  -3.42738628       2.46698928      0.639999986    
        5912  -3.66411805       1.60681784      0.639999986    
        5914  -3.39376688       2.29410577      0.639999986    
        5916  -3.49554348       1.85687065      0.629999995    
        5918  -3.57636905      0.993452787      0.629999995    
        5920  -3.49317741       1.46346700      0.629999995    
        5922  -3.65941906       1.11273158      0.639999986    
        5924  -3.48874092       1.66736960      0.629999995    
        5926  -3.28816605       2.34266376      0.629999995    
        5928  -3.60835433       1.35582757      0.620000005    
        5930  -3.56139207       1.80477309      0.629999995    
        5932  -3.51370263       1.34120357      0.620000005    
        5934  -3.27099347       1.70909035      0.600000024    
        5936  -3.28310132       1.98557651      0.610000014    
        5938  -3.61722612      0.973652184      0.610000014    
        5940  -3.51283050       1.08214200      0.610000014    
        5942  -3.51502824       1.37657022      0.610000014    
        5944  -3.33252931       1.99954009      0.610000014    
        5946  -3.17404389       2.98300004      0.620000005    
        5948  -3.50524449       1.81344295      0.620000005    
        5950  -3.45877457       1.72659111      0.610000014    
        5952  -3.51203322       1.89921665      0.620000005    
        5954  -3.68969941       1.24583185      0.620000005    
        5956  -3.49467707       2.30163789      0.629999995    
        5958  -3.39310503       2.23413897      0.629999995    
        5960  -3.63599777       1.02815926      0.629999995    
        5962  -3.70631886       1.36111259      0.629999995    
        5964  -3.74390101       1.23737228      0.649999976    
        5966  -3.60273337       2.00097585      0.649999976    
        5968  -3.38960314       3.58256078      0.670000017    
        5970  -3.51623774       2.92614794      0.670000017    
        5972  -3.62315083       2.65149140      0.680000007    
        5974  -3.73343897       2.73468232      0.689999998    
        5976  -3.53289843       3.77837849      0.699999988    
        5978  -3.48508286       4.33147955      0.709999979    
        5980  -4.01216269       1.67034543      0.699999988    
        5982  -3.90175772       2.13580346      0.699999988    
        5984  -3.57005739       3.14329672      0.699999988    
        5986  -3.61174202       3.40400505      0.699999988    
        5988  -3.52476549       3.66664600      0.699999988    
        5990  -3.58528829       3.07030630      0.689999998    
        5992  -3.67337418       2.87942696      0.699999988    
        5994  -3.66037154       2.65138769      0.699999988    
        5996  -3.66810369       2.62997508      0.699999988    
        5998  -3.82331419       1.88700521      0.689999998    
        6000  -3.84108973       1.95860505      0.689999998    
        6002  -3.76607203       1.96495295      0.689999998    
        6004  -3.57775879       3.03173041      0.689999998    
        6006  -3.74884272       2.09537745      0.689999998    
        6008  -3.71997738       1.89416981      0.689999998    
        6010  -3.88900447       1.25957000      0.689999998    
        6012  -3.74784613       1.67218697      0.689999998    
        6014  -3.83261800       1.81547928      0.699999988    
        6016  -3.81772017       1.80744839      0.699999988    
        6018  -3.77794266       1.79270339      0.689999998    
        6020  -3.61219215       2.95488214      0.689999998    
        6022  -3.62478209       2.33036733      0.670000017    
        6024  -3.95326018      0.965237021      0.670000017    
        6026  -3.42298794       2.75628996      0.670000017    
        6028  -3.58658743       2.54443002      0.660000026    
        6030  -3.39677691       3.20226669      0.649999976    
        6032  -3.49991012       3.13179612      0.660000026    
        6034  -3.48633385       3.50877309      0.660000026    
        6036  -3.50935841       3.60265112      0.680000007    
        6038  -3.86265063       2.24742627      0.689999998    
        6040  -3.57206202       3.04323435      0.689999998    
        6042  -3.62810421       3.19302440      0.689999998    
        6044  -3.71990561       2.63716602      0.689999998    
        6046  -3.78816223       2.48850012      0.689999998    
        6048  -3.57761455       3.18151307      0.689999998    
        6050  -3.84545636       2.12116694      0.689999998    
        6052  -3.90055227       1.91799545      0.689999998    
        6054  -3.64735484       3.19950008      0.699999988    
        6056  -3.73677230       3.27837896      0.709999979    
        6058  -3.78101563       2.63571596      0.709999979    
        6060  -3.87113571       2.72476530      0.720000029    
        6062  -3.72808528       2.65890980      0.720000029    
        6064  -3.80196238       2.31193304      0.709999979    
        6066  -3.97509670       1.69165897      0.709999979    
        6068  -3.82448101       2.09788799      0.709999979    
        6070  -3.87980795       1.74591458      0.699999988    
        6072  -4.01523066      0.937544107      0.699999988    
        6074  -3.63567686       1.97980034      0.689999998    
        6076  -3.82180285       1.39711463      0.689999998    
        6078  -3.88923502       1.28169882      0.689999998    
        6080  -3.82803512       1.29870129      0.680000007    
        6082  -3.41819358       2.29222202      0.660000026    
        6084  -3.44689965       2.26000714      0.649999976    
        6086  -3.42761374       2.09608340      0.649999976    
        6088  -3.17816353       2.64457297      0.649999976    
        6090  -3.42229319       2.03385520      0.660000026    
        6092  -3.50795794       1.53049517      0.660000026    
        6094  -3.79053020      0.960226476      0.660000026    
        6096  -3.50304842       2.22924948      0.660000026    
        6098  -3.59152532       1.63588369      0.649999976    
        6100  -3.60702062       1.86336040      0.649999976    
        6102  -3.56970882       1.45093024      0.649999976    
        6104  -3.60473585       1.78478599      0.649999976    
        6106  -3.63241172       1.31050205      0.649999976    
        6108  -3.31964278       3.37140775      0.660000026    
        6110  -3.55244875       2.24164677      0.649999976    
        6112  -3.46200776       2.14986086      0.649999976    
        6114  -3.51229215       1.88035953      0.649999976    
        6116  -3.40788984       2.04153371      0.649999976    
        6118  -3.65030742       1.25491881      0.649999976    
        6120  -3.17133546       3.23913884      0.649999976    
        6122  -3.57576227       1.95365763      0.660000026    
        6124  -3.68827152       1.55639005      0.660000026    
        6126  -3.51358867       2.00781465      0.660000026    
        6128  -3.46483898       2.24380088      0.670000017    
        6130  -3.44450855       2.35647035      0.670000017    
        6132  -3.71550655       1.57063687      0.680000007    
        6134  -3.68329358       1.76801360      0.680000007    
        6136  -3.51653337       2.39119124      0.680000007    
        6138  -3.56323361       1.86686051      0.680000007    
        6140  -3.51718998       1.95138991      0.680000007    
        6142  -3.60225272       2.17092609      0.689999998    
        6144  -3.60773468       1.74698663      0.680000007    
        6146  -3.61124563       1.83110368      0.680000007    
        6148  -3.59457302       1.68804073      0.680000007    
        6150  -3.26273203       2.90251303      0.670000017    
        6152  -3.51516867       2.09462357      0.670000017    
        6154  -3.74048209       1.40468490      0.670000017    
        6156  -3.65215564       1.26135027      0.660000026    
        6158  -3.66663718       1.57721794      0.660000026    
        6160  -3.57266998       1.94432569      0.649999976    
        6162  -3.56006527       1.54129219      0.649999976    
        6164  -3.55856752       2.09617114      0.649999976    
        6166  -3.59233761       1.72759581      0.639999986    
        6168  -3.51687336       2.42257023      0.649999976    
        6170  -3.66715407       2.21564651      0.660000026    
        6172  -3.60115361       2.21818829      0.670000017    
        6174  -3.67730665       1.77992344      0.670000017    
        6176  -3.82608557       1.22365165      0.660000026    
        6178  -3.81495905       1.12853265      0.660000026    
        6180  -3.57211971       2.85923100      0.670000017    
        6182  -3.67388940       2.36477685      0.660000026    
        6184  -3.45564198       2.87592149      0.660000026    
        6186  -3.16189957       3.43922520      0.649999976    
        6188  -3.29730248       2.78639030      0.660000026    
        6190  -3.29481435       3.06402540      0.649999976    
        6192  -3.37529731       2.11015511      0.629999995    
        6194  -3.36179471       2.29885411      0.629999995    
        6196  -3.10301733       2.83943367      0.620000005    
        6198  -3.50617170       2.05879378      0.639999986    
        6200  -3.09064817       3.88080788      0.649999976    
        6202  -3.34904933       2.63385153      0.649999976    
        6204  -3.24443841       3.28107762      0.649999976    
        6206  -3.53389716       2.31340265      0.639999986    
        6208  -3.41572857       2.16472459      0.629999995    
        6210  -3.41990662       1.68460178      0.629999995    
        6212  -3.16996098       2.70927906      0.629999995    
        6214  -3.32797551       2.16179633      0.639999986    
        6216  -3.50262475       1.59484172      0.639999986    
        6218  -3.52995253       1.45734918      0.639999986    
        6220  -3.44881821       2.39831352      0.649999976    
        6222  -3.44552231       3.05140424      0.670000017    
        6224  -3.65241122       2.21939754      0.670000017    
        6226  -3.74950099       1.60238218      0.680000007    
        6228  -3.77630234       1.51075077      0.689999998    
        6230  -3.62745881       2.30999351      0.680000007    
        6232  -3.35486102       3.00266528      0.670000017    
        6234  -3.35503626       3.54790854      0.680000007    
        6236  -3.84133601       1.66401970      0.680000007    
        6238  -3.79011297       1.85244596      0.689999998    
        6240  -3.77843642       2.11831880      0.680000007    
        6242  -3.71341991       2.02228379      0.670000017    
        6244  -3.56824374       2.61011434      0.660000026    
        6246  -3.56558108       2.49564576      0.660000026    
        6248  -3.63044524       2.65300751      0.670000017    
        6250  -3.77045703       2.01982236      0.670000017    
        6252  -3.68242764       1.84658027      0.670000017    
        6254  -3.55211616       2.40607238      0.670000017    
        6256  -3.90122509       1.55677128      0.670000017    
        6258  -3.73426962       2.08020616      0.670000017    
        6260  -3.42431402       3.42624664      0.680000007    
        6262  -3.74612284       2.35667205      0.680000007    
        6264  -3.77707553       2.03001618      0.660000026    
        6266  -3.76493573       1.70846009      0.660000026    
        6268  -3.85428667      0.957108855      0.660000026    
        6270  -3.75147843      0.840488613      0.649999976    
        6272  -3.71092200       1.23970366      0.649999976    
        6274  -3.45760179       1.67020118      0.639999986    
        6276  -3.33697772       1.86306524      0.629999995    
        6278  -3.64569068       1.54067898      0.649999976    
        6280  -3.64761615       1.95712149      0.670000017    
        6282  -3.49994612       2.14533377      0.670000017    
        6284  -3.60389853       1.82614243      0.660000026    
        6286  -3.31572723       2.18802810      0.649999976    
        6288  -3.52362323       1.98585832      0.649999976    
        6290  -3.58880687       1.56557941      0.649999976    
        6292  -3.74327493       1.20222652      0.649999976    
        6294  -3.69110847       1.06516469      0.649999976    
        6296  -3.76127219      0.896663845      0.639999986    
        6298  -3.31108260       1.77422750      0.620000005    
        6300  -3.64320707      0.857912481      0.610000014    
        6302  -3.58271885       1.15639663      0.610000014    
        6304  -3.58709478      0.809846938      0.610000014    
        6306  -3.34317780       1.50471807      0.589999974    
        6308  -3.23292351       1.26351917      0.579999983    
        6310  -3.42243242      0.903876424      0.569999993    
        6312  -3.01088285       1.99664772      0.560000002    
        6314  -2.99517250       2.36033559      0.579999983    
        6316  -3.09261537       1.87919891      0.579999983    
        6318  -2.84910011       2.60079455      0.579999983    
        6320  -2.98069739       2.23059392      0.579999983    
        6322  -3.15300417       1.48190534      0.589999974    
        6324  -3.25361705      0.827118456      0.579999983    
        6326  -3.18205595       1.18053317      0.589999974    
        6328  -3.29372025       1.02041936      0.589999974    
        6330  -3.14902830       1.59999371      0.579999983    
        6332  -3.04005480       1.82549524      0.579999983    
        6334  -2.89884424       2.52871180      0.589999974    
        6336  -2.67620087       2.76801038      0.569999993    
        6338  -2.98551083       1.66070545      0.560000002    
        6340  -3.05629373       1.44414234      0.560000002    
        6342  -3.24187994      0.851553738      0.569999993    
        6344  -3.09125471       1.50237739      0.560000002    
        6346  -3.15513372       1.24335694      0.560000002    
        6348  -3.10849190       1.08491409      0.560000002    
        6350  -3.24456120       1.00849140      0.550000012    
        6352  -3.06172061       1.91504180      0.560000002    
        6354  -3.06146097       1.61022127      0.579999983    
        6356  -3.33462191       1.29612744      0.600000024    
        6358  -3.12289786       1.58658326      0.589999974    
        6360  -3.42644215       1.31870425      0.610000014    
        6362  -3.16498709       2.26443362      0.610000014    
        6364  -3.41591167       1.66524661      0.620000005    
        6366  -3.44763446       1.65993798      0.629999995    
        6368  -3.30853534       2.48897743      0.639999986    
        6370  -3.43813276       2.17536259      0.639999986    
        6372  -3.45943499       1.96333480      0.639999986    
        6374  -3.48876190       1.45407343      0.629999995    
        6376  -3.67229152       1.74762225      0.649999976    
        6378  -3.68702531       1.61692345      0.649999976    
        6380  -3.83825135       1.50230885      0.649999976    
        6382  -3.66159797       2.21858048      0.649999976    
        6384  -3.83398819       1.18100846      0.649999976    
        6386  -3.89853072       1.17060924      0.660000026    
        6388  -3.66494608       1.50987923      0.649999976    
        6390  -3.45827174       1.90905869      0.639999986    
        6392  -3.32354069       2.58668256      0.639999986    
        6394  -3.40720749       2.21819496      0.649999976    
        6396  -3.58673310       1.54493546      0.649999976    
        6398  -3.57570028       1.21300781      0.649999976    
        6400  -3.48175168       1.63390088      0.649999976    
        6402  -3.52543283       1.65404785      0.649999976    
        6404  -3.50907278       1.34854901      0.649999976    
        6406  -3.44779181       1.89596546      0.649999976    
        6408  -3.52840900       1.63627863      0.649999976    
        6410  -3.34919643       2.16577935      0.639999986    
        6412  -3.13849640       2.61915660      0.629999995    
        6414  -3.33826494       2.47707272      0.629999995    
        6416  -3.35823750       2.38459969      0.639999986    
        6418  -3.28286695       1.86935377      0.620000005    
        6420  -3.34676099       1.22974896      0.610000014    
        6422  -3.33057857       1.45567000      0.610000014    
        6424  -3.28809857       1.71125257      0.600000024    
        6426  -3.37370396       1.35135031      0.600000024    
        6428  -3.15122914       1.50778520      0.579999983    
        6430  -3.05675459       1.60374928      0.579999983    
        6432  -3.02118230       1.75059688      0.589999974    
        6434  -3.14886451       1.25932479      0.579999983    
        6436  -3.19735241       1.51681519      0.579999983    
        6438  -3.45434332      0.445522666      0.579999983    
        6440  -3.52880216      0.877893686      0.589999974    
        6442  -3.25415087       1.67011881      0.600000024    
        6444  -3.27569246       1.70781231      0.610000014    
        6446  -3.24517870       1.47527385      0.620000005    
        6448  -3.50185180       1.27437258      0.639999986    
        6450  -3.61470866       1.10592031      0.649999976    
        6452  -3.54315639       1.63147020      0.639999986    
        6454  -3.56965828       1.78029060      0.649999976    
        6456  -3.40288806       2.58869576      0.649999976    
        6458  -3.58285141       1.35517740      0.649999976    
        6460  -3.53048468       1.91257310      0.649999976    
        6462  -3.41709089       2.72677517      0.649999976    
        6464  -3.43046069       1.90255404      0.639999986    
        6466  -3.38373780       2.06892753      0.639999986    
        6468  -3.38927531       2.24067259      0.629999995    
        6470  -3.33350658       2.61134839      0.629999995    
        6472  -3.52644849       1.58508313      0.629999995    
        6474  -3.40070081       1.95513153      0.629999995    
        6476  -3.60532999       1.19055057      0.620000005    
        6478  -3.62534356       1.32275641      0.629999995    
        6480  -3.26756930       2.37986064      0.629999995    
        6482  -3.19218564       3.08514071      0.639999986    
        6484  -3.46877551       1.51804698      0.639999986    
        6486  -3.29928303       2.18168712      0.639999986    
        6488  -3.51714301       1.51270461      0.639999986    
        6490  -3.47637606       2.04370379      0.649999976    
        6492  -3.76211596       1.59739029      0.660000026    
        6494  -3.64057183       2.26847792      0.670000017    
        6496  -3.40448642       2.92060661      0.670000017    
        6498  -3.37521887       3.39187980      0.680000007    
        6500  -3.36854625       3.51008654      0.680000007    
        6502  -3.59753489       2.31805062      0.680000007    
        6504  -3.42327785       2.60672188      0.680000007    
        6506  -3.66457438       1.57491994      0.680000007    
        6508  -3.58220029       1.72051001      0.680000007    
        6510  -3.62037444       2.04133534      0.680000007    
        6512  -3.66547799       2.87905860      0.699999988    
        6514  -3.52442408       2.61854076      0.680000007    
        6516  -3.55657887       2.30184603      0.680000007    
        6518  -3.52783990       2.03247094      0.680000007    
        6520  -3.59618545       1.89933896      0.680000007    
        6522  -3.59438848       2.00178528      0.689999998    
        6524  -3.83527994       1.09257889      0.689999998    
        6526  -3.68928194       1.95313931      0.689999998    
        6528  -3.83701682       1.68228996      0.689999998    
        6530  -3.73880839       1.73206151      0.699999988    
        6532  -3.85430884       1.48392403      0.699999988    
        6534  -3.94553232       1.66119170      0.720000029    
        6536  -3.91466188       1.62684858      0.709999979    
        6538  -4.09320450      0.736571431      0.709999979    
        6540  -3.89434505       1.21679783      0.709999979    
        6542  -3.92750788       1.41585815      0.720000029    
        6544  -3.79052567       1.82828581      0.709999979    
        6546  -3.93273377       1.89335966      0.709999979    
        6548  -3.80677629       2.28769064      0.709999979    
        6550  -3.97302198       1.48596799      0.709999979    
        6552  -3.64268231       2.68098450      0.709999979    
        6554  -3.86683869       2.06453514      0.709999979    
        6556  -3.75214148       2.68537712      0.709999979    
        6558  -3.78470659       2.59950733      0.709999979    
        6560  -3.52547193       3.43527055      0.709999979    
        6562  -3.75310755       2.56807780      0.709999979    
        6564  -3.69947267       2.90981674      0.709999979    
        6566  -3.61231303       3.15179157      0.709999979    
        6568  -3.75789952       2.83044910      0.709999979    
        6570  -3.67811060       2.30950069      0.689999998    
        6572  -3.60476589       2.30976939      0.689999998    
        6574  -3.52475500       2.01488447      0.670000017    
        6576  -3.54438090       1.89545345      0.670000017    
        6578  -3.64405966       1.93552613      0.670000017    
        6580  -3.32389998       3.18476987      0.680000007    
        6582  -3.12775922       4.08272028      0.680000007    
        6584  -3.54668498       2.38433409      0.680000007    
        6586  -3.62660813       2.44369841      0.689999998    
        6588  -3.36548424       3.69300437      0.699999988    
        6590  -3.91835523       1.42779016      0.699999988    
        6592  -3.59028816       3.06020880      0.699999988    
        6594  -3.71024656       2.27847290      0.709999979    
        6596  -3.76245999       1.90125859      0.709999979    
        6598  -3.94351435       1.45900106      0.720000029    
        6600  -3.92369866       1.23675728      0.709999979    
        6602  -3.89801168       1.57528055      0.709999979    
        6604  -3.47002006       2.72679353      0.699999988    
        6606  -3.96624255      0.984438300      0.689999998    
        6608  -3.69571543       1.95687103      0.689999998    
        6610  -3.71912384       2.30278516      0.689999998    
        6612  -3.72070336       1.52131069      0.680000007    
        6614  -3.83641529       1.18284249      0.680000007    
        6616  -3.63099647       1.60030723      0.680000007    
        6618  -3.57369304       1.93472767      0.680000007    
        6620  -3.70732355       1.43988597      0.670000017    
        6622  -3.67221403       1.31551075      0.660000026    
        6624  -3.31702781       2.35023952      0.660000026    
        6626  -3.50245547       1.80444324      0.670000017    
        6628  -3.66006541       1.33996749      0.649999976    
        6630  -3.40967274       2.09722233      0.649999976    
        6632  -3.32724166       1.90430343      0.649999976    
        6634  -3.13977027       2.42098951      0.639999986    
        6636  -3.11164451       1.77801120      0.620000005    
        6638  -3.03692126       1.75669634      0.620000005    
        6640  -3.46527648      0.273719430      0.620000005    
        6642  -3.21287632       1.55409539      0.610000014    
        6644  -2.99160862       2.09981918      0.610000014    
        6646  -3.34936237       1.43935883      0.620000005    
        6648  -3.56172609       1.31369686      0.629999995    
        6650  -3.46915245       1.08443463      0.610000014    
        6652  -3.57553959      0.841974974      0.610000014    
        6654  -3.24656630       2.00665116      0.610000014    
        6656  -3.31739259       2.05903363      0.610000014    
        6658  -3.36764479       2.56375217      0.639999986    
        6660  -3.32038856       2.53938675      0.639999986    
        6662  -3.32719922       2.32309508      0.639999986    
        6664  -3.58764601       1.56288004      0.639999986    
        6666  -3.44119978       1.57615852      0.629999995    
        6668  -3.51271892       1.23270977      0.629999995    
        6670  -3.34673905       1.83927572      0.629999995    
        6672  -3.38516736       1.36895382      0.620000005    
        6674  -3.57012653      0.838739932      0.620000005    
        6676  -3.55747366       1.17643929      0.629999995    
        6678  -3.53370476       1.22340012      0.639999986    
        6680  -3.67871094       1.50706995      0.660000026    
        6682  -3.72949624       1.28438544      0.660000026    
        6684  -3.70408082      0.829257846      0.649999976    
        6686  -3.55743146       1.13357937      0.639999986    
        6688  -3.23040605       2.60490465      0.639999986    
        6690  -3.19529104       2.00465083      0.620000005    
        6692  -3.37612772       1.70456660      0.620000005    
        6694  -3.39131069       1.32813299      0.610000014    
        6696  -3.18001914       2.34347725      0.600000024    
        6698  -3.42625117       1.02756000      0.600000024    
        6700  -3.32816553       2.46648455      0.629999995    
        6702  -3.29905629       2.35619307      0.620000005    
        6704  -3.35465407       1.78006220      0.620000005    
        6706  -3.25577402       2.44489765      0.620000005    
        6708  -3.78417349      0.831294477      0.620000005    
        6710  -3.48213172       2.61209154      0.639999986    
        6712  -3.76911306       1.38835526      0.639999986    
        6714  -3.42361283       2.74176550      0.639999986    
        6716  -3.64210868       1.60816097      0.639999986    
        6718  -3.62760615       1.70294595      0.649999976    
        6720  -3.68410349       1.27424443      0.649999976    
        6722  -3.69646764       1.09008479      0.649999976    
        6724  -3.56467819       2.46649218      0.680000007    
        6726  -3.43281126       2.99007273      0.670000017    
        6728  -3.44812250       3.18704653      0.680000007    
        6730  -3.53841448       2.85491681      0.680000007    
        6732  -3.62673140       2.42160177      0.680000007    
        6734  -3.56933928       2.60580254      0.670000017    
        6736  -3.41829705       2.41296959      0.660000026    
        6738  -3.17724156       3.08505273      0.660000026    
        6740  -3.40818167       2.04531837      0.660000026    
        6742  -3.58043337       1.66006339      0.670000017    
        6744  -3.54506660       1.96130633      0.660000026    
        6746  -3.60954189       1.81764674      0.660000026    
        6748  -3.52974868       2.06599474      0.660000026    
        6750  -3.32420778       2.86069870      0.670000017    
        6752  -3.33332038       2.32686543      0.660000026    
        6754  -3.18111897       2.77135420      0.660000026    
        6756  -3.33836317       2.69483948      0.670000017    
        6758  -3.58971643       1.73544979      0.670000017    
        6760  -3.63139987       1.28334820      0.660000026    
        6762  -3.67764902       1.48743820      0.660000026    
        6764  -3.57451534       1.87223947      0.660000026    
        6766  -3.66972518       1.61125517      0.660000026    
        6768  -3.44767857       2.12653661      0.649999976    
        6770  -3.55860591       2.21067762      0.649999976    
        6772  -3.49887753       1.52133107      0.629999995    
        6774  -3.53844786       1.47084773      0.639999986    
        6776  -3.07012224       3.14983892      0.629999995    
        6778  -3.21063828       3.12571406      0.629999995    
        6780  -3.40191078       2.68222666      0.629999995    
        6782  -3.63542867       2.50919056      0.639999986    
        6784  -3.57845116       2.07246971      0.629999995    
        6786  -3.64902234       1.94231963      0.629999995    
        6788  -3.27805924       3.81181192      0.660000026    
        6790  -3.67907310       2.34031940      0.660000026    
        6792  -3.70103025       2.18617940      0.660000026    
        6794  -3.58123827       2.28806233      0.649999976    
        6796  -3.59174395       2.18748784      0.660000026    
        6798  -3.72978544       2.10567617      0.660000026    
        6800  -3.62119770       2.60850549      0.670000017    
        6802  -3.27300501       3.53106403      0.670000017    
        6804  -3.66029215       1.57615733      0.660000026    
        6806  -3.66999936       1.62649894      0.660000026    
        6808  -3.55087543       2.08416557      0.660000026    
        6810  -3.45668173       2.59295726      0.660000026    
        6812  -3.69466734       1.59218347      0.660000026    
        6814  -3.67700243       1.57810068      0.660000026    
        6816  -3.71691322       1.45342815      0.660000026    
        6818  -3.43270493       2.40679812      0.660000026    
        6820  -3.57968330       2.03627777      0.660000026    
        6822  -3.52144885       2.10907459      0.660000026    
        6824  -3.51467466       2.52418089      0.649999976    
        6826  -3.46447754       2.49717212      0.639999986    
        6828  -3.16104984       3.01645088      0.629999995    
        6830  -3.32748604       2.70913815      0.629999995    
        6832  -3.39097190       2.31853509      0.629999995    
        6834  -3.23828125       2.56788111      0.629999995    
        6836  -3.37392426       1.98894286      0.629999995    
        6838  -3.25978994       2.25720763      0.620000005    
        6840  -3.33161545       1.41646659      0.600000024    
        6842  -3.10345554       2.36790252      0.610000014    
        6844  -3.30576062       1.84139562      0.620000005    
        6846  -3.43355370       1.15253043      0.610000014    
        6848  -3.24066472       1.50899041      0.589999974    
        6850  -3.37569976      0.763832033      0.579999983    
        6852  -3.08285737       1.54385948      0.569999993    
        6854  -3.07852507       1.90911210      0.569999993    
        6856  -3.11317015       1.57401311      0.579999983    
        6858  -2.97925496       2.00714350      0.589999974    
        6860  -3.34935594      0.793429971      0.600000024    
        6862  -3.36363697      0.836506307      0.600000024    
        6864  -3.25253654       1.36059117      0.610000014    
        6866  -3.22575378       1.75338256      0.620000005    
        6868  -3.18805242       1.66849148      0.620000005    
        6870  -2.98996186       2.70309043      0.620000005    
        6872  -3.10953999       2.52392054      0.620000005    
        6874  -3.13971114       2.13245726      0.620000005    
        6876  -3.28096247       1.24510610      0.610000014    
        6878  -3.09374261       2.21419549      0.620000005    
        6880  -3.05600166       2.02743340      0.610000014    
        6882  -3.48422337      0.558641493      0.610000014    
        6884  -3.58268261      0.696831882      0.620000005    
        6886  -3.01849699       2.47378087      0.620000005    
        6888  -3.21240616       2.01540709      0.620000005    
        6890  -3.10249424       1.87607861      0.610000014    
        6892  -3.31183076       1.31119859      0.600000024    
        6894  -3.26678228       1.59235942      0.600000024    
        6896  -3.38316894       1.20918584      0.589999974    
        6898  -3.31030536       1.13611531      0.589999974    
        6900  -3.26652193       1.31697035      0.589999974    
        6902  -3.28553224       1.37972641      0.589999974    
        6904  -3.38217425      0.744678020      0.589999974    
        6906  -3.35237980       1.09033644      0.600000024    
        6908  -3.23718047       1.54355395      0.600000024    
        6910  -3.30961514       1.78055358      0.600000024    
        6912  -3.01169181       2.28125167      0.600000024    
        6914  -2.79730225       3.40990496      0.600000024    
        6916  -3.21001911       1.75186265      0.600000024    
        6918  -3.40280056       1.21563971      0.600000024    
        6920  -3.21655750       1.53427398      0.600000024    
        6922  -3.27071810       1.20081139      0.600000024    
        6924  -3.04894614       1.84789038      0.600000024    
        6926  -3.38299870      0.953124166      0.589999974    
        6928  -3.17820072       1.66957831      0.600000024    
        6930  -3.06019878       2.31730723      0.600000024    
        6932  -3.21771693       1.81672597      0.600000024    
        6934  -3.19498277       2.33900476      0.610000014    
        6936  -3.15024495       2.62450361      0.629999995    
        6938  -3.32099295       1.96753180      0.610000014    
        6940  -3.37343907       1.65288210      0.620000005    
        6942  -3.31553292       1.42916059      0.620000005    
        6944  -3.12026191       2.31635952      0.620000005    
        6946  -3.25918508       1.70451081      0.620000005    
        6948  -3.47734523       1.15945363      0.629999995    
        6950  -3.20292139       2.72841907      0.629999995    
        6952  -3.36779833       1.71024525      0.639999986    
        6954  -3.36880064       1.79429543      0.639999986    
        6956  -3.47205615       1.41616023      0.639999986    
        6958  -3.60753345       1.47670245      0.649999976    
        6960  -3.38419318       1.90289116      0.639999986    
        6962  -3.45688200       1.07407987      0.639999986    
        6964  -3.44953704       1.89355707      0.660000026    
        6966  -3.62407184       1.23791170      0.660000026    
        6968  -3.52190208       2.02009988      0.660000026    
        6970  -3.65004992       1.61641026      0.660000026    
        6972  -3.56954646       1.72865462      0.660000026    
        6974  -3.58282232       1.71314585      0.660000026    
        6976  -3.70865130       1.95964622      0.660000026    
        6978  -3.59984565       2.12919021      0.660000026    
        6980  -3.53383136       2.37524319      0.660000026    
        6982  -3.46687913       2.34586000      0.660000026    
        6984  -3.47571802       2.13309073      0.660000026    
        6986  -3.36822176       2.30787396      0.660000026    
        6988  -3.43230724       2.26179266      0.660000026    
        6990  -3.43939257       2.14806533      0.660000026    
        6992  -3.29724789       2.61965847      0.649999976    
        6994  -3.52254629       1.55714202      0.639999986    
        6996  -3.54983974       1.60071027      0.639999986    
        6998  -3.44620800       2.39534926      0.660000026    
        7000  -3.56544423       1.37232876      0.639999986    
        7002  -3.42228127       2.14742684      0.629999995    
        7004  -3.26477599       2.55819702      0.639999986    
        7006  -3.23125434       2.68748355      0.639999986    
        7008  -3.38720179       1.67913449      0.629999995    
        7010  -3.56373334       1.35539925      0.639999986    
        7012  -3.49603510       1.40966952      0.629999995    
        7014  -3.54741049       1.31390727      0.629999995    
        7016  -3.41406226       2.04810023      0.629999995    
        7018  -3.13682938       3.14319634      0.649999976    
        7020  -3.06853700       3.67934299      0.660000026    
        7022  -3.28268790       2.96968746      0.670000017    
        7024  -3.30600095       2.73011661      0.680000007    
        7026  -3.33080959       2.82747173      0.670000017    
        7028  -3.15166903       3.26117778      0.660000026    
        7030  -3.47291231       2.27111125      0.649999976    
        7032  -3.33521414       2.92925835      0.649999976    
        7034  -3.62910414       1.81104648      0.649999976    
        7036  -3.38256931       2.62043023      0.649999976    
        7038  -3.63091922       2.19000196      0.660000026    
        7040  -3.67939067       2.47651029      0.680000007    
        7042  -3.93026328       1.50891423      0.680000007    
        7044  -3.59472346       3.04277158      0.680000007    
        7046  -3.38364887       3.87106371      0.680000007    
        7048  -3.62839079       3.24254394      0.689999998    
        7050  -3.39797068       3.32064414      0.680000007    
        7052  -3.31013274       3.44667053      0.680000007    
        7054  -3.59248304       2.47668529      0.680000007    
        7056  -3.50270605       2.42687798      0.680000007    
        7058  -3.69103885       1.96042001      0.689999998    
        7060  -3.57450986       2.39678597      0.680000007    
        7062  -3.51828694       2.21613431      0.660000026    
        7064  -3.63363218       1.58801103      0.649999976    
        7066  -3.53101254       1.77966094      0.649999976    
        7068  -3.50144911       1.14841342      0.639999986    
        7070  -3.57140517       1.25642049      0.639999986    
        7072  -3.49968886       1.71642303      0.649999976    
        7074  -3.38372612       2.33192182      0.660000026    
        7076  -3.41303253       2.60451698      0.670000017    
        7078  -3.58668256       2.24200773      0.670000017    
        7080  -3.34340405       3.68930793      0.680000007    
        7082  -3.72309232       2.83614516      0.699999988    
        7084  -3.72841978       2.35642195      0.699999988    
        7086  -3.83532858       2.16039467      0.699999988    
        7088  -3.86656952       1.87377703      0.689999998    
        7090  -3.50879002       3.41962647      0.699999988    
        7092  -3.34850717       3.63428903      0.689999998    
        7094  -3.57772875       2.66139221      0.670000017    
        7096  -3.42818451       3.06635618      0.670000017    
        7098  -3.69154263       1.98358536      0.670000017    
        7100  -3.47583556       2.63098979      0.670000017    
        7102  -3.52328157       2.13150907      0.660000026    
        7104  -3.59572935       1.65411413      0.649999976    
        7106  -3.40489674       2.89345717      0.660000026    
        7108  -3.60620761       2.16740847      0.649999976    
        7110  -3.43310952       2.69155979      0.649999976    
        7112  -3.29893374       2.90678477      0.649999976    
        7114  -3.39973783       2.69782329      0.649999976    
        7116  -3.61259913       1.45106971      0.649999976    
        7118  -3.56158090       1.36374581      0.649999976    
        7120  -3.53150272       1.06520045      0.639999986    
        7122  -3.69263816       1.04777491      0.629999995    
        7124  -3.58204389       1.91826677      0.629999995    
        7126  -3.48834348       1.76243198      0.629999995    
        7128  -3.35328841       2.21035171      0.620000005    
        7130  -3.45506501       1.22255588      0.610000014    
        7132  -3.30115438       1.37297940      0.610000014    
        7134  -3.46945906      0.698998570      0.600000024    
        7136  -3.45639944      0.972110748      0.610000014    
        7138  -3.26561427       1.42387950      0.600000024    
        7140  -3.30046272       1.42344797      0.610000014    
        7142  -3.59289169      0.525140882      0.620000005    
        7144  -3.66913557      0.216049448      0.620000005    
        7146  -3.63451171       1.19004834      0.629999995    
        7148  -3.59175849       2.01788616      0.639999986    
        7150  -3.59308314       2.18288612      0.649999976    
        7152  -3.48080540       2.74510384      0.660000026    
        7154  -3.31750059       3.20172453      0.649999976    
        7156  -3.36449933       2.44836569      0.629999995    
        7158  -3.39851236       2.35397315      0.639999986    
        7160  -3.31329727       2.54297829      0.639999986    
        7162  -3.04504037       4.28485823      0.660000026    
        7164  -3.25850654       3.15187931      0.660000026    
        7166  -3.31284690       3.06923652      0.670000017    
        7168  -3.48820662       2.08653498      0.660000026    
        7170  -3.22526574       3.20652962      0.660000026    
        7172  -3.48634696       1.80367303      0.649999976    
        7174  -3.40686893       1.72617292      0.660000026    
        7176  -3.59273386      0.802833259      0.620000005    
        7178  -3.56044245      0.874892592      0.620000005    
        7180  -3.58847451       1.00678754      0.620000005    
        7182  -3.57539964      0.737981439      0.610000014    
        7184  -3.49858117       1.42283511      0.629999995    
        7186  -3.47117829       1.81437957      0.620000005    
        7188  -3.47093511       1.77473974      0.600000024    
        7190  -3.59470463       1.52594209      0.600000024    
        7192  -3.75467396      0.894106269      0.610000014    
        7194  -3.47393799       1.92066765      0.610000014    
        7196  -3.54893112       1.87708211      0.610000014    
        7198  -3.30283904       2.32313609      0.610000014    
        7200  -3.28950119       2.12604237      0.600000024    
        7202  -3.41912913       1.60001218      0.600000024    
        7204  -3.42447233       1.75230527      0.610000014    
        7206  -3.42111492       1.80047357      0.600000024    
        7208  -3.30175424       1.99813795      0.579999983    
        7210  -3.19088387       1.85349095      0.579999983    
        7212  -3.28547239       1.50720334      0.589999974    
        7214  -3.13411117       2.27737546      0.600000024    
        7216  -3.11084628       2.15023303      0.600000024    
        7218  -3.01645565       2.59812045      0.610000014    
        7220  -3.29574394       1.77686143      0.620000005    
        7222  -3.43614531       1.29505968      0.610000014    
        7224  -3.17706466       1.62100005      0.610000014    
        7226  -3.39242721       1.03124738      0.600000024    
        7228  -3.36461258       1.31665659      0.610000014    
        7230  -3.09055781       2.12784505      0.610000014    
        7232  -3.18580317       2.17284155      0.620000005    
        7234  -3.31829023       1.45808542      0.629999995    
        7236  -3.35393953       1.42368948      0.629999995    
        7238  -3.52819562       1.38983858      0.639999986    
        7240  -3.48872685       1.65198219      0.649999976    
        7242  -3.49692178       1.93006074      0.660000026    
        7244  -3.47248435       1.76333189      0.649999976    
        7246  -3.73423839       1.12558758      0.649999976    
        7248  -3.49490428       1.93453944      0.629999995    
        7250  -3.26024032       2.51345468      0.629999995    
        7252  -3.44610500       1.11646032      0.620000005    
        7254  -3.52043128       1.02063656      0.629999995    
        7256  -3.38390374       1.84485567      0.639999986    
        7258  -3.29398680       1.98042321      0.639999986    
        7260  -3.46583128       1.40893567      0.639999986    
        7262  -3.38826585       1.87829888      0.649999976    
        7264  -3.51628304       1.48697960      0.649999976    
        7266  -3.56211877       1.18007064      0.639999986    
        7268  -3.64825201      0.960830867      0.649999976    
        7270  -3.72222686      0.995617211      0.649999976    
        7272  -3.80309200       1.66682422      0.680000007    
        7274  -3.70830417       1.71569753      0.680000007    
        7276  -3.65217042       1.72557735      0.670000017    
        7278  -3.95672631      0.574003756      0.670000017    
        7280  -3.95186424      0.727427185      0.670000017    
        7282  -3.82207251       1.40151596      0.680000007    
        7284  -3.65195775       2.59511781      0.689999998    
        7286  -3.81752467       1.94802690      0.689999998    
        7288  -4.02462339      0.972604275      0.689999998    
        7290  -3.81377029       1.49166560      0.689999998    
        7292  -3.78224349       1.75004005      0.689999998    
        7294  -3.86372256       1.26156390      0.680000007    
        7296  -3.61760974       2.07462907      0.680000007    
        7298  -3.73881650       2.01511049      0.680000007    
        7300  -3.58747101       3.13219786      0.699999988    
        7302  -3.74291587       1.94624782      0.689999998    
        7304  -3.75282359       1.94580448      0.689999998    
        7306  -3.80128455       2.04665327      0.689999998    
        7308  -3.67702103       2.46194506      0.689999998    
        7310  -3.49668217       3.31294274      0.689999998    
        7312  -3.82206368       2.01373577      0.689999998    
        7314  -3.77639771       2.35807180      0.689999998    
        7316  -3.87340331       2.22040892      0.680000007    
        7318  -3.56976080       2.87259007      0.680000007    
        7320  -3.79055476       1.76729882      0.670000017    
        7322  -3.78304458       1.59827054      0.670000017    
        7324  -3.42837119       3.05383992      0.670000017    
        7326  -3.48184919       2.67152023      0.670000017    
        7328  -3.69281387       1.89371634      0.660000026    
        7330  -3.49604392       3.02571964      0.670000017    
        7332  -3.89704108       1.42304349      0.670000017    
        7334  -3.68993545       2.71248269      0.689999998    
        7336  -3.56689119       3.04540324      0.689999998    
        7338  -3.79419065       2.37500119      0.689999998    
        7340  -3.75367904       2.46130538      0.689999998    
        7342  -3.81420898       2.44379091      0.689999998    
        7344  -3.69503617       2.69353366      0.689999998    
        7346  -3.70837855       2.80618620      0.689999998    
        7348  -3.77073359       2.26920605      0.699999988    
        7350  -3.51297140       3.95281577      0.709999979    
        7352  -3.83727050       1.75374663      0.689999998    
        7354  -3.72344685       2.20681834      0.699999988    
        7356  -3.65245247       2.31745839      0.689999998    
        7358  -3.46270084       3.46684599      0.689999998    
        7360  -3.44927859       3.36726427      0.689999998    
        7362  -3.81303716       2.37177014      0.709999979    
        7364  -3.90884566       2.29402995      0.709999979    
        7366  -3.76120615       2.63544869      0.709999979    
        7368  -3.74270153       2.63992310      0.699999988    
        7370  -3.63863778       3.22033310      0.699999988    
        7372  -3.81478858       2.44127393      0.699999988    
        7374  -3.63990307       3.59230566      0.709999979    
        7376  -3.63419390       3.48350024      0.709999979    
        7378  -3.66751528       3.17184877      0.709999979    
        7380  -3.92312431       2.07076120      0.699999988    
        7382  -3.70325184       2.81540895      0.699999988    
        7384  -3.73434305       2.58892679      0.689999998    
        7386  -3.81309700       1.96972442      0.689999998    
        7388  -3.93482089       1.19277096      0.689999998    
        7390  -3.91620922       1.17155492      0.680000007    
        7392  -3.76859784       2.09104705      0.680000007    
        7394  -3.84442782       1.59262478      0.680000007    
        7396  -3.56035256       2.86874700      0.680000007    
        7398  -3.65299821       2.03852153      0.670000017    
        7400  -3.41386199       2.86801100      0.670000017    
        7402  -3.34668851       2.96915245      0.670000017    
        7404  -3.32518697       3.07523823      0.670000017    
        7406  -3.63240647       1.34832382      0.649999976    
        7408  -3.36462164       2.03064704      0.639999986    
        7410  -3.55904460       1.81585228      0.649999976    
        7412  -3.53494334       1.85489023      0.649999976    
        7414  -3.47437787       1.65199125      0.629999995    
        7416  -3.62496018       1.25070727      0.649999976    
        7418  -3.56231546       1.59208643      0.639999986    
        7420  -3.59320712       1.22082615      0.639999986    
        7422  -3.56375241       2.39623404      0.660000026    
        7424  -3.59154725       2.22085190      0.660000026    
        7426  -3.62964773       1.71787179      0.660000026    
        7428  -3.70760942       1.53822482      0.660000026    
        7430  -3.63433194       1.84092355      0.660000026    
        7432  -3.65325880       1.55860555      0.660000026    
        7434  -3.50171804       2.22052383      0.670000017    
        7436  -3.65100551       1.53403735      0.670000017    
        7438  -3.48222423       2.51430368      0.670000017    
        7440  -3.65517950       1.89200866      0.670000017    
        7442  -3.67377734       1.65293479      0.670000017    
        7444  -3.45632672       2.48528433      0.660000026    
        7446  -3.60532284       1.84408355      0.649999976    
        7448  -3.52888060       2.14575005      0.639999986    
        7450  -3.46811557       2.07568312      0.639999986    
        7452  -3.21560001       3.08902597      0.629999995    
        7454  -3.32203317       1.59680247      0.610000014    
        7456  -3.20260787       1.64642870      0.589999974    
        7458  -3.24862695       1.83389235      0.589999974    
        7460  -3.45045137       1.14985776      0.589999974    
        7462  -3.27135849       1.51578426      0.589999974    
        7464  -3.25413632       1.81131995      0.610000014    
        7466  -3.30978847       1.17585015      0.589999974    
        7468  -3.07493782       1.92620814      0.600000024    
        7470  -3.24595714       1.26121771      0.600000024    
        7472  -3.11260843       1.77344549      0.610000014    
        7474  -3.16287088       1.48807764      0.610000014    
        7476  -3.14670563       1.92820525      0.610000014    
        7478  -3.15528464       1.96711993      0.620000005    
        7480  -3.24407721       1.58667648      0.610000014    
        7482  -3.22066641       1.70309651      0.629999995    
        7484  -3.35706520       1.78401780      0.639999986    
        7486  -3.24221873       3.06316781      0.670000017    
        7488  -3.32559180       2.61288333      0.670000017    
        7490  -3.37619567       1.55916500      0.649999976    
        7492  -3.29308248       2.07778215      0.639999986    
        7494  -3.25733304       2.02354002      0.629999995    
        7496  -3.50910830      0.913230360      0.629999995    
        7498  -3.35095763       2.24098682      0.629999995    
        7500  -3.40294361       1.46523583      0.629999995    
        7502  -3.45493102       1.48503435      0.629999995    
        7504  -3.38335705       1.73578262      0.629999995    
        7506  -3.15856409       2.29477143      0.629999995    
        7508  -3.07353115       2.17281055      0.620000005    
        7510  -3.20352626       1.80255246      0.610000014    
        7512  -3.16549850       1.72213423      0.600000024    
        7514  -3.05949569       2.50007963      0.610000014    
        7516  -3.38432074       1.64974201      0.610000014    
        7518  -3.51797056      0.801801860      0.610000014    
        7520  -3.30774403       1.33929729      0.600000024    
        7522  -3.37524319       1.30395758      0.610000014    
        7524  -3.26857495       1.09944975      0.600000024    
        7526  -3.13910937       1.41380823      0.589999974    
        7528  -3.20423532      0.953427553      0.579999983    
        7530  -3.27089739      0.469135374      0.569999993    
        7532  -3.11335325       1.36560464      0.569999993    
        7534  -3.01515436       1.27825475      0.550000012    
        7536  -3.04667306       1.57904530      0.579999983    
        7538  -2.72421885       2.67257452      0.579999983    
        7540  -3.19786382       1.31770706      0.569999993    
        7542  -3.10613751       2.16257858      0.589999974    
        7544  -3.27451539       1.54325366      0.610000014    
        7546  -3.22050214       1.42812550      0.600000024    
        7548  -3.21852016       1.83154023      0.610000014    
        7550  -3.29060602       1.45751154      0.610000014    
        7552  -3.15740871       1.95328510      0.620000005    
        7554  -3.13113356       2.41959620      0.629999995    
        7556  -3.40872192       1.50053155      0.629999995    
        7558  -3.35970974       2.15110373      0.629999995    
        7560  -3.25315380       2.24872756      0.629999995    
        7562  -3.21654177       2.44182968      0.620000005    
        7564  -3.34842777       2.45601034      0.629999995    
        7566  -3.47467804       2.01597834      0.639999986    
        7568  -3.81474352      0.721563280      0.639999986    
        7570  -3.67799330       1.79698741      0.660000026    
        7572  -3.69001198       1.95192444      0.670000017    
        7574  -3.61409068       2.19853187      0.670000017    
        7576  -3.55749583       2.27217960      0.660000026    
        7578  -3.36754656       2.68042731      0.649999976    
        7580  -3.70482707       1.61725855      0.660000026    
        7582  -3.41068888       2.78301311      0.649999976    
        7584  -3.49125242       2.35916543      0.639999986    
        7586  -3.71281552       1.42845500      0.629999995    
        7588  -3.79738522      0.725079000      0.629999995    
        7590  -3.63114762       1.89362144      0.639999986    
        7592  -3.46068835       2.29908538      0.639999986    
        7594  -3.59045196       1.92097056      0.639999986    
        7596  -3.49797440       2.16389799      0.639999986    
        7598  -3.73178482       1.84401286      0.670000017    
        7600  -3.54964018       2.30432940      0.660000026    
        7602  -3.55755496       2.64631605      0.670000017    
        7604  -3.67003632       2.07513738      0.670000017    
        7606  -3.65540695       2.53412986      0.670000017    
        7608  -3.46124363       2.92377901      0.670000017    
        7610  -3.40094781       2.20770669      0.649999976    
        7612  -3.53809810       1.79836833      0.639999986    
        7614  -3.49678779       1.99206614      0.629999995    
        7616  -3.78143549       1.51602185      0.639999986    
        7618  -3.76853752       1.31924021      0.639999986    
        7620  -3.69607544       1.46962523      0.639999986    
        7622  -3.31182504       3.14664388      0.639999986    
        7624  -3.43094969       2.66794419      0.639999986    
        7626  -3.57950091       1.97419441      0.639999986    
        7628  -3.69695354       1.43340719      0.649999976    
        7630  -3.62886238       1.46109736      0.660000026    
        7632  -3.53246951       2.38643217      0.670000017    
        7634  -3.62128258       1.93673849      0.660000026    
        7636  -3.59180069       2.32903481      0.670000017    
        7638  -3.69958591       2.25087094      0.670000017    
        7640  -3.43016338       3.09500098      0.670000017    
        7642  -3.35291219       3.41240263      0.670000017    
        7644  -3.57719231       2.35456800      0.670000017    
        7646  -3.62995625       2.30767560      0.670000017    
        7648  -3.45630217       2.80243039      0.670000017    
        7650  -3.60074472       2.81103730      0.670000017    
        7652  -3.63664031       2.47163677      0.680000007    
        7654  -3.85261273       1.62040246      0.689999998    
        7656  -3.71293330       1.78699565      0.670000017    
        7658  -3.68626928       2.10280776      0.680000007    
        7660  -3.59404874       2.24494648      0.670000017    
        7662  -3.55986357       1.60447049      0.649999976    
        7664  -3.43149471       2.16478276      0.660000026    
        7666  -3.48472738       2.03786087      0.660000026    
        7668  -3.67506409       1.63324702      0.670000017    
        7670  -3.80091429       1.65083539      0.680000007    
        7672  -3.97994351       1.22169316      0.689999998    
        7674  -3.72310162       2.05886102      0.689999998    
        7676  -3.71213770       1.66010296      0.680000007    
        7678  -3.64709234       1.97657073      0.680000007    
        7680  -3.75914621       1.66007304      0.689999998    
        7682  -3.34562922       2.43726063      0.670000017    
        7684  -3.43189883       2.16782475      0.670000017    
        7686  -3.41417265       2.31377673      0.680000007    
        7688  -3.36038351       2.40177822      0.670000017    
        7690  -3.62542772       1.40956283      0.680000007    
        7692  -3.50953174       2.60007071      0.699999988    
        7694  -3.45615745       2.92872643      0.699999988    
        7696  -3.91689253       1.26628590      0.699999988    
        7698  -3.76166701       2.05091095      0.699999988    
        7700  -3.74351525       2.23193455      0.709999979    
        7702  -3.53678036       2.67697024      0.709999979    
        7704  -3.66853428       2.51093698      0.709999979    
        7706  -3.83734512       2.17578793      0.730000019    
        7708  -3.78144336       2.80652714      0.730000019    
        7710  -3.79984331       2.32640243      0.720000029    
        7712  -3.74331641       2.62153554      0.720000029    
        7714  -3.65832400       2.85570526      0.709999979    
        7716  -3.60015130       3.51907229      0.720000029    
        7718  -3.77962708       2.37105441      0.709999979    
        7720  -3.61143064       2.96584082      0.709999979    
        7722  -3.50362802       3.57189441      0.709999979    
        7724  -3.70326734       2.84763503      0.709999979    
        7726  -3.69214344       2.80783057      0.709999979    
        7728  -3.99608541       1.53669894      0.709999979    
        7730  -3.82801723       2.56045461      0.709999979    
        7732  -3.85699201       2.06854796      0.699999988    
        7734  -3.92354822       1.72694111      0.709999979    
        7736  -3.61440897       3.34457445      0.720000029    
        7738  -3.55554414       3.98748708      0.720000029    
        7740  -3.63650918       3.11211538      0.709999979    
        7742  -3.44666171       3.79222345      0.709999979    
        7744  -3.49795532       3.47693396      0.699999988    
        7746  -3.80192685       2.13162065      0.689999998    
        7748  -3.67703342       2.64614916      0.699999988    
        7750  -3.45866227       2.58772612      0.670000017    
        7752  -3.55114412       2.24841332      0.660000026    
        7754  -3.24952340       3.23724580      0.649999976    
        7756  -3.47160864       2.96288705      0.660000026    
        7758  -3.33845520       3.33843517      0.680000007    
        7760  -3.57188272       2.35453916      0.680000007    
        7762  -3.66870999       1.68570018      0.660000026    
        7764  -3.62546325       2.12638664      0.670000017    
        7766  -3.72302580       2.00250649      0.670000017    
        7768  -3.71510100       2.06884909      0.670000017    
        7770  -3.81113863       2.15794969      0.670000017    
        7772  -3.70657110       1.83539629      0.660000026    
        7774  -3.36957788       3.79158473      0.680000007    
        7776  -3.38912773       3.11507273      0.660000026    
        7778  -3.41018605       3.08447599      0.660000026    
        7780  -3.56945467       2.44263339      0.660000026    
        7782  -3.60682869       2.94110513      0.670000017    
        7784  -3.63284111       3.19613004      0.680000007    
        7786  -3.55573845       3.49683356      0.680000007    
        7788  -3.50006986       3.42280746      0.670000017    
        7790  -3.69066596       2.55662370      0.660000026    
        7792  -3.80315638       2.33646441      0.660000026    
        7794  -3.64224958       2.56532764      0.660000026    
        7796  -3.65348148       1.94623983      0.660000026    
        7798  -3.39978218       3.10289741      0.660000026    
        7800  -3.53114939       2.65273738      0.660000026    
        7802  -3.60790348       2.22692037      0.660000026    
        7804  -3.87129259       1.34297848      0.649999976    
        7806  -3.79640484       1.81935334      0.649999976    
        7808  -3.88190556       1.66192627      0.660000026    
        7810  -3.83800030       1.91569269      0.660000026    
        7812  -3.85055828       1.59170485      0.660000026    
        7814  -3.73849821       1.60928249      0.660000026    
        7816  -3.84463024       1.39801109      0.660000026    
        7818  -3.81409073       2.16093636      0.670000017    
        7820  -3.62607574       2.99054480      0.680000007    
        7822  -3.67831326       2.76050758      0.680000007    
        7824  -3.65122032       2.61196613      0.680000007    
        7826  -3.87197137       1.56924307      0.670000017    
        7828  -3.69376040       2.12228560      0.670000017    
        7830  -3.82686853       1.72002125      0.670000017    
        7832  -3.50074291       2.76498818      0.670000017    
        7834  -3.67727184       1.95596540      0.670000017    
        7836  -3.75925207       1.61860037      0.670000017    
        7838  -3.65636897       2.03285813      0.670000017    
        7840  -3.59076548       1.80662608      0.660000026    
        7842  -3.44239926       2.36523151      0.670000017    
        7844  -3.70168829       2.01015735      0.680000007    
        7846  -3.46460724       2.37796593      0.660000026    
        7848  -3.48576570       2.05764294      0.670000017    
        7850  -3.53448415       1.86089754      0.670000017    
        7852  -3.46196747       2.02441263      0.660000026    
        7854  -3.40259171       2.41265488      0.660000026    
        7856  -3.35877585       2.08853006      0.649999976    
        7858  -3.53415418       1.68781984      0.649999976    
        7860  -3.55151868       2.38668823      0.639999986    
        7862  -3.20574760       3.46988058      0.629999995    
        7864  -3.47896934       1.91035640      0.629999995    
        7866  -3.58730555       1.82630098      0.620000005    
        7868  -3.51270032       1.56276679      0.610000014    
        7870  -3.59414172       1.22810555      0.620000005    
        7872  -3.49418950       1.92825449      0.639999986    
        7874  -3.25744796       2.53985953      0.629999995    
        7876  -3.50302434       1.44741356      0.620000005    
        7878  -3.36386323       1.34908485      0.600000024    
        7880  -3.21325111       2.16620874      0.600000024    
        7882  -3.32209682       1.94047153      0.600000024    
        7884  -3.28222966       2.08853412      0.610000014    
        7886  -3.32392836       1.38292825      0.610000014    
        7888  -3.23370624       1.92201185      0.610000014    
        7890  -3.26284552       1.55390775      0.600000024    
        7892  -2.76203156       2.82467842      0.589999974    
        7894  -3.09821010       1.46826637      0.569999993    
        7896  -3.16712451       1.59477818      0.589999974    
        7898  -3.24319339       1.09071720      0.589999974    
        7900  -3.18495011       1.20604420      0.589999974    
        7902  -3.06826925       1.70259190      0.589999974    
        7904  -3.26639104       1.16131282      0.600000024    
        7906  -3.36062670       1.44945669      0.600000024    
        7908  -3.37140250       1.41344047      0.610000014    
        7910  -3.39741921       1.70247185      0.600000024    
        7912  -3.16664457       2.32381511      0.600000024    
        7914  -3.50205135       1.28681195      0.610000014    
        7916  -3.38391519       1.80660081      0.610000014    
        7918  -3.31275415       2.17808986      0.620000005    
        7920  -3.25212145       2.46327019      0.610000014    
        7922  -3.37822104       2.03779960      0.610000014    
        7924  -3.35236716       2.25443697      0.620000005    
        7926  -3.62986016      0.987071574      0.620000005    
        7928  -3.23808599       2.34738469      0.629999995    
        7930  -3.43639326       1.90582383      0.639999986    
        7932  -3.68239927      0.896871090      0.620000005    
        7934  -3.63957095       1.74471855      0.620000005    
        7936  -3.51437998       2.41995335      0.629999995    
        7938  -3.75530648       1.35225368      0.629999995    
        7940  -3.71275783       1.63886607      0.639999986    
        7942  -3.70715594       1.56854677      0.649999976    
        7944  -3.42761159       2.06830478      0.639999986    
        7946  -3.59755468       1.93233562      0.639999986    
        7948  -3.80047989       1.45500815      0.670000017    
        7950  -3.67821097       2.02807975      0.670000017    
        7952  -3.48048568       3.25521231      0.689999998    
        7954  -3.74451447       1.94193757      0.689999998    
        7956  -3.47383976       2.54715300      0.680000007    
        7958  -3.75409603       1.27254283      0.680000007    
        7960  -3.76557422       1.78421652      0.689999998    
        7962  -3.64607453       2.05408335      0.689999998    
        7964  -3.37177444       2.77707028      0.689999998    
        7966  -3.52995396       2.36274600      0.680000007    
        7968  -3.58844256       2.26827860      0.699999988    
        7970  -3.68080425       1.98061347      0.699999988    
        7972  -3.71976662       1.80084419      0.699999988    
        7974  -3.63071799       2.14540195      0.699999988    
        7976  -3.53954506       2.64891958      0.699999988    
        7978  -3.27937603       2.99097228      0.689999998    
        7980  -3.46199989       2.74379945      0.699999988    
        7982  -3.71914172       2.01939702      0.699999988    
        7984  -3.54161882       2.87974930      0.699999988    
        7986  -3.35318089       3.51023269      0.689999998    
        7988  -3.71093702       2.28431487      0.689999998    
        7990  -3.53706622       2.88566899      0.689999998    
        7992  -3.76132679       1.89429319      0.689999998    
        7994  -3.74593115       1.96777487      0.689999998    
        7996  -3.76280785       2.07663441      0.699999988    
        7998  -3.86041641       1.86224234      0.699999988    
        8000  -3.67750216       2.55531335      0.699999988    
        8002  -3.70834446       2.21676064      0.699999988    
        8004  -3.58748031       2.21359396      0.680000007    
        8006  -3.29096246       3.44492865      0.680000007    
        8008  -3.32438564       2.66962934      0.660000026    
        8010  -3.71427512       1.60276377      0.660000026    
        8012  -3.99339342       1.03431976      0.689999998    
        8014  -3.87958837       1.74967873      0.699999988    
        8016  -3.78825545       1.95127523      0.699999988    
        8018  -3.65205908       2.78418016      0.709999979    
        8020  -3.73592472       2.78052831      0.720000029    
        8022  -3.69773912       2.44191527      0.709999979    
        8024  -3.84229946       2.69518161      0.720000029    
        8026  -3.80305910       3.09073925      0.730000019    
        8028  -3.91661501       3.09234762      0.740000010    
        8030  -3.90172458       2.49473381      0.730000019    
        8032  -3.71615934       3.23411727      0.740000010    
        8034  -3.59745693       2.96647692      0.720000029    
        8036  -3.48122215       3.40299892      0.709999979    
        8038  -3.55497360       3.19972372      0.709999979    
        8040  -3.67496490       3.28749514      0.720000029    
        8042  -3.55302405       3.55493617      0.709999979    
        8044  -3.76320648       2.53256583      0.709999979    
        8046  -3.85204554       1.81450772      0.699999988    
        8048  -3.73304248       2.48516488      0.699999988    
        8050  -3.74152899       2.60661507      0.699999988    
        8052  -3.83547425       2.14512849      0.699999988    
        8054  -3.64286876       2.91842866      0.699999988    
        8056  -3.76766801       2.51685524      0.699999988    
        8058  -3.55884314       3.50232029      0.689999998    
        8060  -3.31960678       4.12536573      0.689999998    
        8062  -3.56828761       3.41295314      0.680000007    
        8064  -3.74491501       2.56997943      0.680000007    
        8066  -3.59726286       2.24515033      0.670000017    
        8068  -3.76210403       1.88456929      0.670000017    
        8070  -3.88443708       1.70657122      0.670000017    
        8072  -3.68159342       1.98570144      0.660000026    
        8074  -3.30718565       2.99377990      0.660000026    
        8076  -3.71870661       1.71538568      0.670000017    
        8078  -3.68224287       1.49939191      0.660000026    
        8080  -3.68509388       2.20266795      0.680000007    
        8082  -3.80760908      0.988413632      0.680000007    
        8084  -3.44280696       2.60433674      0.680000007    
        8086  -3.47260380       2.16549468      0.670000017    
        8088  -3.60650969       1.45876253      0.670000017    
        8090  -3.52029514       1.48091054      0.660000026    
        8092  -3.45209742       1.52095735      0.629999995    
        8094  -3.48084092       1.81780314      0.639999986    
        8096  -3.37931013       1.82208014      0.639999986    
        8098  -3.37545514       1.88732791      0.639999986    
        8100  -3.32823873       1.87333715      0.639999986    
        8102  -3.32033920       2.28384066      0.629999995    
        8104  -3.40107965       1.56790423      0.629999995    
        8106  -3.10476398       2.78417158      0.629999995    
        8108  -3.10919976       2.77994633      0.629999995    
        8110  -3.42039084       1.61821938      0.629999995    
        8112  -3.28869414       1.85300851      0.629999995    
        8114  -3.51832700      0.774906576      0.629999995    
        8116  -3.20137572       2.50559282      0.639999986    
        8118  -3.62647748       1.13568854      0.639999986    
        8120  -3.40103650       1.85638714      0.639999986    
        8122  -3.36136746       1.95570374      0.639999986    
        8124  -3.23558021       2.63142824      0.649999976    
        8126  -3.32830811       1.94368339      0.649999976    
        8128  -3.28538394       2.17303252      0.649999976    
        8130  -3.26213884       2.59715128      0.649999976    
        8132  -3.42503667       2.38619184      0.660000026    
        8134  -3.53094602       2.42636728      0.670000017    
        8136  -3.62304783       2.26048207      0.670000017    
        8138  -3.57562542       2.66341352      0.680000007    
        8140  -3.92874098       1.36383557      0.670000017    
        8142  -3.63371658       2.68909860      0.680000007    
        8144  -3.75508499       1.87448800      0.680000007    
        8146  -3.67715788       2.55129290      0.670000017    
        8148  -3.87472558       1.79619813      0.660000026    
        8150  -3.82287335       1.82897139      0.660000026    
        8152  -3.73053765       1.99196494      0.670000017    
        8154  -3.51342010       2.68393135      0.660000026    
        8156  -3.38075924       3.22970462      0.670000017    
        8158  -3.52419424       2.42167187      0.660000026    
        8160  -3.53009009       1.95993268      0.649999976    
        8162  -3.45396972       2.71334696      0.649999976    
        8164  -3.33397889       3.21390486      0.649999976    
        8166  -3.44962502       2.61153865      0.649999976    
        8168  -3.39822006       2.80255556      0.660000026    
        8170  -3.19619823       3.28031731      0.660000026    
        8172  -3.28303266       2.42038012      0.649999976    
        8174  -3.34836698       2.12933493      0.649999976    
        8176  -3.74059796       1.19393694      0.660000026    
        8178  -3.58090186       2.02656984      0.660000026    
        8180  -3.66648364       1.84565544      0.680000007    
        8182  -3.92430043       1.35100615      0.680000007    
        8184  -3.46470284       2.64237165      0.680000007    
        8186  -3.55972219       2.36241174      0.670000017    
        8188  -3.73154116       1.63233209      0.680000007    
        8190  -3.99518275      0.642517149      0.680000007    
        8192  -3.77263784       1.26401377      0.680000007    
        8194  -3.88010383       1.42969310      0.680000007    
        8196  -3.63378596       2.36031866      0.680000007    
        8198  -3.74234223       1.57017481      0.689999998    
        8200  -3.80954409       1.17781663      0.680000007    
        8202  -3.49578714       2.47616625      0.680000007    
        8204  -3.50245905       2.59611082      0.680000007    
        8206  -3.60463643       2.22656298      0.680000007    
        8208  -3.22289491       2.65542483      0.649999976    
        8210  -3.46514988       2.08803129      0.660000026    
        8212  -3.27396607       2.99178028      0.670000017    
        8214  -3.44034219       2.71916389      0.680000007    
        8216  -3.43898082       3.02219820      0.680000007    
        8218  -3.70888233       2.08607435      0.680000007    
        8220  -3.59166741       2.51796222      0.680000007    
        8222  -3.69856286       2.36501765      0.689999998    
        8224  -3.45254803       3.06019092      0.689999998    
        8226  -3.61183739       2.35931921      0.689999998    
        8228  -3.69430256       1.92981184      0.689999998    
        8230  -3.48701882       2.82184553      0.689999998    
        8232  -3.73670244       2.06972647      0.689999998    
        8234  -3.52654791       2.54889750      0.689999998    
        8236  -3.79536462       1.57018006      0.689999998    
        8238  -3.66445565       2.09995341      0.689999998    
        8240  -3.60245872       1.94993901      0.680000007    
        8242  -3.25723076       3.27775311      0.670000017    
        8244  -3.64433670       1.95037305      0.680000007    
        8246  -3.58272171       2.09874392      0.670000017    
        8248  -3.34693170       3.27789402      0.670000017    
        8250  -3.57044888       2.46495152      0.680000007    
        8252  -3.52318406       2.66288829      0.680000007    
        8254  -3.40000224       2.54384828      0.670000017    
        8256  -3.47250295       2.23611355      0.670000017    
        8258  -3.56271935       2.39674234      0.680000007    
        8260  -3.61665010       2.58496928      0.689999998    
        8262  -3.44945621       2.98058724      0.689999998    
        8264  -3.45528746       2.35310602      0.680000007    
        8266  -3.67023587       1.71571720      0.699999988    
        8268  -3.58969975       2.14398122      0.699999988    
        8270  -3.65756011       2.20312047      0.699999988    
        8272  -3.55943155       2.67115664      0.699999988    
        8274  -3.79432797       2.06770515      0.699999988    
        8276  -3.59142017       2.06390643      0.689999998    
        8278  -3.51682425       2.53667736      0.680000007    
        8280  -3.77110624       1.68665695      0.680000007    
        8282  -3.80383253       1.37726605      0.680000007    
        8284  -3.46386027       2.58838677      0.680000007    
        8286  -3.52817535       2.34614730      0.660000026    
        8288  -3.71783137       1.49131167      0.660000026    
        8290  -3.84697986       1.27534747      0.670000017    
        8292  -3.65461421       2.42143750      0.670000017    
        8294  -3.74759793       1.72709870      0.670000017    
        8296  -3.62801790       2.48462534      0.670000017    
        8298  -3.73887825       1.55928302      0.660000026    
        8300  -3.77580762       1.69830942      0.660000026    
        8302  -3.42890596       2.78207636      0.660000026    
        8304  -3.52340889       2.50835133      0.660000026    
        8306  -3.64125228       2.36463332      0.670000017    
        8308  -3.83405685       1.36821079      0.660000026    
        8310  -3.74107575       1.81519592      0.660000026    
        8312  -3.53573012       2.56499743      0.670000017    
        8314  -3.56875467       2.68897867      0.670000017    
        8316  -3.79856968       1.48654282      0.670000017    
        8318  -3.55777836       2.30625820      0.660000026    
        8320  -3.61558247       1.95881128      0.660000026    
        8322  -3.47647715       3.41013741      0.680000007    
        8324  -3.56599307       2.04852581      0.660000026    
        8326  -3.43818235       3.13512731      0.670000017    
        8328  -3.85605836       2.19585276      0.689999998    
        8330  -3.76396418       2.43136644      0.689999998    
        8332  -3.68575573       2.94880581      0.680000007    
        8334  -3.68593645       2.83287454      0.680000007    
        8336  -3.87574482       1.95922410      0.680000007    
        8338  -3.54658055       2.94972658      0.680000007    
        8340  -3.71933341       2.57483816      0.680000007    
        8342  -3.83777070       2.48603129      0.689999998    
        8344  -3.64721417       3.28478050      0.689999998    
        8346  -3.89455533       3.01242042      0.709999979    
        8348  -3.84872818       2.32809210      0.709999979    
        8350  -4.08778954       1.55753016      0.709999979    
        8352  -4.01244450       1.80174148      0.709999979    
        8354  -3.88835073       2.34386778      0.709999979    
        8356  -3.80753970       2.86619878      0.699999988    
        8358  -3.94338417       2.56611347      0.709999979    
        8360  -3.68981147       4.07048082      0.730000019    
        8362  -3.61065960       4.11054516      0.720000029    
        8364  -3.87155199       2.94461179      0.709999979    
        8366  -3.39729619       4.53466654      0.709999979    
        8368  -3.82421637       1.94321454      0.689999998    
        8370  -3.89927363       1.63127685      0.689999998    
        8372  -4.01704788       1.37945628      0.689999998    
        8374  -3.72595263       2.10008907      0.680000007    
        8376  -3.71673059       2.24587011      0.680000007    
        8378  -3.56321144       2.91758299      0.680000007    
        8380  -3.51420617       2.98700261      0.660000026    
        8382  -3.55740356       2.83152437      0.670000017    
        8384  -3.58921266       2.31182361      0.649999976    
        8386  -3.69235063       1.37390840      0.649999976    
        8388  -3.54552698       1.89848554      0.639999986    
        8390  -3.73451400      0.936337471      0.639999986    
        8392  -3.76993799       1.54300225      0.649999976    
        8394  -3.71258569       2.18817472      0.660000026    
        8396  -3.98918390       1.05960333      0.660000026    
        8398  -3.60908151       2.02432275      0.649999976    
        8400  -3.30296040       2.65756726      0.629999995    
        8402  -3.49755120       1.82830882      0.629999995    
        8404  -3.68655276       1.57771504      0.649999976    
        8406  -3.49638677       2.25274706      0.639999986    
        8408  -3.25397134       3.12077212      0.629999995    
        8410  -3.10470796       3.59180403      0.639999986    
        8412  -3.47720695       2.86135483      0.649999976    
        8414  -3.37020707       3.73607850      0.649999976    
        8416  -3.68792701       2.33615255      0.649999976    
        8418  -3.48795509       2.79366016      0.639999986    
        8420  -3.26411843       2.82949758      0.629999995    
        8422  -3.19772482       2.41266704      0.620000005    
        8424  -3.16304469       2.56154990      0.629999995    
        8426  -3.44850421       2.11077976      0.639999986    
        8428  -3.61270094       1.44610381      0.639999986    
        8430  -2.97699237       3.60929751      0.639999986    
        8432  -3.29019403       2.39535117      0.629999995    
        8434  -3.30345154       1.98326457      0.620000005    
        8436  -3.11291718       2.53308320      0.620000005    
        8438  -3.23147392       1.33065557      0.600000024    
        8440  -2.78892469       3.14986467      0.610000014    
        8442  -3.21934319       1.63495696      0.600000024    
        8444  -3.32036710       1.12780941      0.600000024    
        8446  -3.18235970       1.54676402      0.600000024    
        8448  -3.18787694       1.56676209      0.600000024    
        8450  -2.89482117       2.36308169      0.600000024    
        8452  -3.39485049      0.921368718      0.600000024    
        8454  -3.05210710       2.04911661      0.600000024    
        8456  -2.79399586       2.35220361      0.589999974    
        8458  -3.17447138       1.56107318      0.589999974    
        8460  -3.15066195       1.88222969      0.600000024    
        8462  -3.19916153       1.86867356      0.620000005    
        8464  -3.40233874       1.11245716      0.620000005    
        8466  -3.27606535       1.59705508      0.620000005    
        8468  -3.16191792       1.89084935      0.629999995    
        8470  -3.28042054       1.77759993      0.620000005    
        8472  -3.43980169       1.02026343      0.610000014    
        8474  -3.30204844       1.28059185      0.610000014    
        8476  -3.28818560       1.55616200      0.629999995    
        8478  -3.20271158       1.96581459      0.629999995    
        8480  -3.08087182       2.05854154      0.620000005    
        8482  -3.28463602       1.36699569      0.610000014    
        8484  -3.42635250      0.978938937      0.620000005    
        8486  -3.20832920       1.91436529      0.620000005    
        8488  -3.20709348       2.22013569      0.620000005    
        8490  -3.39896941       1.67303681      0.629999995    
        8492  -3.40016389       1.67803609      0.639999986    
        8494  -3.30605817       2.21818924      0.639999986    
        8496  -3.43949032       1.33967745      0.639999986    
        8498  -3.49215174       1.56141460      0.649999976    
        8500  -3.43765426       1.25099397      0.629999995    
        8502  -3.35060692       2.13581371      0.620000005    
        8504  -3.26820540       2.14705896      0.620000005    
        8506  -3.15098786       1.86069655      0.610000014    
        8508  -2.97876358       2.62459993      0.620000005    
        8510  -3.13402367       2.13605189      0.610000014    
        8512  -3.33431530       1.85490990      0.620000005    
        8514  -3.27211666       1.50170875      0.620000005    
        8516  -3.38867736       1.09684122      0.620000005    
        8518  -3.45593739       1.45315433      0.620000005    
        8520  -3.32679868       1.46257842      0.610000014    
        8522  -3.21133375       2.04110765      0.620000005    
        8524  -3.07701850       2.40747309      0.620000005    
        8526  -3.12472820       2.52878499      0.620000005    
        8528  -3.08510900       2.35782671      0.620000005    
        8530  -3.08806825       2.64927793      0.629999995    
        8532  -3.15534902       2.42243528      0.629999995    
        8534  -3.17813182       2.13998508      0.629999995    
        8536  -3.23921371       2.35320950      0.639999986    
        8538  -3.25476408       2.44973946      0.649999976    
        8540  -3.24995661       2.17435789      0.639999986    
        8542  -3.42847776       1.92855418      0.649999976    
        8544  -3.37551618       2.01018190      0.649999976    
        8546  -3.40057373       2.29078102      0.680000007    
        8548  -3.43658042       2.72072434      0.689999998    
        8550  -3.73757434       1.30327940      0.689999998    
        8552  -3.60849094       1.87639391      0.680000007    
        8554  -3.50878239       2.46823668      0.680000007    
        8556  -3.68897533       1.70599854      0.680000007    
        8558  -3.70948505       1.91381061      0.689999998    
        8560  -3.68572831       2.29453468      0.699999988    
        8562  -4.03066921       1.26254499      0.699999988    
        8564  -3.92937446       2.16085052      0.709999979    
        8566  -3.81342483       2.32903194      0.699999988    
        8568  -3.69669747       2.78886342      0.699999988    
        8570  -3.56312370       3.05722284      0.689999998    
        8572  -3.50274372       2.89525867      0.680000007    
        8574  -3.63683963       2.67885685      0.680000007    
        8576  -3.42308927       3.50778270      0.680000007    
        8578  -3.65642071       3.34131360      0.709999979    
        8580  -3.90226340       2.79175448      0.720000029    
        8582  -3.73940825       3.57237530      0.720000029    
        8584  -3.76291227       3.49876356      0.720000029    
        8586  -3.69142056       3.48665762      0.709999979    
        8588  -3.76823807       3.04148769      0.699999988    
        8590  -3.71940064       3.16538191      0.699999988    
        8592  -3.71344805       2.86738896      0.699999988    
        8594  -3.84112716       2.31307483      0.699999988    
        8596  -4.04590178       1.58643615      0.699999988    
        8598  -3.75303030       2.28920531      0.709999979    
        8600  -3.84108543       1.73410177      0.699999988    
        8602  -3.97415781       1.68420732      0.699999988    
        8604  -3.80738544       2.48700213      0.699999988    
        8606  -3.85376430       2.43080330      0.699999988    
        8608  -3.92876196       2.05280519      0.699999988    
        8610  -3.96746445       1.37800825      0.699999988    
        8612  -3.86783791       1.91004431      0.709999979    
        8614  -3.88557792       1.95318019      0.709999979    
        8616  -3.87847495       1.64659333      0.699999988    
        8618  -3.89512467       1.69645309      0.699999988    
        8620  -3.85802555       2.79272509      0.720000029    
        8622  -3.85458517       2.29926133      0.709999979    
        8624  -3.57565379       2.85535192      0.709999979    
        8626  -3.90000105       2.11227775      0.720000029    
        8628  -3.84411931       2.59717298      0.740000010    
        8630  -3.82243872       2.91960859      0.740000010    
        8632  -3.76452327       3.60016036      0.750000000    
        8634  -3.92142391       3.29883146      0.750000000    
        8636  -3.72535181       3.77469945      0.730000019    
        8638  -3.85826015       3.10302734      0.730000019    
        8640  -3.77508688       3.00417066      0.720000029    
        8642  -3.69600344       3.17118859      0.720000029    
        8644  -4.09794569       2.31943226      0.730000019    
        8646  -3.93561006       3.06938052      0.740000010    
        8648  -3.89071870       3.42317653      0.750000000    
        8650  -3.89005208       3.45674658      0.750000000    
        8652  -4.01595449       2.63792825      0.740000010    
        8654  -4.09366894       2.44210625      0.740000010    
        8656  -4.00752687       2.68325853      0.730000019    
        8658  -3.87771320       3.20143414      0.730000019    
        8660  -3.85825157       2.51391339      0.720000029    
        8662  -3.80100560       2.80825806      0.709999979    
        8664  -3.96149445       2.18680859      0.709999979    
        8666  -4.04106665       1.86630273      0.709999979    
        8668  -3.67626595       3.93922234      0.730000019    
        8670  -3.89303946       3.28328943      0.740000010    
        8672  -4.04206228       2.44008136      0.740000010    
        8674  -3.87325692       3.12526512      0.750000000    
        8676  -3.98886895       2.33812094      0.740000010    
        8678  -3.81787539       3.32580280      0.740000010    
        8680  -3.85798621       3.89893365      0.769999981    
        8682  -3.98756981       3.41203856      0.769999981    
        8684  -3.91019225       3.21753430      0.769999981    
        8686  -3.99907851       3.12704515      0.759999990    
        8688  -3.93772030       2.99388599      0.759999990    
        8690  -4.03866816       2.43759179      0.759999990    
        8692  -3.92033958       2.90634727      0.759999990    
        8694  -3.91043568       3.29342866      0.759999990    
        8696  -4.15484238       2.58814740      0.759999990    
        8698  -3.88112044       3.87938404      0.759999990    
        8700  -3.97397971       3.29205847      0.759999990    
        8702  -3.79361415       3.65576720      0.740000010    
        8704  -3.80856276       3.29945183      0.730000019    
        8706  -4.05382156       2.31072307      0.740000010    
        8708  -4.00215578       2.42126322      0.740000010    
        8710  -3.78593135       3.19613194      0.740000010    
        8712  -3.96664023       2.89818072      0.740000010    
        8714  -4.04603243       2.57740188      0.740000010    
        8716  -3.90727901       3.08728051      0.740000010    
        8718  -3.76667333       3.28850627      0.730000019    
        8720  -3.86040139       2.12291026      0.709999979    
        8722  -3.39031911       3.91852450      0.709999979    
        8724  -4.00523520       1.74465275      0.730000019    
        8726  -3.92540169       1.47265065      0.720000029    
        8728  -3.87539673       2.10240793      0.720000029    
        8730  -3.88234878       2.51726317      0.720000029    
        8732  -3.66065979       3.53537297      0.720000029    
        8734  -3.65566659       3.64991999      0.720000029    
        8736  -3.74750662       3.20442700      0.709999979    
        8738  -3.51924157       3.82041550      0.709999979    
        8740  -3.54717422       3.23640800      0.709999979    
        8742  -3.67213774       2.54509735      0.699999988    
        8744  -3.72305965       2.05398059      0.699999988    
        8746  -3.59375262       2.66223955      0.699999988    
        8748  -3.70648265       2.23113823      0.709999979    
        8750  -3.36595178       3.73027468      0.709999979    
        8752  -3.68583560       2.50662613      0.709999979    
        8754  -3.64392686       2.80114841      0.699999988    
        8756  -3.67320251       2.19846845      0.689999998    
        8758  -3.58252978       2.82684445      0.689999998    
        8760  -3.62674499       2.88461185      0.689999998    
        8762  -3.83706594       1.93055832      0.689999998    
        8764  -3.79426694       1.96206355      0.689999998    
        8766  -3.62161422       2.82789588      0.689999998    
        8768  -3.53945780       2.85540485      0.689999998    
        8770  -3.82330728       1.71027386      0.689999998    
        8772  -3.53970265       2.57030630      0.680000007    
        8774  -3.87957120       1.55870271      0.670000017    
        8776  -3.63992047       2.32848978      0.670000017    
        8778  -3.69427609       1.88734376      0.660000026    
        8780  -3.57513666       2.15147352      0.660000026    
        8782  -3.46159267       2.78024650      0.670000017    
        8784  -3.54966855       2.63577080      0.670000017    
        8786  -3.62107301       2.63866091      0.680000007    
        8788  -3.40178299       3.48023558      0.689999998    
        8790  -3.91077662       1.50965965      0.680000007    
        8792  -3.72870398       2.26381278      0.680000007    
        8794  -3.74715972       1.88155901      0.680000007    
        8796  -3.83478570       1.39511347      0.680000007    
        8798  -3.62120914       2.77488708      0.689999998    
        8800  -3.45666790       3.29542446      0.689999998    
        8802  -3.68479562       2.88578367      0.699999988    
        8804  -3.67593718       2.39351487      0.680000007    
        8806  -3.55763102       2.15003419      0.660000026    
        8808  -3.75150442       1.11886501      0.649999976    
        8810  -3.83695769      0.928430557      0.660000026    
        8812  -3.83545470       1.04186499      0.660000026    
        8814  -3.79998612       1.17885375      0.670000017    
        8816  -3.94832468      0.681562662      0.670000017    
        8818  -3.89737844      0.789345682      0.680000007    
        8820  -3.89462566       1.11184251      0.670000017    
        8822  -3.64161730       2.07497978      0.670000017    
        8824  -3.73239303       1.47136509      0.660000026    
        8826  -3.61828804       1.63689077      0.670000017    
        8828  -3.72294831       2.00856328      0.689999998    
        8830  -3.80008507       1.90178144      0.689999998    
        8832  -3.61171365       2.38513207      0.689999998    
        8834  -3.55481863       2.94376683      0.689999998    
        8836  -3.75802636       2.05719018      0.680000007    
        8838  -3.26282644       3.86767960      0.689999998    
        8840  -3.49208450       2.93099117      0.689999998    
        8842  -3.62109327       2.10365844      0.680000007    
        8844  -3.70824981       1.83071387      0.680000007    
        8846  -3.67150402       1.86479414      0.680000007    
        8848  -3.51018071       2.27451444      0.670000017    
        8850  -3.42168498       2.80547071      0.670000017    
        8852  -3.45176387       2.42395401      0.670000017    
        8854  -3.58122110       2.10378265      0.680000007    
        8856  -3.48203397       2.22364330      0.670000017    
        8858  -3.56830359       2.16987085      0.670000017    
        8860  -3.78478122       1.13701248      0.670000017    
        8862  -3.70212317       1.70409822      0.670000017    
        8864  -3.54081678       1.91807127      0.649999976    
        8866  -3.34779167       2.80877352      0.660000026    
        8868  -3.57744598       2.09671950      0.660000026    
        8870  -3.31519556       3.02591872      0.660000026    
        8872  -3.44934845       1.98008096      0.649999976    
        8874  -3.55156112       1.26056910      0.649999976    
        8876  -3.50177884       1.39679182      0.660000026    
        8878  -3.42554379       1.60286772      0.649999976    
        8880  -3.42227793       1.57072234      0.639999986    
        8882  -3.47630382       1.49890566      0.649999976    
        8884  -3.53604221       1.18176436      0.649999976    
        8886  -3.34267712       1.92752862      0.649999976    
        8888  -3.32371593       2.10402775      0.660000026    
        8890  -3.44320488       1.67292225      0.660000026    
        8892  -3.57546639       1.45522439      0.670000017    
        8894  -3.47393131       1.63812482      0.670000017    
        8896  -3.16648889       2.98574138      0.670000017    
        8898  -3.17715740       3.02492166      0.660000026    
        8900  -3.06340218       2.64404225      0.639999986    
        8902  -3.36939359       1.52020347      0.639999986    
        8904  -3.49551797       1.42002714      0.649999976    
        8906  -3.56346893       1.16810691      0.639999986    
        8908  -3.48637056       1.61575377      0.629999995    
        8910  -3.62530398       1.64299262      0.639999986    
        8912  -3.76265478       1.16767287      0.639999986    
        8914  -3.60382891       1.50045013      0.639999986    
        8916  -3.40493488       2.56304121      0.639999986    
        8918  -3.60335088       1.70861518      0.649999976    
        8920  -3.43065929       3.42454600      0.680000007    
        8922  -3.61727929       2.67976928      0.680000007    
        8924  -3.82289457       2.29069185      0.680000007    
        8926  -3.80113530       2.02243233      0.680000007    
        8928  -3.59750342       3.06644392      0.689999998    
        8930  -3.49909043       3.08029413      0.670000017    
        8932  -3.49990749       2.77359533      0.660000026    
        8934  -3.76494169       1.87750185      0.660000026    
        8936  -3.56676364       2.57434750      0.649999976    
        8938  -3.28964901       4.44585609      0.680000007    
        8940  -3.53343844       3.87817097      0.689999998    
        8942  -3.63178301       2.95186305      0.670000017    
        8944  -3.88448262       2.61301541      0.680000007    
        8946  -3.75874782       2.70155263      0.670000017    
        8948  -3.62068295       3.18911171      0.680000007    
        8950  -3.80059576       2.67515755      0.680000007    
        8952  -3.95556259       1.84497321      0.680000007    
        8954  -3.95088601       1.51678729      0.680000007    
        8956  -3.81781936       2.25924540      0.680000007    
        8958  -3.74823117       2.38336492      0.680000007    
        8960  -3.67850137       2.92960978      0.699999988    
        8962  -3.61354589       2.89761686      0.699999988    
        8964  -3.54414010       3.90273499      0.720000029    
        8966  -3.66772723       3.25157642      0.709999979    
        8968  -3.84890890       2.53941131      0.720000029    
        8970  -3.84036708       2.56104231      0.720000029    
        8972  -3.66971016       3.83801985      0.730000019    
        8974  -3.58431506       4.46811819      0.740000010    
        8976  -3.63460708       5.00016403      0.750000000    
        8978  -3.75097895       4.49724245      0.750000000    
        8980  -3.95701528       3.28839374      0.750000000    
        8982  -3.97826266       2.95439363      0.740000010    
        8984  -4.00532532       3.16370034      0.740000010    
        8986  -4.02275085       2.62333608      0.730000019    
        8988  -3.88251162       3.61960816      0.730000019    
        8990  -3.71602654       4.17333317      0.730000019    
        8992  -3.74950719       3.65249300      0.730000019    
        8994  -4.07681751       2.65308142      0.720000029    
        8996  -3.79946923       3.41256738      0.720000029    
        8998  -3.84034228       3.10955834      0.730000019    
        9000  -3.90294147       2.63555336      0.720000029    
        9002  -3.99796438       2.18320417      0.720000029    
        9004  -4.03771400       1.57711732      0.709999979    
        9006  -3.96940231       2.12763333      0.709999979    
        9008  -3.81570482       2.49339676      0.699999988    
        9010  -3.93182421       2.31436563      0.699999988    
        9012  -3.73482037       2.93614006      0.699999988    
        9014  -3.76953244       3.09705400      0.699999988    
        9016  -3.67288756       3.42875624      0.720000029    
        9018  -3.91834712       2.75872231      0.730000019    
        9020  -3.69285393       3.63821912      0.730000019    
        9022  -3.83115506       3.15777588      0.730000019    
        9024  -3.76261997       3.63795877      0.730000019    
        9026  -3.42467475       5.17897320      0.740000010    
        9028  -3.80945730       3.75584483      0.730000019    
        9030  -3.84505701       3.53534150      0.730000019    
        9032  -3.86092567       3.83507824      0.740000010    
        9034  -3.77007151       3.96344185      0.740000010    
        9036  -3.93575120       2.93157268      0.740000010    
        9038  -3.82116771       3.07013917      0.740000010    
        9040  -4.06035089       2.21600342      0.750000000    
        9042  -3.97963047       2.69350696      0.750000000    
        9044  -3.90825891       3.11039805      0.740000010    
        9046  -3.68254280       3.63916230      0.730000019    
        9048  -3.66961074       3.66387367      0.730000019    
        9050  -3.84010744       3.45194554      0.730000019    
        9052  -3.69146228       3.60170388      0.720000029    
        9054  -3.76953053       2.95540309      0.689999998    
        9056  -3.84913039       1.87299144      0.680000007    
        9058  -3.78957438       2.31805468      0.680000007    
        9060  -3.63504767       2.78793812      0.680000007    
        9062  -3.58126116       3.62789965      0.680000007    
        9064  -3.55493784       3.87995410      0.699999988    
        9066  -3.57421875       3.75106597      0.699999988    
        9068  -3.45529962       4.10645199      0.699999988    
        9070  -3.72934508       2.82822037      0.709999979    
        9072  -3.67157102       3.06065464      0.709999979    
        9074  -3.76856351       2.70430708      0.709999979    
        9076  -3.64347959       3.15918803      0.709999979    
        9078  -3.65140414       3.36890483      0.709999979    
        9080  -3.70589590       2.93623281      0.689999998    
        9082  -3.55756497       3.48533535      0.689999998    
        9084  -3.55414462       3.27939534      0.689999998    
        9086  -3.56698966       2.86873984      0.680000007    
        9088  -3.71472335       2.27074957      0.670000017    
        9090  -3.82283711       1.79478550      0.670000017    
        9092  -3.76025629       1.53253984      0.660000026    
        9094  -3.55612493       2.29142976      0.660000026    
        9096  -3.44964027       2.00329876      0.649999976    
        9098  -3.48698306       1.55857193      0.649999976    
        9100  -3.53195286       1.83849752      0.649999976    
        9102  -3.48391604       1.93081737      0.649999976    
        9104  -3.34981418       2.17902780      0.629999995    
        9106  -3.42641020       1.50763273      0.629999995    
        9108  -3.55362082      0.929116786      0.629999995    
        9110  -3.68153954      0.840444088      0.639999986    
        9112  -3.64464498       1.67393863      0.660000026    
        9114  -3.41120386       1.90265703      0.649999976    
        9116  -3.69112635       1.23992109      0.660000026    
        9118  -3.72320628       1.46740973      0.670000017    
        9120  -3.43792105       2.58841753      0.670000017    
        9122  -3.80766749      0.850859165      0.649999976    
        9124  -3.43096471       1.60892439      0.629999995    
        9126  -3.50444913       1.50767803      0.629999995    
        9128  -3.35103631       2.33291960      0.629999995    
        9130  -3.47548676       1.16407764      0.629999995    
        9132  -3.38935018       2.00263643      0.629999995    
        9134  -3.38325882       2.01794434      0.629999995    
        9136  -3.13495159       3.02416897      0.629999995    
        9138  -3.33762097       2.27906299      0.629999995    
        9140  -3.56782508       2.01301908      0.649999976    
        9142  -3.45324874       2.26534271      0.629999995    
        9144  -3.69021893       1.48937678      0.620000005    
        9146  -3.53261185       1.97930527      0.620000005    
        9148  -3.13478494       2.93172026      0.610000014    
        9150  -3.37211084       1.98612022      0.620000005    
        9152  -3.24751115       1.91364825      0.589999974    
        9154  -3.35903430      0.712734640      0.579999983    
        9156  -3.36052847       1.27509224      0.600000024    
        9158  -3.34278274       1.40688586      0.610000014    
        9160  -3.49175954       1.33517480      0.620000005    
        9162  -3.45261478       1.63589990      0.620000005    
        9164  -3.31405973       1.98549271      0.610000014    
        9166  -3.33311939       1.06167424      0.589999974    
        9168  -3.25726771       1.24455285      0.589999974    
        9170  -3.20178032      0.980521202      0.579999983    
        9172  -3.40532231      0.201011792      0.579999983    
        9174  -3.20838141      0.291293502      0.569999993    
        9176  -3.31131029      0.694786310      0.589999974    
        9178  -3.33011079       1.12070167      0.600000024    
        9180  -3.18293405       1.36271238      0.589999974    
        9182  -3.33698750       1.63288593      0.610000014    
        9184  -3.42884159       1.11371994      0.610000014    
        9186  -3.28911829       1.27113938      0.610000014    
        9188  -3.09769964       1.72878385      0.610000014    
        9190  -3.20819640       1.70206416      0.610000014    
        9192  -2.74217987       3.11877012      0.600000024    
        9194  -3.21969199       1.71140587      0.610000014    
        9196  -3.27724934      0.788954020      0.600000024    
        9198  -3.04070425       1.71215916      0.589999974    
        9200  -3.00885963       1.52708817      0.579999983    
        9202  -2.97525525       1.35896981      0.579999983    
        9204  -3.25642681      0.722332716      0.589999974    
        9206  -3.20250702       1.02754283      0.579999983    
        9208  -2.98654342       1.90036094      0.579999983    
        9210  -3.24072480       1.29972327      0.579999983    
        9212  -3.03042293       2.49022865      0.589999974    
        9214  -3.09265327       2.14492202      0.600000024    
        9216  -3.05035114       3.01760602      0.610000014    
        9218  -3.46099925       1.86613250      0.610000014    
        9220  -3.50118542       1.49109852      0.600000024    
        9222  -3.18228173       2.50390434      0.600000024    
        9224  -3.59922266       1.08833885      0.610000014    
        9226  -3.22043681       2.14077067      0.600000024    
        9228  -3.04092622       2.94264793      0.600000024    
        9230  -3.30060887       2.05700445      0.610000014    
        9232  -3.40523314       1.54615748      0.610000014    
        9234  -3.54815602      0.727842748      0.620000005    
        9236  -3.44150019      0.785062492      0.620000005    
        9238  -3.26481891       1.73670924      0.629999995    
        9240  -3.44468594      0.843246758      0.620000005    
        9242  -2.99197888       2.24921179      0.620000005    
        9244  -3.61610532      0.443515390      0.620000005    
        9246  -3.23328757       1.67166352      0.620000005    
        9248  -3.36864424       1.13203907      0.620000005    
        9250  -3.32346129       1.60252213      0.620000005    
        9252  -3.29428625       1.93447161      0.620000005    
        9254  -3.34478283       1.88733172      0.620000005    
        9256  -3.21126008       2.80470681      0.639999986    
        9258  -3.20669103       2.77180457      0.610000014    
        9260  -3.29741311       2.19083619      0.610000014    
        9262  -3.42374134       1.63282335      0.600000024    
        9264  -3.39922142       2.06782508      0.600000024    
        9266  -3.17747569       2.25982141      0.589999974    
        9268  -3.48230982       1.16430545      0.600000024    
        9270  -3.41176343       1.58174729      0.610000014    
        9272  -3.35676622       1.42000639      0.600000024    
        9274  -3.19205809       1.89920723      0.600000024    
        9276  -3.37021327       1.89874148      0.620000005    
        9278  -3.27884936       2.20870161      0.620000005    
        9280  -3.30282831       2.13190413      0.610000014    
        9282  -3.31296134       1.75442851      0.589999974    
        9284  -3.28427029       2.14843988      0.600000024    
        9286  -3.07582235       3.16379809      0.610000014    
        9288  -3.04251933       3.16987276      0.620000005    
        9290  -3.24531245       2.30164552      0.620000005    
        9292  -3.57495379       1.59418118      0.629999995    
        9294  -3.40519929       1.95607817      0.620000005    
        9296  -3.16876602       3.09289908      0.629999995    
        9298  -3.24007082       2.30564713      0.620000005    
        9300  -3.54595971      0.816331804      0.610000014    
        9302  -3.42107821       1.36441934      0.610000014    
        9304  -3.05351353       2.53693199      0.610000014    
        9306  -3.22460651       2.37025166      0.620000005    
        9308  -3.40175438       1.14514244      0.610000014    
        9310  -3.23787975       1.52589178      0.610000014    
        9312  -3.12212849       1.99616230      0.610000014    
        9314  -3.19234848       1.65103757      0.610000014    
        9316  -3.23119354       1.17406380      0.600000024    
        9318  -3.45970559      0.285180956      0.610000014    
        9320  -3.24873447       1.52687347      0.620000005    
        9322  -3.50843406      0.540432513      0.610000014    
        9324  -3.13648915       1.81926346      0.610000014    
        9326  -2.91440964       2.74508595      0.610000014    
        9328  -3.26128125       1.45682919      0.600000024    
        9330  -3.44802952      0.580865562      0.600000024    
        9332  -3.15331364       1.44270194      0.600000024    
        9334  -3.29653621      0.886596203      0.610000014    
        9336  -3.18001962       1.09114659      0.600000024    
        9338  -2.94964075       2.19769597      0.620000005    
        9340  -3.15663218       2.01917410      0.620000005    
        9342  -3.43685532       1.10466957      0.620000005    
        9344  -3.50084162      0.889819384      0.620000005    
        9346  -3.49659538       1.11564362      0.620000005    
        9348  -3.44683862       1.14282024      0.620000005    
        9350  -3.15925694       2.55527639      0.620000005    
        9352  -3.22414184       2.59389877      0.620000005    
        9354  -3.03927517       2.94262099      0.620000005    
        9356  -3.41025591       1.83066237      0.620000005    
        9358  -3.43834853       1.91692257      0.620000005    
        9360  -3.52032614       1.58239555      0.629999995    
        9362  -3.40046430       1.91268313      0.620000005    
        9364  -3.55407667       1.55683351      0.629999995    
        9366  -3.48925209       2.03440905      0.639999986    
        9368  -3.57042265       1.48364198      0.639999986    
        9370  -3.68859148      0.894886553      0.639999986    
        9372  -3.52166510       1.91043830      0.639999986    
        9374  -3.59195662       1.70228255      0.639999986    
        9376  -3.59327483       1.27489007      0.639999986    
        9378  -3.42218065       1.84521437      0.639999986    
        9380  -3.43170857       1.99242568      0.639999986    
        9382  -3.53627968       1.37298381      0.639999986    
        9384  -3.47498584       1.32592046      0.629999995    
        9386  -3.37720609       2.20398855      0.639999986    
        9388  -3.46346354       2.45216537      0.649999976    
        9390  -3.56605077       2.16475129      0.649999976    
        9392  -3.62147593       1.26659894      0.639999986    
        9394  -3.51083231       1.59184217      0.639999986    
        9396  -3.46495652       1.97922516      0.639999986    
        9398  -3.54337454       1.21957719      0.629999995    
        9400  -3.59702134      0.975202143      0.629999995    
        9402  -3.44320226       1.77926242      0.629999995    
        9404  -3.61525559       1.14835584      0.620000005    
        9406  -3.51946115       1.10808897      0.620000005    
        9408  -3.55627656       1.22529554      0.639999986    
        9410  -3.56385541       1.00112545      0.620000005    
        9412  -3.41319466       1.47507203      0.600000024    
        9414  -3.02994347       2.48193979      0.589999974    
        9416  -3.21719909       2.18544722      0.589999974    
        9418  -3.21041942       2.36632895      0.589999974    
        9420  -3.24431944       2.19610286      0.610000014    
        9422  -3.42510653       1.88489676      0.600000024    
        9424  -3.42759943       1.67223120      0.600000024    
        9426  -3.35426021       1.74509919      0.610000014    
        9428  -3.57099366       1.06616163      0.610000014    
        9430  -3.52906418       1.33733213      0.620000005    
        9432  -3.42241621       1.45111454      0.620000005    
        9434  -3.23352647       1.68906760      0.600000024    
        9436  -3.32698441       1.14553785      0.589999974    
        9438  -3.36213279       1.58673275      0.589999974    
        9440  -3.35914493       1.91846204      0.589999974    
        9442  -3.43717527       1.30354285      0.589999974    
        9444  -3.45105481       1.99663496      0.600000024    
        9446  -3.31247687       2.78697276      0.610000014    
        9448  -3.45513606       3.12665796      0.620000005    
        9450  -3.49147487       2.59066677      0.629999995    
        9452  -3.55810809       2.74160194      0.629999995    
        9454  -3.51775789       2.60438681      0.649999976    
        9456  -3.04483151       4.45422554      0.639999986    
        9458  -3.25782728       3.55808139      0.639999986    
        9460  -3.18565512       3.43819118      0.639999986    
        9462  -3.52950549       2.17066598      0.639999986    
        9464  -3.66099215       1.68508673      0.639999986    
        9466  -3.41023135       2.29378581      0.649999976    
        9468  -3.62457395       1.64778376      0.639999986    
        9470  -3.46349549       2.63907886      0.649999976    
        9472  -3.32792425       3.17937040      0.670000017    
        9474  -3.55590725       2.34658384      0.649999976    
        9476  -3.61632895       2.20916867      0.649999976    
        9478  -3.79110265       1.60388732      0.660000026    
        9480  -3.72359228       1.32907593      0.660000026    
        9482  -3.30527687       2.86839390      0.660000026    
        9484  -3.54858541       1.83479798      0.660000026    
        9486  -3.68014002       1.41826797      0.660000026    
        9488  -3.69960165       1.56019187      0.649999976    
        9490  -3.60713744       1.91123939      0.649999976    
        9492  -3.27206540       3.00889874      0.649999976    
        9494  -3.26110387       3.62288141      0.660000026    
        9496  -3.65750909       2.36024809      0.670000017    
        9498  -3.69659114       2.16191769      0.670000017    
        9500  -3.43822217       3.06671882      0.670000017    
        9502  -3.69499660       2.01443601      0.670000017    
        9504  -3.52533746       2.76841402      0.670000017    
        9506  -3.69048977       1.87269545      0.660000026    
        9508  -3.68225789       2.11773181      0.660000026    
        9510  -3.77120972       1.62034893      0.660000026    
        9512  -3.58308315       1.95601618      0.649999976    
        9514  -3.69790149       1.51177073      0.649999976    
        9516  -3.42064643       2.30413938      0.649999976    
        9518  -3.48586535       2.25272155      0.660000026    
        9520  -3.49617815       1.84583735      0.649999976    
        9522  -3.47107315       1.86876988      0.660000026    
        9524  -3.58585024       1.76237571      0.670000017    
        9526  -3.53631449       2.05875683      0.660000026    
        9528  -3.46659136       2.17265272      0.660000026    
        9530  -3.39607906       2.42232585      0.660000026    
        9532  -3.27648520       2.93971848      0.660000026    
        9534  -3.68315434       1.25500762      0.660000026    
        9536  -3.65238619       1.55466330      0.660000026    
        9538  -3.54449248       1.97133088      0.660000026    
        9540  -3.36261082       2.61495352      0.639999986    
        9542  -3.46348381       2.11869645      0.639999986    
        9544  -3.51193333       1.83731878      0.639999986    
        9546  -3.39283562       2.61659980      0.649999976    
        9548  -3.33892560       3.59258199      0.649999976    
        9550  -3.58368731       2.30894399      0.649999976    
        9552  -3.65234184       2.16677475      0.649999976    
        9554  -3.77643132       1.70549953      0.660000026    
        9556  -3.71934891       2.44410348      0.670000017    
        9558  -3.40337157       3.18000984      0.639999986    
        9560  -3.67249250       1.58162546      0.629999995    
        9562  -3.74595475       1.99156284      0.629999995    
        9564  -3.69956470       2.44977093      0.629999995    
        9566  -3.35557961       3.32214141      0.629999995    
        9568  -3.54161692       2.72754526      0.610000014    
        9570  -3.52583408       2.46771383      0.610000014    
        9572  -3.62974811       1.82559800      0.610000014    
        9574  -3.48528361       2.38718772      0.620000005    
        9576  -3.78853941      0.973487377      0.620000005    
        9578  -3.44191241       1.79368508      0.620000005    
        9580  -3.52575374       1.51748908      0.620000005    
        9582  -3.39384174       2.28015232      0.620000005    
        9584  -3.48446774       2.02935815      0.629999995    
        9586  -3.42197871       2.36637259      0.639999986    
        9588  -3.45061994       2.02582073      0.639999986    
        9590  -3.42005801       1.63460362      0.639999986    
        9592  -3.68411374       1.04854548      0.649999976    
        9594  -3.59509492       1.33472192      0.649999976    
        9596  -3.69836807      0.951506376      0.649999976    
        9598  -3.47533464       1.67791033      0.649999976    
        9600  -3.23607945       2.50419283      0.649999976    
        9602  -3.58848763       1.30954313      0.649999976    
        9604  -3.36923671       1.91083550      0.649999976    
        9606  -3.48760772       1.85157406      0.660000026    
        9608  -3.62423301       1.46065772      0.660000026    
        9610  -3.57808089       1.61318433      0.660000026    
        9612  -3.54071951       1.91797805      0.660000026    
        9614  -3.49522400       1.40892839      0.649999976    
        9616  -3.60502529       1.50726867      0.649999976    
        9618  -3.46979451       2.03360796      0.649999976    
        9620  -3.36962843       2.54351139      0.670000017    
        9622  -3.61014366       1.61245108      0.680000007    
        9624  -3.47862053       2.21776223      0.680000007    
        9626  -3.33679199       2.15983558      0.660000026    
        9628  -3.50793529       1.73339891      0.649999976    
        9630  -3.66723108       1.10967886      0.649999976    
        9632  -3.33180213       2.69197130      0.649999976    
        9634  -3.34188843       2.59371519      0.649999976    
        9636  -3.26268387       3.35449815      0.670000017    
        9638  -3.35206580       2.53763437      0.660000026    
        9640  -3.53777051       1.84874403      0.649999976    
        9642  -3.63791156       1.48241770      0.660000026    
        9644  -3.44698238       2.30303955      0.649999976    
        9646  -3.54516506       2.47837663      0.660000026    
        9648  -3.51094723       2.77075100      0.680000007    
        9650  -3.65344691       2.63892150      0.689999998    
        9652  -3.65938830       2.53427005      0.670000017    
        9654  -3.47196746       2.80547142      0.680000007    
        9656  -3.51377273       2.78374338      0.680000007    
        9658  -3.47615266       3.17268538      0.699999988    
        9660  -3.59450364       2.42292118      0.689999998    
        9662  -3.76864123       1.45958495      0.680000007    
        9664  -3.57729554       2.30565739      0.680000007    
        9666  -3.46123505       2.88521218      0.680000007    
        9668  -3.53080106       2.02892613      0.649999976    
        9670  -3.75981474       1.87873089      0.670000017    
        9672  -3.73668885       1.78434765      0.670000017    
        9674  -3.56588936       2.10457325      0.670000017    
        9676  -3.57295609       2.59822702      0.680000007    
        9678  -3.42165542       2.69620705      0.670000017    
        9680  -3.49344993       2.75744557      0.670000017    
        9682  -3.69036198       2.44667172      0.689999998    
        9684  -3.59726310       2.73593855      0.680000007    
        9686  -3.60526514       2.53580713      0.680000007    
        9688  -3.66881490       1.81341779      0.680000007    
        9690  -3.70518017       1.50945532      0.680000007    
        9692  -3.73354006       1.71927023      0.689999998    
        9694  -3.30769348       3.21187091      0.689999998    
        9696  -3.81516671       1.99672115      0.699999988    
        9698  -3.63445711       2.64663148      0.699999988    
        9700  -3.75994110       2.38650012      0.699999988    
        9702  -3.74729514       1.87027192      0.689999998    
        9704  -3.85747075       1.82064593      0.699999988    
        9706  -3.80556464       2.28833389      0.699999988    
        9708  -3.68365049       2.27415991      0.689999998    
        9710  -3.74859595       1.83898365      0.680000007    
        9712  -3.90067363       1.30914402      0.689999998    
        9714  -3.92903328       1.06849921      0.689999998    
        9716  -3.66668701       2.63718414      0.689999998    
        9718  -3.49352956       2.62790012      0.670000017    
        9720  -3.73926973       1.44460654      0.649999976    
        9722  -3.38388944       2.33218241      0.639999986    
        9724  -3.43699431       2.16404676      0.639999986    
        9726  -3.35290027       2.20836544      0.639999986    
        9728  -3.41249537       2.28918982      0.629999995    
        9730  -3.56691933       1.66699076      0.639999986    
        9732  -3.43062949       2.23941541      0.639999986    
        9734  -3.35859561       2.34312201      0.639999986    
        9736  -3.33258629       1.98987472      0.639999986    
        9738  -3.18488312       2.31161427      0.649999976    
        9740  -3.25851130       2.35438371      0.649999976    
        9742  -3.64642382       1.04154181      0.649999976    
        9744  -3.55280042       1.60687470      0.649999976    
        9746  -3.27764034       2.71736836      0.649999976    
        9748  -3.60838318       1.24649882      0.649999976    
        9750  -3.49484921       2.01342964      0.649999976    
        9752  -3.40117931       2.19533682      0.649999976    
        9754  -3.56534433       1.19780016      0.649999976    
        9756  -3.37107825       2.05763125      0.660000026    
        9758  -3.42811203       1.80552602      0.649999976    
        9760  -3.34763145       1.70566797      0.649999976    
        9762  -3.52895427       1.01379609      0.639999986    
        9764  -3.29547930       2.49565601      0.649999976    
        9766  -3.28600621       2.40553498      0.649999976    
        9768  -3.58449817       1.43996370      0.649999976    
        9770  -3.58551192       1.75454569      0.660000026    
        9772  -3.43533230       1.82196939      0.660000026    
        9774  -3.19190931       3.06683064      0.660000026    
        9776  -3.43987107       1.95358014      0.649999976    
        9778  -3.26482964       2.68203712      0.649999976    
        9780  -3.45994496       2.06162143      0.639999986    
        9782  -3.37762666       2.64126730      0.649999976    
        9784  -3.67464328       1.62540591      0.660000026    
        9786  -3.65981245       2.08575320      0.680000007    
        9788  -3.76032329       1.75252616      0.670000017    
        9790  -3.41700554       2.96386719      0.670000017    
        9792  -3.68752027       2.05584407      0.680000007    
        9794  -3.63655829       1.78087807      0.680000007    
        9796  -3.43655133       2.98480392      0.670000017    
        9798  -3.00116897       4.09241056      0.670000017    
        9800  -3.26633596       2.64709568      0.649999976    
        9802  -3.45790911       2.29834485      0.649999976    
        9804  -3.68866181       1.01163089      0.639999986    
        9806  -3.59609294       1.28223133      0.639999986    
        9808  -3.39703345       1.63421857      0.629999995    
        9810  -3.44144607       1.82901978      0.639999986    
        9812  -3.28287792       2.31841135      0.639999986    
        9814  -3.26378894       2.30469799      0.639999986    
        9816  -3.36606312       2.38514876      0.649999976    
        9818  -3.29108977       2.17714214      0.639999986    
        9820  -3.25876880       2.24617672      0.639999986    
        9822  -3.62712860      0.865487933      0.639999986    
        9824  -3.47899866       1.73357058      0.660000026    
        9826  -3.67745519      0.843123138      0.660000026    
        9828  -3.51448989       1.38202953      0.660000026    
        9830  -3.56415820       1.73532069      0.670000017    
        9832  -3.53810143       2.41101408      0.689999998    
        9834  -3.51482630       1.97285676      0.670000017    
        9836  -3.53594255       1.50738299      0.660000026    
        9838  -3.67520499       1.74985147      0.670000017    
        9840  -3.62310982       1.98721790      0.670000017    
        9842  -3.22475767       3.74989200      0.670000017    
        9844  -3.24185944       3.06531715      0.660000026    
        9846  -3.32124615       3.22685814      0.660000026    
        9848  -3.45277381       2.32938886      0.660000026    
        9850  -3.52111077       1.56533718      0.649999976    
        9852  -3.65510798       1.20253444      0.649999976    
        9854  -3.73084068      0.912787735      0.660000026    
        9856  -3.59122944       1.64021599      0.660000026    
        9858  -3.61202598       1.54684460      0.660000026    
        9860  -3.56602287       1.83850360      0.660000026    
        9862  -3.63287902       1.59058142      0.660000026    
        9864  -3.46339917       1.99477613      0.660000026    
        9866  -3.37668133       2.07743716      0.660000026    
        9868  -3.36806774       1.95878553      0.639999986    
        9870  -3.42810392       1.37382722      0.639999986    
        9872  -3.44744897       1.44416690      0.649999976    
        9874  -3.57955217       1.15559816      0.649999976    
        9876  -3.52658510       1.34675586      0.639999986    
        9878  -3.50425315      0.891127586      0.629999995    
        9880  -3.59272933      0.915747941      0.629999995    
        9882  -3.28381085       2.32315493      0.629999995    
        9884  -3.37169099       1.79731822      0.629999995    
        9886  -3.41965342       1.56296587      0.629999995    
        9888  -3.26680446       1.80461562      0.629999995    
        9890  -3.46672010       1.14887738      0.629999995    
        9892  -3.48859310       1.12648916      0.629999995    
        9894  -3.29769683       2.18896699      0.639999986    
        9896  -3.59427691       1.17986166      0.639999986    
        9898  -3.67850471       1.08425057      0.639999986    
        9900  -3.81742072      0.525296271      0.639999986    
        9902  -3.67610216       1.25573218      0.639999986    
        9904  -3.34247994       1.90378034      0.629999995    
        9906  -3.28386927       2.06360221      0.629999995    
        9908  -3.24336290       2.12402344      0.629999995    
        9910  -3.50260544       1.54049587      0.629999995    
        9912  -3.25663257       2.74266481      0.639999986    
        9914  -3.42944908       1.79313982      0.629999995    
        9916  -3.29844666       3.03552628      0.639999986    
        9918  -3.28846312       2.55426741      0.629999995    
        9920  -3.31154346       2.80777240      0.639999986    
        9922  -3.44676089       1.95140886      0.620000005    
        9924  -3.48016381       1.88924742      0.629999995    
        9926  -3.66839147       1.46207559      0.629999995    
        9928  -3.46040487       2.30403423      0.629999995    
        9930  -3.39335418       2.01819110      0.629999995    
        9932  -3.30767202       2.45790625      0.629999995    
        9934  -3.37663054       1.89447224      0.629999995    
        9936  -3.50193548       1.87959123      0.629999995    
        9938  -3.62427545       1.27873635      0.629999995    
        9940  -3.18838668       2.77589488      0.629999995    
        9942  -3.37030411       1.98882067      0.620000005    
        9944  -3.46468377       1.77646363      0.620000005    
        9946  -3.72895169       1.01560104      0.629999995    
        9948  -3.60171390       1.86919808      0.649999976    
        9950  -3.50646114       2.12922525      0.649999976    
        9952  -3.56456900       2.18507051      0.649999976    
        9954  -3.37051535       2.42092729      0.649999976    
        9956  -3.64409733       1.80002856      0.660000026    
        9958  -3.79392171       2.05620074      0.670000017    
        9960  -3.89708376       2.63851452      0.699999988    
        9962  -3.74060655       2.86597466      0.689999998    
        9964  -3.82382464       2.11956000      0.689999998    
        9966  -3.61187434       2.52900219      0.680000007    
        9968  -3.74250579       1.89059532      0.680000007    
        9970  -3.57589555       2.56704545      0.680000007    
        9972  -3.54771471       2.31528974      0.680000007    
        9974  -3.55674648       2.82871079      0.689999998    
        9976  -3.59285307       2.50302124      0.689999998    
        9978  -3.67568231       2.34019089      0.699999988    
        9980  -3.51225996       3.08497238      0.699999988    
        9982  -3.65229511       2.78954005      0.709999979    
        9984  -3.59901357       3.13710952      0.699999988    
        9986  -3.65959311       2.03792834      0.689999998    
        9988  -3.57463098       2.37410927      0.689999998    
        9990  -3.69223213       2.07950115      0.689999998    
        9992  -3.82152772       1.77092242      0.689999998    
        9994  -3.58746386       2.76442218      0.689999998    
        9996  -3.59546781       2.43000388      0.689999998    
        9998  -3.77196312       1.88123596      0.689999998    
       10000  -3.43179464       3.05826879      0.680000007    
