           2  -1.47302294      0.490715981      0.400000006    
           4  -1.50324368      0.964234769      0.419999987    
           6  -1.52791464      0.828149199      0.430000007    
           8  -1.32402241       1.28964984      0.419999987    
          10  -1.45719314       1.40308976      0.430000007    
          12  -1.57050848      0.738825083      0.430000007    
          14  -1.27293646       1.19383228      0.419999987    
          16  -1.80362988      0.396138936      0.460000008    
          18  -1.61003292      0.556677461      0.439999998    
          20  -1.27138066       1.15299332      0.439999998    
          22  -1.55274832       1.10805023      0.449999988    
          24  -1.55852127       1.57234192      0.460000008    
          26  -1.58274734      0.993308067      0.460000008    
          28  -1.86732435      0.831695139      0.449999988    
          30  -1.77104962      0.711429775      0.430000007    
          32  -1.54997230      0.933540046      0.419999987    
          34  -1.63690674      0.719477117      0.430000007    
          36  -1.57165730      0.977452040      0.430000007    
          38  -1.44296730      0.747930527      0.400000006    
          40  -1.40108502      0.505767047      0.400000006    
          42  -1.49820054      0.489308804      0.409999996    
          44  -1.40883553       1.25481439      0.409999996    
          46  -1.49295700       1.54469180      0.430000007    
          48  -1.36264646       1.02064168      0.409999996    
          50  -1.40697956      0.598725557      0.379999995    
          52  -1.38779902       1.18031704      0.389999986    
          54  -1.66385257      0.963512123      0.400000006    
          56  -1.49117935       1.22238672      0.409999996    
          58  -1.62092841      0.854011178      0.419999987    
          60  -1.60680747      0.759987772      0.409999996    
          62  -1.40065825      0.841306984      0.379999995    
          64  -1.49287045      0.509012401      0.400000006    
          66  -1.49645507      0.480171233      0.400000006    
          68  -1.39917636      0.838756680      0.389999986    
          70  -1.40858889      0.620205224      0.379999995    
          72  -1.35127926      0.689915240      0.400000006    
          74  -1.13849366       1.36817169      0.419999987    
          76  -1.50435305      0.774675488      0.400000006    
          78  -1.37663436      0.924009204      0.409999996    
          80  -1.56639266      0.654269278      0.430000007    
          82  -1.67521811      0.990028322      0.460000008    
          84  -1.57170105       1.36769509      0.460000008    
          86  -1.71263742       1.06205356      0.479999989    
          88  -1.47989118       1.34838259      0.430000007    
          90  -1.89305627      0.920921266      0.460000008    
          92  -1.95876026       1.05283296      0.490000010    
          94  -1.81208634      0.827969790      0.479999989    
          96  -1.67631984       1.03205109      0.469999999    
          98  -1.82417440      0.708191872      0.479999989    
         100  -1.95744777      0.665956080      0.479999989    
         102  -1.84642124      0.868009567      0.479999989    
         104  -1.92579830      0.691850364      0.500000000    
         106  -1.76536870       1.75189817      0.449999988    
         108  -1.59247375       1.90193880      0.449999988    
         110  -1.25862968       2.98009467      0.469999999    
         112  -1.51044893       1.41240692      0.460000008    
         114  -1.83327270      0.705291450      0.439999998    
         116  -1.49295282       1.30912995      0.430000007    
         118  -1.57327485      0.703257978      0.430000007    
         120  -1.65187526      0.580903649      0.439999998    
         122  -1.59747171      0.623670876      0.419999987    
         124  -1.49733460      0.957863748      0.439999998    
         126  -1.52924466       1.12125051      0.449999988    
         128  -1.63237548       1.21033061      0.439999998    
         130  -1.59894562       1.23677611      0.439999998    
         132  -1.77673078      0.598266602      0.430000007    
         134  -1.74450445      0.639078915      0.430000007    
         136  -1.59249687      0.713399947      0.449999988    
         138  -1.71769536      0.608586788      0.469999999    
         140  -1.33201420       1.53979909      0.460000008    
         142  -1.63193691      0.984270513      0.469999999    
         144  -1.67130530       1.68324900      0.479999989    
         146  -1.85583282       1.10702038      0.500000000    
         148  -1.77161038       1.51046348      0.490000010    
         150  -1.81195307      0.300455689      0.449999988    
         152  -1.58496881       1.00413132      0.439999998    
         154  -1.65401626      0.800699294      0.449999988    
         156  -1.72289979      0.990514576      0.460000008    
         158  -1.94524515      0.518220663      0.479999989    
         160  -1.80298853      0.643364966      0.479999989    
         162  -1.93073642      0.609566391      0.490000010    
         164  -1.79287231      0.820158303      0.490000010    
         166  -1.90503871      0.711026251      0.500000000    
         168  -1.67410827       1.12370765      0.469999999    
         170  -1.72683144      0.638918877      0.439999998    
         172  -1.77614760      0.471657187      0.439999998    
         174  -1.76785612       1.08213997      0.460000008    
         176  -2.06597614      0.756987035      0.469999999    
         178  -1.67199695       1.59133279      0.479999989    
         180  -1.98166907       1.66307378      0.509999990    
         182  -2.02154708       1.43690085      0.509999990    
         184  -2.03116727      0.882985175      0.500000000    
         186  -1.80148983       1.33116436      0.490000010    
         188  -1.87424469      0.683043063      0.490000010    
         190  -1.88194275      0.362954319      0.449999988    
         192  -1.85534406      0.813800633      0.449999988    
         194  -2.17705703      0.453458905      0.479999989    
         196  -2.05331612       1.00259125      0.500000000    
         198  -1.83731174       1.12615108      0.500000000    
         200  -1.72876704       1.27246618      0.479999989    
         202  -1.86361361      0.741121769      0.460000008    
         204  -1.68998706      0.775830030      0.430000007    
         206  -1.98886859      0.288101554      0.479999989    
         208  -1.85747492      0.877849221      0.469999999    
         210  -1.77907836      0.887360990      0.439999998    
         212  -1.86418855      0.679220080      0.449999988    
         214  -1.47771120       1.23895204      0.419999987    
         216  -1.42591155      0.786830783      0.409999996    
         218  -1.58903646       1.04115653      0.419999987    
         220  -1.66658294      0.761229515      0.419999987    
         222  -1.55016351      0.455516070      0.409999996    
         224  -1.48732138      0.707279623      0.430000007    
         226  -1.73971510      0.689124346      0.430000007    
         228  -1.49283624      0.814744294      0.409999996    
         230  -1.81030989      0.742061615      0.460000008    
         232  -1.69324982       1.08905005      0.490000010    
         234  -2.01717687      0.970253408      0.529999971    
         236  -1.99049306       1.02399647      0.529999971    
         238  -1.87157941       1.70874512      0.540000021    
         240  -2.11716509       1.08545339      0.519999981    
         242  -1.80693495       2.19969130      0.519999981    
         244  -1.72695637       1.57581604      0.500000000    
         246  -1.84870732      0.676440537      0.460000008    
         248  -1.82846260      0.772828519      0.449999988    
         250  -1.88929963      0.587152541      0.460000008    
         252  -1.73068559      0.833856940      0.460000008    
         254  -1.86255062      0.429141402      0.449999988    
         256  -1.70835495       1.09822488      0.449999988    
         258  -1.73634434      0.693663299      0.469999999    
         260  -1.87336779      0.810245693      0.460000008    
         262  -1.86351061      0.624191701      0.460000008    
         264  -1.60519373       1.57643890      0.490000010    
         266  -1.82229257      0.963702142      0.490000010    
         268  -1.75535405       1.22584772      0.479999989    
         270  -1.72507083       1.06330192      0.460000008    
         272  -1.35352302      0.922651291      0.400000006    
         274  -1.51351714      0.779428899      0.419999987    
         276  -1.77541375      0.744565845      0.449999988    
         278  -1.49084997       1.71649027      0.460000008    
         280  -1.73484826       1.28299153      0.479999989    
         282  -1.70470321       1.54897344      0.479999989    
         284  -1.80744517       1.33610845      0.500000000    
         286  -1.79089594       1.44839811      0.509999990    
         288  -2.05313492       1.28351259      0.540000021    
         290  -1.96246362       1.50224793      0.529999971    
         292  -1.79907453       1.85600305      0.519999981    
         294  -2.03415751       1.28817117      0.519999981    
         296  -2.10671210       1.31090808      0.540000021    
         298  -1.71290791       2.28814149      0.540000021    
         300  -1.75380230       2.14873528      0.540000021    
         302  -1.77513218       1.98266125      0.550000012    
         304  -2.16117263      0.775117993      0.550000012    
         306  -2.07816505      0.944430232      0.540000021    
         308  -2.26010323       1.11748016      0.550000012    
         310  -1.83817255       1.84847343      0.550000012    
         312  -2.08841324      0.989588022      0.560000002    
         314  -1.91611075       1.49962890      0.569999993    
         316  -1.95897508       1.31995261      0.569999993    
         318  -1.90242112       1.61510801      0.550000012    
         320  -2.16441488      0.806031525      0.540000021    
         322  -1.78113198       1.00940204      0.509999990    
         324  -1.73450398      0.992532849      0.479999989    
         326  -1.87129295      0.565949857      0.449999988    
         328  -1.71417558       1.40629900      0.469999999    
         330  -1.71140480      0.795727372      0.460000008    
         332  -1.92030597       1.30641198      0.500000000    
         334  -1.72420204       1.43771458      0.479999989    
         336  -2.03589940      0.468411148      0.469999999    
         338  -1.70232069      0.849977016      0.449999988    
         340  -1.82286847       1.48416615      0.469999999    
         342  -1.48443437       1.06601512      0.439999998    
         344  -1.52990508      0.865211546      0.439999998    
         346  -1.74846590      0.795179427      0.449999988    
         348  -1.43638563      0.717217386      0.419999987    
         350  -1.75514686      0.929282546      0.460000008    
         352  -1.61976171      0.884365022      0.449999988    
         354  -1.58006978       1.64604151      0.469999999    
         356  -1.68173385       1.07069385      0.469999999    
         358  -1.66240013      0.804308355      0.449999988    
         360  -1.58069873       1.50012386      0.469999999    
         362  -1.78625762       1.11422443      0.469999999    
         364  -1.99529874      0.770967841      0.469999999    
         366  -1.89066374      0.876342773      0.460000008    
         368  -1.83687878       1.02689600      0.490000010    
         370  -1.64278960       1.45074487      0.469999999    
         372  -1.70970500       1.20986533      0.479999989    
         374  -1.98936427      0.937666297      0.500000000    
         376  -1.95748305      0.697732806      0.460000008    
         378  -1.84197915       1.33913302      0.479999989    
         380  -1.79249263       1.24231315      0.439999998    
         382  -1.78828418       1.28666663      0.460000008    
         384  -1.73046529       1.04307234      0.439999998    
         386  -1.64895177       1.01651978      0.460000008    
         388  -1.69049001       1.22550416      0.479999989    
         390  -1.86342633      0.602145195      0.479999989    
         392  -1.94238138      0.705661297      0.490000010    
         394  -1.95250618       1.28583574      0.479999989    
         396  -2.08158731      0.918984711      0.490000010    
         398  -1.65508437       1.46026564      0.469999999    
         400  -1.77005041       1.16753960      0.479999989    
         402  -1.87860799      0.613901377      0.490000010    
         404  -1.90750313      0.543286443      0.479999989    
         406  -1.98578250      0.211838201      0.469999999    
         408  -1.86535013      0.904189765      0.479999989    
         410  -2.12642312      0.682541788      0.519999981    
         412  -2.07450533       1.35466194      0.560000002    
         414  -2.03161144       1.52193415      0.550000012    
         416  -1.96973443       1.35618520      0.550000012    
         418  -1.96953511       2.09567499      0.550000012    
         420  -2.09717822       1.32489836      0.540000021    
         422  -2.05342460       1.82839501      0.560000002    
         424  -2.14586329       1.79343021      0.550000012    
         426  -2.07093120       2.55568290      0.579999983    
         428  -2.26754570       1.41166985      0.569999993    
         430  -2.17481947       2.04829741      0.569999993    
         432  -2.04539752       2.03146386      0.529999971    
         434  -1.92114747       2.15055609      0.550000012    
         436  -1.81114209       1.49236000      0.500000000    
         438  -1.58601284       1.20351076      0.439999998    
         440  -1.54215038       1.35017693      0.419999987    
         442  -1.51155531      0.891523659      0.409999996    
         444  -1.43396962      0.734477937      0.400000006    
         446  -1.32088566      0.803143442      0.389999986    
         448  -1.53221929      0.811369002      0.409999996    
         450  -1.73215914      0.432012856      0.419999987    
         452  -1.57099879      0.852608562      0.439999998    
         454  -1.55840480       1.21078265      0.430000007    
         456  -1.67029929       1.19341147      0.460000008    
         458  -2.01623583      0.476238042      0.469999999    
         460  -1.82508707      0.808375061      0.430000007    
         462  -1.66662848      0.677789629      0.419999987    
         464  -1.55565000      0.739833891      0.409999996    
         466  -1.56368220      0.721561491      0.430000007    
         468  -1.59811008      0.741399646      0.439999998    
         470  -1.70276892      0.199415073      0.419999987    
         472  -1.40094030       1.35440195      0.419999987    
         474  -1.32276392       1.17025030      0.389999986    
         476  -1.46090496       1.29289818      0.419999987    
         478  -1.50970340      0.622660577      0.419999987    
         480  -1.63520479      0.551219583      0.430000007    
         482  -1.53704906      0.935684741      0.419999987    
         484  -1.61493409       1.07063699      0.419999987    
         486  -1.49702203       1.27529430      0.409999996    
         488  -1.62876940       1.22739279      0.469999999    
         490  -1.62813425       1.46117711      0.490000010    
         492  -1.86362171       1.11340773      0.479999989    
         494  -1.78088343      0.668363452      0.479999989    
         496  -1.66036427       1.13736010      0.479999989    
         498  -1.82736003      0.775472581      0.490000010    
         500  -1.65104568       1.05606735      0.479999989    
         502  -1.95840466      0.911574721      0.509999990    
         504  -1.91655815      0.876666188      0.509999990    
         506  -1.76868713       1.15740049      0.490000010    
         508  -1.82323480       1.67986107      0.519999981    
         510  -2.01731467       1.15161645      0.540000021    
         512  -2.00239038       1.05640745      0.540000021    
         514  -1.93744361       1.33997524      0.540000021    
         516  -1.82296741       1.45683575      0.529999971    
         518  -1.75690699       2.24369073      0.529999971    
         520  -1.74965191       2.57755733      0.540000021    
         522  -1.94569349       1.93664241      0.529999971    
         524  -1.98830426      0.981994152      0.509999990    
         526  -2.04439664      0.936839044      0.519999981    
         528  -2.19172001      0.673198521      0.529999971    
         530  -2.38479757       1.11885715      0.540000021    
         532  -2.30088425      0.943649352      0.550000012    
         534  -2.31741142      0.506362081      0.550000012    
         536  -1.86199927       1.63757646      0.550000012    
         538  -1.96247888       1.16802108      0.540000021    
         540  -1.87960994       1.17439485      0.519999981    
         542  -1.92942882       1.54618025      0.509999990    
         544  -1.96844220       1.23979723      0.509999990    
         546  -1.99736798       1.02370620      0.490000010    
         548  -1.97573388      0.695223749      0.479999989    
         550  -2.06035638      0.678027332      0.469999999    
         552  -1.73415244      0.737795889      0.430000007    
         554  -1.67737865      0.532254934      0.439999998    
         556  -1.61798251      0.942526996      0.439999998    
         558  -1.73909187      0.980087101      0.449999988    
         560  -1.84376836      0.963393092      0.469999999    
         562  -1.85525072      0.943678677      0.469999999    
         564  -1.60316730       1.36194646      0.469999999    
         566  -1.81498682      0.873998404      0.469999999    
         568  -1.77920020      0.408608526      0.439999998    
         570  -1.76769674      0.399532467      0.430000007    
         572  -1.65894341       1.06206703      0.409999996    
         574  -1.68677831       1.03594887      0.419999987    
         576  -1.57901537      0.843773127      0.409999996    
         578  -1.66809464      0.937623262      0.449999988    
         580  -1.88591874      0.579893529      0.460000008    
         582  -1.64451540       1.16115355      0.460000008    
         584  -1.85703230      0.492359966      0.469999999    
         586  -1.56812394      0.964686096      0.449999988    
         588  -1.76407373      0.505848467      0.430000007    
         590  -1.49051583       1.12511969      0.430000007    
         592  -1.61215389      0.896675646      0.430000007    
         594  -1.43640876       1.07266939      0.430000007    
         596  -1.81745613      0.734646082      0.460000008    
         598  -1.80142486      0.541686356      0.449999988    
         600  -1.63152313      0.919242024      0.439999998    
         602  -1.75187016      0.819605350      0.469999999    
         604  -1.80068159      0.574453294      0.460000008    
         606  -1.55355787       1.96224332      0.490000010    
         608  -1.72278738       1.33226550      0.479999989    
         610  -1.77331924       1.00360882      0.479999989    
         612  -1.76999211      0.942148983      0.469999999    
         614  -1.77747178      0.594652832      0.460000008    
         616  -1.75855982      0.534961283      0.460000008    
         618  -1.70316386      0.762114108      0.430000007    
         620  -1.35889769      0.770477772      0.379999995    
         622  -1.39631546      0.988496304      0.379999995    
         624  -1.43210578      0.340927660      0.370000005    
         626  -1.46426725      0.230050728      0.379999995    
         628  -1.44621634      0.772370756      0.389999986    
         630  -1.49558890      0.399956018      0.379999995    
         632  -1.29352868      0.441297352      0.330000013    
         634  -1.19801044       1.20892525      0.349999994    
         636  -1.19098568      0.881868362      0.360000014    
         638 -0.981138408       1.31297421      0.370000005    
         640  -1.33662987      0.608555317      0.379999995    
         642 -0.930191696       1.66526127      0.379999995    
         644  -1.36324728       1.13361788      0.430000007    
         646  -1.68275356      0.736482084      0.439999998    
         648  -1.61036837      0.804477692      0.439999998    
         650  -1.70159984      0.815305829      0.430000007    
         652  -1.49539387      0.735058725      0.409999996    
         654  -1.47808230       1.16665494      0.419999987    
         656  -1.42223454       1.13228619      0.439999998    
         658  -1.41861272       1.58633411      0.430000007    
         660  -1.63904369       1.21085417      0.439999998    
         662  -1.65512300      0.619462252      0.430000007    
         664  -1.78206801      0.163746402      0.460000008    
         666  -1.55106115       1.03769279      0.460000008    
         668  -1.55679893       1.16107619      0.449999988    
         670  -1.58512557      0.809164882      0.439999998    
         672  -1.53356779       1.62433529      0.449999988    
         674  -1.72635162       1.56449270      0.460000008    
         676  -1.82591760       1.11665380      0.460000008    
         678  -1.65860391       1.22015476      0.449999988    
         680  -1.77902138       1.23139465      0.479999989    
         682  -1.73253262       1.65928459      0.469999999    
         684  -1.91468227       1.04479098      0.500000000    
         686  -1.55501783       1.59652650      0.469999999    
         688  -1.81940687       1.02310836      0.460000008    
         690  -1.89935124      0.436226666      0.449999988    
         692  -1.88827825      0.975228548      0.460000008    
         694  -1.60313046       1.84811783      0.479999989    
         696  -2.04427576      0.758448184      0.500000000    
         698  -1.92764437       1.01758218      0.519999981    
         700  -1.85983694       1.06483603      0.519999981    
         702  -1.96291876      0.971660078      0.500000000    
         704  -1.79880393       1.12241924      0.490000010    
         706  -1.74013448       1.40952313      0.449999988    
         708  -1.69271874       1.04965675      0.439999998    
         710  -1.91234064      0.735894144      0.449999988    
         712  -1.61076665       1.08730555      0.449999988    
         714  -1.83716261      0.358737171      0.449999988    
         716  -1.87717152      0.610395372      0.449999988    
         718  -1.76104891      0.842852354      0.460000008    
         720  -1.72854328       1.29130614      0.449999988    
         722  -1.89863181       1.26240563      0.479999989    
         724  -1.88921416       1.83897817      0.500000000    
         726  -1.79730773       1.02424777      0.479999989    
         728  -1.62616777      0.945521474      0.460000008    
         730  -1.55974817       1.07095015      0.439999998    
         732  -1.65238035      0.565888643      0.449999988    
         734  -1.65708697      0.839064837      0.460000008    
         736  -1.63313293       1.41052496      0.449999988    
         738  -1.34677863       1.61839008      0.449999988    
         740  -1.75690234      0.510419667      0.460000008    
         742  -1.75434673      0.883448780      0.479999989    
         744  -1.84772551       1.37325478      0.490000010    
         746  -1.91418195      0.876586437      0.469999999    
         748  -2.01866460      0.288897127      0.469999999    
         750  -1.77841175       1.31738257      0.469999999    
         752  -1.70811141       1.30325496      0.460000008    
         754  -1.68507338       1.23614502      0.449999988    
         756  -1.71056461      0.684477448      0.449999988    
         758  -1.33621681       1.71911061      0.449999988    
         760  -1.70275331      0.649466157      0.460000008    
         762  -1.58782899      0.908667922      0.430000007    
         764  -1.56844711      0.944321215      0.409999996    
         766  -1.37531292      0.894462287      0.370000005    
         768  -1.50327647      0.702632248      0.379999995    
         770  -1.28664958      0.520376563      0.360000014    
         772  -1.25591767      0.750844777      0.379999995    
         774  -1.32150233      0.518579066      0.370000005    
         776  -1.31462204      0.499882996      0.389999986    
         778  -1.64590847      0.654924452      0.430000007    
         780  -1.63864529       1.48095107      0.430000007    
         782  -1.85341036      0.929827988      0.430000007    
         784  -1.89630663       1.06228805      0.430000007    
         786  -1.45864952       1.86620605      0.430000007    
         788  -1.77167189       1.29364145      0.409999996    
         790  -1.80137086       1.43762529      0.430000007    
         792  -1.60375571       1.40645123      0.449999988    
         794  -1.59592426      0.739873469      0.430000007    
         796  -1.62127638      0.954468250      0.439999998    
         798  -1.78552544      0.462254524      0.449999988    
         800  -1.82219875       1.04293561      0.460000008    
         802  -1.77591276      0.932532549      0.490000010    
         804  -1.78912175      0.770136058      0.469999999    
         806  -1.83006895      0.713196576      0.439999998    
         808  -1.59353304      0.915347934      0.400000006    
         810  -1.42052972      0.628421664      0.389999986    
         812  -1.47367191      0.690271378      0.419999987    
         814  -1.63297236      0.991206229      0.449999988    
         816  -1.63152289      0.739357173      0.439999998    
         818  -1.81135750      0.795266390      0.439999998    
         820  -1.47060275       1.33376360      0.419999987    
         822  -1.55955315       1.02723777      0.409999996    
         824  -1.48365200      0.520041466      0.370000005    
         826  -1.42559361      0.902840495      0.360000014    
         828  -1.46908581      0.769546807      0.370000005    
         830  -1.46533072      0.346461356      0.370000005    
         832  -1.37353754      0.756778777      0.409999996    
         834  -1.17331934       1.46217859      0.389999986    
         836  -1.40833080      0.879154265      0.409999996    
         838  -1.58738399      0.644299090      0.419999987    
         840  -1.40433359      0.597350061      0.379999995    
         842  -1.44284356      0.577838659      0.400000006    
         844  -1.50555444       1.01586473      0.439999998    
         846  -1.25086939       2.00455904      0.449999988    
         848  -1.39034438       1.55773818      0.460000008    
         850  -1.39610219       1.42228329      0.430000007    
         852  -1.58086991      0.829842448      0.400000006    
         854  -1.34892881      0.808779776      0.389999986    
         856  -1.41401434      0.472077370      0.379999995    
         858  -1.18632698       1.08944702      0.379999995    
         860  -1.37799382      0.625867188      0.340000004    
         862  -1.19787264       1.45333290      0.349999994    
         864  -1.40695739      0.832477629      0.370000005    
         866  -1.49132168      0.948707163      0.400000006    
         868  -1.19371152       1.44735849      0.419999987    
         870  -1.52353466       1.02245009      0.419999987    
         872  -1.77816153      0.815683663      0.469999999    
         874  -1.60657966      0.931358099      0.460000008    
         876  -1.55374205       1.17714238      0.439999998    
         878  -1.60535264       1.03427196      0.430000007    
         880  -1.34253752       1.01004612      0.409999996    
         882  -1.52261889       1.25301266      0.439999998    
         884  -1.62996411      0.820953131      0.419999987    
         886  -1.55694175       1.24784088      0.460000008    
         888  -1.93741751      0.554396689      0.469999999    
         890  -1.66950822       1.64631379      0.479999989    
         892  -1.96997511      0.991067469      0.490000010    
         894  -1.80787992       1.49900281      0.509999990    
         896  -1.97991717       1.12792265      0.500000000    
         898  -1.87561882       1.26362050      0.469999999    
         900  -1.95903265       1.60178208      0.509999990    
         902  -1.87741029       1.89204872      0.509999990    
         904  -2.02351475       1.20228541      0.500000000    
         906  -2.11973310      0.822970569      0.490000010    
         908  -2.01135373      0.869036913      0.500000000    
         910  -2.14427924       1.29566336      0.509999990    
         912  -2.01279378       1.47046399      0.519999981    
         914  -1.94444633       1.71355700      0.529999971    
         916  -1.84917080       1.83167112      0.529999971    
         918  -1.96224689       1.80234849      0.540000021    
         920  -2.06968927      0.735468030      0.519999981    
         922  -2.16084194      0.845203519      0.529999971    
         924  -1.83386934       2.33929348      0.529999971    
         926  -2.31871033      0.799998224      0.540000021    
         928  -2.21435952       1.11376429      0.540000021    
         930  -2.30913281      0.728808045      0.550000012    
         932  -2.24564242      0.961534917      0.550000012    
         934  -2.15378118       1.34507811      0.560000002    
         936  -1.99197543       1.88126373      0.560000002    
         938  -1.77557278       1.67947030      0.519999981    
         940  -1.85672820      0.954348505      0.500000000    
         942  -1.80739951       1.68387461      0.519999981    
         944  -1.99512887      0.656074107      0.500000000    
         946  -1.79226983       1.73057699      0.529999971    
         948  -1.86950469       1.68163836      0.529999971    
         950  -1.83056819       1.76302540      0.540000021    
         952  -1.93816268       1.24525499      0.519999981    
         954  -1.80792642      0.747298717      0.519999981    
         956  -2.04149866      0.839850485      0.529999971    
         958  -1.80006337       1.07446730      0.509999990    
         960  -1.62187338       1.84724689      0.519999981    
         962  -1.82061839       2.33574438      0.560000002    
         964  -1.86027420       2.02240658      0.540000021    
         966  -2.22388482      0.898488760      0.560000002    
         968  -1.90284646       1.34114707      0.529999971    
         970  -2.11298823      0.911898732      0.519999981    
         972  -1.84538972       2.15071845      0.540000021    
         974  -2.12350845       1.29352200      0.540000021    
         976  -2.17073846       1.37258363      0.540000021    
         978  -2.13398051      0.717819214      0.519999981    
         980  -2.13237333      0.740314305      0.529999971    
         982  -2.10977769       1.04990947      0.529999971    
         984  -2.02931595       1.14407611      0.550000012    
         986  -2.04368949       1.08338881      0.540000021    
         988  -1.62288213       2.37487340      0.540000021    
         990  -1.93672585       1.49305463      0.540000021    
         992  -2.00635529       1.44870758      0.540000021    
         994  -2.12503886      0.946783245      0.529999971    
         996  -1.98721623       1.91713214      0.579999983    
         998  -1.89917755       2.25104046      0.579999983    
        1000  -1.89375067       2.38927889      0.579999983    
        1002  -2.07462072       1.60491526      0.579999983    
        1004  -2.37166834       1.15101564      0.589999974    
        1006  -2.30828762       1.18898237      0.589999974    
        1008  -2.18978238       1.68934083      0.569999993    
        1010  -2.01454616       1.53126383      0.550000012    
        1012  -1.70092666       1.83282590      0.519999981    
        1014  -1.98394156      0.835087001      0.519999981    
        1016  -2.13684702      0.415446132      0.540000021    
        1018  -2.11957073       1.07239926      0.529999971    
        1020  -1.70392215       1.71749830      0.509999990    
        1022  -2.04395509      0.812472343      0.509999990    
        1024  -1.73493195       1.96866870      0.509999990    
        1026  -1.91923046       1.24318147      0.509999990    
        1028  -2.13362765       1.00892711      0.509999990    
        1030  -1.94590521       1.30069554      0.500000000    
        1032  -2.03458571       1.72828925      0.529999971    
        1034  -2.08349991       1.76222920      0.550000012    
        1036  -1.94296706       1.25416183      0.529999971    
        1038  -1.80755329       1.90887129      0.529999971    
        1040  -1.99672186       1.45403326      0.550000012    
        1042  -1.98713207       1.47655702      0.560000002    
        1044  -2.20442462      0.984651089      0.540000021    
        1046  -2.34294534      0.760381699      0.550000012    
        1048  -2.17995381      0.725611746      0.519999981    
        1050  -2.06005573       1.28341615      0.509999990    
        1052  -1.95312357       1.23577690      0.500000000    
        1054  -2.20119333      0.853288293      0.479999989    
        1056  -1.88969505       1.09552062      0.479999989    
        1058  -1.99649608      0.482271880      0.479999989    
        1060  -1.99734831      0.574873805      0.509999990    
        1062  -2.08704185      0.799395978      0.519999981    
        1064  -2.13287973      0.716636240      0.540000021    
        1066  -1.88422787       1.82383633      0.540000021    
        1068  -2.04685068       1.54239607      0.540000021    
        1070  -1.92183602       1.79667366      0.550000012    
        1072  -2.21043277       1.72038341      0.579999983    
        1074  -2.21849227       1.64497542      0.579999983    
        1076  -2.07345486       1.84081161      0.589999974    
        1078  -2.10275078       1.02687740      0.569999993    
        1080  -1.90436053       2.15345287      0.560000002    
        1082  -2.09489775       1.22798038      0.540000021    
        1084  -2.29317594      0.888003886      0.560000002    
        1086  -2.26949000       1.05280590      0.560000002    
        1088  -2.25784564       1.34362745      0.569999993    
        1090  -2.14928341      0.814480841      0.560000002    
        1092  -2.25571060       1.03816068      0.560000002    
        1094  -2.09335256       1.37431514      0.540000021    
        1096  -2.04392743      0.515197277      0.500000000    
        1098  -2.05190015      0.929457247      0.500000000    
        1100  -1.99284840       1.28185201      0.519999981    
        1102  -2.08507299       1.51414478      0.529999971    
        1104  -2.05133319       2.04263639      0.529999971    
        1106  -1.82934618       1.87944806      0.500000000    
        1108  -2.02499437       1.30408549      0.509999990    
        1110  -2.07679582      0.959966660      0.509999990    
        1112  -1.86303306       1.26180947      0.509999990    
        1114  -1.96324015       1.37810838      0.509999990    
        1116  -1.97478795       1.14518905      0.509999990    
        1118  -1.79488027       1.59783232      0.519999981    
        1120  -1.81745672       1.64776468      0.500000000    
        1122  -1.87024593      0.956076443      0.509999990    
        1124  -1.96002901       1.06895208      0.500000000    
        1126  -2.00492382      0.962403119      0.509999990    
        1128  -1.99033296       1.26302516      0.540000021    
        1130  -2.20448542      0.801975071      0.550000012    
        1132  -2.19675970      0.911421716      0.560000002    
        1134  -1.99578762       1.18300843      0.529999971    
        1136  -2.14738297      0.570921421      0.540000021    
        1138  -1.98824370      0.838005126      0.529999971    
        1140  -1.82345533      0.863417268      0.500000000    
        1142  -1.67741716       1.50115287      0.509999990    
        1144  -1.92490995      0.809212565      0.490000010    
        1146  -1.68227530       1.69920063      0.490000010    
        1148  -1.88422656      0.759017229      0.460000008    
        1150  -1.69494128       1.37527812      0.479999989    
        1152  -1.75136471       1.38475502      0.500000000    
        1154  -1.86947536      0.555351436      0.500000000    
        1156  -1.85867536      0.541181862      0.500000000    
        1158  -1.90175056       1.16423726      0.509999990    
        1160  -1.80708480       1.88148153      0.500000000    
        1162  -2.02012444       1.10493886      0.490000010    
        1164  -1.84893882       1.04365611      0.469999999    
        1166  -1.56112778       2.28947282      0.460000008    
        1168  -1.50870848       2.47748709      0.500000000    
        1170  -1.94934607      0.972301066      0.509999990    
        1172  -1.82051766       1.65030396      0.509999990    
        1174  -1.98998392       1.37604439      0.519999981    
        1176  -2.17632818      0.972615719      0.519999981    
        1178  -1.95215702      0.670279384      0.519999981    
        1180  -1.85981214      0.755172670      0.519999981    
        1182  -2.00537944       1.06513894      0.519999981    
        1184  -1.98874772       1.08366036      0.529999971    
        1186  -1.88399673       1.60836232      0.560000002    
        1188  -2.11653018      0.796422780      0.569999993    
        1190  -2.14066577       1.15965307      0.560000002    
        1192  -2.02779555       1.20794404      0.540000021    
        1194  -1.84594285       1.68841004      0.509999990    
        1196  -2.09144688       1.09161067      0.509999990    
        1198  -1.93399870      0.915755033      0.500000000    
        1200  -2.00207233      0.862953246      0.509999990    
        1202  -2.10073781      0.239890754      0.509999990    
        1204  -2.07444882       1.05550885      0.540000021    
        1206  -2.14585733       1.23384130      0.509999990    
        1208  -1.99828541       1.20744705      0.509999990    
        1210  -1.97784638      0.855617881      0.469999999    
        1212  -1.59154141       1.40115213      0.449999988    
        1214  -1.71294773      0.904242158      0.460000008    
        1216  -1.88528228       1.01553500      0.479999989    
        1218  -1.72638869      0.951933265      0.469999999    
        1220  -1.53369451      0.654388547      0.439999998    
        1222  -1.69790590      0.714560330      0.439999998    
        1224  -1.74895358      0.947953761      0.469999999    
        1226  -1.68824506      0.780327737      0.469999999    
        1228  -1.80488300      0.587318301      0.479999989    
        1230  -1.80617106      0.690896034      0.460000008    
        1232  -1.49515057       1.12619948      0.439999998    
        1234  -1.76103425      0.569572270      0.419999987    
        1236  -1.84438419      0.215281382      0.439999998    
        1238  -1.67012739      0.979052186      0.439999998    
        1240  -1.67457247       1.07433927      0.430000007    
        1242  -1.80204630      0.820494235      0.430000007    
        1244  -1.76734471       1.04693127      0.430000007    
        1246  -1.78927565       1.05868983      0.460000008    
        1248  -1.61740923       1.16940391      0.430000007    
        1250  -1.49695182       1.31558132      0.419999987    
        1252  -1.42807639      0.789257109      0.379999995    
        1254  -1.61723685      0.433491170      0.389999986    
        1256  -1.58263040      0.658803225      0.400000006    
        1258  -1.53240407      0.830390751      0.400000006    
        1260  -1.58420253      0.409196496      0.379999995    
        1262  -1.40096664      0.945184827      0.400000006    
        1264  -1.82434738      0.471897006      0.409999996    
        1266  -1.53665173       1.45680404      0.439999998    
        1268  -2.02153206      0.293275565      0.460000008    
        1270  -1.63427961      0.708465576      0.439999998    
        1272  -1.84626639      0.402579814      0.439999998    
        1274  -1.62344861      0.880595803      0.439999998    
        1276  -1.79460204      0.832237124      0.439999998    
        1278  -1.64742649       1.05256307      0.419999987    
        1280  -1.72520185       1.43082213      0.439999998    
        1282  -1.78924787      0.369382292      0.430000007    
        1284  -1.31881881       1.55525005      0.430000007    
        1286  -1.70868564      0.865449607      0.400000006    
        1288  -1.54945576      0.893844008      0.400000006    
        1290  -1.64856064      0.691060245      0.409999996    
        1292  -1.59562469       1.38457000      0.430000007    
        1294  -1.47397852       1.16228378      0.419999987    
        1296  -1.88141525      0.430971384      0.460000008    
        1298  -1.83940458      0.800504863      0.460000008    
        1300  -1.82263303      0.529954374      0.460000008    
        1302  -1.68400395       1.41248810      0.439999998    
        1304  -1.61619318       1.06652856      0.430000007    
        1306  -1.59111619       1.58268428      0.439999998    
        1308  -1.71324575       1.07677627      0.449999988    
        1310  -1.78114307      0.964565754      0.449999988    
        1312  -1.83003855       1.00723672      0.449999988    
        1314  -1.44932592       1.86431468      0.449999988    
        1316  -1.69098115      0.981509626      0.439999998    
        1318  -1.64950824       1.14750898      0.460000008    
        1320  -1.87599373      0.451545954      0.449999988    
        1322  -1.79798806       1.42167985      0.479999989    
        1324  -1.80210817      0.829405665      0.479999989    
        1326  -1.93163335      0.856832743      0.469999999    
        1328  -1.58174455       1.01427317      0.449999988    
        1330  -1.47783196       1.17520034      0.430000007    
        1332  -1.64209461       1.18737221      0.469999999    
        1334  -2.03128314      0.370270580      0.469999999    
        1336  -1.74538815       1.53096199      0.479999989    
        1338  -1.88402057       1.17326570      0.490000010    
        1340  -1.96343708      0.880266190      0.490000010    
        1342  -1.84117305       1.15035486      0.469999999    
        1344  -1.79917228       1.16831970      0.469999999    
        1346  -1.95942557      0.576780319      0.490000010    
        1348  -1.72683764       1.32274473      0.479999989    
        1350  -1.88871491      0.764576674      0.490000010    
        1352  -1.92953038      0.633538008      0.500000000    
        1354  -1.66201663       2.15855885      0.490000010    
        1356  -1.87113738       1.07406080      0.469999999    
        1358  -1.90963364      0.679607272      0.479999989    
        1360  -1.75677264      0.993630946      0.490000010    
        1362  -1.98687351       1.11883473      0.509999990    
        1364  -1.66696107       2.54602170      0.519999981    
        1366  -1.98808217       1.67059708      0.560000002    
        1368  -2.31064129       1.13578165      0.579999983    
        1370  -2.05675292       1.08623707      0.560000002    
        1372  -2.06457853       1.30265450      0.569999993    
        1374  -2.15922451       1.22464740      0.589999974    
        1376  -2.14197397       1.48831427      0.589999974    
        1378  -2.01707983       1.98692608      0.589999974    
        1380  -2.12970042       1.59270859      0.579999983    
        1382  -2.14561844       1.49493372      0.579999983    
        1384  -2.20143342       1.29095364      0.560000002    
        1386  -2.08178687       1.54661024      0.550000012    
        1388  -2.26042914       1.09042799      0.540000021    
        1390  -2.16296768      0.857255161      0.529999971    
        1392  -2.22247791      0.791572630      0.529999971    
        1394  -1.63105047       1.83614016      0.509999990    
        1396  -1.66763616       2.75353456      0.529999971    
        1398  -2.15221334      0.987644076      0.529999971    
        1400  -1.80222726       2.36790490      0.550000012    
        1402  -2.00736499       1.64155984      0.529999971    
        1404  -2.04580092      0.909722090      0.519999981    
        1406  -1.85816097      0.944623888      0.490000010    
        1408  -1.76192939       1.05523789      0.469999999    
        1410  -1.80487382       1.03962755      0.460000008    
        1412  -1.88927960      0.813636243      0.490000010    
        1414  -1.56713450       1.82148123      0.469999999    
        1416  -1.74031496       1.90188611      0.500000000    
        1418  -1.54368496       2.71129632      0.500000000    
        1420  -2.16008592       1.77374697      0.560000002    
        1422  -2.05996585       1.48720586      0.560000002    
        1424  -1.97628498       1.70077908      0.560000002    
        1426  -1.73439646       1.91159332      0.540000021    
        1428  -2.10875368      0.874939859      0.519999981    
        1430  -1.90372968      0.982896745      0.500000000    
        1432  -1.60542107       1.56618941      0.479999989    
        1434  -1.61793041       1.63097572      0.490000010    
        1436  -1.67369246       1.31548953      0.460000008    
        1438  -1.77710438      0.855977416      0.479999989    
        1440  -1.80354524       1.26014888      0.490000010    
        1442  -1.75237262       1.46453893      0.479999989    
        1444  -1.78186560       1.16951358      0.460000008    
        1446  -1.94232094       1.06325269      0.490000010    
        1448  -2.05873609      0.806357563      0.490000010    
        1450  -2.04270458       1.10649204      0.519999981    
        1452  -2.02983713      0.784919322      0.490000010    
        1454  -1.91967285      0.596915007      0.490000010    
        1456  -1.88118398       1.06204033      0.509999990    
        1458  -1.83099818      0.740634084      0.500000000    
        1460  -1.96645904      0.760038078      0.509999990    
        1462  -2.05236340      0.936564505      0.469999999    
        1464  -1.78076506       2.29818726      0.490000010    
        1466  -1.78888535       1.34127820      0.439999998    
        1468  -1.95343125      0.780486465      0.460000008    
        1470  -1.86407197       1.02829254      0.460000008    
        1472  -1.64224911      0.500671744      0.439999998    
        1474  -1.59223974       1.15861738      0.439999998    
        1476  -1.56288159       1.03938639      0.419999987    
        1478  -1.45958924       1.09417760      0.419999987    
        1480  -1.19285095       1.15618789      0.400000006    
        1482  -1.49406898      0.841984153      0.389999986    
        1484  -1.22989655       1.17554188      0.370000005    
        1486  -1.46920288      0.926684618      0.379999995    
        1488  -1.49392068      0.672672212      0.389999986    
        1490  -1.37829065      0.998264849      0.400000006    
        1492  -1.61755848      0.877084732      0.430000007    
        1494  -1.44440711       1.42626309      0.430000007    
        1496  -1.73623693       1.03715658      0.449999988    
        1498  -1.79769480       1.35393882      0.479999989    
        1500  -1.93020546      0.754269779      0.490000010    
        1502  -1.91864121       1.36476004      0.509999990    
        1504  -1.93805218       1.39615297      0.519999981    
        1506  -1.71326935       1.68345594      0.519999981    
        1508  -1.96691060       1.33083892      0.540000021    
        1510  -1.90894079       1.02204895      0.529999971    
        1512  -2.14554286      0.493928075      0.509999990    
        1514  -2.21583438      0.789113760      0.509999990    
        1516  -1.90492475       1.17829692      0.500000000    
        1518  -2.02162743       1.30529499      0.529999971    
        1520  -1.92008579       1.15120447      0.529999971    
        1522  -2.04090953      0.905297995      0.529999971    
        1524  -1.79189098       1.42408621      0.490000010    
        1526  -1.78386819       1.21004617      0.490000010    
        1528  -1.93114913      0.444895953      0.449999988    
        1530  -1.47689068      0.642116070      0.419999987    
        1532  -1.33405566       1.61982620      0.439999998    
        1534  -1.65713298      0.847282469      0.449999988    
        1536  -1.48071837      0.751736999      0.430000007    
        1538  -1.26260197       2.09847021      0.460000008    
        1540  -1.48219848      0.568471253      0.439999998    
        1542  -1.66709054      0.871677041      0.449999988    
        1544  -1.47590756       1.16451728      0.439999998    
        1546  -1.63420928      0.688367724      0.430000007    
        1548  -1.58408523       1.12070000      0.419999987    
        1550  -1.65784514       1.20217502      0.460000008    
        1552  -1.74910009       1.01783311      0.479999989    
        1554  -1.61254573      0.817847073      0.460000008    
        1556  -1.59289074       1.09138024      0.460000008    
        1558  -1.51556718      0.726529121      0.430000007    
        1560  -1.76597273       1.08525229      0.479999989    
        1562  -2.02024961      0.443966657      0.519999981    
        1564  -1.91168463      0.881322443      0.519999981    
        1566  -1.98124456       1.15930772      0.550000012    
        1568  -2.06221032      0.897232831      0.550000012    
        1570  -2.17585492      0.573377192      0.529999971    
        1572  -1.95702291       1.24596071      0.519999981    
        1574  -2.07118607       1.28858578      0.529999971    
        1576  -2.13305020      0.985325515      0.529999971    
        1578  -1.89420629       1.14658475      0.509999990    
        1580  -1.67874479       1.51252484      0.509999990    
        1582  -1.83386946      0.593100965      0.490000010    
        1584  -1.49218082       2.11738467      0.469999999    
        1586  -1.47218215       2.03679967      0.479999989    
        1588  -1.78681099       1.09608257      0.469999999    
        1590  -2.10697937      0.633862197      0.469999999    
        1592  -2.12954307      0.576881230      0.460000008    
        1594  -2.14661837      0.759058356      0.479999989    
        1596  -1.82321382       1.51098967      0.469999999    
        1598  -1.88150287       1.56897497      0.469999999    
        1600  -1.58405685       1.75712776      0.449999988    
        1602  -1.50115144       1.13955832      0.439999998    
        1604  -1.60073018       1.01552284      0.430000007    
        1606  -1.53074312      0.862851381      0.430000007    
        1608  -1.46046805       1.63693917      0.449999988    
        1610  -1.60740769       1.25319672      0.460000008    
        1612  -1.58838511       1.30742812      0.479999989    
        1614  -1.66067100      0.825599134      0.469999999    
        1616  -1.77201319      0.329166025      0.469999999    
        1618  -1.62456429      0.689256430      0.439999998    
        1620  -1.82383192      0.410256445      0.439999998    
        1622  -1.56506896      0.938221514      0.419999987    
        1624  -1.82900906       1.06846905      0.449999988    
        1626  -1.72544050      0.936896086      0.449999988    
        1628  -1.55676544       1.40892506      0.449999988    
        1630  -1.62454176       1.10892665      0.469999999    
        1632  -1.49277258       1.34926403      0.460000008    
        1634  -1.83924413      0.785987020      0.449999988    
        1636  -1.55827856       1.82473862      0.469999999    
        1638  -1.54194105       1.21251094      0.439999998    
        1640  -1.75340188      0.509224415      0.449999988    
        1642  -1.63076663      0.917727590      0.439999998    
        1644  -1.66074324      0.710588217      0.449999988    
        1646  -1.51962316       1.35078406      0.449999988    
        1648  -1.65116060       1.81135166      0.500000000    
        1650  -1.77463651      0.802070320      0.479999989    
        1652  -1.64913630      0.824619770      0.469999999    
        1654  -1.56380856       1.46496749      0.479999989    
        1656  -1.79208648      0.760227621      0.460000008    
        1658  -1.76000547      0.743840873      0.449999988    
        1660  -1.76455307       1.33363938      0.490000010    
        1662  -1.71626389       1.24812579      0.469999999    
        1664  -1.85743678       1.65065134      0.490000010    
        1666  -1.80329096       1.52868533      0.490000010    
        1668  -1.82283628       1.50164497      0.490000010    
        1670  -1.84175813       1.18740880      0.469999999    
        1672  -1.72036028       1.13413942      0.469999999    
        1674  -1.90766203       1.02003944      0.479999989    
        1676  -1.91002858       1.09829819      0.490000010    
        1678  -1.92431653      0.918245435      0.479999989    
        1680  -2.07487798      0.804671168      0.490000010    
        1682  -1.95197475       1.05745494      0.509999990    
        1684  -2.07855439       1.08452821      0.519999981    
        1686  -2.09272933       1.26256549      0.509999990    
        1688  -2.11510062      0.810923517      0.500000000    
        1690  -2.15824628      0.595672965      0.490000010    
        1692  -1.92310202      0.722630560      0.469999999    
        1694  -1.94038999      0.282121003      0.439999998    
        1696  -1.69892585       1.43221712      0.460000008    
        1698  -1.66942179       1.68479490      0.490000010    
        1700  -1.78421998       1.36347842      0.490000010    
        1702  -2.00577307      0.580353975      0.490000010    
        1704  -1.68862236       1.24950063      0.490000010    
        1706  -1.71676624       1.12160504      0.490000010    
        1708  -1.72752786       1.37028480      0.490000010    
        1710  -1.93646812      0.662073433      0.490000010    
        1712  -1.90941560      0.577921510      0.479999989    
        1714  -1.97239995      0.827739060      0.519999981    
        1716  -1.86518109       1.38065505      0.519999981    
        1718  -2.00510931      0.922358334      0.500000000    
        1720  -1.97249758      0.810008943      0.490000010    
        1722  -1.79389012       1.42443252      0.490000010    
        1724  -1.81108248      0.979146719      0.460000008    
        1726  -1.62236893       1.13098860      0.449999988    
        1728  -1.78290284      0.644107163      0.449999988    
        1730  -1.84048462       1.14785349      0.479999989    
        1732  -1.62841749       1.82969236      0.469999999    
        1734  -1.57833731       1.03158224      0.449999988    
        1736  -1.69051468       1.11067963      0.460000008    
        1738  -1.61822248       1.38486624      0.479999989    
        1740  -1.74301815      0.762636781      0.469999999    
        1742  -1.77439594      0.492027432      0.460000008    
        1744  -1.79773641      0.581862748      0.460000008    
        1746  -1.61671543       1.25229871      0.479999989    
        1748  -1.79384077      0.896266401      0.460000008    
        1750  -1.91617310      0.824756503      0.469999999    
        1752  -1.73870158       1.80581534      0.490000010    
        1754  -1.79045081       1.56104696      0.490000010    
        1756  -2.00426888      0.901314855      0.479999989    
        1758  -2.11847544      0.728283465      0.469999999    
        1760  -1.86937189      0.838437855      0.479999989    
        1762  -1.54552937       1.96052063      0.500000000    
        1764  -1.75220084       1.25688958      0.500000000    
        1766  -1.82753003      0.904496372      0.469999999    
        1768  -1.85079551      0.823116004      0.479999989    
        1770  -1.80970490       1.87137210      0.500000000    
        1772  -2.01015139       1.49176204      0.509999990    
        1774  -2.09660864       1.18436050      0.519999981    
        1776  -2.03287125       1.39137363      0.529999971    
        1778  -2.18533254      0.994304597      0.540000021    
        1780  -2.18648744      0.989529550      0.540000021    
        1782  -2.12439442       1.13376510      0.540000021    
        1784  -2.01925039      0.936723709      0.519999981    
        1786  -2.10725355      0.835037947      0.529999971    
        1788  -1.95156002       1.38478839      0.529999971    
        1790  -1.71020007       1.44865966      0.509999990    
        1792  -1.76682711       1.12474799      0.490000010    
        1794  -1.57316089      0.735718071      0.449999988    
        1796  -1.57111490      0.665579617      0.439999998    
        1798  -1.52550685       1.05913639      0.460000008    
        1800  -1.66281092       1.09276474      0.479999989    
        1802  -1.59522796      0.975804448      0.460000008    
        1804  -1.29775918       1.81411028      0.439999998    
        1806  -1.51494455      0.779925048      0.430000007    
        1808  -1.71778727      0.626689553      0.449999988    
        1810  -1.46937406       1.07333386      0.439999998    
        1812  -1.57918811       1.10328043      0.439999998    
        1814  -1.48443043       1.41772139      0.419999987    
        1816  -1.70883441      0.578537226      0.419999987    
        1818  -1.56636143      0.854252636      0.409999996    
        1820  -1.45912361      0.896882296      0.400000006    
        1822  -1.57067215      0.699046195      0.400000006    
        1824  -1.47143507      0.818930089      0.389999986    
        1826  -1.91313350      0.556531847      0.430000007    
        1828  -1.71193802       1.63184857      0.449999988    
        1830  -1.77958965       1.30008781      0.439999998    
        1832  -1.89584863       1.11642361      0.449999988    
        1834  -1.79454100       1.85058796      0.479999989    
        1836  -1.93628848      0.984472752      0.460000008    
        1838  -1.84456265      0.860478580      0.460000008    
        1840  -1.77338958       1.19315302      0.460000008    
        1842  -1.74606085      0.902699530      0.430000007    
        1844  -1.48036969      0.560121119      0.400000006    
        1846  -1.65096366      0.486828715      0.389999986    
        1848  -1.75047386      0.595735788      0.409999996    
        1850  -1.46589100       1.14588952      0.409999996    
        1852  -1.46075499      0.487184942      0.379999995    
        1854  -1.60222185       1.35144603      0.430000007    
        1856  -1.75314581      0.721771657      0.409999996    
        1858  -1.72871768      0.841879070      0.419999987    
        1860  -1.45548880       1.54258013      0.379999995    
        1862  -1.63218629      0.870900154      0.370000005    
        1864  -1.57803261      0.907679260      0.409999996    
        1866  -1.67119884       1.15652359      0.409999996    
        1868  -1.84668505      0.736846209      0.419999987    
        1870  -1.73841631      0.689985752      0.430000007    
        1872  -1.99141228      0.418256789      0.460000008    
        1874  -1.95684659       1.01094639      0.469999999    
        1876  -1.68007767      0.900376141      0.449999988    
        1878  -1.85900223      0.950033307      0.469999999    
        1880  -1.62508929       1.75182950      0.479999989    
        1882  -1.63699377       1.38180840      0.479999989    
        1884  -1.84890985      0.751450956      0.460000008    
        1886  -1.83798409       1.55662465      0.490000010    
        1888  -1.89546525       1.14513350      0.490000010    
        1890  -1.77214468       1.48460078      0.509999990    
        1892  -1.87673140       1.83396101      0.519999981    
        1894  -1.38102770       2.55984139      0.509999990    
        1896  -1.58596122       1.86055887      0.479999989    
        1898  -1.89641535      0.682914972      0.460000008    
        1900  -1.85525668       1.40402377      0.460000008    
        1902  -1.79466677       1.04726303      0.449999988    
        1904  -1.87356281      0.891082942      0.460000008    
        1906  -1.95627546      0.665068030      0.460000008    
        1908  -1.53409874       1.77899265      0.479999989    
        1910  -1.56348479       2.20935321      0.509999990    
        1912  -1.63997626      0.755202770      0.460000008    
        1914  -1.90514910      0.463841021      0.460000008    
        1916  -1.71058023       1.34589875      0.449999988    
        1918  -1.72768569      0.544290900      0.419999987    
        1920  -1.67491329      0.910352826      0.439999998    
        1922  -1.77602923      0.747394204      0.469999999    
        1924  -1.37899184       1.77292919      0.469999999    
        1926  -1.73175609      0.974407732      0.449999988    
        1928  -1.48642981       1.67350948      0.449999988    
        1930  -1.67406559       1.64424586      0.449999988    
        1932  -1.85277736      0.907747507      0.439999998    
        1934  -1.69339561       1.38777399      0.449999988    
        1936  -1.66103339       1.99881005      0.460000008    
        1938  -1.77666581       1.01285160      0.449999988    
        1940  -1.61962593       1.08857501      0.430000007    
        1942  -1.84042454       1.09793675      0.469999999    
        1944  -1.90598738       1.17798376      0.469999999    
        1946  -2.01783133       1.19024527      0.500000000    
        1948  -1.92613137       1.13730049      0.469999999    
        1950  -1.81463051       1.09460247      0.479999989    
        1952  -1.67925322       1.04359126      0.460000008    
        1954  -1.74906623      0.294792205      0.449999988    
        1956  -1.47393239       1.30805266      0.439999998    
        1958  -1.54562771      0.957451344      0.460000008    
        1960  -1.84132612      0.617970467      0.439999998    
        1962  -1.60910535       1.36705267      0.439999998    
        1964  -1.77903152      0.698489726      0.449999988    
        1966  -1.78900814      0.729125798      0.469999999    
        1968  -1.72928119      0.875238717      0.449999988    
        1970  -1.81115329      0.891888678      0.449999988    
        1972  -1.58898604       1.26012611      0.449999988    
        1974  -1.82051361       1.22012281      0.449999988    
        1976  -1.88956916      0.834428489      0.469999999    
        1978  -1.46792626       1.33006155      0.460000008    
        1980  -1.62306011       1.45729768      0.439999998    
        1982  -1.42157876       1.56545520      0.460000008    
        1984  -1.60781169       1.21051025      0.430000007    
        1986  -2.06644106      0.698923886      0.469999999    
        1988  -1.91996193       1.13269901      0.500000000    
        1990  -1.71725881       1.18682039      0.509999990    
        1992  -1.79593813       1.43419707      0.519999981    
        1994  -2.08623075      0.774854839      0.540000021    
        1996  -2.06665969      0.702985108      0.519999981    
        1998  -2.05463123      0.631415606      0.500000000    
        2000  -2.07835054       1.26245916      0.519999981    
        2002  -2.07282400      0.753161013      0.519999981    
        2004  -1.86936378       1.25452673      0.500000000    
        2006  -1.81669796       1.21968889      0.490000010    
        2008  -1.74842548       1.58437777      0.500000000    
        2010  -1.73824751       1.48511589      0.519999981    
        2012  -2.01565075       1.03583944      0.529999971    
        2014  -1.91092670       1.55010939      0.519999981    
        2016  -1.95999873       1.52455902      0.529999971    
        2018  -2.26632547       1.01067400      0.529999971    
        2020  -1.85028863       2.02601051      0.540000021    
        2022  -1.67334139       2.21394038      0.519999981    
        2024  -2.05011344       1.37849343      0.540000021    
        2026  -1.95644653       1.59093654      0.550000012    
        2028  -2.15373755       1.21712434      0.540000021    
        2030  -1.93129230       1.79979718      0.529999971    
        2032  -1.83256876       1.29855335      0.519999981    
        2034  -1.83391225       1.59413183      0.519999981    
        2036  -1.74614561       1.03294134      0.500000000    
        2038  -1.88509953      0.669533312      0.460000008    
        2040  -1.68390334       1.30634105      0.469999999    
        2042  -1.74901068       1.21034372      0.460000008    
        2044  -1.92365611      0.637087286      0.490000010    
        2046  -1.80537713      0.739413738      0.500000000    
        2048  -1.85845447       1.02410400      0.519999981    
        2050  -1.81686711       1.34566247      0.509999990    
        2052  -1.77530634       1.55164254      0.509999990    
        2054  -1.92178285      0.795455217      0.500000000    
        2056  -1.88117838      0.648381293      0.490000010    
        2058  -1.86787033       1.17734087      0.500000000    
        2060  -1.98094010      0.342085183      0.500000000    
        2062  -1.94472730       1.19459939      0.500000000    
        2064  -2.06819057       1.47772634      0.500000000    
        2066  -2.12249327      0.915090919      0.519999981    
        2068  -1.95735312       1.16328382      0.519999981    
        2070  -1.81898010       1.73657250      0.500000000    
        2072  -1.94530654       1.42286742      0.490000010    
        2074  -1.91402555       1.58670950      0.509999990    
        2076  -2.12899876       1.83127248      0.540000021    
        2078  -1.95931649       1.84627879      0.519999981    
        2080  -1.93746173       1.84670532      0.519999981    
        2082  -1.97009945       2.27613878      0.540000021    
        2084  -2.18013525       1.06066954      0.540000021    
        2086  -2.23309159      0.925839365      0.550000012    
        2088  -2.18882632       1.32578492      0.569999993    
        2090  -1.86654139       2.40259910      0.579999983    
        2092  -2.08094287       1.58469760      0.579999983    
        2094  -2.06034398       1.39291227      0.589999974    
        2096  -2.13014030      0.976630867      0.569999993    
        2098  -2.20679617       1.49860299      0.579999983    
        2100  -2.23096108       1.40376484      0.560000002    
        2102  -2.03787708       1.93319583      0.569999993    
        2104  -2.08224726       1.36169887      0.550000012    
        2106  -1.99332201       1.39688182      0.540000021    
        2108  -1.74763203       1.49122787      0.519999981    
        2110  -1.87864888       1.43211377      0.529999971    
        2112  -1.90049553       1.96827888      0.550000012    
        2114  -1.92327917       1.80679071      0.550000012    
        2116  -2.28014612      0.928365409      0.569999993    
        2118  -2.27240229       1.08221972      0.569999993    
        2120  -2.25278354      0.471499890      0.569999993    
        2122  -2.08098531       1.45103586      0.560000002    
        2124  -2.21011257       1.03661847      0.550000012    
        2126  -2.17435026       1.53765059      0.560000002    
        2128  -2.04900956       1.77399373      0.560000002    
        2130  -2.42676783      0.600408435      0.540000021    
        2132  -2.02689838       1.66963398      0.540000021    
        2134  -1.99849999       1.62942946      0.560000002    
        2136  -1.96221483       1.43792415      0.560000002    
        2138  -2.08003569       1.14811337      0.560000002    
        2140  -2.02793908       1.45832348      0.569999993    
        2142  -2.06002069       1.68655884      0.579999983    
        2144  -2.13921142       1.31746495      0.569999993    
        2146  -2.16732740      0.885783553      0.560000002    
        2148  -2.02395225       1.28933084      0.560000002    
        2150  -2.00345850       1.53753626      0.560000002    
        2152  -2.12291121      0.972284734      0.550000012    
        2154  -2.09431934      0.884938598      0.550000012    
        2156  -2.05520511       1.53570008      0.569999993    
        2158  -2.15370226       1.30913281      0.579999983    
        2160  -2.15536547       1.25655162      0.569999993    
        2162  -2.09809136       1.58985639      0.589999974    
        2164  -2.12635040       1.15821385      0.579999983    
        2166  -2.00631237       1.60228777      0.579999983    
        2168  -2.15018702      0.810614586      0.529999971    
        2170  -1.91688883       1.68802750      0.529999971    
        2172  -1.99928522       1.73159039      0.540000021    
        2174  -2.12777567       1.14332879      0.550000012    
        2176  -2.09109139       1.22775280      0.540000021    
        2178  -1.90053582       1.62574863      0.529999971    
        2180  -1.98834717      0.959586501      0.500000000    
        2182  -1.93568170      0.691823721      0.479999989    
        2184  -1.82527506       1.38790774      0.490000010    
        2186  -2.03087854      0.785915434      0.469999999    
        2188  -2.00757504      0.780997396      0.469999999    
        2190  -1.92063832      0.599417567      0.490000010    
        2192  -1.74085712       1.01854932      0.469999999    
        2194  -1.71450961       1.26328242      0.479999989    
        2196  -1.64310110       1.31087565      0.469999999    
        2198  -1.62543225      0.926771581      0.460000008    
        2200  -1.77849019       1.06647086      0.449999988    
        2202  -1.67782354       1.63546205      0.479999989    
        2204  -1.74170017       1.49240816      0.500000000    
        2206  -1.65427303       1.75929058      0.479999989    
        2208  -1.86771178       1.86370695      0.509999990    
        2210  -1.99427092      0.888351023      0.479999989    
        2212  -1.80709624       1.83532834      0.519999981    
        2214  -1.74520028       2.19638705      0.519999981    
        2216  -1.58321142       2.48587370      0.519999981    
        2218  -1.92318118       2.20883489      0.519999981    
        2220  -2.23476434      0.733016670      0.519999981    
        2222  -1.91215014       1.97812688      0.540000021    
        2224  -2.16503549      0.795497656      0.519999981    
        2226  -2.00605059       1.48402703      0.529999971    
        2228  -1.93819296       2.07047224      0.540000021    
        2230  -2.01454258       1.20977342      0.519999981    
        2232  -1.58382916       1.64076900      0.479999989    
        2234  -1.80178463      0.353179753      0.460000008    
        2236  -1.53880286       1.40207648      0.469999999    
        2238  -1.81668127      0.499426961      0.460000008    
        2240  -1.91960740       1.00014639      0.479999989    
        2242  -1.80373240      0.943818271      0.469999999    
        2244  -1.74547493       1.18795240      0.469999999    
        2246  -1.80622816      0.643088818      0.469999999    
        2248  -2.02035689      0.176253587      0.490000010    
        2250  -1.76058698      0.775500894      0.479999989    
        2252  -1.63311625       1.45156920      0.469999999    
        2254  -1.74721336       1.12347293      0.469999999    
        2256  -1.50813735       1.34731603      0.449999988    
        2258  -1.57712853       1.07296014      0.400000006    
        2260  -1.47484601       1.30598319      0.409999996    
        2262  -1.37402666       1.60185909      0.439999998    
        2264  -1.61772788       1.20721102      0.449999988    
        2266  -2.01404595      0.536430717      0.439999998    
        2268  -1.63928413       1.68692815      0.469999999    
        2270  -1.84858334       1.36644471      0.490000010    
        2272  -2.16498995      0.767337322      0.509999990    
        2274  -1.94408751       1.62572014      0.509999990    
        2276  -1.97216773       1.35465837      0.519999981    
        2278  -2.16459632      0.971331596      0.509999990    
        2280  -1.87856925       1.02158225      0.500000000    
        2282  -1.98063338       1.30850363      0.529999971    
        2284  -2.01498961       1.60166740      0.550000012    
        2286  -2.04461718       1.40911126      0.540000021    
        2288  -2.06589746       1.10535550      0.529999971    
        2290  -1.97542441       1.30446184      0.519999981    
        2292  -1.99360800       1.35524392      0.519999981    
        2294  -2.07525873      0.901443839      0.500000000    
        2296  -2.13762546      0.638043821      0.469999999    
        2298  -1.82259512      0.967312455      0.469999999    
        2300  -1.92222023      0.493170530      0.469999999    
        2302  -1.68219650       1.07775903      0.449999988    
        2304  -1.74399412      0.615294814      0.460000008    
        2306  -1.84492898      0.722632289      0.460000008    
        2308  -1.74375582      0.465267003      0.409999996    
        2310  -1.42604661      0.379592836      0.360000014    
        2312  -1.48147929      0.564234197      0.349999994    
        2314  -1.18780959      0.979770124      0.349999994    
        2316  -1.26618803      0.598752022      0.330000013    
        2318  -1.25960195      0.526894927      0.340000004    
        2320  -1.17598879      0.579125464      0.349999994    
        2322  -1.21296179      0.779089928      0.379999995    
        2324  -1.22718084       1.10681725      0.400000006    
        2326  -1.06569183       1.74948370      0.419999987    
        2328  -1.41109729      0.899252594      0.419999987    
        2330  -1.61859882       1.14516664      0.430000007    
        2332  -1.47445166      0.858622670      0.400000006    
        2334  -1.50290239      0.790362716      0.379999995    
        2336  -1.45450664      0.568311691      0.379999995    
        2338  -1.40811360      0.825564027      0.419999987    
        2340  -1.56161058      0.395031065      0.409999996    
        2342  -1.39336514      0.932020664      0.379999995    
        2344  -1.40226150      0.672372282      0.360000014    
        2346  -1.11400723       1.25392282      0.349999994    
        2348  -1.16873288       1.07549465      0.360000014    
        2350  -1.47416294      0.882367909      0.379999995    
        2352  -1.56754446      0.592726529      0.409999996    
        2354  -1.49399161      0.822414756      0.409999996    
        2356  -1.24274492       1.08571327      0.400000006    
        2358  -1.31367397       1.45318151      0.409999996    
        2360  -1.64138734      0.796098113      0.439999998    
        2362  -1.58509147      0.928220928      0.419999987    
        2364  -1.55844760      0.592991829      0.379999995    
        2366  -1.54338181      0.329851300      0.379999995    
        2368  -1.40724814      0.788833439      0.360000014    
        2370  -1.39542532      0.923276782      0.379999995    
        2372  -1.37579644      0.634333909      0.389999986    
        2374  -1.44120955      0.591926336      0.400000006    
        2376  -1.31208265       1.44305408      0.400000006    
        2378  -1.30088496       1.53405547      0.430000007    
        2380  -1.50335443       1.23230100      0.449999988    
        2382  -1.34494996      0.959668934      0.430000007    
        2384  -1.64089060      0.762019217      0.449999988    
        2386  -1.67797887      0.858225286      0.460000008    
        2388  -1.71491587      0.782214701      0.490000010    
        2390  -2.10945559      0.608796299      0.509999990    
        2392  -2.08225226      0.924436092      0.529999971    
        2394  -1.77982819       1.34723961      0.509999990    
        2396  -1.71787584       1.48866189      0.500000000    
        2398  -1.72021163       1.33911788      0.469999999    
        2400  -1.78159022       1.51415431      0.500000000    
        2402  -1.86463082      0.650882006      0.490000010    
        2404  -1.60522771       1.96851695      0.509999990    
        2406  -1.98269701       1.28183377      0.500000000    
        2408  -1.96221948      0.671498060      0.479999989    
        2410  -1.65013242       1.27716839      0.439999998    
        2412  -1.92279315      0.656325221      0.430000007    
        2414  -1.82520378      0.864862382      0.439999998    
        2416  -1.78002346       1.24905503      0.449999988    
        2418  -1.43623364       1.31715894      0.439999998    
        2420  -1.52991986      0.958036542      0.430000007    
        2422  -1.63719535      0.500895739      0.449999988    
        2424  -1.69377661      0.412055135      0.430000007    
        2426  -1.73353493       1.02372932      0.439999998    
        2428  -1.61198378       1.21592128      0.460000008    
        2430  -1.76192820      0.892522216      0.460000008    
        2432  -1.64358521      0.940890253      0.430000007    
        2434  -1.72275734      0.788088381      0.430000007    
        2436  -1.72335482      0.896859467      0.439999998    
        2438  -1.51353765       1.17999041      0.430000007    
        2440  -1.55372214      0.817121625      0.439999998    
        2442  -1.46930826      0.412315279      0.430000007    
        2444  -1.50527930       1.01303470      0.430000007    
        2446  -1.61785376      0.226924822      0.419999987    
        2448  -1.30515850      0.976062536      0.400000006    
        2450  -1.35250652      0.833022594      0.400000006    
        2452  -1.41781771      0.569510698      0.379999995    
        2454  -1.24540997       1.33709633      0.389999986    
        2456  -1.48292100      0.884251356      0.389999986    
        2458  -1.45898235       1.24556196      0.389999986    
        2460  -1.57352972      0.953727484      0.419999987    
        2462  -1.81206524      0.587406814      0.409999996    
        2464  -1.52820885      0.654592395      0.389999986    
        2466  -1.59328306       1.13708210      0.360000014    
        2468  -1.34577012       1.06390762      0.379999995    
        2470  -1.41842484      0.824816823      0.360000014    
        2472  -1.44832623      0.391390622      0.370000005    
        2474  -1.32302618      0.680161297      0.370000005    
        2476  -1.26261759       1.34437132      0.409999996    
        2478  -1.44584894       1.05661178      0.389999986    
        2480  -1.31631625       1.54099548      0.370000005    
        2482  -1.55600965       1.11173177      0.389999986    
        2484  -1.23694611       1.41990066      0.379999995    
        2486  -1.60341299      0.602004647      0.400000006    
        2488  -1.11808383       1.42109680      0.400000006    
        2490  -1.67823899      0.726864159      0.419999987    
        2492  -1.67985642      0.619872034      0.430000007    
        2494  -1.74802792      0.328044683      0.439999998    
        2496  -1.40934730       1.43467867      0.419999987    
        2498  -1.75681090      0.562546909      0.419999987    
        2500  -1.67386842      0.761436105      0.430000007    
        2502  -1.84226573      0.592357516      0.449999988    
        2504  -1.45092332       1.11172235      0.419999987    
        2506  -1.63786674       1.18684924      0.430000007    
        2508  -1.86191249      0.434050232      0.439999998    
        2510  -1.55318916       1.07253397      0.439999998    
        2512  -1.58283734       1.02580976      0.419999987    
        2514  -1.58641565       1.02345395      0.409999996    
        2516  -1.48493052      0.868426621      0.409999996    
        2518  -1.32262611       1.36522186      0.419999987    
        2520  -1.57461262       1.08408189      0.439999998    
        2522  -1.64174652      0.572359443      0.439999998    
        2524  -1.63630652      0.696431100      0.430000007    
        2526  -1.75514579       1.03952491      0.449999988    
        2528  -1.71054757       1.34296250      0.449999988    
        2530  -1.65548575       1.16605771      0.449999988    
        2532  -1.71551943      0.696469963      0.460000008    
        2534  -1.83167768      0.458065599      0.469999999    
        2536  -1.89779472      0.409811139      0.479999989    
        2538  -1.74727964      0.876488030      0.469999999    
        2540  -1.61824143       1.22941792      0.449999988    
        2542  -1.23170197       1.63555813      0.400000006    
        2544  -1.30212843       1.45570362      0.409999996    
        2546  -1.24775875       1.28732574      0.419999987    
        2548  -1.66169524      0.433135897      0.400000006    
        2550  -1.50185096      0.487794429      0.419999987    
        2552  -1.43915606      0.500117540      0.400000006    
        2554  -1.29750490       1.12291360      0.400000006    
        2556  -1.65510273      0.162570447      0.400000006    
        2558  -1.41941094      0.778000951      0.419999987    
        2560  -1.53074253      0.810319006      0.409999996    
        2562  -1.55458677      0.956095576      0.419999987    
        2564  -1.36135948       1.23028648      0.430000007    
        2566  -1.32537925       1.28316903      0.430000007    
        2568  -1.73530722      0.421217352      0.449999988    
        2570  -1.81337988      0.665425956      0.449999988    
        2572  -1.82829273      0.759581983      0.469999999    
        2574  -1.66989851       1.29939342      0.460000008    
        2576  -1.76630604      0.769988537      0.439999998    
        2578  -1.80187178      0.698049009      0.469999999    
        2580  -1.50061345       1.75552642      0.490000010    
        2582  -1.72754991      0.909083128      0.469999999    
        2584  -1.65675592       1.10432220      0.490000010    
        2586  -1.93929672      0.770926118      0.490000010    
        2588  -1.72133601       1.23606789      0.479999989    
        2590  -1.80184722      0.731061161      0.469999999    
        2592  -1.61883330       1.06676376      0.460000008    
        2594  -1.89621758      0.852311194      0.449999988    
        2596  -1.86471736      0.736608028      0.439999998    
        2598  -1.85789955      0.509302437      0.430000007    
        2600  -1.46761239       1.42948699      0.439999998    
        2602  -1.68319690      0.927875936      0.439999998    
        2604  -1.82670677      0.823965073      0.469999999    
        2606  -1.72981632      0.690200508      0.469999999    
        2608  -1.68888521       1.09288001      0.469999999    
        2610  -1.65394461       1.09601915      0.430000007    
        2612  -1.40374362       1.08147693      0.430000007    
        2614  -1.55089259       1.19333720      0.449999988    
        2616  -1.68853509      0.495187193      0.439999998    
        2618  -1.52979612      0.574824393      0.389999986    
        2620  -1.61379945      0.634017169      0.389999986    
        2622  -1.63370538      0.726891875      0.400000006    
        2624  -1.66105855      0.850132287      0.419999987    
        2626  -1.43960071       1.13775039      0.389999986    
        2628  -1.50193131       1.25801980      0.400000006    
        2630  -1.73479342      0.334172666      0.409999996    
        2632  -1.56262612      0.885714948      0.449999988    
        2634  -1.50577307       1.18440366      0.419999987    
        2636  -1.56493425      0.935508370      0.419999987    
        2638  -1.65557373       1.11166513      0.409999996    
        2640  -1.51299036      0.629095376      0.360000014    
        2642  -1.50698102      0.378068805      0.379999995    
        2644  -1.47345078      0.665160418      0.379999995    
        2646  -1.29943895       1.00548482      0.400000006    
        2648  -1.60141444      0.594533145      0.419999987    
        2650  -1.69720185      0.528601050      0.409999996    
        2652  -1.63249850      0.882244945      0.449999988    
        2654  -1.35950291       1.37984145      0.449999988    
        2656  -1.75833642      0.806359589      0.460000008    
        2658  -1.82896686       1.16463435      0.469999999    
        2660  -1.83577812      0.797369719      0.469999999    
        2662  -2.11900640      0.555629194      0.479999989    
        2664  -1.71056652       1.62643433      0.469999999    
        2666  -1.47737253       1.48447728      0.460000008    
        2668  -1.87875819      0.636947036      0.469999999    
        2670  -1.96898603      0.415805489      0.490000010    
        2672  -1.86970866       1.06246901      0.490000010    
        2674  -1.79435587       1.78656173      0.500000000    
        2676  -1.72129822       1.74287367      0.500000000    
        2678  -2.04086542       1.21023297      0.500000000    
        2680  -2.00213504       1.34048033      0.529999971    
        2682  -2.07671189      0.582042038      0.490000010    
        2684  -1.70946205       1.60126853      0.490000010    
        2686  -2.00226235      0.931448638      0.500000000    
        2688  -1.87891197       1.53962326      0.509999990    
        2690  -2.11471510      0.973483801      0.529999971    
        2692  -1.93008590       1.20973814      0.519999981    
        2694  -2.17127156      0.690752923      0.519999981    
        2696  -1.95242453       1.69577563      0.540000021    
        2698  -1.85483587       1.67529416      0.529999971    
        2700  -1.83250749       1.70115650      0.540000021    
        2702  -1.94218719       1.39394140      0.509999990    
        2704  -1.88055313       1.39521396      0.529999971    
        2706  -1.65132022       2.51524115      0.560000002    
        2708  -1.79524124       1.62171316      0.540000021    
        2710  -1.80084860       1.14489233      0.509999990    
        2712  -1.87491739       1.14636254      0.509999990    
        2714  -1.73776877       1.67342710      0.490000010    
        2716  -2.14557433      0.887974203      0.519999981    
        2718  -2.07134366      0.837100327      0.509999990    
        2720  -2.00450897      0.437610447      0.500000000    
        2722  -1.93149114      0.753028035      0.509999990    
        2724  -1.91985583       1.87222755      0.540000021    
        2726  -1.94609225       1.31307983      0.509999990    
        2728  -2.00605655       1.28434992      0.479999989    
        2730  -1.76854742      0.756664932      0.439999998    
        2732  -1.81294167      0.832870722      0.460000008    
        2734  -1.75530565       1.47717762      0.490000010    
        2736  -1.87357938       1.21978486      0.490000010    
        2738  -1.86752820      0.925304830      0.490000010    
        2740  -1.56939363       1.43132448      0.460000008    
        2742  -1.51069045       1.37390947      0.430000007    
        2744  -1.52187145       1.12829971      0.430000007    
        2746  -1.63427508       1.03953338      0.439999998    
        2748  -1.80164886      0.346940905      0.430000007    
        2750  -1.59665477      0.767250836      0.419999987    
        2752  -1.54068148      0.594161093      0.400000006    
        2754  -1.43226087      0.859509289      0.370000005    
        2756  -1.43829358      0.931992352      0.389999986    
        2758  -1.67223299      0.532520711      0.409999996    
        2760  -1.66062379       1.14186692      0.449999988    
        2762  -1.60727227      0.937355578      0.439999998    
        2764  -1.62927771      0.598276675      0.419999987    
        2766  -1.46042514       1.22084236      0.370000005    
        2768  -1.53246367      0.620274663      0.370000005    
        2770  -1.52641118      0.655312002      0.370000005    
        2772  -1.54469681      0.150930420      0.360000014    
        2774  -1.53183925       1.16130066      0.409999996    
        2776  -1.45798278       1.01579952      0.419999987    
        2778  -1.14879405       2.08206224      0.439999998    
        2780  -1.52079880      0.743442655      0.419999987    
        2782  -1.60333991      0.672889054      0.419999987    
        2784  -1.50249529      0.636345565      0.389999986    
        2786  -1.43099606      0.611099899      0.379999995    
        2788  -1.21717989      0.879231453      0.370000005    
        2790  -1.38413417      0.973948240      0.389999986    
        2792  -1.45640814      0.943622828      0.400000006    
        2794  -1.50212848       1.44666374      0.439999998    
        2796  -1.50654149      0.703052819      0.400000006    
        2798  -1.66454363      0.492542237      0.419999987    
        2800  -1.48185098       1.25479710      0.430000007    
        2802  -1.67807424       1.06506860      0.430000007    
        2804  -1.61253643      0.908215225      0.430000007    
        2806  -1.71478355      0.920734644      0.460000008    
        2808  -1.89250839      0.538438022      0.460000008    
        2810  -1.67364371       1.07984376      0.460000008    
        2812  -1.49545920       1.64554119      0.469999999    
        2814  -1.85783851      0.334133118      0.460000008    
        2816  -1.67510605       1.53548133      0.479999989    
        2818  -1.86441636      0.672709286      0.490000010    
        2820  -1.54544532       1.01914465      0.469999999    
        2822  -1.83517277       1.02059186      0.490000010    
        2824  -1.95360506      0.909734666      0.509999990    
        2826  -1.96298206       1.48717678      0.529999971    
        2828  -1.67724907       2.10619664      0.509999990    
        2830  -1.95891869       1.01142168      0.509999990    
        2832  -1.83878398       1.44253302      0.529999971    
        2834  -2.02994204      0.801824331      0.519999981    
        2836  -1.67316186       1.65441465      0.509999990    
        2838  -1.85890245       1.56568038      0.540000021    
        2840  -1.93673801       1.32248664      0.550000012    
        2842  -2.14899993       1.13885510      0.560000002    
        2844  -2.03482628       1.20628810      0.550000012    
        2846  -2.13570857      0.940408051      0.540000021    
        2848  -1.87052643       1.97550762      0.540000021    
        2850  -1.91329372       1.71439409      0.519999981    
        2852  -1.94948483       1.05478847      0.509999990    
        2854  -1.90332627       1.78908312      0.509999990    
        2856  -2.09173632       1.07824159      0.540000021    
        2858  -2.19064617      0.831263602      0.540000021    
        2860  -2.01891065      0.739142895      0.519999981    
        2862  -2.14257193      0.354579687      0.509999990    
        2864  -1.91890442      0.498381138      0.469999999    
        2866  -1.93922687      0.755939424      0.490000010    
        2868  -1.88642359       1.13838053      0.479999989    
        2870  -1.67194819       1.76338089      0.490000010    
        2872  -1.67391920       1.57762051      0.460000008    
        2874  -1.79378414      0.897375286      0.460000008    
        2876  -1.93030751      0.681632578      0.460000008    
        2878  -1.94175935       1.20956719      0.479999989    
        2880  -2.08448219      0.648073494      0.509999990    
        2882  -1.95694041       1.41365206      0.519999981    
        2884  -1.98331904       1.26913524      0.540000021    
        2886  -2.04110241      0.767799437      0.490000010    
        2888  -1.84948277       1.47316647      0.509999990    
        2890  -2.05265069       1.32878864      0.529999971    
        2892  -1.94483960       1.22003305      0.519999981    
        2894  -2.07060909       1.32388103      0.529999971    
        2896  -2.01429605       1.55526400      0.519999981    
        2898  -1.87505996       1.34491789      0.509999990    
        2900  -1.86325359       1.02876842      0.519999981    
        2902  -1.73209715       1.25705850      0.479999989    
        2904  -1.79382896      0.865045786      0.469999999    
        2906  -1.84757626      0.807416677      0.449999988    
        2908  -1.94870603      0.820369959      0.460000008    
        2910  -1.79090858       1.45264316      0.469999999    
        2912  -1.71974897      0.933002234      0.439999998    
        2914  -1.46637201       1.07843554      0.430000007    
        2916  -1.63602364      0.961335480      0.430000007    
        2918  -1.28069830       1.45301199      0.439999998    
        2920  -1.71803367       1.13254070      0.460000008    
        2922  -1.71659398      0.978443444      0.460000008    
        2924  -1.69758987       1.71575201      0.500000000    
        2926  -2.01428103      0.543777585      0.479999989    
        2928  -1.74806952       1.52088881      0.469999999    
        2930  -1.74028087       1.48178732      0.479999989    
        2932  -1.55345511       1.57689250      0.469999999    
        2934  -1.99131870      0.958386362      0.479999989    
        2936  -1.78456378       2.19499826      0.509999990    
        2938  -2.01866341       1.64709115      0.490000010    
        2940  -2.21823263       1.09234750      0.519999981    
        2942  -2.12215424       2.09690905      0.540000021    
        2944  -2.04350448       1.69030893      0.540000021    
        2946  -2.21209693       1.70761979      0.560000002    
        2948  -2.05773163       1.26368833      0.540000021    
        2950  -1.71677244       1.79952967      0.500000000    
        2952  -1.80745268       1.46355760      0.500000000    
        2954  -1.82701981       1.38797343      0.509999990    
        2956  -2.03855515      0.997964919      0.490000010    
        2958  -1.59051263       1.52983284      0.460000008    
        2960  -1.88845325      0.986191273      0.469999999    
        2962  -1.79664052      0.689305127      0.479999989    
        2964  -1.88471806       1.31585824      0.479999989    
        2966  -1.66342163       1.48172438      0.479999989    
        2968  -1.80462086      0.782856226      0.460000008    
        2970  -1.68624961       1.13783801      0.449999988    
        2972  -1.76105297      0.968223095      0.430000007    
        2974  -1.54233277       1.33151913      0.439999998    
        2976  -1.46657979       1.86207914      0.430000007    
        2978  -1.72792351       1.32278478      0.449999988    
        2980  -1.87531888      0.753525674      0.460000008    
        2982  -1.83258617       1.19088817      0.479999989    
        2984  -2.04597616      0.795038402      0.509999990    
        2986  -2.03253961       1.03218377      0.500000000    
        2988  -1.98275721      0.951371253      0.509999990    
        2990  -1.72633123       1.62915301      0.500000000    
        2992  -1.97812414       1.09759188      0.500000000    
        2994  -1.91960728       1.24105513      0.509999990    
        2996  -1.89547610       1.22442532      0.519999981    
        2998  -1.89904702       1.21424699      0.519999981    
        3000  -1.77621257       2.11696863      0.519999981    
        3002  -1.98377991       1.89633918      0.540000021    
        3004  -2.16964626      0.699792325      0.529999971    
        3006  -1.95049930       1.46368539      0.519999981    
        3008  -1.93870521       1.66736984      0.540000021    
        3010  -2.18799901      0.949378371      0.529999971    
        3012  -2.04741979      0.895742655      0.519999981    
        3014  -2.16029692       1.28038192      0.519999981    
        3016  -1.89380324       1.72904754      0.519999981    
        3018  -2.06709528      0.859412193      0.509999990    
        3020  -1.78484559       1.57650602      0.509999990    
        3022  -1.84113193      0.891099095      0.500000000    
        3024  -1.76625645       1.16013181      0.490000010    
        3026  -1.72628343       1.04616058      0.490000010    
        3028  -1.80283678       1.27509797      0.509999990    
        3030  -1.88019753      0.830708563      0.519999981    
        3032  -1.91050291       1.07722807      0.529999971    
        3034  -1.85505176       1.76008117      0.529999971    
        3036  -1.83274353       2.04788589      0.529999971    
        3038  -2.00489020       1.27610219      0.519999981    
        3040  -2.02790499       1.40701997      0.529999971    
        3042  -1.94812858       1.14469182      0.500000000    
        3044  -2.12031651       1.29317033      0.529999971    
        3046  -1.64138973       1.80334616      0.509999990    
        3048  -1.71338654       1.46285474      0.500000000    
        3050  -1.92838180       1.39313519      0.490000010    
        3052  -2.01702166      0.586110711      0.479999989    
        3054  -1.77105546       1.22449934      0.479999989    
        3056  -1.46782374       1.67988455      0.469999999    
        3058  -1.86903644      0.929629326      0.469999999    
        3060  -1.92431796      0.750252724      0.490000010    
        3062  -1.91913521      0.568835795      0.479999989    
        3064  -1.86004281       1.21545494      0.479999989    
        3066  -1.90455818       1.05807519      0.490000010    
        3068  -1.65037954       1.59602559      0.479999989    
        3070  -1.74090767       1.12881899      0.479999989    
        3072  -1.97462761      0.672905803      0.490000010    
        3074  -1.68299687      0.877822280      0.460000008    
        3076  -1.69042468       1.06639504      0.449999988    
        3078  -1.64049494       1.33369124      0.449999988    
        3080  -1.84873366      0.942404985      0.460000008    
        3082  -1.68516827      0.693262100      0.460000008    
        3084  -1.74595094       1.03702617      0.469999999    
        3086  -1.79232264      0.735169291      0.490000010    
        3088  -1.77491486      0.751169205      0.500000000    
        3090  -1.73931611       1.37888455      0.509999990    
        3092  -1.86006045       1.07436275      0.509999990    
        3094  -1.98388433      0.515815079      0.500000000    
        3096  -1.95760667      0.383859962      0.500000000    
        3098  -1.66685200      0.949176669      0.460000008    
        3100  -1.56470656      0.878803074      0.419999987    
        3102  -1.57717574      0.996317565      0.430000007    
        3104  -1.49683344       1.61655092      0.430000007    
        3106  -1.61576271       1.13999581      0.439999998    
        3108  -1.76289058      0.780299544      0.439999998    
        3110  -1.67960691       1.06839156      0.460000008    
        3112  -1.79991639      0.780744374      0.449999988    
        3114  -1.54183066       1.10924125      0.449999988    
        3116  -1.73990774      0.872225821      0.460000008    
        3118  -1.78962409      0.738833308      0.469999999    
        3120  -1.85630631       1.13663042      0.469999999    
        3122  -1.78748477      0.716815889      0.469999999    
        3124  -1.72130573      0.964860320      0.469999999    
        3126  -1.61261702       1.33122778      0.460000008    
        3128  -1.67007065       1.30433345      0.460000008    
        3130  -1.94110107      0.585639596      0.490000010    
        3132  -1.87993026       1.24872136      0.509999990    
        3134  -2.04080963       1.00362480      0.500000000    
        3136  -2.01986074      0.569243252      0.490000010    
        3138  -1.69320691       2.01683688      0.509999990    
        3140  -1.73826337       1.45864594      0.490000010    
        3142  -1.84202766       1.26118004      0.469999999    
        3144  -1.83092141      0.528567493      0.449999988    
        3146  -1.52850521       1.30101490      0.460000008    
        3148  -1.58290541      0.968040764      0.449999988    
        3150  -1.56992674       1.06328011      0.449999988    
        3152  -1.76748753       1.04294133      0.479999989    
        3154  -1.80244875       1.03266180      0.490000010    
        3156  -1.73827672       1.40143716      0.490000010    
        3158  -1.98843956       1.72080731      0.540000021    
        3160  -1.84822524       1.97555804      0.550000012    
        3162  -1.74602890       2.42853308      0.550000012    
        3164  -2.01538682       1.59927785      0.550000012    
        3166  -1.87748635       2.30931091      0.560000002    
        3168  -1.98409307       1.05521238      0.560000002    
        3170  -2.11554146       1.11117399      0.560000002    
        3172  -2.22094059       1.22008193      0.569999993    
        3174  -2.01631904      0.999346018      0.509999990    
        3176  -2.07329082       1.02107465      0.519999981    
        3178  -1.98620784       1.09076262      0.509999990    
        3180  -1.97411454       1.69905078      0.519999981    
        3182  -1.86651742       1.76230109      0.519999981    
        3184  -1.99422073      0.859403968      0.500000000    
        3186  -1.92292726       1.07241452      0.509999990    
        3188  -1.86472452       1.29067683      0.479999989    
        3190  -1.61700404       1.30485487      0.460000008    
        3192  -1.88948941       1.34412134      0.479999989    
        3194  -1.76108885       1.44610596      0.479999989    
        3196  -1.83334470      0.861727476      0.500000000    
        3198  -1.76634967       1.41226220      0.490000010    
        3200  -1.85482669       1.08264279      0.490000010    
        3202  -1.72742248       1.18012118      0.479999989    
        3204  -1.82757568      0.707652092      0.479999989    
        3206  -2.00944757       1.19807756      0.519999981    
        3208  -1.91873789       1.06876194      0.509999990    
        3210  -1.76199794       1.55788696      0.519999981    
        3212  -1.98669195       1.12875497      0.519999981    
        3214  -1.95484412      0.867540836      0.490000010    
        3216  -2.01453948       1.03124726      0.479999989    
        3218  -1.98163152      0.722139418      0.500000000    
        3220  -2.10989046       1.03792250      0.519999981    
        3222  -2.14514899      0.720874786      0.529999971    
        3224  -2.19854236       1.13278401      0.550000012    
        3226  -2.17123699       1.08139539      0.540000021    
        3228  -2.08079815       1.29254353      0.540000021    
        3230  -2.04980445       1.24616861      0.540000021    
        3232  -2.06691408       1.12422466      0.540000021    
        3234  -1.98264313       1.42168200      0.540000021    
        3236  -1.92639685       1.26744306      0.529999971    
        3238  -1.62978256       1.82275200      0.500000000    
        3240  -1.64634550       2.14398885      0.509999990    
        3242  -2.02533221       1.17617977      0.529999971    
        3244  -2.09015679       1.71287990      0.560000002    
        3246  -2.05144095       2.07912755      0.550000012    
        3248  -1.93827665       1.38014925      0.540000021    
        3250  -1.98783147       1.54116428      0.560000002    
        3252  -2.12851095       1.76039386      0.569999993    
        3254  -2.16662097      0.940910757      0.550000012    
        3256  -2.15481496       1.46850717      0.569999993    
        3258  -1.99423563       2.48237777      0.560000002    
        3260  -1.94749165       2.39673352      0.569999993    
        3262  -1.91058040       2.30058217      0.560000002    
        3264  -1.91559923       1.79952121      0.569999993    
        3266  -1.97449517       2.22152996      0.579999983    
        3268  -2.33843493       1.12098646      0.560000002    
        3270  -2.35815096       1.09965146      0.579999983    
        3272  -2.47764707       1.28613508      0.600000024    
        3274  -2.39079285       1.52976418      0.600000024    
        3276  -2.06976175       1.99486017      0.569999993    
        3278  -2.00383043       1.94586325      0.579999983    
        3280  -2.13790250       2.41558075      0.600000024    
        3282  -2.15365624       2.18757606      0.589999974    
        3284  -1.96639836       1.94415307      0.579999983    
        3286  -2.03929496       1.18693364      0.540000021    
        3288  -2.02888036       1.46716189      0.550000012    
        3290  -1.88776827       2.46627855      0.550000012    
        3292  -1.87508917       1.71185398      0.540000021    
        3294  -1.83932889       1.85431683      0.529999971    
        3296  -1.94789767       1.59421420      0.519999981    
        3298  -1.99183667       1.60240054      0.529999971    
        3300  -1.98821437       1.21570516      0.519999981    
        3302  -2.05840039       1.44776726      0.519999981    
        3304  -1.97000432       1.10129344      0.519999981    
        3306  -2.00581789       1.45982409      0.550000012    
        3308  -1.90374434       2.06423688      0.579999983    
        3310  -1.99334741       2.86284852      0.610000014    
        3312  -2.16264105       2.07543111      0.589999974    
        3314  -2.25793552       1.30597591      0.569999993    
        3316  -2.20738387       1.70024896      0.569999993    
        3318  -2.30500460       1.46745098      0.589999974    
        3320  -2.11042213       1.93767500      0.579999983    
        3322  -2.24992704       1.28661084      0.569999993    
        3324  -2.27963400       1.21135461      0.579999983    
        3326  -2.17928743       1.33606100      0.589999974    
        3328  -2.28705239       1.22982800      0.569999993    
        3330  -2.18581080       1.42209816      0.550000012    
        3332  -2.18444061       2.24973226      0.579999983    
        3334  -2.26929116       2.10377431      0.589999974    
        3336  -2.13231444       2.89926434      0.600000024    
        3338  -2.13229012       2.45527363      0.589999974    
        3340  -2.44948173       1.30604398      0.579999983    
        3342  -1.91932845       3.05408311      0.569999993    
        3344  -2.03795362       2.09185600      0.550000012    
        3346  -2.17470050       1.39438522      0.560000002    
        3348  -2.16131854       1.66309536      0.569999993    
        3350  -2.21469760       1.29649198      0.550000012    
        3352  -2.07393909       1.47256458      0.550000012    
        3354  -2.09135246       1.81007850      0.540000021    
        3356  -2.28198719       1.02058887      0.529999971    
        3358  -2.22118878       1.39211559      0.529999971    
        3360  -2.03720999       1.93324125      0.529999971    
        3362  -2.07761121       1.13829470      0.500000000    
        3364  -1.85803998       1.38105273      0.479999989    
        3366  -2.16015983      0.453440785      0.490000010    
        3368  -1.86780894      0.840282321      0.500000000    
        3370  -1.84353304       1.35206592      0.500000000    
        3372  -1.57995772       1.80520296      0.479999989    
        3374  -1.87556732       1.31419861      0.460000008    
        3376  -1.91595733      0.895312548      0.449999988    
        3378  -1.89036107       1.12159860      0.469999999    
        3380  -1.90011132       1.55833423      0.500000000    
        3382  -2.10944033      0.330488563      0.500000000    
        3384  -1.66526055       1.71154130      0.469999999    
        3386  -1.79094458       1.16510355      0.460000008    
        3388  -1.90786481      0.789463758      0.460000008    
        3390  -1.77969551      0.991199851      0.449999988    
        3392  -1.76065552       1.03560293      0.479999989    
        3394  -1.67554641      0.678055286      0.449999988    
        3396  -1.62381697       1.03536856      0.449999988    
        3398  -1.83599472      0.563164413      0.449999988    
        3400  -1.73893416       1.35496807      0.479999989    
        3402  -1.79369247       1.00285685      0.479999989    
        3404  -1.68857908       1.33281469      0.479999989    
        3406  -1.89921689      0.714397252      0.460000008    
        3408  -1.80179071      0.558137238      0.430000007    
        3410  -1.62768626       1.18197250      0.460000008    
        3412  -1.87081635      0.991731524      0.479999989    
        3414  -1.83321798      0.654992223      0.479999989    
        3416  -1.62163675      0.855229616      0.490000010    
        3418  -1.95285535      0.496276289      0.500000000    
        3420  -1.74773455       1.13424420      0.479999989    
        3422  -1.84667659      0.479175925      0.460000008    
        3424  -1.80421007      0.422092438      0.469999999    
        3426  -1.83499157      0.448042274      0.479999989    
        3428  -1.95745945      0.732008815      0.500000000    
        3430  -1.93084812       1.13013780      0.490000010    
        3432  -1.76427031      0.787901402      0.469999999    
        3434  -1.79548609      0.826314688      0.469999999    
        3436  -1.71036041       1.17226791      0.500000000    
        3438  -1.69952965       1.05779052      0.490000010    
        3440  -1.72491539       1.70311356      0.490000010    
        3442  -1.70449948       1.42615187      0.500000000    
        3444  -1.76270795       1.17147541      0.500000000    
        3446  -1.90751731       1.23605168      0.500000000    
        3448  -1.97241461      0.708811820      0.509999990    
        3450  -1.87200975      0.903787196      0.500000000    
        3452  -1.65274441      0.867397606      0.479999989    
        3454  -1.87680984      0.625331163      0.469999999    
        3456  -1.76374710       1.20860529      0.490000010    
        3458  -1.78611076      0.893172324      0.490000010    
        3460  -1.74110389       1.30577934      0.479999989    
        3462  -1.98459339      0.860638678      0.479999989    
        3464  -1.72977340       1.07190812      0.479999989    
        3466  -1.55937123       1.06836486      0.469999999    
        3468  -1.69356453      0.859398007      0.460000008    
        3470  -1.55441427       1.82764888      0.479999989    
        3472  -1.88118184      0.962123871      0.469999999    
        3474  -1.89788437       1.05986500      0.490000010    
        3476  -1.99229622      0.758187294      0.490000010    
        3478  -1.70801556       1.44062793      0.490000010    
        3480  -1.74911940      0.930511236      0.490000010    
        3482  -1.82520854      0.799598932      0.460000008    
        3484  -1.78627932       1.28410125      0.460000008    
        3486  -1.78618383      0.828425527      0.430000007    
        3488  -1.62766135      0.457228601      0.400000006    
        3490  -1.54455817      0.623094976      0.400000006    
        3492  -1.57000506      0.895406961      0.389999986    
        3494  -1.44934094      0.943316102      0.389999986    
        3496  -1.58083308      0.448769599      0.379999995    
        3498  -1.35693538       1.30515230      0.419999987    
        3500  -1.58017075      0.938804805      0.449999988    
        3502  -1.73213685      0.947912276      0.449999988    
        3504  -1.69956076      0.883785486      0.430000007    
        3506  -1.83721185      0.920562148      0.460000008    
        3508  -1.75543606      0.905020893      0.479999989    
        3510  -1.78279781      0.907648206      0.479999989    
        3512  -1.94179308      0.625272810      0.490000010    
        3514  -2.00832272      0.910341740      0.509999990    
        3516  -1.81722939       1.15059292      0.519999981    
        3518  -1.98696160      0.786033928      0.529999971    
        3520  -1.91572833       1.36067688      0.509999990    
        3522  -1.91218984      0.845986068      0.509999990    
        3524  -1.78976572       1.06824172      0.479999989    
        3526  -1.71509540       1.34435165      0.449999988    
        3528  -1.73386312       1.19366121      0.439999998    
        3530  -1.82314634      0.791060269      0.449999988    
        3532  -1.76638186       1.00524509      0.460000008    
        3534  -1.90977442       1.13614559      0.490000010    
        3536  -1.78788364      0.990306139      0.460000008    
        3538  -1.70396638       1.27836835      0.449999988    
        3540  -1.81053090      0.617422044      0.439999998    
        3542  -1.43651032       1.96460140      0.430000007    
        3544  -1.61127627      0.742050171      0.419999987    
        3546  -1.53288603       1.00310826      0.409999996    
        3548  -1.35213697       1.38074195      0.419999987    
        3550  -1.47770250      0.319709033      0.389999986    
        3552  -1.49808347      0.662375808      0.370000005    
        3554  -1.16092622       1.19018030      0.370000005    
        3556  -1.54674613      0.252455711      0.379999995    
        3558  -1.49630880      0.968430221      0.389999986    
        3560  -1.54106820      0.603111565      0.379999995    
        3562  -1.44133461      0.759209454      0.370000005    
        3564  -1.45344436      0.748214841      0.379999995    
        3566  -1.43130338       1.13944554      0.409999996    
        3568  -1.19380426       1.32744837      0.409999996    
        3570  -1.82745957      0.564233780      0.439999998    
        3572  -1.62651575       1.63205922      0.460000008    
        3574  -1.78771925      0.773462236      0.449999988    
        3576  -1.53986180       1.77768862      0.449999988    
        3578  -1.78590083       1.16496015      0.439999998    
        3580  -1.70764625       1.07571030      0.469999999    
        3582  -1.42688298       1.65083039      0.439999998    
        3584  -1.53664947       1.37358427      0.449999988    
        3586  -1.66292286      0.929777741      0.460000008    
        3588  -1.49624467       1.36185741      0.460000008    
        3590  -1.66604900       1.11752617      0.469999999    
        3592  -1.71502542      0.836374640      0.460000008    
        3594  -1.71801341       1.10121357      0.449999988    
        3596  -1.99702919      0.887408257      0.460000008    
        3598  -2.10820293      0.750883877      0.469999999    
        3600  -1.70341098       1.16566360      0.469999999    
        3602  -2.16158652      0.927315056      0.509999990    
        3604  -2.03928256       1.19714999      0.529999971    
        3606  -1.59994340       1.80708146      0.490000010    
        3608  -1.84124470       1.16043997      0.479999989    
        3610  -1.89236045       1.34173691      0.479999989    
        3612  -1.77033699       1.22589254      0.469999999    
        3614  -1.53461993       1.95864582      0.460000008    
        3616  -1.70050156       2.29863572      0.529999971    
        3618  -2.17010212      0.989801407      0.540000021    
        3620  -2.00493526       1.70614815      0.550000012    
        3622  -2.16005921      0.911933243      0.540000021    
        3624  -2.04821920      0.949365616      0.519999981    
        3626  -2.22779822      0.665952086      0.519999981    
        3628  -1.97890854       1.29799891      0.519999981    
        3630  -2.10552168       1.11529100      0.500000000    
        3632  -1.99776459      0.598639905      0.500000000    
        3634  -1.84025037      0.924375772      0.509999990    
        3636  -1.96666145       1.07544875      0.490000010    
        3638  -1.75642025       1.51697588      0.490000010    
        3640  -2.03827667      0.848502278      0.509999990    
        3642  -2.04565859      0.716830075      0.500000000    
        3644  -1.90852785      0.941090047      0.500000000    
        3646  -1.93694043      0.951407850      0.500000000    
        3648  -1.80001414       1.31473482      0.500000000    
        3650  -1.90320671       1.26903152      0.500000000    
        3652  -1.91047573       1.48034728      0.500000000    
        3654  -1.87252498       1.27949333      0.500000000    
        3656  -1.72572267       1.97055304      0.500000000    
        3658  -2.12096357      0.671620965      0.519999981    
        3660  -1.93143058       1.98502958      0.560000002    
        3662  -1.87127340       2.07401824      0.540000021    
        3664  -1.97587729       1.60641992      0.550000012    
        3666  -2.02505851       1.64665425      0.550000012    
        3668  -2.12070513       1.05545378      0.540000021    
        3670  -2.19657707       1.10868704      0.529999971    
        3672  -2.15820265       1.01424253      0.509999990    
        3674  -1.88746381       1.18350124      0.500000000    
        3676  -1.84579742       1.57658863      0.529999971    
        3678  -2.08284760      0.388374984      0.540000021    
        3680  -2.12538624      0.798477709      0.540000021    
        3682  -2.10601568      0.623422742      0.529999971    
        3684  -2.03912520       1.30166638      0.540000021    
        3686  -1.82436216       1.87067437      0.540000021    
        3688  -1.93580425       1.21328592      0.540000021    
        3690  -1.93602788       1.64338040      0.540000021    
        3692  -2.03875256       1.42869651      0.529999971    
        3694  -2.18699312      0.972250402      0.540000021    
        3696  -1.97705781       1.47918689      0.529999971    
        3698  -2.03928065       1.20793653      0.529999971    
        3700  -2.16147614       1.19147551      0.540000021    
        3702  -1.61245167       2.63253713      0.540000021    
        3704  -1.75577581       1.76711106      0.529999971    
        3706  -2.01609707      0.671347558      0.509999990    
        3708  -1.73614669      0.767807543      0.490000010    
        3710  -1.67921126       1.24732971      0.479999989    
        3712  -1.82364345       1.64212871      0.500000000    
        3714  -2.01725650       1.18955886      0.509999990    
        3716  -2.03465199       1.34653020      0.519999981    
        3718  -1.88390708       2.46146011      0.529999971    
        3720  -2.18995404       1.35908115      0.529999971    
        3722  -2.04110360       1.42490184      0.519999981    
        3724  -2.11391234      0.904719532      0.529999971    
        3726  -2.02483749       1.16040802      0.529999971    
        3728  -1.86022151       1.67928410      0.550000012    
        3730  -2.04947925       1.18782592      0.550000012    
        3732  -1.87782228       1.34287202      0.519999981    
        3734  -1.99284828      0.705805600      0.490000010    
        3736  -1.95071614      0.939573050      0.500000000    
        3738  -1.58147025       2.24952364      0.509999990    
        3740  -1.79450214       1.56865740      0.519999981    
        3742  -1.89273489       1.65046763      0.509999990    
        3744  -1.79992449       1.60692990      0.500000000    
        3746  -2.05500746      0.818407118      0.509999990    
        3748  -2.08919787      0.718864977      0.519999981    
        3750  -2.04736590      0.742150962      0.529999971    
        3752  -1.90189397       1.63422477      0.540000021    
        3754  -2.00907469       1.10722470      0.529999971    
        3756  -1.87822139       1.58461118      0.529999971    
        3758  -2.05236173       1.61543322      0.540000021    
        3760  -1.95988047       2.47569609      0.569999993    
        3762  -2.20441604       1.38711035      0.560000002    
        3764  -2.09783769       1.67009461      0.550000012    
        3766  -2.11456585       1.29081106      0.550000012    
        3768  -2.11666083      0.911149681      0.540000021    
        3770  -1.93964422       1.48622465      0.509999990    
        3772  -1.63424456       1.57901275      0.460000008    
        3774  -1.46424031       1.20758164      0.449999988    
        3776  -1.60371387      0.845165789      0.449999988    
        3778  -1.52537119       1.64906693      0.469999999    
        3780  -1.78279662       1.23872662      0.479999989    
        3782  -1.57529998       2.25816965      0.500000000    
        3784  -1.67454147       1.64804184      0.500000000    
        3786  -1.62238252      0.902435541      0.469999999    
        3788  -1.70150757       1.22412574      0.490000010    
        3790  -1.79837358       1.19069672      0.500000000    
        3792  -1.88780510      0.988782227      0.479999989    
        3794  -1.87371743      0.747887194      0.460000008    
        3796  -1.84996629       1.11085951      0.490000010    
        3798  -1.67633057      0.968253434      0.460000008    
        3800  -1.48105180       1.12674880      0.449999988    
        3802  -1.59568429      0.511157990      0.430000007    
        3804  -1.35849929       1.59708142      0.439999998    
        3806  -1.70899606      0.985404789      0.460000008    
        3808  -1.69732916       1.05334258      0.430000007    
        3810  -1.68135607       1.09051549      0.430000007    
        3812  -1.60089529       1.48301160      0.430000007    
        3814  -1.62814438       1.43371272      0.439999998    
        3816  -1.41417623       1.69555426      0.449999988    
        3818  -1.65230083       1.28075171      0.460000008    
        3820  -1.66493177       1.06412709      0.469999999    
        3822  -1.73211455       1.45879138      0.509999990    
        3824  -1.82542348       1.31250644      0.479999989    
        3826  -1.78300309       1.00257766      0.469999999    
        3828  -1.82199478      0.306570202      0.449999988    
        3830  -1.74624753      0.951602757      0.469999999    
        3832  -1.74023378       1.16367555      0.479999989    
        3834  -1.42983627       2.11063337      0.469999999    
        3836  -1.63147974       1.57802606      0.469999999    
        3838  -1.76666296       1.08585024      0.490000010    
        3840  -1.62454963      0.792449355      0.460000008    
        3842  -1.56536222       1.22357821      0.439999998    
        3844  -1.65349483      0.809074879      0.419999987    
        3846  -1.49930811       1.02367198      0.430000007    
        3848  -1.69267952      0.938240707      0.439999998    
        3850  -1.34359467       1.13770282      0.419999987    
        3852  -1.83978951      0.311157614      0.439999998    
        3854  -1.59998178       1.42137945      0.449999988    
        3856  -2.00475764      0.946301997      0.500000000    
        3858  -2.02723980      0.695937872      0.490000010    
        3860  -2.08497143      0.807711124      0.500000000    
        3862  -1.94481349       1.31928110      0.500000000    
        3864  -1.57400978       2.53045464      0.519999981    
        3866  -2.00204253      0.587264001      0.500000000    
        3868  -1.85794008       1.30352151      0.490000010    
        3870  -1.82585192       1.63713253      0.509999990    
        3872  -1.44863129       2.53838301      0.500000000    
        3874  -1.69106722       1.95910239      0.509999990    
        3876  -1.70714188       1.75008595      0.490000010    
        3878  -1.87722719       1.30786705      0.439999998    
        3880  -1.42443407       2.23986793      0.449999988    
        3882  -1.59553444       1.42590022      0.469999999    
        3884  -1.74269497       1.26745141      0.500000000    
        3886  -1.77356660       1.00228059      0.479999989    
        3888  -1.95385206      0.960617065      0.479999989    
        3890  -2.02355289       1.07284367      0.469999999    
        3892  -1.90387201       1.48996270      0.479999989    
        3894  -1.66691446       1.45041037      0.479999989    
        3896  -1.90973067      0.781805515      0.460000008    
        3898  -2.05286169      0.312473267      0.460000008    
        3900  -1.82854295       1.04081023      0.449999988    
        3902  -1.84253478      0.485167325      0.439999998    
        3904  -1.65183723      0.632897794      0.439999998    
        3906  -1.75290310      0.813109934      0.430000007    
        3908  -1.53408837       1.29771137      0.430000007    
        3910  -1.47848129       1.19996023      0.449999988    
        3912  -1.87262464      0.396391124      0.460000008    
        3914  -1.69266522      0.581816256      0.469999999    
        3916  -1.71145165      0.689278066      0.460000008    
        3918  -1.83271396      0.888043761      0.479999989    
        3920  -1.83686543       1.71268809      0.469999999    
        3922  -1.95558822       1.29097366      0.509999990    
        3924  -1.62476945       1.62625718      0.479999989    
        3926  -1.61017406       1.25945628      0.449999988    
        3928  -1.64466727      0.858925164      0.439999998    
        3930  -1.63807392       1.28983486      0.430000007    
        3932  -1.55007291       1.13285327      0.439999998    
        3934  -1.44392967       1.13163483      0.419999987    
        3936  -1.82226002      0.567752421      0.449999988    
        3938  -1.64533877      0.545130312      0.439999998    
        3940  -1.68077540      0.776324987      0.469999999    
        3942  -1.71770215      0.896793187      0.479999989    
        3944  -1.76925826      0.935196519      0.460000008    
        3946  -1.75299275      0.650557637      0.479999989    
        3948  -1.64945984       1.12151921      0.469999999    
        3950  -1.37040412       1.44348705      0.449999988    
        3952  -1.45306063       1.18836570      0.430000007    
        3954  -1.53351712       1.18965483      0.430000007    
        3956  -1.78211737      0.722467601      0.439999998    
        3958  -1.96110177      0.859934509      0.479999989    
        3960  -1.79357541      0.858108282      0.469999999    
        3962  -1.76621079      0.910293400      0.460000008    
        3964  -1.73301339      0.783153772      0.449999988    
        3966  -1.85180497      0.999099970      0.469999999    
        3968  -1.88615692       1.33161390      0.500000000    
        3970  -1.82188714       1.03291357      0.479999989    
        3972  -1.69132280       1.39860129      0.490000010    
        3974  -1.85657144      0.930262685      0.500000000    
        3976  -1.86509514       1.09186018      0.490000010    
        3978  -1.88190579      0.643551946      0.479999989    
        3980  -1.82416153      0.618574023      0.469999999    
        3982  -1.72180700       1.34804511      0.490000010    
        3984  -1.95400763       1.23573506      0.519999981    
        3986  -1.75570464       1.42667127      0.490000010    
        3988  -1.85966170       1.70306897      0.519999981    
        3990  -1.81693602      0.950652897      0.500000000    
        3992  -1.94364583      0.695652068      0.500000000    
        3994  -1.79097247       1.45659542      0.509999990    
        3996  -1.84738505       1.20279932      0.500000000    
        3998  -2.09086347       1.08859372      0.509999990    
        4000  -1.87524295      0.929107785      0.500000000    
        4002  -1.98072076      0.620827496      0.500000000    
        4004  -1.97270417      0.777256012      0.490000010    
        4006  -1.83889043       1.11468852      0.490000010    
        4008  -1.33364737       2.16738367      0.479999989    
        4010  -1.72857225       1.09945893      0.490000010    
        4012  -1.94807398      0.977501035      0.490000010    
        4014  -1.68089974       1.89018762      0.479999989    
        4016  -1.89668584      0.723479509      0.460000008    
        4018  -1.93884289      0.859866738      0.469999999    
        4020  -1.73268127      0.479261130      0.430000007    
        4022  -1.23605740       1.51941979      0.389999986    
        4024  -1.17344284      0.885747075      0.379999995    
        4026  -1.36453402      0.812987208      0.379999995    
        4028  -1.35764217      0.797006547      0.360000014    
        4030  -1.49378610      0.765065670      0.379999995    
        4032  -1.43894517       1.02984190      0.379999995    
        4034  -1.53320158      0.912774682      0.430000007    
        4036  -1.86436594      0.810384572      0.439999998    
        4038  -1.79558909      0.930262148      0.449999988    
        4040  -1.60340250       1.68404126      0.460000008    
        4042  -1.46921039      0.894676447      0.419999987    
        4044  -1.51897705       1.22214651      0.460000008    
        4046  -1.42064381       1.71267366      0.439999998    
        4048  -1.53450310       1.20803094      0.419999987    
        4050  -1.41971946       1.49021077      0.419999987    
        4052  -1.71331334       1.08062518      0.439999998    
        4054  -1.81644905      0.728112340      0.419999987    
        4056  -1.67305303      0.727996945      0.409999996    
        4058  -1.50135636       1.27489054      0.419999987    
        4060  -1.94191182      0.984300315      0.439999998    
        4062  -1.58075619      0.949234605      0.430000007    
        4064  -1.62024760      0.742574394      0.419999987    
        4066  -1.77383554      0.605478942      0.439999998    
        4068  -1.70440543      0.807009757      0.439999998    
        4070  -1.68979239      0.427421391      0.430000007    
        4072  -1.56949794      0.912889719      0.439999998    
        4074  -1.83684683      0.986463070      0.460000008    
        4076  -1.87817180       1.06260431      0.460000008    
        4078  -1.76821995      0.933854580      0.430000007    
        4080  -1.69461441       1.11362946      0.449999988    
        4082  -1.66665936       1.16373122      0.449999988    
        4084  -1.63979566      0.437739044      0.430000007    
        4086  -1.55157506       1.05659485      0.449999988    
        4088  -1.83980739      0.370828927      0.460000008    
        4090  -1.58151841      0.838270426      0.430000007    
        4092  -1.75592935      0.595837057      0.439999998    
        4094  -1.59962416      0.850172400      0.439999998    
        4096  -1.38318300       2.10430646      0.449999988    
        4098  -1.87987721      0.672604442      0.449999988    
        4100  -1.94193852      0.721029997      0.439999998    
        4102  -1.79633594      0.705951214      0.449999988    
        4104  -1.93846560      0.577277780      0.439999998    
        4106  -1.48938024       1.84049881      0.439999998    
        4108  -1.76059508       1.52353621      0.469999999    
        4110  -1.91389024      0.784638584      0.500000000    
        4112  -1.81838536      0.779807389      0.479999989    
        4114  -1.89228094      0.748339415      0.479999989    
        4116  -1.65986693       1.49248338      0.469999999    
        4118  -1.98274434       1.22777283      0.490000010    
        4120  -2.08125687      0.468089044      0.479999989    
        4122  -1.84442568      0.462668002      0.439999998    
        4124  -1.85018468      0.802190602      0.460000008    
        4126  -1.86695731       1.07851219      0.479999989    
        4128  -1.59458256      0.683534205      0.439999998    
        4130  -1.59061193      0.538589418      0.419999987    
        4132  -1.68659079      0.693914235      0.419999987    
        4134  -1.57636797      0.941131771      0.419999987    
        4136  -1.59983039      0.716163337      0.409999996    
        4138  -1.55783904      0.434546590      0.400000006    
        4140  -1.31624174       1.37859797      0.400000006    
        4142  -1.42624640      0.787939191      0.400000006    
        4144  -1.45679581       1.31182349      0.409999996    
        4146  -1.72081351       1.28419924      0.419999987    
        4148  -1.76509988      0.927458704      0.400000006    
        4150  -1.60771763       1.19447410      0.430000007    
        4152  -1.70836484      0.693951786      0.409999996    
        4154  -1.58047497       1.18560803      0.430000007    
        4156  -1.54555798      0.891560614      0.419999987    
        4158  -1.31938553       1.20885336      0.409999996    
        4160 -0.982585013      0.952521443      0.349999994    
        4162  -1.22811222       1.07277238      0.370000005    
        4164  -1.45922077      0.502049565      0.370000005    
        4166  -1.29066384       1.73066711      0.400000006    
        4168  -1.55357754       1.14986086      0.419999987    
        4170  -1.72598755      0.894027472      0.439999998    
        4172  -1.74299622      0.833038568      0.439999998    
        4174  -1.87717450      0.744791865      0.460000008    
        4176  -1.71513891      0.846591890      0.449999988    
        4178  -1.87994540      0.415641844      0.439999998    
        4180  -1.91028440      0.876376271      0.469999999    
        4182  -1.48580170       2.22224498      0.460000008    
        4184  -2.02387261      0.834950924      0.460000008    
        4186  -1.97288287      0.859072208      0.490000010    
        4188  -1.88356376       1.04767680      0.519999981    
        4190  -1.99168205      0.606796205      0.529999971    
        4192  -1.93041337       1.33270955      0.540000021    
        4194  -1.97256553       1.76360238      0.550000012    
        4196  -1.97978115       2.07650280      0.550000012    
        4198  -2.06110764       1.59483707      0.550000012    
        4200  -2.13718009       1.47914672      0.540000021    
        4202  -1.99749565       1.04813600      0.500000000    
        4204  -1.81634367       1.34459925      0.500000000    
        4206  -1.96254456       1.10649598      0.519999981    
        4208  -1.90953684       1.34445858      0.529999971    
        4210  -2.10412073      0.973407805      0.540000021    
        4212  -1.99202240       1.16970694      0.529999971    
        4214  -2.04023433       1.09193599      0.519999981    
        4216  -1.65713513       2.43347168      0.519999981    
        4218  -1.98707104       1.45907879      0.519999981    
        4220  -1.89083648       1.34085274      0.519999981    
        4222  -2.13089180      0.806693733      0.509999990    
        4224  -2.09711838      0.630337298      0.519999981    
        4226  -2.16658998      0.488786995      0.509999990    
        4228  -1.90321493       1.04106939      0.519999981    
        4230  -1.90744889       1.44378150      0.509999990    
        4232  -2.00990462       1.02755320      0.500000000    
        4234  -1.96084011      0.279741079      0.469999999    
        4236  -1.82106805      0.486804426      0.469999999    
        4238  -1.70593154      0.844337463      0.439999998    
        4240  -1.54613757       1.25035346      0.439999998    
        4242  -1.76199329       1.03059185      0.439999998    
        4244  -1.62703371      0.569105387      0.409999996    
        4246  -1.30009663       1.86081135      0.430000007    
        4248  -1.93763804      0.760474622      0.430000007    
        4250  -1.74999964      0.897315085      0.469999999    
        4252  -1.83438301       1.10632288      0.469999999    
        4254  -1.85197246      0.540647388      0.460000008    
        4256  -1.71295679       1.37253606      0.469999999    
        4258  -1.80616665       1.67664039      0.469999999    
        4260  -1.74909496       1.60092127      0.449999988    
        4262  -1.86431444      0.981799781      0.439999998    
        4264  -1.81774724      0.744753361      0.449999988    
        4266  -1.71625030       1.33449554      0.449999988    
        4268  -1.57371366       1.14042878      0.439999998    
        4270  -1.56144321       1.02438176      0.419999987    
        4272  -1.58077681      0.911059797      0.430000007    
        4274  -1.71751809      0.618530333      0.430000007    
        4276  -1.38251638       1.57540667      0.419999987    
        4278  -1.57842433      0.902553797      0.419999987    
        4280  -1.53552496      0.761906743      0.409999996    
        4282  -1.37563229       1.38258731      0.419999987    
        4284  -1.70103920      0.824736297      0.419999987    
        4286  -1.61070740       1.22641098      0.430000007    
        4288  -1.31609714       2.28014565      0.449999988    
        4290  -1.48065817       1.84860289      0.460000008    
        4292  -1.63674557       1.07153034      0.449999988    
        4294  -1.84466040      0.917890489      0.469999999    
        4296  -1.78705108      0.849313259      0.430000007    
        4298  -1.59805691      0.636429965      0.419999987    
        4300  -1.51293969       1.13985479      0.400000006    
        4302  -1.71158791      0.408491015      0.389999986    
        4304  -1.61335087      0.883832037      0.409999996    
        4306  -1.47168744       1.16468668      0.409999996    
        4308  -1.71684217      0.695205212      0.430000007    
        4310  -1.43859792       1.73167455      0.449999988    
        4312  -1.78936601      0.609614849      0.439999998    
        4314  -1.50273681       1.36133826      0.439999998    
        4316  -1.51196587       1.30112565      0.430000007    
        4318  -1.72799432      0.589098215      0.430000007    
        4320  -1.85213435      0.939854681      0.460000008    
        4322  -1.78060913      0.644479990      0.449999988    
        4324  -1.69401574      0.878791153      0.439999998    
        4326  -1.49960983       1.17329466      0.439999998    
        4328  -1.34422493       1.10790408      0.400000006    
        4330  -1.31410515      0.723363698      0.370000005    
        4332  -1.54719400      0.582266271      0.389999986    
        4334  -1.58692598      0.714598238      0.389999986    
        4336  -1.59549034      0.830832660      0.409999996    
        4338  -1.50597346      0.965509593      0.419999987    
        4340  -1.59973443      0.577786207      0.419999987    
        4342  -1.69771433      0.985630393      0.460000008    
        4344  -1.75411808       1.19950974      0.449999988    
        4346  -1.84581625      0.842444241      0.469999999    
        4348  -1.84418321      0.891488373      0.469999999    
        4350  -2.04011202       1.06949866      0.509999990    
        4352  -1.82581973       2.12706494      0.509999990    
        4354  -2.10246992       1.11714673      0.509999990    
        4356  -1.85089743       1.28402781      0.490000010    
        4358  -1.75431502       1.44741070      0.479999989    
        4360  -1.79879248       1.43415344      0.479999989    
        4362  -1.71013796       1.51478577      0.469999999    
        4364  -1.67042613       1.20707834      0.460000008    
        4366  -1.71065772      0.981706738      0.460000008    
        4368  -2.02216721      0.634755611      0.469999999    
        4370  -1.98660421      0.519638777      0.469999999    
        4372  -1.88706601      0.417897701      0.460000008    
        4374  -1.88348997      0.908686757      0.500000000    
        4376  -1.96134984       1.18373179      0.479999989    
        4378  -2.00652623       1.16357827      0.500000000    
        4380  -1.69286716       1.34564614      0.500000000    
        4382  -1.75877178       1.22337580      0.500000000    
        4384  -1.76450646       1.11690712      0.509999990    
        4386  -1.66170466       1.62711918      0.519999981    
        4388  -2.06474304      0.345672607      0.500000000    
        4390  -1.57916558       2.07721162      0.490000010    
        4392  -1.91663086      0.876200736      0.469999999    
        4394  -1.86261690       1.13856983      0.469999999    
        4396  -1.97473097      0.652025521      0.490000010    
        4398  -1.97917151      0.791835964      0.469999999    
        4400  -1.76321483       1.73044240      0.479999989    
        4402  -1.82014227       1.12628233      0.460000008    
        4404  -1.59298062       1.69195735      0.479999989    
        4406  -1.95427251       1.45777297      0.509999990    
        4408  -1.76202774       1.77516294      0.519999981    
        4410  -1.64959693       1.28249204      0.469999999    
        4412  -1.73291922       1.24047446      0.469999999    
        4414  -2.07210135      0.506971955      0.479999989    
        4416  -1.98916447      0.741132379      0.460000008    
        4418  -1.81943965      0.531368017      0.419999987    
        4420  -1.59860086      0.822129905      0.419999987    
        4422  -1.45667362      0.935973048      0.389999986    
        4424  -1.47719991      0.435924649      0.389999986    
        4426  -1.58088934      0.817192733      0.409999996    
        4428  -1.69733608      0.761594534      0.439999998    
        4430  -1.38963461       1.42444003      0.439999998    
        4432  -1.62415600       1.26239431      0.469999999    
        4434  -1.66774106       1.42785478      0.479999989    
        4436  -1.60785508       1.15348434      0.469999999    
        4438  -1.65485561      0.872406781      0.469999999    
        4440  -1.60629952       1.38374019      0.469999999    
        4442  -1.79398930       1.23425734      0.500000000    
        4444  -1.94603968      0.802547693      0.490000010    
        4446  -2.00090766      0.640291750      0.490000010    
        4448  -2.00843668      0.834780872      0.500000000    
        4450  -2.02109838       1.05309820      0.540000021    
        4452  -2.00822616      0.976024210      0.500000000    
        4454  -1.84254301       1.06338823      0.479999989    
        4456  -1.95199668      0.819650888      0.479999989    
        4458  -1.87085915       1.06043577      0.469999999    
        4460  -1.76592004       1.16943061      0.439999998    
        4462  -1.51888645      0.755518317      0.409999996    
        4464  -1.21354866       1.78927290      0.419999987    
        4466  -1.41750693      0.848232627      0.379999995    
        4468  -1.54677904      0.563468814      0.379999995    
        4470  -1.13509929      0.995379388      0.379999995    
        4472  -1.24586940       1.11188853      0.389999986    
        4474  -1.63878739      0.338303626      0.409999996    
        4476  -1.52908278      0.932371378      0.400000006    
        4478  -1.51968467      0.478059947      0.409999996    
        4480  -1.39949417       1.16312373      0.419999987    
        4482  -1.49123430      0.913513064      0.419999987    
        4484  -1.31726027       1.03581583      0.400000006    
        4486  -1.38301504      0.942003131      0.389999986    
        4488  -1.20856440      0.791315377      0.360000014    
        4490  -1.31988025      0.326575309      0.340000004    
        4492  -1.30842185      0.881338179      0.379999995    
        4494  -1.62681079      0.622001231      0.409999996    
        4496  -1.18636501       1.32889926      0.419999987    
        4498  -1.50375021      0.679036140      0.400000006    
        4500  -1.00866890       1.65151322      0.389999986    
        4502  -1.31134403      0.390484989      0.360000014    
        4504  -1.36695397      0.962754488      0.409999996    
        4506  -1.38561952       1.11544394      0.400000006    
        4508  -1.55694652      0.793465793      0.439999998    
        4510  -1.53983378       1.21541822      0.419999987    
        4512  -1.49486065       1.49223602      0.430000007    
        4514  -1.54493189       1.24807596      0.439999998    
        4516  -1.68271220       1.17382741      0.449999988    
        4518  -1.69987082       1.17518413      0.469999999    
        4520  -1.96757030       1.44622803      0.500000000    
        4522  -2.03691030       1.58977449      0.540000021    
        4524  -2.18914843       1.16682684      0.529999971    
        4526  -1.97557867       1.77141654      0.519999981    
        4528  -1.92961884       1.94619691      0.540000021    
        4530  -1.84836280       2.10546875      0.550000012    
        4532  -2.15128875       1.31546390      0.560000002    
        4534  -2.24952865      0.797762156      0.550000012    
        4536  -1.85742390       1.91411853      0.529999971    
        4538  -1.86827433       1.36561263      0.519999981    
        4540  -1.88524246      0.889380872      0.519999981    
        4542  -1.65935850       1.35493767      0.509999990    
        4544  -1.66007066      0.845687270      0.469999999    
        4546  -1.93417406      0.399031848      0.460000008    
        4548  -1.79296577      0.629021227      0.460000008    
        4550  -1.61331415      0.879209161      0.430000007    
        4552  -1.56258249       1.00844371      0.419999987    
        4554  -1.64878929       1.00115287      0.430000007    
        4556  -1.68320155       1.17342055      0.460000008    
        4558  -1.67708874       1.35654593      0.469999999    
        4560  -1.57910991      0.886918604      0.439999998    
        4562  -1.77199328      0.787161469      0.439999998    
        4564  -1.62455451       1.48143589      0.449999988    
        4566  -1.58308899       1.08952272      0.449999988    
        4568  -1.79353428      0.753996253      0.460000008    
        4570  -1.83368063      0.921515346      0.479999989    
        4572  -1.80659866       1.29502845      0.500000000    
        4574  -1.95478499       1.00129843      0.519999981    
        4576  -1.78203154       1.59471214      0.540000021    
        4578  -1.77230108       1.58774436      0.550000012    
        4580  -1.95353436       1.36403799      0.550000012    
        4582  -2.11969972      0.874364734      0.550000012    
        4584  -1.98349357       1.20423329      0.550000012    
        4586  -2.09817410      0.874688268      0.550000012    
        4588  -2.15205240       1.33528006      0.569999993    
        4590  -1.98889327       1.67075396      0.579999983    
        4592  -1.93825901       1.26713407      0.560000002    
        4594  -2.11754823       1.34341967      0.560000002    
        4596  -2.12581468      0.433010519      0.529999971    
        4598  -1.98148131       1.47230399      0.560000002    
        4600  -2.03088450       1.36401045      0.560000002    
        4602  -2.20960307      0.636897027      0.550000012    
        4604  -2.00288105       1.16897202      0.529999971    
        4606  -1.98969400      0.833135903      0.529999971    
        4608  -2.06930304      0.807047606      0.560000002    
        4610  -2.11843491       1.06645787      0.550000012    
        4612  -2.16122007       1.32987201      0.560000002    
        4614  -2.10631585      0.846228838      0.560000002    
        4616  -2.16323853       1.41054630      0.569999993    
        4618  -2.29937601      0.650734067      0.550000012    
        4620  -2.12341642       1.40606761      0.569999993    
        4622  -1.91080236       1.74288440      0.560000002    
        4624  -1.96258628       1.61386693      0.560000002    
        4626  -2.14028335       1.77852046      0.550000012    
        4628  -2.04197741       2.27279568      0.560000002    
        4630  -2.26817727      0.965225339      0.550000012    
        4632  -2.23236108       1.30957675      0.589999974    
        4634  -2.21655798       2.19015861      0.600000024    
        4636  -2.16381168       1.88327968      0.600000024    
        4638  -2.15137911       1.55813730      0.579999983    
        4640  -2.04302716      0.767763913      0.540000021    
        4642  -1.87199020       1.04181552      0.509999990    
        4644  -1.87340057       1.10208309      0.509999990    
        4646  -1.99524808       1.53019452      0.529999971    
        4648  -1.92807853       1.77334762      0.550000012    
        4650  -2.29142094      0.758446753      0.560000002    
        4652  -2.03883696       1.28152668      0.540000021    
        4654  -2.03658366       1.52851880      0.550000012    
        4656  -2.06687570       1.21004844      0.540000021    
        4658  -1.81227732       2.06205797      0.550000012    
        4660  -1.97979093       1.64581847      0.540000021    
        4662  -2.00189447       1.88991904      0.569999993    
        4664  -2.15164423       1.89580655      0.560000002    
        4666  -2.23045421       1.47063363      0.569999993    
        4668  -2.17788148       1.63350499      0.569999993    
        4670  -2.14349461       1.78173459      0.579999983    
        4672  -1.97789311       2.07758284      0.550000012    
        4674  -2.37643051      0.930433691      0.569999993    
        4676  -2.02988172       1.39225423      0.540000021    
        4678  -1.93907166       1.10560024      0.540000021    
        4680  -2.32473636      0.596006751      0.569999993    
        4682  -2.10324264       1.48305118      0.550000012    
        4684  -2.11235023      0.940656722      0.540000021    
        4686  -2.04515433       1.26864326      0.550000012    
        4688  -2.11188698       1.08610976      0.550000012    
        4690  -2.06136155       1.41288769      0.560000002    
        4692  -2.11115432       1.27311015      0.550000012    
        4694  -2.18374038       1.55265462      0.560000002    
        4696  -2.08440590       1.25798666      0.540000021    
        4698  -1.98770976       1.59871304      0.529999971    
        4700  -2.17455983       1.25518823      0.550000012    
        4702  -2.28561497       1.33216155      0.560000002    
        4704  -2.21367168      0.993701518      0.550000012    
        4706  -2.23801064      0.626809061      0.529999971    
        4708  -2.03717542       1.32842302      0.529999971    
        4710  -2.12246323       1.20246172      0.529999971    
        4712  -2.04364538       1.21753788      0.540000021    
        4714  -2.02129507       1.05818069      0.529999971    
        4716  -1.79336512       1.84427452      0.509999990    
        4718  -2.03457618       1.04244626      0.519999981    
        4720  -2.05256724       1.23199868      0.540000021    
        4722  -2.08686781       1.12609088      0.529999971    
        4724  -2.03045726       1.20402002      0.529999971    
        4726  -1.84489059       1.26480436      0.519999981    
        4728  -1.95785284       1.04558146      0.490000010    
        4730  -1.79566061       1.47715914      0.479999989    
        4732  -1.74388027       1.27488995      0.479999989    
        4734  -1.87223709       1.33266854      0.500000000    
        4736  -1.94157803      0.758309424      0.509999990    
        4738  -1.83297837       1.51583564      0.519999981    
        4740  -1.98138833      0.699114859      0.479999989    
        4742  -1.95948255      0.839719176      0.469999999    
        4744  -1.90949535      0.615681648      0.479999989    
        4746  -1.76405692       1.32327783      0.469999999    
        4748  -1.69961727       1.61610055      0.460000008    
        4750  -1.73202217       1.02608180      0.469999999    
        4752  -1.90121984      0.937736571      0.500000000    
        4754  -1.81239605       1.17375147      0.500000000    
        4756  -1.82378054       1.08612061      0.509999990    
        4758  -1.85166097      0.830283046      0.509999990    
        4760  -1.80266273      0.917056322      0.500000000    
        4762  -1.67050016       1.51983905      0.500000000    
        4764  -2.01157093      0.796621501      0.519999981    
        4766  -1.87429714       1.18047786      0.500000000    
        4768  -1.67078149       1.73934865      0.479999989    
        4770  -1.50942564       1.89572132      0.500000000    
        4772  -1.68969166       1.36222804      0.479999989    
        4774  -1.78025436      0.916344523      0.479999989    
        4776  -1.50434840       1.87218726      0.479999989    
        4778  -1.65182769       1.90630472      0.500000000    
        4780  -1.66710436       1.55994487      0.500000000    
        4782  -1.78990078      0.742400289      0.490000010    
        4784  -1.77495217       1.40408576      0.500000000    
        4786  -1.89160728       1.23478472      0.479999989    
        4788  -1.99239457      0.925715744      0.460000008    
        4790  -1.96770787       1.53303516      0.509999990    
        4792  -2.09942341      0.694934845      0.479999989    
        4794  -2.08290672      0.980282664      0.500000000    
        4796  -1.98804712       1.52665055      0.490000010    
        4798  -2.06044126       1.06387925      0.490000010    
        4800  -2.06441712      0.716945887      0.479999989    
        4802  -1.77034557       1.07835615      0.479999989    
        4804  -1.53092110       1.78027678      0.479999989    
        4806  -1.79095292       1.17898679      0.519999981    
        4808  -1.98671079       1.25431275      0.529999971    
        4810  -2.19501233      0.625672281      0.540000021    
        4812  -1.98550367       1.46110928      0.540000021    
        4814  -1.88384938       1.17227173      0.500000000    
        4816  -1.61433673       1.74942362      0.479999989    
        4818  -1.59458470       1.06575596      0.419999987    
        4820  -1.84015036      0.495783120      0.430000007    
        4822  -1.56964958       1.16348135      0.439999998    
        4824  -1.80733073      0.993526578      0.439999998    
        4826  -1.86609578      0.468123406      0.469999999    
        4828  -1.71982884      0.963902116      0.469999999    
        4830  -1.91373682      0.848242223      0.500000000    
        4832  -1.69575119       1.52782631      0.490000010    
        4834  -1.83354533       1.50160241      0.500000000    
        4836  -1.51183116       1.60437310      0.460000008    
        4838  -1.58367276       1.60997367      0.469999999    
        4840  -1.62693608       1.22993875      0.469999999    
        4842  -1.63412941      0.694192290      0.439999998    
        4844  -1.70663428      0.930209160      0.479999989    
        4846  -1.62082076       1.01770651      0.469999999    
        4848  -1.76243567       1.14714587      0.469999999    
        4850  -1.90387499       1.04736626      0.460000008    
        4852  -1.76437736       1.55327356      0.479999989    
        4854  -1.68159842       1.46388900      0.449999988    
        4856  -1.58963442       1.76161921      0.449999988    
        4858  -1.72968543       1.62976515      0.479999989    
        4860  -1.92224658      0.667378008      0.469999999    
        4862  -1.82723355      0.770266831      0.449999988    
        4864  -1.88683569      0.931422889      0.479999989    
        4866  -1.78887093       2.02870703      0.509999990    
        4868  -1.86940670       1.31093919      0.509999990    
        4870  -2.03672123      0.486813277      0.490000010    
        4872  -1.71269786       1.31276202      0.469999999    
        4874  -1.80899918      0.828732133      0.469999999    
        4876  -1.66117799       1.08783841      0.449999988    
        4878  -1.82345259      0.644919693      0.449999988    
        4880  -1.80455029      0.739139855      0.449999988    
        4882  -1.71607018       1.38352168      0.460000008    
        4884  -1.60078859       1.90430808      0.490000010    
        4886  -1.83513355       1.23013675      0.509999990    
        4888  -1.83802342      0.973055303      0.500000000    
        4890  -1.72182071       1.78318214      0.519999981    
        4892  -1.54786563       1.87619007      0.509999990    
        4894  -1.97313607       1.36797667      0.529999971    
        4896  -1.83277726       1.64077830      0.509999990    
        4898  -1.93531561       1.03004718      0.509999990    
        4900  -1.85571301      0.874515593      0.479999989    
        4902  -1.74861312       1.05208790      0.479999989    
        4904  -1.81817007       1.47585464      0.490000010    
        4906  -1.82602859      0.760214865      0.500000000    
        4908  -2.06298065      0.847631931      0.529999971    
        4910  -1.94952631       1.16997743      0.509999990    
        4912  -2.13075399      0.454303086      0.519999981    
        4914  -1.99196541       1.23949444      0.529999971    
        4916  -1.57656193       2.49452829      0.529999971    
        4918  -2.01069379       1.28963578      0.550000012    
        4920  -1.94362247       1.31545067      0.529999971    
        4922  -1.88599622       1.61167598      0.519999981    
        4924  -1.89103544       1.20538735      0.490000010    
        4926  -1.84396994       1.27988970      0.509999990    
        4928  -1.80730939       1.52256823      0.500000000    
        4930  -1.84505582       1.17745209      0.500000000    
        4932  -1.93930650      0.914435863      0.500000000    
        4934  -1.81914485      0.924589217      0.479999989    
        4936  -1.70268476       1.23759270      0.469999999    
        4938  -1.69341481       1.26250911      0.460000008    
        4940  -1.67957580       1.19002366      0.449999988    
        4942  -1.45546842       1.78599918      0.449999988    
        4944  -1.48262143       1.06122601      0.409999996    
        4946  -1.49700272      0.807425261      0.389999986    
        4948  -1.62559807      0.567359507      0.419999987    
        4950  -1.37269163      0.942681074      0.409999996    
        4952  -1.44861972      0.912538230      0.430000007    
        4954  -1.59240544      0.712861478      0.439999998    
        4956  -1.62058651       1.48580468      0.479999989    
        4958  -1.60892785      0.803864479      0.449999988    
        4960  -1.79091692      0.968323529      0.479999989    
        4962  -1.79821098      0.846670747      0.479999989    
        4964  -1.83550036      0.611596584      0.460000008    
        4966  -1.82589352      0.951344311      0.490000010    
        4968  -1.66984630       1.38002026      0.490000010    
        4970  -1.65015805       1.44899404      0.500000000    
        4972  -1.88266730      0.484383762      0.490000010    
        4974  -1.68912578       1.04122019      0.479999989    
        4976  -1.87717581      0.670434237      0.479999989    
        4978  -1.74996591      0.883324146      0.509999990    
        4980  -1.97466576       1.41261303      0.540000021    
        4982  -1.87163830       2.10339236      0.540000021    
        4984  -1.87296891       2.01892257      0.540000021    
        4986  -1.94787395       1.49128211      0.519999981    
        4988  -2.04100704      0.951394320      0.529999971    
        4990  -1.92006648       1.68574393      0.550000012    
        4992  -1.80328965       2.55750251      0.529999971    
        4994  -2.10120964       1.40173054      0.529999971    
        4996  -1.90031779       1.78332281      0.509999990    
        4998  -1.92030060       1.62326980      0.500000000    
        5000  -1.96172655       1.51550817      0.519999981    
        5002  -1.93911719       1.72281253      0.529999971    
        5004  -2.05928612      0.887573361      0.509999990    
        5006  -2.02762794      0.543348908      0.490000010    
        5008  -1.79625416       1.17233729      0.460000008    
        5010  -1.50298893       1.80613840      0.460000008    
        5012  -1.81097198       1.06771696      0.460000008    
        5014  -1.90458310       1.42850995      0.519999981    
        5016  -2.12967920      0.798653305      0.509999990    
        5018  -2.26567769       1.22541463      0.540000021    
        5020  -2.09194446       1.43323374      0.540000021    
        5022  -1.94946766       1.95841455      0.540000021    
        5024  -2.11133647       1.76364231      0.550000012    
        5026  -2.15678501       1.19226706      0.550000012    
        5028  -2.16589808       1.22772682      0.560000002    
        5030  -1.99368966      0.864238322      0.540000021    
        5032  -1.93548667       1.55015850      0.540000021    
        5034  -1.93832207      0.909548938      0.519999981    
        5036  -2.13679361       1.19781160      0.509999990    
        5038  -1.98247898       1.57550836      0.529999971    
        5040  -1.73531258       2.05615520      0.519999981    
        5042  -1.81845486       1.16250777      0.490000010    
        5044  -1.92138374       1.25776660      0.509999990    
        5046  -2.02703571      0.932626188      0.500000000    
        5048  -1.82200706      0.964472950      0.509999990    
        5050  -1.76986587       1.72023046      0.519999981    
        5052  -1.91496420       1.38503551      0.529999971    
        5054  -1.84536862       2.16760063      0.519999981    
        5056  -1.66680264       2.28189588      0.529999971    
        5058  -2.12416148      0.992175102      0.509999990    
        5060  -2.13977122      0.629601240      0.500000000    
        5062  -1.99590063       1.14431798      0.509999990    
        5064  -1.44534302       2.48336148      0.479999989    
        5066  -1.63030696       1.56902552      0.469999999    
        5068  -1.63040078       1.59005070      0.469999999    
        5070  -1.81701744       1.64760590      0.509999990    
        5072  -1.91408992       1.38454962      0.509999990    
        5074  -2.02251816      0.888894737      0.509999990    
        5076  -2.13761473      0.642118394      0.500000000    
        5078  -1.91564322       1.16362166      0.479999989    
        5080  -1.70732450       1.83760631      0.469999999    
        5082  -1.61835933       1.78993297      0.479999989    
        5084  -1.41936231       1.81111777      0.469999999    
        5086  -1.31863499       1.28178287      0.449999988    
        5088  -1.41848671      0.411911458      0.409999996    
        5090  -1.48407054      0.740211368      0.409999996    
        5092  -1.69646394      0.429486692      0.430000007    
        5094  -1.59949279       1.61232936      0.439999998    
        5096  -1.94414997      0.981450081      0.449999988    
        5098  -1.88470995       1.36394227      0.519999981    
        5100  -1.86950171       1.07313120      0.500000000    
        5102  -1.81474447       1.24940681      0.500000000    
        5104  -1.92470694       1.20941317      0.500000000    
        5106  -1.78698742      0.968368351      0.479999989    
        5108  -1.92657089      0.976388991      0.460000008    
        5110  -1.93616855       1.18179798      0.490000010    
        5112  -1.95788300       1.14708567      0.509999990    
        5114  -2.10391855       1.36106467      0.560000002    
        5116  -2.14626217      0.938857019      0.540000021    
        5118  -2.08107901       1.33290076      0.529999971    
        5120  -2.12785912      0.951467991      0.500000000    
        5122  -1.85613465       1.09000289      0.469999999    
        5124  -1.84731352      0.689405084      0.460000008    
        5126  -1.78355396       1.34031010      0.479999989    
        5128  -1.89773273       1.12555563      0.500000000    
        5130  -2.09705853      0.647583723      0.500000000    
        5132  -2.25261831      0.419645190      0.500000000    
        5134  -2.12442088      0.707927585      0.500000000    
        5136  -2.08541942      0.784262776      0.500000000    
        5138  -2.05945873       1.28523278      0.500000000    
        5140  -2.10705662       1.29673767      0.519999981    
        5142  -1.92223167       1.36601317      0.490000010    
        5144  -1.90302634       1.32619023      0.479999989    
        5146  -1.65017915       1.20168638      0.449999988    
        5148  -1.85286629      0.801777005      0.460000008    
        5150  -1.83298600       1.02255619      0.469999999    
        5152  -1.59373236       1.32291067      0.460000008    
        5154  -1.75519371      0.707621276      0.460000008    
        5156  -1.74805737      0.932180047      0.460000008    
        5158  -1.60129547       1.54842448      0.460000008    
        5160  -1.56457317       1.61648035      0.479999989    
        5162  -1.72889924       1.36788189      0.490000010    
        5164  -1.88363683      0.601768613      0.469999999    
        5166  -1.79549408       1.29410791      0.490000010    
        5168  -1.70542574       1.18929458      0.479999989    
        5170  -1.91001749       1.28808463      0.479999989    
        5172  -1.82262444       1.20665681      0.469999999    
        5174  -1.85472119      0.614055991      0.460000008    
        5176  -1.74986744      0.553133190      0.469999999    
        5178  -1.75524199      0.737623513      0.469999999    
        5180  -1.61680555      0.987778723      0.460000008    
        5182  -1.60272503      0.629221559      0.439999998    
        5184  -1.52524924      0.884096801      0.419999987    
        5186  -1.49662459      0.842163622      0.419999987    
        5188  -1.55135739      0.859566629      0.430000007    
        5190  -1.63619316      0.859565377      0.430000007    
        5192  -1.41069365       1.03250122      0.419999987    
        5194  -1.45132041      0.899237990      0.419999987    
        5196  -1.28439522       1.64948928      0.430000007    
        5198  -1.44324505      0.975330055      0.409999996    
        5200  -1.43912184      0.906032383      0.419999987    
        5202  -1.66621423       1.26829183      0.460000008    
        5204  -1.57791245       1.22362232      0.449999988    
        5206  -1.86037743      0.591981411      0.449999988    
        5208  -1.53594255       1.24585485      0.439999998    
        5210  -1.52831876       1.25025749      0.419999987    
        5212  -1.42878985      0.926961660      0.379999995    
        5214  -1.60509789      0.938029587      0.419999987    
        5216  -1.60091114      0.587092400      0.430000007    
        5218  -1.70399296      0.745034695      0.430000007    
        5220  -1.32082391       1.45593524      0.419999987    
        5222  -1.62082458      0.600403190      0.430000007    
        5224  -1.62651420      0.460986227      0.409999996    
        5226  -1.61286032      0.713013113      0.419999987    
        5228  -1.81350219      0.365873098      0.430000007    
        5230  -1.77393043      0.792595029      0.449999988    
        5232  -1.45590198      0.880775392      0.419999987    
        5234  -1.82182920      0.598819077      0.449999988    
        5236  -1.58513343      0.973942280      0.449999988    
        5238  -1.71328068      0.979580224      0.479999989    
        5240  -1.83481646       1.29342055      0.490000010    
        5242  -1.63525665       1.44230831      0.479999989    
        5244  -1.94097924      0.671729922      0.500000000    
        5246  -1.96719360      0.599750757      0.509999990    
        5248  -1.95193315       1.27551889      0.529999971    
        5250  -2.00180340       1.34905660      0.529999971    
        5252  -2.11958742      0.559208870      0.500000000    
        5254  -1.86455238       1.33475554      0.519999981    
        5256  -2.02762580      0.882688224      0.519999981    
        5258  -1.67466533       2.04267907      0.509999990    
        5260  -1.95708454       1.48762822      0.509999990    
        5262  -1.83119977       1.42196560      0.500000000    
        5264  -2.11181736       1.43535006      0.529999971    
        5266  -1.81774402       1.44257081      0.500000000    
        5268  -2.04674673      0.842265010      0.509999990    
        5270  -2.08877778      0.538910925      0.479999989    
        5272  -2.13675642      0.917639673      0.529999971    
        5274  -1.94832790       1.03808653      0.509999990    
        5276  -2.01168108      0.929311991      0.500000000    
        5278  -1.75212908       1.35888743      0.460000008    
        5280  -1.75654685       1.29013431      0.439999998    
        5282  -1.70959115       1.63252044      0.449999988    
        5284  -1.62163961      0.869092584      0.400000006    
        5286  -1.62194633      0.866483390      0.400000006    
        5288  -1.45631075      0.569846034      0.400000006    
        5290  -1.69471037      0.509473503      0.389999986    
        5292  -1.43354201      0.808273315      0.389999986    
        5294  -1.32274222      0.818592846      0.409999996    
        5296  -1.62353826      0.671135604      0.400000006    
        5298  -1.81465232      0.746625185      0.439999998    
        5300  -1.74179506      0.754921615      0.460000008    
        5302  -1.65789795       1.70355856      0.469999999    
        5304  -1.72283256       1.14084709      0.460000008    
        5306  -1.75838470      0.746014953      0.430000007    
        5308  -1.80528903      0.271159917      0.439999998    
        5310  -1.61748958      0.860610187      0.449999988    
        5312  -1.72312713      0.581248641      0.430000007    
        5314  -1.67874682      0.823936045      0.439999998    
        5316  -1.54531538       1.52607656      0.439999998    
        5318  -1.66730392      0.783947647      0.430000007    
        5320  -1.41256070      0.818316519      0.400000006    
        5322  -1.39622855      0.648821831      0.389999986    
        5324  -1.28302538      0.412436992      0.330000013    
        5326  -1.33676171      0.928779960      0.370000005    
        5328  -1.13128495       1.54309118      0.389999986    
        5330  -1.27236915      0.823726475      0.370000005    
        5332  -1.44178200      0.753389060      0.389999986    
        5334  -1.55724823      0.583382547      0.409999996    
        5336  -1.44392192       1.79872942      0.409999996    
        5338  -1.66161060      0.973885834      0.430000007    
        5340  -1.88341773      0.856722414      0.449999988    
        5342  -1.67496002      0.963549733      0.439999998    
        5344  -1.66035223       1.06636703      0.439999998    
        5346  -1.63585532       1.09851789      0.439999998    
        5348  -1.74519086      0.626137435      0.449999988    
        5350  -1.86379576      0.916521668      0.479999989    
        5352  -1.83370507      0.915297627      0.479999989    
        5354  -2.19105458      0.532459974      0.519999981    
        5356  -1.97877419      0.506198466      0.509999990    
        5358  -1.83363187       1.35451949      0.519999981    
        5360  -1.80344117       1.04384899      0.500000000    
        5362  -1.59335780       1.77370238      0.490000010    
        5364  -1.64614201       1.87432790      0.500000000    
        5366  -1.98621929       1.12394106      0.519999981    
        5368  -1.68455291       1.99376440      0.509999990    
        5370  -1.85920668       1.04677296      0.509999990    
        5372  -1.85190058       1.02647591      0.509999990    
        5374  -2.04885507      0.993465006      0.529999971    
        5376  -2.09638786       1.24175799      0.550000012    
        5378  -2.08446622       1.13799334      0.529999971    
        5380  -2.16836643      0.718185723      0.519999981    
        5382  -1.87508678       1.35091686      0.519999981    
        5384  -1.94402099      0.930305243      0.500000000    
        5386  -1.88187599      0.895385504      0.479999989    
        5388  -2.03505826      0.576322138      0.469999999    
        5390  -1.67244887       2.10561705      0.479999989    
        5392  -1.71580303       1.64455485      0.479999989    
        5394  -1.64960861       1.54881799      0.469999999    
        5396  -1.81256425       1.57289314      0.449999988    
        5398  -1.89466107       1.03019893      0.469999999    
        5400  -1.75834167       1.38664031      0.490000010    
        5402  -1.80886173       1.59811449      0.500000000    
        5404  -1.69050872       1.10815418      0.490000010    
        5406  -1.43261325       2.26805973      0.479999989    
        5408  -1.54242694       1.30169189      0.449999988    
        5410  -1.62399089      0.718017757      0.460000008    
        5412  -1.68711591       1.07197607      0.490000010    
        5414  -1.54682708       1.31533647      0.490000010    
        5416  -1.64823973       1.19746077      0.479999989    
        5418  -1.76100492       1.71487892      0.519999981    
        5420  -1.88775957       1.30902767      0.540000021    
        5422  -1.89292479       1.57867849      0.540000021    
        5424  -2.15913296       1.14340711      0.540000021    
        5426  -1.97030568       1.59738219      0.550000012    
        5428  -1.85195363       2.19967461      0.550000012    
        5430  -1.84107757       1.56021929      0.529999971    
        5432  -1.81733453       1.36952519      0.509999990    
        5434  -1.78395188       1.23896837      0.500000000    
        5436  -1.78161001       1.46607554      0.500000000    
        5438  -1.59540486       1.90171635      0.479999989    
        5440  -1.94167781      0.772940278      0.479999989    
        5442  -1.83561027       1.00887454      0.479999989    
        5444  -1.81221354      0.516453087      0.460000008    
        5446  -1.66939664       1.07057524      0.479999989    
        5448  -1.77151573      0.527577996      0.449999988    
        5450  -1.74912953      0.905338109      0.449999988    
        5452  -1.75357711      0.984591186      0.479999989    
        5454  -1.66298842       1.34501791      0.490000010    
        5456  -1.35108721       2.17403293      0.500000000    
        5458  -1.39900088       1.97407162      0.439999998    
        5460  -1.55913889      0.841854572      0.419999987    
        5462  -1.58653915      0.630726993      0.400000006    
        5464  -1.49073148      0.637338758      0.400000006    
        5466  -1.12825525       1.12845623      0.389999986    
        5468  -1.48363316      0.408878416      0.389999986    
        5470  -1.58559275      0.521994829      0.409999996    
        5472  -1.71653676      0.344214171      0.409999996    
        5474  -1.55485737      0.737161696      0.409999996    
        5476  -1.59419513      0.690197945      0.389999986    
        5478  -1.50825465      0.709405422      0.400000006    
        5480  -1.30173206       1.30574954      0.409999996    
        5482  -1.27994406       1.55593979      0.419999987    
        5484  -1.44033742       1.56629086      0.430000007    
        5486  -1.54644442       1.07879436      0.430000007    
        5488  -1.45188284       1.20718217      0.409999996    
        5490  -1.45623970      0.938866317      0.400000006    
        5492  -1.46584928      0.772807717      0.409999996    
        5494  -1.64198375      0.624768078      0.430000007    
        5496  -1.76180005      0.704053104      0.449999988    
        5498  -1.71275806      0.996197641      0.479999989    
        5500  -1.71215498      0.937582850      0.479999989    
        5502  -1.62939131       1.27234197      0.479999989    
        5504  -1.66995609      0.921685159      0.469999999    
        5506  -1.62775683      0.954902053      0.460000008    
        5508  -1.66480219       1.57005703      0.479999989    
        5510  -1.53143966       1.19060910      0.449999988    
        5512  -1.39325833       1.47004044      0.419999987    
        5514  -1.52377212       1.02043092      0.419999987    
        5516  -1.56914449       1.14822888      0.460000008    
        5518  -1.82739449      0.767905772      0.479999989    
        5520  -1.76717925       1.78411710      0.500000000    
        5522  -2.13675141      0.793203056      0.519999981    
        5524  -2.09225988       1.42455399      0.540000021    
        5526  -2.03776455       1.06256270      0.529999971    
        5528  -2.06264639      0.658604980      0.519999981    
        5530  -1.86980534       1.29427946      0.509999990    
        5532  -1.76402950       1.41918743      0.479999989    
        5534  -1.63725233       1.60822034      0.460000008    
        5536  -1.83252704      0.808598638      0.460000008    
        5538  -1.77862906      0.755711854      0.460000008    
        5540  -1.75757670       1.11817014      0.469999999    
        5542  -1.70850790       1.81913078      0.500000000    
        5544  -1.54045093       1.68245912      0.460000008    
        5546  -1.65416169       1.11041808      0.479999989    
        5548  -1.79413593      0.915480196      0.479999989    
        5550  -1.71466839      0.832392395      0.460000008    
        5552  -1.71031845       1.13946831      0.490000010    
        5554  -1.77594972      0.726533532      0.500000000    
        5556  -1.71595299       1.54500067      0.479999989    
        5558  -1.61075819       2.34795499      0.490000010    
        5560  -1.66291392       1.14769006      0.439999998    
        5562  -1.58147931       1.25958550      0.430000007    
        5564  -1.23675847       2.18185043      0.419999987    
        5566  -1.28486061       1.73956048      0.439999998    
        5568  -1.65073836       1.38373828      0.469999999    
        5570  -1.67408288       1.12523830      0.460000008    
        5572  -1.76746988      0.709279180      0.449999988    
        5574  -1.54972100       1.25737011      0.469999999    
        5576  -1.45262718       1.16029084      0.460000008    
        5578  -1.70273471      0.884485424      0.469999999    
        5580  -1.82563818      0.744350851      0.479999989    
        5582  -1.87487006      0.746108353      0.469999999    
        5584  -1.87588322      0.734913111      0.490000010    
        5586  -1.76199245       1.08939707      0.460000008    
        5588  -1.63170743      0.998790503      0.439999998    
        5590  -1.61644268      0.965592384      0.419999987    
        5592  -1.69649470      0.762180209      0.439999998    
        5594  -1.84192550      0.446756184      0.449999988    
        5596  -1.96364343      0.351499110      0.479999989    
        5598  -2.01256967      0.601839542      0.469999999    
        5600  -1.85717106      0.917675674      0.479999989    
        5602  -1.79117799       1.25349796      0.490000010    
        5604  -1.71338940       1.30444813      0.500000000    
        5606  -2.07090259      0.946965337      0.500000000    
        5608  -1.68938756       1.75145793      0.490000010    
        5610  -1.72967768       1.62233138      0.490000010    
        5612  -1.96935058      0.922186375      0.500000000    
        5614  -1.75228846       1.95503581      0.500000000    
        5616  -1.56659341       1.70627487      0.479999989    
        5618  -1.75440705       1.46174598      0.500000000    
        5620  -2.06609821       1.47252989      0.500000000    
        5622  -1.70759428       1.46738732      0.469999999    
        5624  -1.81144750       1.13417840      0.479999989    
        5626  -1.68840718       1.30007470      0.479999989    
        5628  -1.36929083       1.68304670      0.449999988    
        5630  -2.04821634      0.918329120      0.469999999    
        5632  -1.95463336      0.648223698      0.460000008    
        5634  -1.53956509       1.00865281      0.439999998    
        5636  -1.53824592       1.05318522      0.430000007    
        5638  -1.50819981       1.07508075      0.439999998    
        5640  -1.22064650       1.39930058      0.419999987    
        5642  -1.60132301      0.952468395      0.449999988    
        5644  -1.80152106       1.14150310      0.469999999    
        5646  -1.66856635       1.35258150      0.460000008    
        5648  -1.94903827      0.766545415      0.469999999    
        5650  -1.87636578      0.535965383      0.469999999    
        5652  -1.82233500      0.467306435      0.449999988    
        5654  -1.89309406      0.397083461      0.449999988    
        5656  -1.75853300       1.01160264      0.449999988    
        5658  -1.74720347      0.544364333      0.430000007    
        5660  -1.64493203      0.857565820      0.419999987    
        5662  -1.65814161      0.482844442      0.430000007    
        5664  -1.52450287       1.34252417      0.430000007    
        5666  -1.68332779      0.575511575      0.409999996    
        5668  -1.48811626      0.739656270      0.370000005    
        5670  -1.42827845      0.921957254      0.379999995    
        5672  -1.65973687      0.502717435      0.409999996    
        5674  -1.75071740      0.760228276      0.430000007    
        5676  -1.32613945       1.38988793      0.419999987    
        5678  -1.44946635      0.919425845      0.409999996    
        5680  -1.50881636      0.994821548      0.419999987    
        5682  -1.64108849      0.384674013      0.400000006    
        5684  -1.54657710       1.18859279      0.430000007    
        5686  -1.62638426      0.594338596      0.430000007    
        5688  -1.55017579       1.41552269      0.469999999    
        5690  -1.48639405       2.03479910      0.490000010    
        5692  -1.98195481      0.805704474      0.500000000    
        5694  -1.97630870       1.11144972      0.479999989    
        5696  -1.84919858       1.01743209      0.479999989    
        5698  -1.84201837      0.812433481      0.469999999    
        5700  -1.69358993       1.23744524      0.449999988    
        5702  -1.74732184       1.14221525      0.490000010    
        5704  -1.85970676       1.11884630      0.479999989    
        5706  -1.87943470       1.06841636      0.479999989    
        5708  -1.89555693       1.18598270      0.500000000    
        5710  -1.84794915      0.989001215      0.469999999    
        5712  -1.70391142       1.12500155      0.449999988    
        5714  -1.66189790      0.931317806      0.430000007    
        5716  -1.77421963      0.864394903      0.430000007    
        5718  -1.65048850      0.862931252      0.419999987    
        5720  -1.72339344       1.00913811      0.419999987    
        5722  -1.55901527       1.30357325      0.439999998    
        5724  -1.52712679       1.25173593      0.449999988    
        5726  -1.73597324      0.577163160      0.449999988    
        5728  -1.70393515      0.704343915      0.419999987    
        5730  -1.80076540      0.370993376      0.449999988    
        5732  -1.68831396      0.425965697      0.419999987    
        5734  -1.63903046      0.680322289      0.409999996    
        5736  -1.44896448       1.42150080      0.409999996    
        5738  -1.53055739       1.34336448      0.439999998    
        5740  -1.85920668      0.808686137      0.460000008    
        5742  -1.83459806      0.672528028      0.460000008    
        5744  -1.52881718      0.603566110      0.409999996    
        5746  -1.50433075      0.658117533      0.400000006    
        5748  -1.42968893      0.573972881      0.379999995    
        5750  -1.04849076      0.854155302      0.330000013    
        5752  -1.13591480      0.506944001      0.349999994    
        5754  -1.20155787      0.336325109      0.340000004    
        5756  -1.30167258      0.591246307      0.370000005    
        5758  -1.62151432      0.791512251      0.419999987    
        5760  -1.71032929       1.10814071      0.449999988    
        5762  -1.46768129       1.32252240      0.430000007    
        5764  -1.17537999       1.18679380      0.400000006    
        5766  -1.56040847      0.780611634      0.430000007    
        5768  -1.43656921       1.14206338      0.419999987    
        5770  -1.64733207      0.998389781      0.449999988    
        5772  -1.76336622      0.897786796      0.439999998    
        5774  -1.81625009       1.11313069      0.439999998    
        5776  -1.81808972       1.09227240      0.430000007    
        5778  -1.97336996       1.11574662      0.449999988    
        5780  -1.85704148       1.42511678      0.490000010    
        5782  -1.92028260      0.916424990      0.469999999    
        5784  -1.72792685       1.25799918      0.449999988    
        5786  -1.47995901       1.28133452      0.439999998    
        5788  -1.32720506       1.26927018      0.419999987    
        5790  -1.20357049       2.12147379      0.439999998    
        5792  -1.48204100       1.35090184      0.430000007    
        5794  -1.74197829      0.907460332      0.430000007    
        5796  -1.83523881      0.699779868      0.469999999    
        5798  -1.66757393      0.867843807      0.449999988    
        5800  -1.59180140       1.08236134      0.479999989    
        5802  -1.59496617      0.965099692      0.460000008    
        5804  -1.78304386      0.754442275      0.469999999    
        5806  -1.54939592      0.840111077      0.409999996    
        5808  -1.60359955      0.775473237      0.419999987    
        5810  -1.70609272      0.459276527      0.430000007    
        5812  -1.55895340      0.911385059      0.409999996    
        5814  -1.53616440       1.32459140      0.419999987    
        5816  -1.58667588      0.885409415      0.419999987    
        5818  -1.34348691       1.10208452      0.400000006    
        5820  -1.45490193      0.996457696      0.439999998    
        5822  -1.85092747      0.307593137      0.430000007    
        5824  -1.63666487      0.829142153      0.419999987    
        5826  -1.70145571      0.995236218      0.430000007    
        5828  -1.44052267       1.50595677      0.439999998    
        5830  -1.65809560      0.616935492      0.419999987    
        5832  -1.45038509       1.12812841      0.419999987    
        5834  -1.44507122       1.32647717      0.409999996    
        5836  -1.40623415      0.948068619      0.409999996    
        5838  -1.81001925      0.723480582      0.430000007    
        5840  -1.68267071       1.02057612      0.449999988    
        5842  -1.81609273      0.423133671      0.449999988    
        5844  -1.65668404       1.15987384      0.460000008    
        5846  -1.55950105       1.49061775      0.449999988    
        5848  -1.77865839      0.698381960      0.460000008    
        5850  -1.92209661       1.06173790      0.479999989    
        5852  -1.86924684      0.777331114      0.479999989    
        5854  -1.72260404      0.923758626      0.469999999    
        5856  -1.78856730      0.544161558      0.469999999    
        5858  -1.85390496      0.843399167      0.460000008    
        5860  -1.85051799      0.964955628      0.479999989    
        5862  -2.10057521      0.735803366      0.509999990    
        5864  -1.91599464       1.04980755      0.490000010    
        5866  -1.62269175       2.26941395      0.509999990    
        5868  -1.57769787       1.53198516      0.449999988    
        5870  -1.70437026       1.24223351      0.430000007    
        5872  -1.70825505      0.754772902      0.419999987    
        5874  -1.80561757      0.498086691      0.409999996    
        5876  -1.67617965       1.25915956      0.419999987    
        5878  -1.67911744       1.45386267      0.449999988    
        5880  -1.61405325       1.22215235      0.449999988    
        5882  -1.69962215      0.987286210      0.460000008    
        5884  -1.80349362       1.34663451      0.479999989    
        5886  -1.71802115       1.13100743      0.479999989    
        5888  -1.69536722      0.949993551      0.460000008    
        5890  -1.57189238      0.549215734      0.409999996    
        5892  -1.40340590      0.572051167      0.409999996    
        5894  -1.28556168      0.880494833      0.379999995    
        5896  -1.19662774       1.03185523      0.379999995    
        5898  -1.37967122      0.592975378      0.389999986    
        5900  -1.50159717      0.462212116      0.400000006    
        5902  -1.22144067       1.32185829      0.370000005    
        5904  -1.44377816       1.09124851      0.379999995    
        5906  -1.37312448       1.25014889      0.400000006    
        5908  -1.45754910      0.705824196      0.389999986    
        5910  -1.51754558       1.35773730      0.419999987    
        5912  -1.48038220       1.28282011      0.419999987    
        5914  -1.51279759       1.08447134      0.430000007    
        5916  -1.76445830      0.680043221      0.460000008    
        5918  -1.55115259       1.49453342      0.479999989    
        5920  -1.65270352       1.18829346      0.479999989    
        5922  -1.79297221       1.44515395      0.479999989    
        5924  -1.73601651       1.27615225      0.469999999    
        5926  -1.75546217      0.754940450      0.469999999    
        5928  -1.65238404       1.34717691      0.469999999    
        5930  -2.04827142      0.722923040      0.479999989    
        5932  -1.98976648      0.966175795      0.479999989    
        5934  -1.98645926      0.695397854      0.490000010    
        5936  -2.09820962      0.668085396      0.479999989    
        5938  -1.86495399       1.31931996      0.469999999    
        5940  -1.91247380       1.27545488      0.479999989    
        5942  -1.70017123       2.18031359      0.490000010    
        5944  -1.75664556       1.55523717      0.490000010    
        5946  -1.91602051       1.35311401      0.490000010    
        5948  -1.89173639      0.811413229      0.449999988    
        5950  -1.76777220       1.29143679      0.439999998    
        5952  -1.17655516       1.43630517      0.409999996    
        5954  -1.61983836      0.360775262      0.439999998    
        5956  -1.73173523       1.00043845      0.449999988    
        5958  -1.62168622       1.16373134      0.469999999    
        5960  -1.68761218       1.23330474      0.460000008    
        5962  -1.97814333      0.505899906      0.469999999    
        5964  -1.78070879      0.911854744      0.479999989    
        5966  -1.81195009       1.01203334      0.490000010    
        5968  -1.58529508       1.62587607      0.490000010    
        5970  -1.74521959      0.926958144      0.479999989    
        5972  -1.58713186       1.29843903      0.479999989    
        5974  -1.80445778      0.750116229      0.479999989    
        5976  -1.76978445       1.03086674      0.469999999    
        5978  -1.70125496      0.942781508      0.469999999    
        5980  -1.78164876       1.20686769      0.490000010    
        5982  -1.98640049      0.693156302      0.479999989    
        5984  -1.75172031       1.34218276      0.469999999    
        5986  -2.01594496      0.689613879      0.490000010    
        5988  -1.87610459      0.759660900      0.500000000    
        5990  -1.72239721       1.06061828      0.469999999    
        5992  -1.68498802       1.52511120      0.500000000    
        5994  -1.80866432       1.07532477      0.490000010    
        5996  -1.83938074      0.487256140      0.449999988    
        5998  -1.64212132       1.24884295      0.430000007    
        6000  -1.59964156       1.90052879      0.430000007    
        6002  -1.65577233       1.63340223      0.460000008    
        6004  -1.54499638       1.31045580      0.449999988    
        6006  -1.66106808      0.816487432      0.460000008    
        6008  -1.86665952      0.937200129      0.500000000    
        6010  -1.83919322       1.06729031      0.500000000    
        6012  -1.87712467      0.807808936      0.490000010    
        6014  -1.69706774      0.831622303      0.479999989    
        6016  -1.46131527      0.865657926      0.419999987    
        6018  -1.47272909      0.871198237      0.409999996    
        6020  -1.44970727      0.960710645      0.409999996    
        6022  -1.51066256       1.02365506      0.439999998    
        6024  -1.74764955       1.08469009      0.469999999    
        6026  -1.53813887       1.29480350      0.449999988    
        6028  -1.84130871       1.03345537      0.460000008    
        6030  -1.99769247      0.339212447      0.460000008    
        6032  -1.90837026      0.652046263      0.460000008    
        6034  -1.67688751       1.35291278      0.449999988    
        6036  -1.64149642       1.58372962      0.439999998    
        6038  -1.83941793      0.936496556      0.439999998    
        6040  -1.66762209       1.02002513      0.439999998    
        6042  -1.69115531       1.20195115      0.430000007    
        6044  -1.68143606      0.999315083      0.430000007    
        6046  -1.42420232       1.79965365      0.449999988    
        6048  -1.81977749      0.755866170      0.469999999    
        6050  -1.99246502       1.19953489      0.529999971    
        6052  -1.88259459       1.64141345      0.529999971    
        6054  -2.08362222      0.680884480      0.519999981    
        6056  -2.03427124      0.559456766      0.509999990    
        6058  -2.01243877      0.671425700      0.500000000    
        6060  -1.94728076       1.15740347      0.490000010    
        6062  -1.96759701       1.12151432      0.500000000    
        6064  -1.71002042       1.20461249      0.509999990    
        6066  -1.99017763      0.642676353      0.509999990    
        6068  -1.97593343       1.57330716      0.509999990    
        6070  -1.95616841       1.38638997      0.500000000    
        6072  -2.08786440      0.395874828      0.469999999    
        6074  -1.87970006       1.02350771      0.469999999    
        6076  -1.76843977       1.88762617      0.490000010    
        6078  -1.89696074       1.30039883      0.509999990    
        6080  -1.77152920       1.63002622      0.500000000    
        6082  -1.89948094       1.11826634      0.500000000    
        6084  -1.91286373      0.942208409      0.509999990    
        6086  -1.98295701      0.622827947      0.509999990    
        6088  -1.80230236       1.80664587      0.519999981    
        6090  -2.02211308       1.04353559      0.519999981    
        6092  -2.01426029       1.23270261      0.509999990    
        6094  -1.49887371       2.38396025      0.519999981    
        6096  -2.08991003       1.34123933      0.529999971    
        6098  -2.09666348       1.44998229      0.519999981    
        6100  -2.04663873      0.684658885      0.509999990    
        6102  -1.91755021       1.39364636      0.540000021    
        6104  -2.02359200       1.36527681      0.550000012    
        6106  -2.11082077       1.27776766      0.550000012    
        6108  -1.95940065       2.01063275      0.529999971    
        6110  -2.13088870       1.31922114      0.519999981    
        6112  -1.88501287       1.18416941      0.500000000    
        6114  -1.92354727       1.55633438      0.490000010    
        6116  -1.96300769      0.972848892      0.519999981    
        6118  -1.86207879      0.489608109      0.500000000    
        6120  -2.08706331      0.688397467      0.509999990    
        6122  -1.92748463       1.35366654      0.519999981    
        6124  -2.14307284       1.06988096      0.540000021    
        6126  -1.94478118       2.24622774      0.560000002    
        6128  -2.16757536       1.30051053      0.560000002    
        6130  -2.15401530       1.49949241      0.550000012    
        6132  -2.04217362       1.71962643      0.540000021    
        6134  -2.18865824      0.925546229      0.509999990    
        6136  -1.94620371       1.40228260      0.519999981    
        6138  -1.90755141       1.30240774      0.519999981    
        6140  -1.93061328       1.88825262      0.540000021    
        6142  -2.05717516       1.21649909      0.529999971    
        6144  -1.89430559       1.53375697      0.509999990    
        6146  -1.97716630       1.79893076      0.540000021    
        6148  -1.89621234       2.12563419      0.550000012    
        6150  -2.18621278       1.21809721      0.550000012    
        6152  -1.95517945       1.87463200      0.540000021    
        6154  -2.18399501       1.19449425      0.550000012    
        6156  -2.17699718       1.00656557      0.529999971    
        6158  -2.14942408      0.488660395      0.519999981    
        6160  -2.02812862       1.32628894      0.519999981    
        6162  -2.15780377      0.901747465      0.519999981    
        6164  -2.15196919      0.441124976      0.529999971    
        6166  -1.90300512       1.73869300      0.529999971    
        6168  -1.88500428       1.86578918      0.540000021    
        6170  -1.91103029       1.59729087      0.529999971    
        6172  -1.97464192       1.58070087      0.519999981    
        6174  -2.04292154      0.972302258      0.519999981    
        6176  -1.81419861       1.34517348      0.500000000    
        6178  -1.83242965       1.41584671      0.509999990    
        6180  -1.86272097       1.40162146      0.500000000    
        6182  -1.68661976       1.60522866      0.490000010    
        6184  -1.73190272       1.67429280      0.479999989    
        6186  -2.02221441      0.740815938      0.479999989    
        6188  -2.01980424       1.02346480      0.479999989    
        6190  -1.99746275      0.856395185      0.479999989    
        6192  -1.54763138       1.44124711      0.469999999    
        6194  -1.55163419       1.49495780      0.469999999    
        6196  -1.75015426       1.21277463      0.500000000    
        6198  -1.89884031       1.46530700      0.509999990    
        6200  -1.97292650      0.789245725      0.490000010    
        6202  -1.96251690      0.963815093      0.469999999    
        6204  -1.93509841       1.01745117      0.479999989    
        6206  -1.83780611       1.03475904      0.469999999    
        6208  -1.87188637      0.866033018      0.469999999    
        6210  -1.65303409       1.41978538      0.469999999    
        6212  -1.33413327       2.23731494      0.430000007    
        6214  -1.81683397       1.26990092      0.439999998    
        6216  -1.63090110       1.49057543      0.430000007    
        6218  -1.41787636       1.72816646      0.409999996    
        6220  -1.50388646       1.09699631      0.389999986    
        6222  -1.51485205      0.804562151      0.379999995    
        6224  -1.70086718      0.455511272      0.409999996    
        6226  -1.60827756      0.918660462      0.430000007    
        6228  -1.71905732      0.991156101      0.460000008    
        6230  -1.69643784      0.534500837      0.449999988    
        6232  -1.75011086      0.820613265      0.460000008    
        6234  -1.69039524       1.67346454      0.490000010    
        6236  -1.97153664      0.738557816      0.500000000    
        6238  -1.97401607      0.566901743      0.490000010    
        6240  -1.71019912       1.14948738      0.479999989    
        6242  -1.79942739       1.92923474      0.490000010    
        6244  -1.86157393      0.866346002      0.460000008    
        6246  -1.96050370      0.825827897      0.479999989    
        6248  -1.97022164       1.43951857      0.490000010    
        6250  -1.74700987       1.76458979      0.479999989    
        6252  -1.77699685      0.933389425      0.439999998    
        6254  -1.89161456      0.959222138      0.479999989    
        6256  -1.92947078      0.821106374      0.469999999    
        6258  -1.99140906       1.03324878      0.490000010    
        6260  -1.77585721       2.10252905      0.500000000    
        6262  -1.71043909       2.08152390      0.479999989    
        6264  -2.00451088       1.11066449      0.490000010    
        6266  -1.84832203      0.872923911      0.469999999    
        6268  -1.53858590       1.79564726      0.460000008    
        6270  -1.65882993       1.04730916      0.439999998    
        6272  -1.71676672      0.774479091      0.439999998    
        6274  -1.79751897      0.782137036      0.469999999    
        6276  -1.79141700       1.20553565      0.490000010    
        6278  -1.73899400       1.39899886      0.479999989    
        6280  -1.64014769       2.31441569      0.490000010    
        6282  -1.49467015       2.32812834      0.479999989    
        6284  -1.64168167       1.25717580      0.479999989    
        6286  -1.58618832       1.31773543      0.490000010    
        6288  -1.70865488      0.670680344      0.460000008    
        6290  -1.39385283       1.36719811      0.439999998    
        6292  -1.60129201      0.624633968      0.430000007    
        6294  -1.34256530       1.44633019      0.439999998    
        6296  -1.44837415       1.07022226      0.430000007    
        6298  -1.71293592      0.801971138      0.439999998    
        6300  -1.67441332      0.491017461      0.439999998    
        6302  -1.47655857       1.44741118      0.460000008    
        6304  -1.85864460       1.19570446      0.490000010    
        6306  -1.93061399       1.01546550      0.479999989    
        6308  -1.93511772      0.717326522      0.509999990    
        6310  -1.85012853       1.39713204      0.509999990    
        6312  -2.00913882       1.39724553      0.529999971    
        6314  -1.82350588       2.03025270      0.540000021    
        6316  -2.05469298       1.33356154      0.529999971    
        6318  -2.04486346       1.10772014      0.540000021    
        6320  -2.21635342       1.19779503      0.560000002    
        6322  -2.27448487      0.723960280      0.560000002    
        6324  -2.03536034       1.33027077      0.560000002    
        6326  -2.15187907      0.702541769      0.550000012    
        6328  -2.15964913       1.14565015      0.529999971    
        6330  -2.05973840       1.51998436      0.540000021    
        6332  -2.23070526      0.890616715      0.540000021    
        6334  -2.24359727       1.08095670      0.540000021    
        6336  -2.16321683      0.987159550      0.540000021    
        6338  -2.23872542      0.661111116      0.540000021    
        6340  -2.21057343      0.487202048      0.529999971    
        6342  -2.07631826       1.14677203      0.550000012    
        6344  -1.93209958       1.66194260      0.569999993    
        6346  -2.16803980       1.14743173      0.579999983    
        6348  -2.19870996       1.06353569      0.579999983    
        6350  -2.35008240       1.20346856      0.579999983    
        6352  -2.38598943       1.29707026      0.569999993    
        6354  -2.16415286       2.03231120      0.589999974    
        6356  -2.22188020       1.77366412      0.579999983    
        6358  -2.18776369       1.17677736      0.579999983    
        6360  -2.22860813       1.17330086      0.560000002    
        6362  -2.13868690       1.49077880      0.560000002    
        6364  -2.08452511       1.63220954      0.569999993    
        6366  -2.07942128       1.53762960      0.560000002    
        6368  -2.20323014       2.43792105      0.600000024    
        6370  -2.27877331       2.31460619      0.600000024    
        6372  -2.40314126       2.03531504      0.620000005    
        6374  -2.06029630       3.23048878      0.600000024    
        6376  -2.25114393       1.87359202      0.589999974    
        6378  -2.34105682       1.96402383      0.579999983    
        6380  -2.39576244       2.12956285      0.610000014    
        6382  -2.42981911       2.14125013      0.589999974    
        6384  -2.20399022       2.18832374      0.579999983    
        6386  -2.66290045       1.16928697      0.600000024    
        6388  -2.49437857       1.53805041      0.620000005    
        6390  -2.50652099       1.28689909      0.610000014    
        6392  -2.30983806       1.56276417      0.579999983    
        6394  -2.28181410       2.00967789      0.569999993    
        6396  -2.19514394       1.62250972      0.579999983    
        6398  -2.23803329       1.43902028      0.589999974    
        6400  -2.34643316       1.70136201      0.600000024    
        6402  -2.37580538       1.23299921      0.589999974    
        6404  -2.05743647       2.03978705      0.569999993    
        6406  -1.90721703       2.55471873      0.560000002    
        6408  -1.68154204       2.11516070      0.529999971    
        6410  -1.91315031       1.96950960      0.540000021    
        6412  -1.97689164      0.737702191      0.500000000    
        6414  -1.80608404       1.48383939      0.509999990    
        6416  -1.66562581       1.95765805      0.490000010    
        6418  -1.66576469       1.85555065      0.500000000    
        6420  -2.06482553       1.71042240      0.529999971    
        6422  -1.88786566       1.94986582      0.540000021    
        6424  -1.63495803       1.79101515      0.500000000    
        6426  -1.75998151       1.30287731      0.479999989    
        6428  -1.73737240      0.973390877      0.469999999    
        6430  -1.68911946       1.12313974      0.460000008    
        6432  -1.87836969      0.628132701      0.490000010    
        6434  -1.67590702       1.56074357      0.500000000    
        6436  -1.73356998       1.61311305      0.490000010    
        6438  -1.78455281       1.22651684      0.500000000    
        6440  -2.06274319       1.21952415      0.519999981    
        6442  -2.06074119      0.883585751      0.509999990    
        6444  -1.83143079      0.928618848      0.490000010    
        6446  -2.02435374      0.640759468      0.479999989    
        6448  -1.99275291      0.860092580      0.500000000    
        6450  -2.07178473      0.589542449      0.509999990    
        6452  -1.93180358      0.952560663      0.509999990    
        6454  -2.18259025      0.576077461      0.509999990    
        6456  -2.23064256      0.872435868      0.509999990    
        6458  -2.09764409       1.73743999      0.509999990    
        6460  -2.24721909       1.39162803      0.540000021    
        6462  -1.92469907       1.45626104      0.509999990    
        6464  -1.77502179       1.57015252      0.500000000    
        6466  -1.78463972       1.44599128      0.500000000    
        6468  -1.92966652       1.68878520      0.509999990    
        6470  -1.89799488       1.27062225      0.509999990    
        6472  -1.43289340       2.82789564      0.529999971    
        6474  -2.00761867       1.76911676      0.550000012    
        6476  -2.07095766       1.53152800      0.550000012    
        6478  -2.07740831       1.23533392      0.550000012    
        6480  -2.28273630      0.938659728      0.560000002    
        6482  -2.31388116       1.61190283      0.589999974    
        6484  -2.33480859       1.64521885      0.610000014    
        6486  -2.25732994       1.26506138      0.600000024    
        6488  -1.92669749       1.89087689      0.579999983    
        6490  -1.82137871       2.27181149      0.560000002    
        6492  -1.80183589       2.38221240      0.550000012    
        6494  -2.11686850       1.18898869      0.529999971    
        6496  -1.97265399       1.69391906      0.509999990    
        6498  -1.90698195      0.934329569      0.490000010    
        6500  -1.98611701       1.06096876      0.500000000    
        6502  -1.58793449       1.69733918      0.469999999    
        6504  -1.77844942       1.38456547      0.479999989    
        6506  -1.84045112      0.795230269      0.469999999    
        6508  -1.90103483       1.33759403      0.500000000    
        6510  -2.05419540       1.29324734      0.509999990    
        6512  -2.05423832       1.12957478      0.500000000    
        6514  -1.79148746       1.26028478      0.519999981    
        6516  -2.02973247       1.12880862      0.519999981    
        6518  -1.95838809       1.21070504      0.500000000    
        6520  -1.75307775       1.09832811      0.460000008    
        6522  -1.41355145       1.65614593      0.439999998    
        6524  -1.57191825       1.09911847      0.430000007    
        6526  -1.53963983       1.04405141      0.449999988    
        6528  -1.55846000       1.50025380      0.479999989    
        6530  -1.42813039       1.38768792      0.449999988    
        6532  -1.53447402      0.645634830      0.419999987    
        6534  -1.68417358      0.773685694      0.439999998    
        6536  -1.66742611       1.24368131      0.490000010    
        6538  -1.93613803      0.449185848      0.490000010    
        6540  -1.78118503      0.972285688      0.479999989    
        6542  -1.75739229      0.822004139      0.490000010    
        6544  -1.86943722      0.999594808      0.490000010    
        6546  -1.81361318       1.29152787      0.490000010    
        6548  -2.02479196      0.371298581      0.490000010    
        6550  -1.74786413       1.35600936      0.469999999    
        6552  -1.80483329      0.726459742      0.460000008    
        6554  -1.47557628       1.23146093      0.439999998    
        6556  -1.56258821      0.898616433      0.430000007    
        6558  -1.23306334       1.44321322      0.389999986    
        6560  -1.51023638       1.08361137      0.379999995    
        6562  -1.37466013       1.04260838      0.389999986    
        6564  -1.42765450       1.29199016      0.400000006    
        6566  -1.40417683       1.46913099      0.389999986    
        6568  -1.53204179       1.03533459      0.409999996    
        6570  -1.62730265      0.578524351      0.419999987    
        6572  -1.34471381       1.70992351      0.439999998    
        6574  -1.38029468       1.25286078      0.419999987    
        6576  -1.78421783      0.596434057      0.430000007    
        6578  -1.47371173       1.41517508      0.449999988    
        6580  -1.62959707       1.14230752      0.469999999    
        6582  -1.67213762      0.952599764      0.460000008    
        6584  -1.70262480      0.557458520      0.439999998    
        6586  -1.35818458       1.43899059      0.439999998    
        6588  -1.32898593       2.90410328      0.469999999    
        6590  -1.76327074       1.44501293      0.469999999    
        6592  -1.87515926       1.24785483      0.479999989    
        6594  -1.90925336       1.57101548      0.500000000    
        6596  -1.86863267       1.33436191      0.490000010    
        6598  -1.91788208      0.628994882      0.490000010    
        6600  -1.95610166       1.15120447      0.519999981    
        6602  -1.98939359      0.622058630      0.500000000    
        6604  -1.90360522      0.701299012      0.490000010    
        6606  -1.86633039      0.682878971      0.500000000    
        6608  -1.82319641       1.54625535      0.519999981    
        6610  -1.88821900       1.02352202      0.490000010    
        6612  -1.96623218      0.933289051      0.500000000    
        6614  -1.98166800      0.659580886      0.500000000    
        6616  -1.83298302       1.34374142      0.490000010    
        6618  -1.66924489       1.58702898      0.469999999    
        6620  -1.74185455      0.900099397      0.469999999    
        6622  -1.68927777       1.17704403      0.449999988    
        6624  -1.89340150      0.787972510      0.460000008    
        6626  -1.85915148      0.993077695      0.490000010    
        6628  -1.69602466      0.838732004      0.439999998    
        6630  -1.54006076       1.53122747      0.439999998    
        6632  -1.73685694      0.943110883      0.449999988    
        6634  -1.58662307       1.85803258      0.460000008    
        6636  -1.77862668      0.692529142      0.449999988    
        6638  -1.60722899       1.19860172      0.460000008    
        6640  -1.75312459       1.21444952      0.460000008    
        6642  -1.86359024      0.916232109      0.449999988    
        6644  -1.57325888      0.969891906      0.449999988    
        6646  -1.81955040      0.420072973      0.449999988    
        6648  -1.56055045       1.34994769      0.430000007    
        6650  -1.80581701      0.862186015      0.439999998    
        6652  -1.68785322       1.03334928      0.439999998    
        6654  -1.60212100       1.29870307      0.430000007    
        6656  -1.58004248      0.845091879      0.409999996    
        6658  -1.64329350       1.11319304      0.409999996    
        6660  -1.74078691      0.768504262      0.439999998    
        6662  -1.59688842       1.16996133      0.439999998    
        6664  -1.81831980      0.727334917      0.469999999    
        6666  -1.84757328       1.10030091      0.469999999    
        6668  -1.92892253      0.923053682      0.490000010    
        6670  -1.79832566      0.775873899      0.469999999    
        6672  -1.61714923      0.711579204      0.449999988    
        6674  -1.68866873       1.25531733      0.479999989    
        6676  -1.70817256       1.32933092      0.479999989    
        6678  -1.96452856      0.786404550      0.469999999    
        6680  -1.85363436       1.24272513      0.469999999    
        6682  -1.64567769       1.41017973      0.460000008    
        6684  -2.06506443      0.977642775      0.500000000    
        6686  -1.73704863       1.60089672      0.460000008    
        6688  -1.67481124       1.00245059      0.469999999    
        6690  -1.70247054       1.48569214      0.490000010    
        6692  -2.02029252      0.626327276      0.490000010    
        6694  -2.14074612       1.49694729      0.529999971    
        6696  -1.99171436       1.82029700      0.550000012    
        6698  -2.14564276       1.29827285      0.550000012    
        6700  -1.89601207       2.17461801      0.540000021    
        6702  -2.12489033      0.920377314      0.529999971    
        6704  -2.05786848       1.24551439      0.540000021    
        6706  -2.16035295      0.942282557      0.540000021    
        6708  -2.27841330      0.661977112      0.519999981    
        6710  -1.93264222       1.43845773      0.519999981    
        6712  -1.80074322       1.44276702      0.469999999    
        6714  -1.75144768       1.45475447      0.469999999    
        6716  -1.86297894      0.893303454      0.460000008    
        6718  -1.86328340      0.823645413      0.439999998    
        6720  -1.68645990      0.561756790      0.439999998    
        6722  -1.81094289      0.366744727      0.439999998    
        6724  -1.73082972      0.803746939      0.419999987    
        6726  -1.67470455      0.864255190      0.430000007    
        6728  -1.64807141      0.385290474      0.430000007    
        6730  -1.30307674       1.22916305      0.419999987    
        6732  -1.47525346      0.700431108      0.409999996    
        6734  -1.52990079       1.00892258      0.409999996    
        6736  -1.35731137       1.40857553      0.409999996    
        6738  -1.48575890       1.08673871      0.409999996    
        6740  -1.17263889       1.63494444      0.400000006    
        6742  -1.43898296       1.27542448      0.409999996    
        6744  -1.89142764      0.595446944      0.449999988    
        6746  -1.49568915       1.16418266      0.400000006    
        6748  -1.52273893      0.755155504      0.400000006    
        6750  -1.60342348      0.885244906      0.419999987    
        6752  -1.52054703      0.887620747      0.389999986    
        6754  -1.44869983      0.894144773      0.370000005    
        6756  -1.43578947      0.933585763      0.400000006    
        6758  -1.40244472       1.06706548      0.409999996    
        6760  -1.68514037      0.598012269      0.439999998    
        6762  -1.44537938       1.71004939      0.430000007    
        6764  -1.58532667       1.82674742      0.449999988    
        6766  -1.78398895       1.18236065      0.460000008    
        6768  -1.78341758       1.26363206      0.449999988    
        6770  -2.08275867       1.04917073      0.469999999    
        6772  -1.88776696       1.53044796      0.479999989    
        6774  -1.91349518       1.03321946      0.479999989    
        6776  -1.94826734       1.30123878      0.500000000    
        6778  -1.95892918      0.867585659      0.479999989    
        6780  -2.10632277      0.995886147      0.500000000    
        6782  -2.12152314       1.13805783      0.519999981    
        6784  -1.89662421       1.50879240      0.519999981    
        6786  -1.93959916      0.984135509      0.500000000    
        6788  -1.79261506       1.24648678      0.519999981    
        6790  -2.01196194       1.17283022      0.519999981    
        6792  -1.89969230       1.24996436      0.519999981    
        6794  -1.72353399       1.78757024      0.490000010    
        6796  -1.64228415       1.73208034      0.479999989    
        6798  -1.83473873       1.22418272      0.490000010    
        6800  -1.92840886       1.02228272      0.509999990    
        6802  -2.07068658       1.03483462      0.529999971    
        6804  -2.10916162       1.81906867      0.550000012    
        6806  -2.18571377       1.36671138      0.519999981    
        6808  -1.87364709       1.51645422      0.479999989    
        6810  -2.02609324      0.847249568      0.500000000    
        6812  -2.05407071      0.752463102      0.529999971    
        6814  -2.01631784       1.22074842      0.550000012    
        6816  -2.10923505       1.40490186      0.560000002    
        6818  -2.22274733       1.45262802      0.589999974    
        6820  -2.28066063       1.22978055      0.569999993    
        6822  -2.20615554       1.35600042      0.560000002    
        6824  -2.26928020      0.880045176      0.550000012    
        6826  -1.91888118       1.62627959      0.550000012    
        6828  -2.21749377       1.36888587      0.529999971    
        6830  -2.23425460      0.786899745      0.519999981    
        6832  -2.14482522       1.04248095      0.509999990    
        6834  -1.90842283       1.46890795      0.509999990    
        6836  -2.07286596      0.614248037      0.479999989    
        6838  -1.84641004       1.28431094      0.479999989    
        6840  -1.97849739       1.02930391      0.500000000    
        6842  -1.89566052      0.818056822      0.490000010    
        6844  -1.87811589      0.923736870      0.479999989    
        6846  -1.81538618       1.19105589      0.490000010    
        6848  -1.56690538       1.67123449      0.500000000    
        6850  -1.78769100      0.864488423      0.479999989    
        6852  -1.76269317      0.883616209      0.469999999    
        6854  -1.85813653      0.770150244      0.469999999    
        6856  -1.99482203      0.556040585      0.469999999    
        6858  -1.81495464      0.842044830      0.469999999    
        6860  -1.69379544      0.898464441      0.460000008    
        6862  -1.68897498      0.938041508      0.449999988    
        6864  -1.75682366      0.929522038      0.460000008    
        6866  -1.36480892       1.28451180      0.409999996    
        6868  -1.69254017      0.384188145      0.389999986    
        6870  -1.49141359      0.937151551      0.409999996    
        6872  -1.46220195      0.268344194      0.379999995    
        6874  -1.28372347      0.687133908      0.370000005    
        6876  -1.36871934      0.760363579      0.389999986    
        6878  -1.44786334      0.713590622      0.400000006    
        6880  -1.61627746      0.856208324      0.430000007    
        6882  -1.79978561      0.455585331      0.419999987    
        6884  -1.60354459      0.947142363      0.460000008    
        6886  -1.47601032      0.907984912      0.439999998    
        6888  -1.71037304       1.11581659      0.449999988    
        6890  -1.82745671      0.811460972      0.460000008    
        6892  -1.81365395      0.874852359      0.460000008    
        6894  -1.71238017       1.15323091      0.449999988    
        6896  -1.83542943      0.868319929      0.439999998    
        6898  -1.68844426       1.82328272      0.460000008    
        6900  -1.48888862       1.65411627      0.439999998    
        6902  -1.58695638       1.84666932      0.460000008    
        6904  -1.33031142       2.19165587      0.469999999    
        6906  -1.72638178      0.886842608      0.479999989    
        6908  -1.72790909       1.30513251      0.509999990    
        6910  -2.09732985      0.555124402      0.490000010    
        6912  -1.79005694      0.700299323      0.460000008    
        6914  -1.65294516      0.989717841      0.449999988    
        6916  -1.87051594      0.385453105      0.439999998    
        6918  -1.83647752       1.11729228      0.439999998    
        6920  -1.70804358      0.936134100      0.430000007    
        6922  -1.80203688       1.00151491      0.460000008    
        6924  -1.53124404       1.51421654      0.469999999    
        6926  -1.57803822       1.64155960      0.460000008    
        6928  -1.59159911      0.931351006      0.439999998    
        6930  -1.44848359      0.891903937      0.379999995    
        6932  -1.41348302      0.674627542      0.360000014    
        6934  -1.31108725       1.24990427      0.360000014    
        6936  -1.56129956       1.07204068      0.389999986    
        6938  -1.46454740      0.640622616      0.360000014    
        6940  -1.41902936      0.609829009      0.370000005    
        6942  -1.34420824       1.08534455      0.379999995    
        6944  -1.19405818       1.58871114      0.400000006    
        6946  -1.61264288      0.907888532      0.389999986    
        6948  -1.56942785       1.83130014      0.419999987    
        6950  -1.47714996       1.23967957      0.400000006    
        6952  -1.38459420      0.667124093      0.370000005    
        6954  -1.23582959       1.09150803      0.370000005    
        6956  -1.07874024      0.935106277      0.360000014    
        6958  -1.20651698      0.643622339      0.349999994    
        6960  -1.16200006      0.782719254      0.340000004    
        6962  -1.70967436      0.972789586      0.419999987    
        6964  -1.72307253      0.670513272      0.409999996    
        6966  -1.97252810      0.272159427      0.449999988    
        6968  -1.69864452      0.965674996      0.469999999    
        6970  -1.69010317      0.894696712      0.460000008    
        6972  -1.59283698       1.44265378      0.460000008    
        6974  -1.76260567      0.919521809      0.430000007    
        6976  -1.38833618       1.22900975      0.430000007    
        6978  -1.51225257      0.662332296      0.430000007    
        6980  -1.52441585      0.824600518      0.409999996    
        6982  -1.74702764      0.628915071      0.419999987    
        6984  -1.24277270       1.51121771      0.419999987    
        6986  -1.32957625       1.25959766      0.430000007    
        6988  -1.48588657      0.578443289      0.409999996    
        6990  -1.41311288       1.19775665      0.409999996    
        6992  -1.60640132       1.13534534      0.449999988    
        6994  -1.61916029       1.03264213      0.419999987    
        6996  -1.65288210      0.634473920      0.439999998    
        6998  -1.66670930      0.628195822      0.430000007    
        7000  -1.72160852       1.19582868      0.439999998    
        7002  -1.58204842       1.54463077      0.430000007    
        7004  -1.47870266       1.39449894      0.460000008    
        7006  -1.13858497       2.13438940      0.430000007    
        7008  -1.24718988      0.711540759      0.370000005    
        7010  -1.33322406      0.533673584      0.360000014    
        7012  -1.29978609      0.771777272      0.360000014    
        7014  -1.40201461      0.880389273      0.400000006    
        7016  -1.49211025      0.535856605      0.419999987    
        7018  -1.76229382      0.580129325      0.449999988    
        7020  -1.48472798      0.740215898      0.400000006    
        7022  -1.66309023      0.512805998      0.409999996    
        7024  -1.39997745      0.675634325      0.409999996    
        7026  -1.34648585      0.977967203      0.389999986    
        7028  -1.41241229      0.504432201      0.360000014    
        7030  -1.32658911      0.636190176      0.379999995    
        7032  -1.52983057      0.709690690      0.389999986    
        7034  -1.42465568      0.834730148      0.379999995    
        7036  -1.45968831      0.653321326      0.400000006    
        7038  -1.33281815      0.729460180      0.409999996    
        7040  -1.33169079      0.905232131      0.400000006    
        7042  -1.54894447      0.675914824      0.389999986    
        7044  -1.37393391       1.02953327      0.389999986    
        7046  -1.53679919      0.861389995      0.389999986    
        7048  -1.60400248      0.488441139      0.389999986    
        7050  -1.19765460      0.939621150      0.389999986    
        7052  -1.34193182       1.38396287      0.389999986    
        7054  -1.48216558      0.513084292      0.379999995    
        7056  -1.34979534      0.706419170      0.379999995    
        7058  -1.28355932      0.494672090      0.360000014    
        7060  -1.16423070      0.945266962      0.349999994    
        7062 -0.602587163       1.74822104      0.340000004    
        7064  -1.54153228      0.370928764      0.360000014    
        7066  -1.58212018      0.265006125      0.360000014    
        7068  -1.41228116       1.04755139      0.370000005    
        7070  -1.27400672       1.15553343      0.389999986    
        7072  -1.24409020       1.02404439      0.389999986    
        7074  -1.46484733      0.858362138      0.400000006    
        7076  -1.54864514      0.561492085      0.419999987    
        7078  -1.40555966      0.731747687      0.400000006    
        7080  -1.52695501      0.403602362      0.400000006    
        7082  -1.40586090       1.32547402      0.419999987    
        7084  -1.38386655       1.20807385      0.409999996    
        7086  -1.52145624      0.997664571      0.409999996    
        7088  -1.63547516      0.821408510      0.400000006    
        7090  -1.45907068      0.831347704      0.379999995    
        7092  -1.54365528      0.767278135      0.370000005    
        7094  -1.49555206       1.18464434      0.439999998    
        7096  -1.77958822      0.765729964      0.419999987    
        7098  -1.69434416       1.08215201      0.409999996    
        7100  -1.81921184      0.344722867      0.409999996    
        7102  -1.42706275      0.801912367      0.379999995    
        7104  -1.34622252       1.10697103      0.370000005    
        7106  -1.30087209      0.999582767      0.389999986    
        7108  -1.49666703       1.42582476      0.439999998    
        7110  -1.27107072       1.84618914      0.409999996    
        7112  -1.74074304      0.923569262      0.419999987    
        7114  -1.79515910      0.900801420      0.419999987    
        7116  -1.68559158       1.36681020      0.419999987    
        7118  -1.57356453       1.79030406      0.430000007    
        7120  -1.71052539      0.425620317      0.400000006    
        7122  -1.83867681      0.418350637      0.430000007    
        7124  -1.72421587      0.699959099      0.460000008    
        7126  -1.76122963      0.488961637      0.469999999    
        7128  -1.72832668      0.645231366      0.460000008    
        7130  -1.61294258       1.53012240      0.469999999    
        7132  -1.78858280      0.733883917      0.449999988    
        7134  -1.84574282      0.509786427      0.460000008    
        7136  -1.93241417      0.500670850      0.430000007    
        7138  -1.74092031      0.958001196      0.430000007    
        7140  -1.71966732       1.11325955      0.430000007    
        7142  -1.58776736       1.73051250      0.430000007    
        7144  -1.62462747       1.11321306      0.439999998    
        7146  -1.80900812      0.413727462      0.419999987    
        7148  -1.97714674      0.515514910      0.439999998    
        7150  -1.65993571       1.06441784      0.409999996    
        7152  -1.43104482       1.34173381      0.419999987    
        7154  -1.57302332      0.919466555      0.409999996    
        7156  -1.35559285       2.52858639      0.449999988    
        7158  -1.60716915       1.40171301      0.439999998    
        7160  -1.67081857      0.796221495      0.430000007    
        7162  -1.39332223       1.01668620      0.400000006    
        7164  -1.51428521      0.831876636      0.389999986    
        7166  -1.66201830      0.893008828      0.419999987    
        7168  -1.73284912      0.609866023      0.419999987    
        7170  -1.76197100      0.998423815      0.430000007    
        7172  -1.50301373       1.27571177      0.430000007    
        7174  -1.58651757      0.953948021      0.409999996    
        7176  -1.39713371       1.16911638      0.389999986    
        7178  -1.49472773      0.527932405      0.379999995    
        7180  -1.39969504      0.994105458      0.400000006    
        7182  -1.58188713      0.596744657      0.400000006    
        7184  -1.53284204      0.756489158      0.400000006    
        7186  -1.41873276      0.923541367      0.400000006    
        7188  -1.33174121      0.618369043      0.360000014    
        7190  -1.06238174      0.768269420      0.330000013    
        7192  -1.37053525      0.406402200      0.379999995    
        7194  -1.62331903      0.285574466      0.400000006    
        7196  -1.34632599       1.03119433      0.379999995    
        7198  -1.36480963      0.855913222      0.370000005    
        7200  -1.69379306      0.364437044      0.389999986    
        7202  -1.57504201      0.680859864      0.409999996    
        7204  -1.61171973       1.14310896      0.430000007    
        7206  -1.60528255      0.975609481      0.430000007    
        7208  -1.72659659      0.677467883      0.430000007    
        7210  -1.70703375      0.820389628      0.430000007    
        7212  -1.64474821      0.978666186      0.419999987    
        7214  -1.52861738      0.884928226      0.400000006    
        7216  -1.31858313       1.33566523      0.400000006    
        7218  -1.60061598      0.526259899      0.409999996    
        7220  -1.63013983      0.483245343      0.400000006    
        7222  -1.53729463      0.780430377      0.409999996    
        7224  -1.46601069      0.968818724      0.409999996    
        7226  -1.58363092      0.740933716      0.409999996    
        7228  -1.09245408       1.75318837      0.400000006    
        7230  -1.62781179      0.558184326      0.439999998    
        7232  -1.62751698      0.404802591      0.409999996    
        7234  -1.43245900      0.887882769      0.400000006    
        7236  -1.60812521      0.439410388      0.389999986    
        7238  -1.53820014      0.712466180      0.419999987    
        7240  -1.61480212       1.02691185      0.439999998    
        7242  -1.47416830       1.16213787      0.430000007    
        7244  -1.64157367      0.746953309      0.430000007    
        7246  -1.32994664       1.01223242      0.419999987    
        7248  -1.43480825      0.996136129      0.430000007    
        7250  -1.44909096      0.914639950      0.430000007    
        7252  -1.52902710      0.413364768      0.400000006    
        7254  -1.34764719       1.18203318      0.419999987    
        7256  -1.35811329       1.11291599      0.419999987    
        7258  -1.44375587      0.958464921      0.409999996    
        7260  -1.47562194       1.14626598      0.409999996    
        7262  -1.66174722      0.654172182      0.430000007    
        7264  -1.70397282      0.520759940      0.439999998    
        7266  -1.70285761       1.53036869      0.460000008    
        7268  -1.70848382       1.11447918      0.490000010    
        7270  -1.70893145       1.44924653      0.490000010    
        7272  -2.06100082      0.639758527      0.529999971    
        7274  -2.08885098       1.07628751      0.540000021    
        7276  -1.85334849      0.828326762      0.469999999    
        7278  -1.74508154       1.82051229      0.469999999    
        7280  -1.85468900       1.60618865      0.460000008    
        7282  -2.00381494       1.03320050      0.469999999    
        7284  -1.98234367       1.25033259      0.479999989    
        7286  -1.92645693       1.22757626      0.449999988    
        7288  -1.82491219       1.67037702      0.469999999    
        7290  -1.82069194       1.16065896      0.479999989    
        7292  -1.83067870      0.819556653      0.460000008    
        7294  -1.42491424       1.84980583      0.449999988    
        7296  -1.89696658      0.890435934      0.469999999    
        7298  -1.73320782       1.40743148      0.479999989    
        7300  -1.93835187       1.01112413      0.479999989    
        7302  -1.73895574      0.812256694      0.460000008    
        7304  -1.79462016      0.718783021      0.460000008    
        7306  -1.46614242       1.32011712      0.449999988    
        7308  -1.52687514       1.09573507      0.430000007    
        7310  -1.43967211       1.59917700      0.449999988    
        7312  -1.75823617      0.570911109      0.449999988    
        7314  -1.60330987       1.13841689      0.430000007    
        7316  -1.61477768      0.835805655      0.419999987    
        7318  -1.82194722      0.622480214      0.430000007    
        7320  -1.81520796      0.769214094      0.460000008    
        7322  -1.55014694       1.33888328      0.479999989    
        7324  -2.06014538      0.816091835      0.490000010    
        7326  -1.86885452       1.12282741      0.500000000    
        7328  -1.59673500       2.05251145      0.509999990    
        7330  -1.74011695       1.74152529      0.500000000    
        7332  -1.91525900       1.13664913      0.469999999    
        7334  -2.00950980      0.990262926      0.490000010    
        7336  -1.88415432       1.78697085      0.509999990    
        7338  -1.88360322       1.60502052      0.509999990    
        7340  -1.79407406       1.64101064      0.479999989    
        7342  -1.89405942       1.51326561      0.469999999    
        7344  -1.88357830      0.942462325      0.460000008    
        7346  -1.80060518       1.32405508      0.469999999    
        7348  -1.87579155      0.675975561      0.460000008    
        7350  -1.18600094       2.24272203      0.430000007    
        7352  -1.72678232      0.732333004      0.419999987    
        7354  -1.69635367      0.293669075      0.419999987    
        7356  -1.37524557      0.877292752      0.400000006    
        7358  -1.68302560      0.245600745      0.389999986    
        7360  -1.11344659       1.62416172      0.409999996    
        7362  -1.73365188      0.859076440      0.400000006    
        7364  -1.71300304      0.738575518      0.400000006    
        7366  -1.72376728      0.837834597      0.389999986    
        7368  -1.74597692       1.16805315      0.449999988    
        7370  -1.84562171       1.13972342      0.479999989    
        7372  -2.00868154      0.869185746      0.490000010    
        7374  -1.84974217       1.49041462      0.519999981    
        7376  -2.04157901      0.622838199      0.519999981    
        7378  -1.93301785       1.31139886      0.529999971    
        7380  -1.76762795       1.49638891      0.509999990    
        7382  -1.99032748       1.28245401      0.519999981    
        7384  -2.14445758      0.775222301      0.509999990    
        7386  -1.78110480       1.78210282      0.509999990    
        7388  -1.70943034       1.35996938      0.490000010    
        7390  -1.82107997       1.27519715      0.509999990    
        7392  -1.84510219       1.10042167      0.490000010    
        7394  -1.53061879       1.72307611      0.479999989    
        7396  -1.75030446      0.754849315      0.469999999    
        7398  -1.83813393       1.07470393      0.469999999    
        7400  -1.48322237       1.06570697      0.419999987    
        7402  -1.77539027      0.677431524      0.430000007    
        7404  -1.75101376       1.15012407      0.460000008    
        7406  -1.57397258       1.26583505      0.439999998    
        7408  -1.67933846       1.23672473      0.449999988    
        7410  -1.84468865       1.08736479      0.449999988    
        7412  -1.69247746      0.472654521      0.430000007    
        7414  -1.60313904       1.26945138      0.449999988    
        7416  -1.57645011       1.23305142      0.419999987    
        7418  -1.58419633       1.00149703      0.430000007    
        7420  -1.55844152       1.06256938      0.439999998    
        7422  -1.82425737      0.660559773      0.469999999    
        7424  -1.65989006       1.26591671      0.479999989    
        7426  -1.89755988      0.629462957      0.460000008    
        7428  -1.78017902      0.764405668      0.449999988    
        7430  -1.80837131       1.25258875      0.469999999    
        7432  -1.72116780       1.61616421      0.479999989    
        7434  -1.78762281       1.44006002      0.490000010    
        7436  -1.51404071       1.60575116      0.460000008    
        7438  -1.77596140      0.740160465      0.419999987    
        7440  -1.67023516       1.26314771      0.439999998    
        7442  -1.67899430      0.366875350      0.430000007    
        7444  -1.81836271      0.661083400      0.449999988    
        7446  -1.85630870      0.510713160      0.439999998    
        7448  -1.40518975       1.75970089      0.430000007    
        7450  -1.51194656       1.22609162      0.430000007    
        7452  -1.65973365      0.866994381      0.419999987    
        7454  -1.37322330       1.10326421      0.360000014    
        7456  -1.41102242       1.32465947      0.389999986    
        7458  -1.41699982      0.965084732      0.379999995    
        7460  -1.59844112      0.687981308      0.389999986    
        7462  -1.45709443       1.15914869      0.389999986    
        7464  -1.65273988      0.760645628      0.419999987    
        7466  -1.55044198      0.661110699      0.409999996    
        7468  -1.32788610       1.20129395      0.449999988    
        7470  -1.62410021      0.289444834      0.439999998    
        7472  -1.67659247      0.338243932      0.430000007    
        7474  -1.42256665       1.44738603      0.439999998    
        7476  -1.38820219       1.17138231      0.430000007    
        7478  -1.73105323      0.715768516      0.430000007    
        7480  -1.84595239      0.812361181      0.469999999    
        7482  -1.67678821       1.02241015      0.460000008    
        7484  -1.70078635       1.22815549      0.460000008    
        7486  -1.84246945       1.17487669      0.460000008    
        7488  -1.44060516       2.08811045      0.490000010    
        7490  -1.61092687       1.75033879      0.479999989    
        7492  -1.65502954       1.00301385      0.479999989    
        7494  -1.59169555       1.36508560      0.469999999    
        7496  -2.02018094      0.695783257      0.469999999    
        7498  -1.65427756       1.55596447      0.479999989    
        7500  -1.81329966       1.12098336      0.479999989    
        7502  -1.85608065      0.880400419      0.469999999    
        7504  -1.60900807       1.33650947      0.439999998    
        7506  -1.62856328       1.07756710      0.430000007    
        7508  -1.63108754      0.872478902      0.419999987    
        7510  -1.46253121       1.04787612      0.409999996    
        7512  -1.69081163      0.635386348      0.409999996    
        7514  -1.38398910       1.54269397      0.439999998    
        7516  -1.65587866       1.38065445      0.460000008    
        7518  -1.63991189       1.61943543      0.460000008    
        7520  -1.47340155       1.96907163      0.490000010    
        7522  -1.59297729       1.36213529      0.469999999    
        7524  -1.87987745      0.568246961      0.460000008    
        7526  -1.78270864      0.786539376      0.469999999    
        7528  -1.66875637      0.950742245      0.449999988    
        7530  -1.72070050       1.37851143      0.460000008    
        7532  -1.36697602       1.03550899      0.409999996    
        7534  -1.40430415       1.02065504      0.400000006    
        7536  -1.33592260      0.957474232      0.360000014    
        7538  -1.60008562      0.817154586      0.389999986    
        7540  -1.66599309      0.664591014      0.419999987    
        7542  -1.60771716       1.12095511      0.449999988    
        7544  -1.74809945       1.08934367      0.469999999    
        7546  -1.72325122       1.11860716      0.490000010    
        7548  -1.73111057      0.783749998      0.460000008    
        7550  -1.85554838       1.02651310      0.469999999    
        7552  -1.86447382      0.709073424      0.460000008    
        7554  -2.12657356      0.460756332      0.449999988    
        7556  -1.83949018      0.987244725      0.469999999    
        7558  -1.80426979       1.29213774      0.479999989    
        7560  -1.52005804       1.64416826      0.490000010    
        7562  -1.68948102       1.41757691      0.469999999    
        7564  -1.86436200       1.01953804      0.469999999    
        7566  -1.75925648       1.36181176      0.460000008    
        7568  -1.78906107       1.34510577      0.449999988    
        7570  -1.68604398      0.991643965      0.430000007    
        7572  -1.79148698      0.641325057      0.439999998    
        7574  -1.50256264      0.820802271      0.409999996    
        7576  -1.55369437      0.983850420      0.400000006    
        7578  -1.55936241      0.616955459      0.419999987    
        7580  -1.72887850      0.573108971      0.430000007    
        7582  -1.90349972      0.675884485      0.460000008    
        7584  -1.71381950      0.943228960      0.460000008    
        7586  -1.77048826       1.37629461      0.479999989    
        7588  -1.75063932      0.968434274      0.479999989    
        7590  -1.75307870       1.01902556      0.469999999    
        7592  -1.77290678       1.28355205      0.479999989    
        7594  -1.82534194       1.80489206      0.500000000    
        7596  -1.50883508       1.25324178      0.439999998    
        7598  -1.76257038       1.62811661      0.490000010    
        7600  -1.87378824      0.772529542      0.469999999    
        7602  -1.73373628       1.19561648      0.460000008    
        7604  -1.49813199       1.22948492      0.439999998    
        7606  -1.71902966       1.17622757      0.449999988    
        7608  -1.90286934      0.356519341      0.439999998    
        7610  -1.79995143       1.05864453      0.430000007    
        7612  -1.34977674       1.93181324      0.439999998    
        7614  -1.96218038      0.575002015      0.460000008    
        7616  -1.77571201       1.11874819      0.469999999    
        7618  -1.83704448      0.870321333      0.460000008    
        7620  -1.64260423      0.942775190      0.430000007    
        7622  -1.60521865       1.64012051      0.460000008    
        7624  -1.44280767       1.47244871      0.449999988    
        7626  -1.27685857       2.11304998      0.469999999    
        7628  -1.66273236       1.18945408      0.479999989    
        7630  -1.24545217       1.92005002      0.449999988    
        7632  -1.69702601       1.46902812      0.479999989    
        7634  -1.70202446       1.02521491      0.479999989    
        7636  -1.85749614       1.08243263      0.500000000    
        7638  -1.59616053       1.66618109      0.490000010    
        7640  -1.72548234      0.604123294      0.449999988    
        7642  -1.71188581      0.469508559      0.460000008    
        7644  -1.47743261      0.827176273      0.439999998    
        7646  -1.68303680      0.683400035      0.430000007    
        7648  -1.75830901       1.18221629      0.469999999    
        7650  -1.66359282       1.55026698      0.469999999    
        7652  -1.59063864       1.11818135      0.460000008    
        7654  -1.33084643       1.22129416      0.400000006    
        7656  -1.69493604      0.416076124      0.400000006    
        7658  -1.22917390       1.03949964      0.389999986    
        7660  -1.21658158       1.30595696      0.409999996    
        7662  -1.41290307      0.693841100      0.389999986    
        7664  -1.35930634      0.953452706      0.430000007    
        7666  -1.60375261      0.595095694      0.449999988    
        7668  -1.70316494      0.422794938      0.460000008    
        7670  -1.52747631      0.829230726      0.449999988    
        7672  -1.65295780       1.00730407      0.469999999    
        7674  -1.71419966      0.963923752      0.479999989    
        7676  -1.57185018       1.26737583      0.449999988    
        7678  -1.98188996      0.782399118      0.469999999    
        7680  -1.59549534      0.902579308      0.449999988    
        7682  -1.61341715       1.17954993      0.449999988    
        7684  -1.83979499       1.09315503      0.469999999    
        7686  -1.65006828       1.30302274      0.469999999    
        7688  -1.65961218       1.35981226      0.490000010    
        7690  -1.90341365       1.87910199      0.519999981    
        7692  -2.16076159      0.820171595      0.519999981    
        7694  -1.93068850       1.33503246      0.509999990    
        7696  -1.94054210      0.933250010      0.500000000    
        7698  -1.85825813       1.52742767      0.519999981    
        7700  -1.74642849       1.12790060      0.490000010    
        7702  -1.92357373       1.48938119      0.519999981    
        7704  -2.02441478       1.54968631      0.529999971    
        7706  -1.82138014       1.35772061      0.529999971    
        7708  -2.28720570      0.624995947      0.550000012    
        7710  -1.89346671       1.94927990      0.540000021    
        7712  -1.86025274       2.04275799      0.560000002    
        7714  -2.22502851       1.20059216      0.560000002    
        7716  -2.08645368       2.18423748      0.579999983    
        7718  -2.10461617       1.50685477      0.589999974    
        7720  -2.13708425       2.20932388      0.579999983    
        7722  -1.88211858       2.07111359      0.550000012    
        7724  -1.89148986       1.89072287      0.540000021    
        7726  -2.26508141       1.23433566      0.550000012    
        7728  -2.11913085       1.55222821      0.529999971    
        7730  -2.04580760       1.29975402      0.519999981    
        7732  -1.63962018       2.56268001      0.509999990    
        7734  -1.89848971       1.70953393      0.509999990    
        7736  -1.62754893       2.55174780      0.479999989    
        7738  -1.82111728       1.56294799      0.490000010    
        7740  -1.80069888       1.65333867      0.479999989    
        7742  -1.74925756       1.31553519      0.449999988    
        7744  -1.72160590       1.04300416      0.460000008    
        7746  -1.72740686       1.22698951      0.460000008    
        7748  -1.77842534       1.02358139      0.460000008    
        7750  -1.61320245       1.04449964      0.409999996    
        7752  -1.76623046       1.42761552      0.449999988    
        7754  -1.77961922       1.00279498      0.439999998    
        7756  -1.67962682      0.803893864      0.449999988    
        7758  -1.81619644      0.921533227      0.439999998    
        7760  -1.83456111      0.579731226      0.460000008    
        7762  -1.70519388      0.751868725      0.439999998    
        7764  -1.66576314       1.37977588      0.449999988    
        7766  -1.99940801      0.910398304      0.469999999    
        7768  -1.67795134       1.04883909      0.449999988    
        7770  -1.72675014       1.17360878      0.469999999    
        7772  -1.65495026       1.09347188      0.469999999    
        7774  -1.86116195      0.812438428      0.449999988    
        7776  -1.81672788      0.802842140      0.449999988    
        7778  -1.62833428       1.50292587      0.490000010    
        7780  -1.65292609      0.595477104      0.430000007    
        7782  -1.60580575       1.06982112      0.460000008    
        7784  -1.63449168      0.730410457      0.439999998    
        7786  -1.44083345      0.944029272      0.419999987    
        7788  -1.61205280      0.841779351      0.430000007    
        7790  -1.57531404      0.677825868      0.430000007    
        7792  -1.61421978       1.54022884      0.479999989    
        7794  -1.91141760      0.668036520      0.490000010    
        7796  -1.55990708       1.41895807      0.479999989    
        7798  -1.75104117       1.18417549      0.500000000    
        7800  -1.80763268       1.20481062      0.490000010    
        7802  -1.89959931       1.30981338      0.500000000    
        7804  -1.75362444      0.960576475      0.490000010    
        7806  -1.97617197       1.20291638      0.500000000    
        7808  -1.80613542       1.22595620      0.490000010    
        7810  -1.77673888       1.17297757      0.460000008    
        7812  -1.85593927       1.15771413      0.479999989    
        7814  -1.57964277       1.34719920      0.469999999    
        7816  -1.56722188       1.09764755      0.439999998    
        7818  -1.67066801      0.410298526      0.400000006    
        7820  -1.77502763      0.393508613      0.419999987    
        7822  -1.53056657      0.541614652      0.409999996    
        7824  -1.54287648      0.346494794      0.409999996    
        7826  -1.52301157      0.483493865      0.409999996    
        7828  -1.49152291      0.943801999      0.419999987    
        7830  -1.71589112      0.600229800      0.430000007    
        7832  -1.58297908       1.28731656      0.439999998    
        7834  -1.64410901      0.343936503      0.430000007    
        7836  -1.71447325      0.852694571      0.460000008    
        7838  -1.85032511      0.944194019      0.460000008    
        7840  -1.63802016      0.548188806      0.419999987    
        7842  -1.70333743       1.31874931      0.460000008    
        7844  -1.70373774      0.815118611      0.439999998    
        7846  -1.75923967      0.795971990      0.449999988    
        7848  -1.87525010       1.06476986      0.460000008    
        7850  -1.79292870      0.942573130      0.479999989    
        7852  -1.64412725       1.26399541      0.469999999    
        7854  -1.36320055       1.53033137      0.439999998    
        7856  -1.37631249       1.62664902      0.430000007    
        7858  -1.80249226      0.725997031      0.460000008    
        7860  -1.25420988       1.09036458      0.409999996    
        7862  -1.33963764      0.910641372      0.389999986    
        7864  -1.15456021      0.844675303      0.370000005    
        7866  -1.33638728      0.595369935      0.379999995    
        7868  -1.36320257      0.712024987      0.400000006    
        7870  -1.34692824      0.732827485      0.389999986    
        7872  -1.28078306       1.84819067      0.409999996    
        7874  -1.35570180       1.63735437      0.419999987    
        7876  -1.71727109       1.71380508      0.479999989    
        7878  -1.87677240       1.08941281      0.500000000    
        7880  -1.85227251       1.16015255      0.509999990    
        7882  -1.80353999       1.75248945      0.519999981    
        7884  -1.94779086       1.15020597      0.509999990    
        7886  -1.60548842       1.62528861      0.509999990    
        7888  -1.60233080       1.74514973      0.500000000    
        7890  -1.62030375       1.83113813      0.509999990    
        7892  -1.78877163       1.40815151      0.519999981    
        7894  -1.57438314       1.85488856      0.509999990    
        7896  -1.98036814       1.48283660      0.540000021    
        7898  -1.94964087       1.52531731      0.540000021    
        7900  -2.05489302      0.960342646      0.519999981    
        7902  -1.97336888      0.768532157      0.519999981    
        7904  -2.01344442      0.733594716      0.500000000    
        7906  -1.56567824      0.990431428      0.460000008    
        7908  -1.23306262       1.53923607      0.439999998    
        7910  -1.59324527      0.384944886      0.430000007    
        7912  -1.39728105       1.35017490      0.439999998    
        7914  -1.45236421       1.23922348      0.430000007    
        7916  -1.49554586       1.17994928      0.439999998    
        7918  -1.64311337      0.984051406      0.430000007    
        7920  -1.63691103      0.647272646      0.400000006    
        7922  -1.70057547      0.974202693      0.449999988    
        7924  -1.72080708       1.11748075      0.460000008    
        7926  -1.51745784       1.31456316      0.439999998    
        7928  -1.75147223       1.73731434      0.479999989    
        7930  -2.00029755      0.683263719      0.479999989    
        7932  -1.81834340      0.538015246      0.460000008    
        7934  -1.57502842       1.59890389      0.460000008    
        7936  -1.77211416      0.734285951      0.449999988    
        7938  -1.84059918      0.455687732      0.430000007    
        7940  -1.82376182      0.654544652      0.430000007    
        7942  -1.39231002       1.00737190      0.449999988    
        7944  -1.72935438      0.599638104      0.449999988    
        7946  -1.71674943      0.733816803      0.479999989    
        7948  -1.52940524       1.79328215      0.500000000    
        7950  -1.84248173       1.53452826      0.519999981    
        7952  -1.98714936       1.11386740      0.519999981    
        7954  -1.86174655       1.18002784      0.509999990    
        7956  -1.92985547      0.861225724      0.509999990    
        7958  -2.12210178      0.586066484      0.509999990    
        7960  -1.96191967      0.717991352      0.490000010    
        7962  -1.74130046       1.00907898      0.469999999    
        7964  -1.94231856      0.546176672      0.469999999    
        7966  -1.86376762      0.757377088      0.460000008    
        7968  -1.59084094       1.75793278      0.500000000    
        7970  -1.83193362      0.977051556      0.519999981    
        7972  -1.68652356       1.42108095      0.509999990    
        7974  -1.75527704       1.40745151      0.519999981    
        7976  -1.98552370      0.821572602      0.509999990    
        7978  -1.90455544       1.07614625      0.519999981    
        7980  -1.93153179       1.03432083      0.529999971    
        7982  -2.04654646      0.673594356      0.519999981    
        7984  -1.84200478      0.601266861      0.509999990    
        7986  -1.78706193       1.15062428      0.500000000    
        7988  -1.85677421       1.27777052      0.500000000    
        7990  -1.79115999       1.62725532      0.509999990    
        7992  -1.83926833      0.737774491      0.490000010    
        7994  -1.56786346       1.35366726      0.460000008    
        7996  -1.62958205       1.22114527      0.460000008    
        7998  -2.00432014      0.536319733      0.479999989    
        8000  -1.81894672       1.11359036      0.479999989    
        8002  -1.81271112       1.35223961      0.469999999    
        8004  -1.49302948       1.64375222      0.449999988    
        8006  -1.52264893       1.24640906      0.460000008    
        8008  -1.68909848      0.806531489      0.439999998    
        8010  -1.37570989       1.39187312      0.439999998    
        8012  -1.62408268      0.856225371      0.449999988    
        8014  -1.66944420      0.917846918      0.449999988    
        8016  -1.76051474      0.587035239      0.439999998    
        8018  -1.66276920       1.14328873      0.460000008    
        8020  -1.42528093       1.32350993      0.419999987    
        8022  -1.35102952      0.768644869      0.379999995    
        8024  -1.54204237      0.500624120      0.360000014    
        8026  -1.33573759      0.775736213      0.379999995    
        8028  -1.43018448      0.670399725      0.409999996    
        8030  -1.55709207      0.830778182      0.409999996    
        8032  -1.69412029      0.759953558      0.400000006    
        8034  -1.29618418      0.854049444      0.379999995    
        8036  -1.30107725      0.708523333      0.370000005    
        8038  -1.61308408      0.510628402      0.419999987    
        8040  -1.77724648      0.495758116      0.419999987    
        8042  -1.60553837      0.883194268      0.449999988    
        8044  -1.66849947       1.22750378      0.449999988    
        8046  -1.66855121      0.892822683      0.439999998    
        8048  -1.57279646       1.39148641      0.439999998    
        8050  -1.32513261       2.26169729      0.469999999    
        8052  -1.58404529       1.37414348      0.469999999    
        8054  -1.81914055      0.622110367      0.469999999    
        8056  -1.65199530      0.951637447      0.449999988    
        8058  -1.85976982      0.676716149      0.460000008    
        8060  -1.69409537       1.14443457      0.460000008    
        8062  -1.67141759      0.886017442      0.449999988    
        8064  -1.44060373       1.40435588      0.439999998    
        8066  -1.52937913      0.896497965      0.430000007    
        8068  -1.55945265       1.48918724      0.479999989    
        8070  -1.94668305       1.12171817      0.479999989    
        8072  -1.86056125      0.860067546      0.469999999    
        8074  -1.72795379       1.37043869      0.479999989    
        8076  -1.59608340       1.24639380      0.469999999    
        8078  -1.69834101       1.48138547      0.479999989    
        8080  -1.98923600       1.01215315      0.519999981    
        8082  -2.21689796       1.67360163      0.540000021    
        8084  -2.11230779       1.23122036      0.529999971    
        8086  -2.26072335      0.822661757      0.519999981    
        8088  -2.18244815       1.02964151      0.519999981    
        8090  -2.10588193      0.963816226      0.519999981    
        8092  -2.02559996      0.911311686      0.540000021    
        8094  -1.94610274       2.14915514      0.550000012    
        8096  -2.03403878       1.01964939      0.529999971    
        8098  -1.97005880      0.904616058      0.529999971    
        8100  -1.79094243       1.31485975      0.529999971    
        8102  -1.65115559       1.91428757      0.519999981    
        8104  -1.73777628       1.38211823      0.500000000    
        8106  -1.66394770       1.47635508      0.490000010    
        8108  -1.80580342       1.43625617      0.509999990    
        8110  -1.78203464       1.61138105      0.509999990    
        8112  -1.81065381       1.48770392      0.500000000    
        8114  -1.97750974       1.09077919      0.500000000    
        8116  -2.06825805       1.02037895      0.500000000    
        8118  -2.02772355       1.18290520      0.509999990    
        8120  -1.71385908      0.886990309      0.460000008    
        8122  -1.99157715      0.626379550      0.469999999    
        8124  -1.78925180      0.738648713      0.479999989    
        8126  -1.72188044       1.11398399      0.500000000    
        8128  -1.80568349       1.10999846      0.529999971    
        8130  -1.56842327       1.27223158      0.500000000    
        8132  -1.84940267      0.825997591      0.509999990    
        8134  -1.75532937       1.06714118      0.529999971    
        8136  -1.82815790       1.37552655      0.529999971    
        8138  -1.95886695       1.39817929      0.509999990    
        8140  -2.03460526       1.13858163      0.509999990    
        8142  -1.93181634       1.60651541      0.519999981    
        8144  -2.11753416       1.22656584      0.519999981    
        8146  -2.02143860      0.922844172      0.469999999    
        8148  -2.00324988       1.13010180      0.490000010    
        8150  -1.96345544      0.606376529      0.469999999    
        8152  -1.90937018      0.702221632      0.479999989    
        8154  -1.80488825       1.24277043      0.490000010    
        8156  -1.85188866       1.01240838      0.449999988    
        8158  -1.48625445       1.27570701      0.430000007    
        8160  -1.63546562      0.869217932      0.449999988    
        8162  -1.49595511      0.570108950      0.409999996    
        8164  -1.41551530      0.551672041      0.419999987    
        8166  -1.38581932       1.87620056      0.469999999    
        8168  -1.92225695      0.827577114      0.469999999    
        8170  -1.51723897      0.733800173      0.430000007    
        8172  -1.58764696      0.656180978      0.430000007    
        8174  -1.61363626      0.826630354      0.449999988    
        8176  -1.61307991       1.31058729      0.469999999    
        8178  -1.54752088       1.71306169      0.469999999    
        8180  -1.75015950       1.37720299      0.500000000    
        8182  -1.77115273       1.40340471      0.519999981    
        8184  -1.95006835       1.22499657      0.519999981    
        8186  -1.88516593       1.83812308      0.540000021    
        8188  -2.02904105       1.34937155      0.529999971    
        8190  -2.22257137      0.998854280      0.560000002    
        8192  -1.75744820       3.10298491      0.569999993    
        8194  -2.10621190       1.29497373      0.550000012    
        8196  -2.01315856       1.78912699      0.540000021    
        8198  -1.86271977       1.97852802      0.509999990    
        8200  -1.96207666       1.21284640      0.479999989    
        8202  -1.98893809      0.972498834      0.460000008    
        8204  -1.64839041       2.01973295      0.479999989    
        8206  -1.81948769       1.19404948      0.460000008    
        8208  -1.48734307       1.19369102      0.439999998    
        8210  -1.65058911      0.715945125      0.449999988    
        8212  -1.77659523      0.860767245      0.439999998    
        8214  -1.73468053      0.429293662      0.430000007    
        8216  -1.49594390      0.506390333      0.409999996    
        8218  -1.48592961      0.209026471      0.400000006    
        8220  -1.39615166      0.773453534      0.419999987    
        8222  -1.23422492      0.846488655      0.379999995    
        8224  -1.49353945       1.03596616      0.419999987    
        8226  -1.40923154      0.655645072      0.400000006    
        8228  -1.31630361       1.03553545      0.400000006    
        8230  -1.66973531      0.912313879      0.409999996    
        8232  -1.44037747       1.06870425      0.409999996    
        8234  -1.70703804      0.704990685      0.430000007    
        8236  -1.61634409      0.310487270      0.419999987    
        8238  -1.40391994      0.613635480      0.389999986    
        8240  -1.25253630      0.660642385      0.379999995    
        8242  -1.50513697      0.473452508      0.430000007    
        8244  -1.34118247       2.02992797      0.469999999    
        8246  -1.49777853       1.87667608      0.479999989    
        8248  -1.78047419       1.48256624      0.469999999    
        8250  -1.92357278       1.24893308      0.500000000    
        8252  -1.67495334       1.54152989      0.509999990    
        8254  -1.43406463       1.83314049      0.509999990    
        8256  -1.55594134       1.77619386      0.519999981    
        8258  -1.85067463       1.18039215      0.509999990    
        8260  -1.66206729       1.96654451      0.529999971    
        8262  -1.86243117       1.50166547      0.550000012    
        8264  -1.74107027       1.41490543      0.509999990    
        8266  -1.95875704      0.973234594      0.519999981    
        8268  -1.93975425       1.69290102      0.519999981    
        8270  -2.04481435      0.947567523      0.509999990    
        8272  -2.05163240       1.15403867      0.509999990    
        8274  -1.87192571       1.49256158      0.490000010    
        8276  -1.89042890      0.790414214      0.490000010    
        8278  -1.47072196       2.65392065      0.500000000    
        8280  -1.97437859       1.35633290      0.519999981    
        8282  -1.52353156       1.76603210      0.490000010    
        8284  -1.58048594       1.84139776      0.490000010    
        8286  -1.85509169      0.825936735      0.490000010    
        8288  -1.84995031       1.14066613      0.479999989    
        8290  -1.82188201       1.90089560      0.529999971    
        8292  -2.06251216       1.48875165      0.540000021    
        8294  -2.02485490       1.23677039      0.509999990    
        8296  -1.97694540       1.03452861      0.509999990    
        8298  -1.88174820       2.17691922      0.529999971    
        8300  -2.20904565       1.12877691      0.550000012    
        8302  -1.98960078       1.25276339      0.540000021    
        8304  -2.07769752      0.803397238      0.529999971    
        8306  -1.93604732       1.18330860      0.509999990    
        8308  -2.06220460      0.895909369      0.509999990    
        8310  -2.05753684      0.852346003      0.509999990    
        8312  -2.12683225      0.985406041      0.519999981    
        8314  -1.59153259       1.29503024      0.469999999    
        8316  -1.65618598      0.799206853      0.430000007    
        8318  -1.55183005      0.879347682      0.430000007    
        8320  -1.86338568      0.388230085      0.430000007    
        8322  -1.72151995      0.836574316      0.430000007    
        8324  -1.71050453      0.853495061      0.439999998    
        8326  -1.51990151       1.67510962      0.439999998    
        8328  -1.63924766      0.861320019      0.409999996    
        8330  -1.72160578       1.22454619      0.449999988    
        8332  -1.77166843       1.16724253      0.469999999    
        8334  -1.84323692      0.695248425      0.479999989    
        8336  -1.70634770      0.622833729      0.449999988    
        8338  -1.67968190      0.745518565      0.469999999    
        8340  -1.82951081      0.619422972      0.469999999    
        8342  -1.70500529       1.15267718      0.479999989    
        8344  -1.55962753       1.31248391      0.449999988    
        8346  -1.86792397      0.488495499      0.460000008    
        8348  -1.53001118       1.26349294      0.469999999    
        8350  -1.79545879      0.783439875      0.460000008    
        8352  -1.75379062      0.630377471      0.469999999    
        8354  -1.79025185       1.16642594      0.479999989    
        8356  -1.66320455       1.28535843      0.460000008    
        8358  -1.76721513       1.20572019      0.449999988    
        8360  -1.83464444       1.43983960      0.469999999    
        8362  -1.82943606       1.12964880      0.469999999    
        8364  -2.04339242       1.49157488      0.509999990    
        8366  -2.22109365      0.628202260      0.509999990    
        8368  -2.14300084      0.763245642      0.500000000    
        8370  -1.67599022       2.07010055      0.500000000    
        8372  -1.77990806       1.25383008      0.490000010    
        8374  -2.12215209      0.582848012      0.500000000    
        8376  -1.96669078       1.19658279      0.479999989    
        8378  -1.59573638       1.57690334      0.449999988    
        8380  -1.61937737      0.711355507      0.439999998    
        8382  -1.91625094      0.498749167      0.460000008    
        8384  -1.76329374      0.878188729      0.460000008    
        8386  -1.86038780      0.956485808      0.469999999    
        8388  -1.86718631       1.41259837      0.490000010    
        8390  -1.86138105      0.496662319      0.469999999    
        8392  -1.87632370      0.952550888      0.479999989    
        8394  -1.76599586       1.63276172      0.509999990    
        8396  -1.91869116       1.25020647      0.509999990    
        8398  -2.08144951       1.09881401      0.509999990    
        8400  -2.13801336       1.58709908      0.540000021    
        8402  -2.12634134      0.500268996      0.519999981    
        8404  -1.73421252       1.84816778      0.519999981    
        8406  -1.73352110       1.50324094      0.509999990    
        8408  -1.83846796      0.916537762      0.460000008    
        8410  -1.60624301      0.785716712      0.430000007    
        8412  -1.41562963      0.531970680      0.400000006    
        8414  -1.36043286      0.535683215      0.400000006    
        8416  -1.55589938      0.958306491      0.419999987    
        8418  -1.54365122       1.21578145      0.419999987    
        8420  -1.65269911      0.449289441      0.409999996    
        8422  -1.51919591      0.435966313      0.379999995    
        8424  -1.54373491      0.598150194      0.389999986    
        8426  -1.39985371      0.473600149      0.370000005    
        8428  -1.13442659      0.682779431      0.349999994    
        8430  -1.18672872      0.989924967      0.370000005    
        8432  -1.30714691      0.696264923      0.370000005    
        8434  -1.64725494      0.481716543      0.379999995    
        8436  -1.44638073      0.650232315      0.379999995    
        8438  -1.79744184      0.568404436      0.439999998    
        8440  -1.83661258      0.391304821      0.479999989    
        8442  -1.77671671      0.792622805      0.460000008    
        8444  -1.59904337       1.64433014      0.449999988    
        8446  -1.64929330      0.891641438      0.419999987    
        8448  -1.44387770       1.35637736      0.430000007    
        8450  -1.63794494      0.993218899      0.430000007    
        8452  -1.66467488      0.766847372      0.430000007    
        8454  -1.61945772      0.976819575      0.439999998    
        8456  -1.67378712      0.862366796      0.449999988    
        8458  -1.64156747      0.756395102      0.419999987    
        8460  -1.68294191      0.799190223      0.449999988    
        8462  -1.58422077      0.829603374      0.460000008    
        8464  -1.44248414       1.02433383      0.469999999    
        8466  -1.69098449       1.37429762      0.479999989    
        8468  -1.87768793      0.730232120      0.469999999    
        8470  -1.67108798      0.798414886      0.449999988    
        8472  -1.39191532       1.73879254      0.430000007    
        8474  -1.35093653       1.27226818      0.419999987    
        8476  -1.65459883       1.29059243      0.430000007    
        8478  -1.79504013      0.631055593      0.419999987    
        8480  -1.59651875       1.14314699      0.449999988    
        8482  -1.91132355      0.694412827      0.469999999    
        8484  -1.61070657      0.775255740      0.439999998    
        8486  -1.68762529      0.844292223      0.430000007    
        8488  -1.62177539      0.620660245      0.400000006    
        8490  -1.26310003       1.53436112      0.400000006    
        8492  -1.56841815      0.776339948      0.400000006    
        8494  -1.26803255       1.18478131      0.360000014    
        8496  -1.47008955       1.00115895      0.379999995    
        8498  -1.19651508      0.973626614      0.360000014    
        8500  -1.24845612      0.660845578      0.349999994    
        8502  -1.34855270      0.687403440      0.379999995    
        8504  -1.48900998      0.536496520      0.400000006    
        8506  -1.39500022      0.660502911      0.379999995    
        8508  -1.48717844      0.744100690      0.400000006    
        8510  -1.81581295      0.203393355      0.400000006    
        8512  -1.98942673      0.313531697      0.419999987    
        8514  -1.92376149      0.164230943      0.430000007    
        8516  -1.58582640       1.19442582      0.430000007    
        8518  -1.71098876      0.932843924      0.449999988    
        8520  -1.49730492      0.856632650      0.439999998    
        8522  -1.65374911      0.507750809      0.439999998    
        8524  -1.66971266      0.651327312      0.449999988    
        8526  -1.64558995      0.678658903      0.439999998    
        8528  -1.33645773       1.53097951      0.439999998    
        8530  -1.54094732      0.759656370      0.409999996    
        8532  -1.50799143      0.789616346      0.439999998    
        8534  -1.41139495       1.35889769      0.430000007    
        8536  -1.65261400       1.01187778      0.439999998    
        8538  -1.68892157       1.04102564      0.449999988    
        8540  -1.57190502       1.10310102      0.439999998    
        8542  -1.52227736       1.37131035      0.449999988    
        8544  -1.75799370       1.16166520      0.460000008    
        8546  -1.65848696       1.68915975      0.479999989    
        8548  -1.73505270       1.56186795      0.469999999    
        8550  -1.97159445      0.534958124      0.469999999    
        8552  -1.85542917      0.507204831      0.460000008    
        8554  -2.03247356      0.773337841      0.479999989    
        8556  -2.09903240      0.496576637      0.479999989    
        8558  -2.01519108      0.610267222      0.449999988    
        8560  -1.69707310      0.700820267      0.419999987    
        8562  -1.51994491       1.09652185      0.419999987    
        8564  -1.62435019      0.349320918      0.389999986    
        8566  -1.43396366       1.19317758      0.409999996    
        8568  -1.23717439      0.929660499      0.379999995    
        8570  -1.46084011      0.758759141      0.389999986    
        8572  -1.29362094       1.63118720      0.409999996    
        8574  -1.18759882       1.73351550      0.430000007    
        8576  -1.52263188       1.54290831      0.439999998    
        8578  -1.79375064      0.557240546      0.419999987    
        8580  -1.47790647       1.08888340      0.409999996    
        8582  -1.57970929       1.19998848      0.400000006    
        8584  -1.41347432      0.876317024      0.379999995    
        8586  -1.47524583       1.01294756      0.379999995    
        8588  -1.33750689      0.888832927      0.379999995    
        8590  -1.60274708      0.418705940      0.400000006    
        8592  -1.65049958       1.16565883      0.430000007    
        8594  -1.86572433       1.13248014      0.449999988    
        8596  -1.82060790       1.43018627      0.469999999    
        8598  -2.05262899       1.13531470      0.490000010    
        8600  -2.03511667      0.545113623      0.479999989    
        8602  -1.88855720      0.895510077      0.479999989    
        8604  -1.95763958      0.912937701      0.469999999    
        8606  -1.66503024       1.23346293      0.449999988    
        8608  -1.74607694      0.865213275      0.460000008    
        8610  -1.84735870      0.882948458      0.469999999    
        8612  -1.48398685       1.20722437      0.430000007    
        8614  -1.58157611       1.42908978      0.449999988    
        8616  -1.32980692       1.58594787      0.439999998    
        8618  -1.62809503      0.664071441      0.419999987    
        8620  -1.62969387      0.945750177      0.430000007    
        8622  -1.52994847       1.11377537      0.439999998    
        8624  -1.76352489       1.09205747      0.469999999    
        8626  -1.89463794      0.918086529      0.469999999    
        8628  -1.91071045      0.657657385      0.469999999    
        8630  -1.99398696       1.26930225      0.509999990    
        8632  -1.95774388       1.13108063      0.509999990    
        8634  -1.77985322       1.79869008      0.509999990    
        8636  -1.98296404       1.61956358      0.519999981    
        8638  -1.92124939       2.04315829      0.519999981    
        8640  -2.12510276      0.619724274      0.519999981    
        8642  -2.09745550      0.658982396      0.509999990    
        8644  -1.93036711      0.945339859      0.509999990    
        8646  -1.99735975       1.01576352      0.500000000    
        8648  -1.97947824       1.19614995      0.519999981    
        8650  -1.82361698       1.03679752      0.500000000    
        8652  -1.53530598       2.21817493      0.500000000    
        8654  -1.92299151      0.738459826      0.490000010    
        8656  -2.00583792       1.01638222      0.500000000    
        8658  -1.83961606       1.26800752      0.490000010    
        8660  -1.94282913       1.03223228      0.490000010    
        8662  -1.71425152       1.95471537      0.490000010    
        8664  -1.62381983       1.15870905      0.469999999    
        8666  -1.78757656      0.573725879      0.460000008    
        8668  -1.38270426      0.901238680      0.430000007    
        8670  -1.65331721      0.322178602      0.439999998    
        8672  -1.53574669      0.811757028      0.439999998    
        8674  -1.62240160      0.793503225      0.439999998    
        8676  -1.61938918      0.818856716      0.430000007    
        8678  -1.49223161      0.642867029      0.400000006    
        8680  -1.96181238      0.456844419      0.469999999    
        8682  -1.61683500       1.34144390      0.469999999    
        8684  -1.74969053      0.622631252      0.460000008    
        8686  -1.81160259      0.784540355      0.430000007    
        8688  -1.81689119       1.04948390      0.439999998    
        8690  -1.79066324      0.576504946      0.430000007    
        8692  -1.71294248      0.496917427      0.409999996    
        8694  -1.52270138      0.888507664      0.419999987    
        8696  -1.58820605      0.331380278      0.419999987    
        8698  -1.62814736      0.229190290      0.419999987    
        8700  -1.31816626       1.53164077      0.419999987    
        8702  -1.53753161       1.33652866      0.389999986    
        8704  -1.28960252      0.873925984      0.360000014    
        8706  -1.26248491      0.939886451      0.349999994    
        8708  -1.30113673      0.795626462      0.349999994    
        8710  -1.41803896      0.938319862      0.370000005    
        8712  -1.28752828       1.14729214      0.370000005    
        8714  -1.30191708      0.721012056      0.370000005    
        8716  -1.48222601      0.888768315      0.389999986    
        8718  -1.39010787       1.25756681      0.389999986    
        8720  -1.69263399      0.937611520      0.409999996    
        8722  -1.54927504       1.54142296      0.439999998    
        8724  -1.66405725       1.32194698      0.449999988    
        8726  -1.66707015       1.23731923      0.449999988    
        8728  -1.73545980       1.63986993      0.469999999    
        8730  -1.76179910       1.13178349      0.460000008    
        8732  -1.95466578      0.829072833      0.439999998    
        8734  -1.79730380      0.901877701      0.439999998    
        8736  -1.80812550      0.984408498      0.419999987    
        8738  -1.64111686       1.14390802      0.430000007    
        8740  -1.60605490       1.16702044      0.439999998    
        8742  -1.38227415       1.20518279      0.439999998    
        8744  -1.71474290      0.550528944      0.469999999    
        8746  -1.86623418      0.696514130      0.479999989    
        8748  -1.69078052       1.63884246      0.509999990    
        8750  -1.97144997       1.04891956      0.540000021    
        8752  -2.18348002      0.339190125      0.479999989    
        8754  -1.79546463       1.20835030      0.479999989    
        8756  -1.48979616       1.78720188      0.469999999    
        8758  -1.79491127       1.09502506      0.460000008    
        8760  -1.97567725      0.855570018      0.479999989    
        8762  -1.82104337       1.50784361      0.479999989    
        8764  -1.88695049       1.33849597      0.479999989    
        8766  -1.89145446       1.20606923      0.479999989    
        8768  -1.66295731       2.10131907      0.500000000    
        8770  -1.60502768       2.84021139      0.490000010    
        8772  -1.79853666       1.01260710      0.469999999    
        8774  -1.93096006       1.11750150      0.500000000    
        8776  -1.96175301      0.865801156      0.479999989    
        8778  -1.53893387       1.85613060      0.469999999    
        8780  -1.86007690      0.582379580      0.479999989    
        8782  -1.70871317      0.942134619      0.469999999    
        8784  -1.82045150      0.761870801      0.479999989    
        8786  -1.69889796       1.33005142      0.479999989    
        8788  -1.60344088       1.93569851      0.500000000    
        8790  -1.64735818       1.89440513      0.490000010    
        8792  -1.81003189       1.63267517      0.529999971    
        8794  -1.98249495       1.23608685      0.500000000    
        8796  -1.76673162      0.961783230      0.490000010    
        8798  -1.56549656      0.934161484      0.469999999    
        8800  -1.52884710       1.54454601      0.479999989    
        8802  -1.82284927       1.02257955      0.519999981    
        8804  -1.60384488       1.64448071      0.509999990    
        8806  -1.62125337       1.75022793      0.509999990    
        8808  -1.71917188       1.19479024      0.490000010    
        8810  -1.63590658       1.53540361      0.469999999    
        8812  -1.77554619       1.35343730      0.460000008    
        8814  -1.84963715      0.851490378      0.439999998    
        8816  -1.75140572      0.919572532      0.430000007    
        8818  -1.43395555       1.14676905      0.400000006    
        8820  -1.64276576      0.391595423      0.409999996    
        8822  -1.48278141      0.658531070      0.419999987    
        8824  -1.64405394      0.616341114      0.430000007    
        8826  -1.60141599      0.479287803      0.430000007    
        8828  -1.61834323      0.971116900      0.430000007    
        8830  -1.61044586      0.921854377      0.449999988    
        8832  -1.76329100      0.760009766      0.439999998    
        8834  -1.59837997       1.02978659      0.439999998    
        8836  -1.63535714       1.23596084      0.449999988    
        8838  -1.61094022       1.54949689      0.469999999    
        8840  -1.92111802      0.684335351      0.449999988    
        8842  -1.79862273       1.24171293      0.469999999    
        8844  -1.90648997       1.29362190      0.500000000    
        8846  -1.92389715       1.45534134      0.509999990    
        8848  -2.04284334       1.30160224      0.529999971    
        8850  -2.09022045       1.06752372      0.540000021    
        8852  -1.83388960       1.53289175      0.519999981    
        8854  -1.94246352       1.49802291      0.509999990    
        8856  -1.95956326       1.87070715      0.519999981    
        8858  -1.93747163       1.75323856      0.519999981    
        8860  -2.02663517      0.984044254      0.500000000    
        8862  -1.69467306       1.59576035      0.509999990    
        8864  -1.76407409       1.53652942      0.500000000    
        8866  -2.11044097      0.693677306      0.519999981    
        8868  -1.81131852       1.51004207      0.519999981    
        8870  -1.94555092      0.892616570      0.519999981    
        8872  -1.56495011       2.49646401      0.519999981    
        8874  -1.70307660       1.95191157      0.500000000    
        8876  -1.92281508       1.10912883      0.500000000    
        8878  -1.62886393       1.12635350      0.479999989    
        8880  -1.74199283       1.06377017      0.490000010    
        8882  -1.96263850      0.838003695      0.500000000    
        8884  -1.70605576       2.24279213      0.509999990    
        8886  -1.77346909       1.59419727      0.490000010    
        8888  -1.76258099       1.35150778      0.479999989    
        8890  -1.65388811       1.92695546      0.509999990    
        8892  -1.71256864       1.43202960      0.479999989    
        8894  -1.80581903       1.22416413      0.500000000    
        8896  -1.85619795       1.14350545      0.529999971    
        8898  -1.96797204       1.00580549      0.540000021    
        8900  -1.89183092       1.66290069      0.550000012    
        8902  -1.82633376       2.11789727      0.560000002    
        8904  -2.16762662       1.25661576      0.560000002    
        8906  -2.19909739       1.66218531      0.569999993    
        8908  -1.93985474       2.60656357      0.589999974    
        8910  -2.18645740       1.47243798      0.600000024    
        8912  -2.15829110       2.32322836      0.620000005    
        8914  -2.21282220       1.93731391      0.620000005    
        8916  -2.27648211       1.82304418      0.620000005    
        8918  -2.46903777       1.21018600      0.610000014    
        8920  -2.38324451       1.27328789      0.610000014    
        8922  -2.06513953       2.19731832      0.600000024    
        8924  -2.17815042       1.50350869      0.600000024    
        8926  -2.16669035       1.69336116      0.589999974    
        8928  -2.15297961       1.59880841      0.579999983    
        8930  -2.11042809       1.48761237      0.569999993    
        8932  -2.31504607       1.29461396      0.569999993    
        8934  -2.16525221       1.55553150      0.569999993    
        8936  -2.15571237       1.83085120      0.579999983    
        8938  -2.03394938       1.19173944      0.540000021    
        8940  -2.11419582       1.10892105      0.560000002    
        8942  -1.96721709       1.35931003      0.550000012    
        8944  -2.09872866       1.40048730      0.560000002    
        8946  -2.05956388       1.50849617      0.560000002    
        8948  -2.18015862      0.911922514      0.550000012    
        8950  -1.99889791       1.01147497      0.550000012    
        8952  -1.99547660       1.04312575      0.529999971    
        8954  -2.15090919       1.15879297      0.529999971    
        8956  -2.18957925       1.02736819      0.519999981    
        8958  -1.99700618       1.46920753      0.529999971    
        8960  -1.94443011      0.923055470      0.509999990    
        8962  -1.60209846       1.58861566      0.479999989    
        8964  -1.93081164      0.840338051      0.509999990    
        8966  -1.87085390       1.34243619      0.509999990    
        8968  -1.76401377       2.14890289      0.519999981    
        8970  -1.85325730       1.54566622      0.509999990    
        8972  -1.77562928       1.25707519      0.490000010    
        8974  -1.65514076       1.49966121      0.509999990    
        8976  -1.61806130       1.03572917      0.469999999    
        8978  -1.70192599      0.717806518      0.449999988    
        8980  -1.69535422       1.24554324      0.479999989    
        8982  -1.72886872       1.41661417      0.490000010    
        8984  -1.85784733      0.910094678      0.479999989    
        8986  -1.40836573       2.61084938      0.500000000    
        8988  -1.94049013      0.698826015      0.490000010    
        8990  -2.01703095      0.654492140      0.490000010    
        8992  -1.60229564       1.99295604      0.479999989    
        8994  -2.00143957      0.785424590      0.479999989    
        8996  -1.76983070       1.79901230      0.490000010    
        8998  -1.83274221       1.24189985      0.479999989    
        9000  -1.93668079       1.58823586      0.479999989    
        9002  -2.09748697       1.27717328      0.490000010    
        9004  -1.89371848       1.53441727      0.490000010    
        9006  -1.77967918       1.26138389      0.479999989    
        9008  -1.91933417      0.940572202      0.460000008    
        9010  -1.82859695      0.698467851      0.449999988    
        9012  -1.92290759      0.573547959      0.469999999    
        9014  -2.11471605      0.353126854      0.490000010    
        9016  -1.79818463       1.20295250      0.490000010    
        9018  -2.02168775      0.788925529      0.490000010    
        9020  -1.91064870      0.875329554      0.479999989    
        9022  -1.80266845      0.746266186      0.479999989    
        9024  -2.05154395      0.663212359      0.479999989    
        9026  -1.77155757       1.81599534      0.479999989    
        9028  -1.76929736      0.896525145      0.469999999    
        9030  -1.76814413      0.777791500      0.460000008    
        9032  -1.67451108       1.09648323      0.469999999    
        9034  -1.58897102      0.905716300      0.449999988    
        9036  -1.55330181       1.46587324      0.469999999    
        9038  -1.74052000       1.01406634      0.469999999    
        9040  -1.62819302       1.17281914      0.460000008    
        9042  -1.73280978      0.949610949      0.449999988    
        9044  -1.66151071      0.879174531      0.449999988    
        9046  -1.44949222       1.26789689      0.439999998    
        9048  -1.69830954      0.976587892      0.449999988    
        9050  -1.65902555      0.732036710      0.439999998    
        9052  -1.55560303       1.05483639      0.439999998    
        9054  -1.60846615       1.47427237      0.460000008    
        9056  -1.63792539       1.65245819      0.460000008    
        9058  -1.77637744      0.997411191      0.469999999    
        9060  -1.83403957       1.33783674      0.509999990    
        9062  -1.91679835       1.10012996      0.500000000    
        9064  -1.82625628       1.22075737      0.500000000    
        9066  -1.87088048       1.80276179      0.540000021    
        9068  -2.00266051       1.27077591      0.550000012    
        9070  -2.12595987      0.966979146      0.550000012    
        9072  -1.97386026       1.45665503      0.540000021    
        9074  -1.92901945       1.41817892      0.550000012    
        9076  -2.00635433       1.61933661      0.560000002    
        9078  -2.20658088       1.60902691      0.579999983    
        9080  -2.14512086       1.38148940      0.569999993    
        9082  -2.12237620       1.30867445      0.550000012    
        9084  -2.03438163      0.971016586      0.529999971    
        9086  -2.00899339      0.935835719      0.519999981    
        9088  -2.09714174      0.887014687      0.540000021    
        9090  -2.01357937      0.881708443      0.519999981    
        9092  -1.79300046      0.844721317      0.479999989    
        9094  -1.57365549      0.852755964      0.460000008    
        9096  -1.53594601       1.06091964      0.479999989    
        9098  -1.93266022       1.45031083      0.529999971    
        9100  -1.69429994       2.37828183      0.529999971    
        9102  -1.99036884       1.19449818      0.519999981    
        9104  -2.15157962       1.09021509      0.529999971    
        9106  -1.84121931       1.40554404      0.500000000    
        9108  -1.89393115       1.08879673      0.500000000    
        9110  -1.59649479       1.37544286      0.490000010    
        9112  -2.00974774      0.428733677      0.500000000    
        9114  -1.83622575       1.55127180      0.490000010    
        9116  -1.67429125       1.38683796      0.469999999    
        9118  -2.09244657      0.694231272      0.500000000    
        9120  -1.75842965       1.52152681      0.500000000    
        9122  -1.85694754       1.90421987      0.500000000    
        9124  -2.00593925       1.28991902      0.519999981    
        9126  -1.74076343       1.86035478      0.509999990    
        9128  -1.71436167       1.26195765      0.469999999    
        9130  -1.71548092       1.01977360      0.469999999    
        9132  -1.73175097      0.933611810      0.460000008    
        9134  -1.57469964       1.31971323      0.460000008    
        9136  -1.66996360       1.47373366      0.460000008    
        9138  -1.80527675       1.11516023      0.469999999    
        9140  -1.97261322      0.631824672      0.469999999    
        9142  -1.71570432       1.29409444      0.449999988    
        9144  -1.89135385      0.517216444      0.439999998    
        9146  -1.36774826       1.32298636      0.439999998    
        9148  -1.66442657      0.574992001      0.430000007    
        9150  -1.65195537       1.12737763      0.430000007    
        9152  -1.55394340      0.690081358      0.409999996    
        9154  -1.46852064      0.616988897      0.409999996    
        9156  -1.57286668      0.375646353      0.409999996    
        9158  -1.47511899      0.512169778      0.370000005    
        9160  -1.41914034       1.08990777      0.389999986    
        9162  -1.54701495       1.19300425      0.419999987    
        9164  -1.68604648      0.868255556      0.419999987    
        9166  -1.45506048       1.25700629      0.430000007    
        9168  -1.77329433      0.676237047      0.439999998    
        9170  -1.68596292       1.54679108      0.479999989    
        9172  -1.85181856       1.10229790      0.490000010    
        9174  -1.74086869      0.822275162      0.430000007    
        9176  -1.68614841       1.12898064      0.439999998    
        9178  -1.91216969      0.779555559      0.460000008    
        9180  -1.65720344       1.17770004      0.449999988    
        9182  -1.75429654      0.747702599      0.460000008    
        9184  -1.78995013      0.866419077      0.469999999    
        9186  -1.56131983       1.59199667      0.490000010    
        9188  -1.75811327      0.764311075      0.479999989    
        9190  -1.67967999      0.783564866      0.469999999    
        9192  -1.79458368      0.933127046      0.460000008    
        9194  -1.68360400      0.950649500      0.469999999    
        9196  -1.74219334       1.56697273      0.490000010    
        9198  -1.74011898       1.15745687      0.490000010    
        9200  -1.53903198       1.42155910      0.479999989    
        9202  -1.76358056       1.21825325      0.449999988    
        9204  -1.67456210      0.831194103      0.430000007    
        9206  -1.59011602       1.12264299      0.430000007    
        9208  -1.82258463      0.667175293      0.430000007    
        9210  -1.54316080      0.831144571      0.389999986    
        9212  -1.34342134      0.912867725      0.400000006    
        9214  -1.60758150      0.289196283      0.409999996    
        9216  -1.47389030      0.736653388      0.400000006    
        9218  -1.47134733      0.809379876      0.400000006    
        9220  -1.44733012       1.28121829      0.430000007    
        9222  -1.50980401      0.783446729      0.419999987    
        9224  -1.49211287       1.09464514      0.430000007    
        9226  -1.59706891       1.34171271      0.430000007    
        9228  -1.79927826       1.56384385      0.490000010    
        9230  -1.70229089       1.31395245      0.490000010    
        9232  -1.60920477       1.50383675      0.460000008    
        9234  -2.14170671      0.692595959      0.500000000    
        9236  -1.78802037       1.21326864      0.509999990    
        9238  -1.65228343       1.31424940      0.490000010    
        9240  -1.89977777       1.52759635      0.529999971    
        9242  -2.00760269      0.608539879      0.500000000    
        9244  -1.80937076      0.874145508      0.469999999    
        9246  -1.68631339       1.11690700      0.469999999    
        9248  -1.72593868      0.846065402      0.430000007    
        9250  -1.37915301       1.12548995      0.430000007    
        9252  -1.55989671      0.681696355      0.439999998    
        9254  -1.66152859      0.886828601      0.449999988    
        9256  -1.82711756      0.424881756      0.460000008    
        9258  -1.80894876      0.649188995      0.469999999    
        9260  -1.70295525       1.04765928      0.469999999    
        9262  -1.73052371      0.775143504      0.469999999    
        9264  -1.91699767      0.548999190      0.469999999    
        9266  -1.58582592       1.57155454      0.469999999    
        9268  -1.60882962       2.25619102      0.500000000    
        9270  -1.76052630       1.09195685      0.479999989    
        9272  -1.82719827       1.40162230      0.500000000    
        9274  -1.87807405       1.09052527      0.479999989    
        9276  -1.69437647       1.31270874      0.490000010    
        9278  -1.78585184       1.52725077      0.509999990    
        9280  -1.74567759       1.19662499      0.490000010    
        9282  -1.80890560      0.498978645      0.479999989    
        9284  -1.93505514       1.37609732      0.529999971    
        9286  -1.78207672       1.58409131      0.500000000    
        9288  -1.88702309       1.21873617      0.490000010    
        9290  -1.86535203       1.64417005      0.519999981    
        9292  -1.93713772      0.957787275      0.509999990    
        9294  -1.90123463       1.34358037      0.529999971    
        9296  -1.74979508       1.31706023      0.519999981    
        9298  -1.92339516      0.855202734      0.490000010    
        9300  -1.55717182       1.22956693      0.479999989    
        9302  -1.59503829       1.29554236      0.479999989    
        9304  -1.69360721       1.23766375      0.469999999    
        9306  -1.46183169       1.51849127      0.469999999    
        9308  -1.56361330       1.22675097      0.469999999    
        9310  -1.74249434      0.745340943      0.479999989    
        9312  -1.83814585      0.349523008      0.469999999    
        9314  -1.77406883       1.00823820      0.490000010    
        9316  -1.71591246       1.06118929      0.479999989    
        9318  -1.52137768       1.32626843      0.439999998    
        9320  -1.38201630      0.946746469      0.419999987    
        9322  -1.31236351       1.24670565      0.400000006    
        9324  -1.48010790      0.654233098      0.389999986    
        9326  -1.68394399      0.562504709      0.389999986    
        9328  -1.66830659      0.768584549      0.379999995    
        9330  -1.47006094      0.760651290      0.389999986    
        9332  -1.39505470      0.729312718      0.389999986    
        9334 -0.972359180       1.39960849      0.360000014    
        9336  -1.37450683      0.488221139      0.360000014    
        9338  -1.44673347      0.501274586      0.370000005    
        9340  -1.50791299      0.634850740      0.389999986    
        9342  -1.39702165       1.03905559      0.400000006    
        9344  -1.66481304      0.986369491      0.419999987    
        9346  -1.53991377      0.507263064      0.400000006    
        9348  -1.69465339      0.627440453      0.430000007    
        9350  -1.63676631      0.560690463      0.439999998    
        9352  -1.55098557       1.28838432      0.449999988    
        9354  -1.63036096       1.16440797      0.449999988    
        9356  -1.82547700       1.03242934      0.449999988    
        9358  -1.75690496      0.858383000      0.439999998    
        9360  -1.65298009       1.12880945      0.430000007    
        9362  -1.41898751       1.54741800      0.430000007    
        9364  -1.31057930       1.58442700      0.409999996    
        9366  -1.28764403       1.44195914      0.419999987    
        9368  -1.54473960       1.08308351      0.409999996    
        9370  -1.48036385       1.21453774      0.419999987    
        9372  -1.71897888      0.607974589      0.430000007    
        9374  -1.59163117      0.737333357      0.430000007    
        9376  -1.41251826       1.35944951      0.430000007    
        9378  -1.62972486      0.819847703      0.439999998    
        9380  -1.43094623       1.24525213      0.430000007    
        9382  -1.30862498       1.15638840      0.379999995    
        9384  -1.33975816      0.859474063      0.389999986    
        9386  -1.40603590      0.733879864      0.389999986    
        9388  -1.38073933      0.752018273      0.409999996    
        9390  -1.41006911      0.987442136      0.419999987    
        9392  -1.53449082       1.23710227      0.439999998    
        9394  -1.87121379      0.412621081      0.449999988    
        9396  -1.75517845      0.833351731      0.439999998    
        9398  -1.78035653      0.821011424      0.449999988    
        9400  -1.40279901       1.72138953      0.449999988    
        9402  -1.50854838       1.75384140      0.449999988    
        9404  -1.86215103       1.29989624      0.469999999    
        9406  -1.87172663      0.934573710      0.479999989    
        9408  -1.51243484       1.51390362      0.430000007    
        9410  -1.65362155      0.763163626      0.389999986    
        9412  -1.62453890      0.710694730      0.400000006    
        9414  -1.60971558      0.734257996      0.419999987    
        9416  -1.59369898      0.590557635      0.439999998    
        9418  -1.58402479       1.33720052      0.439999998    
        9420  -1.60242474      0.812925518      0.430000007    
        9422  -1.44749320       1.07901621      0.419999987    
        9424  -1.20224464       1.64996386      0.430000007    
        9426  -1.55841076       1.25751555      0.449999988    
        9428  -1.25504875       1.78593600      0.419999987    
        9430  -1.50402987      0.600271642      0.400000006    
        9432  -1.52934885       1.19836044      0.419999987    
        9434  -1.61670816      0.660569549      0.400000006    
        9436  -1.55227458      0.739151359      0.379999995    
        9438  -1.72160602      0.825696409      0.419999987    
        9440  -1.68020570      0.706197977      0.419999987    
        9442  -1.42820811       1.44579470      0.419999987    
        9444  -1.27004671      0.824044466      0.379999995    
        9446  -1.40228081      0.647330940      0.360000014    
        9448  -1.22960079      0.681423783      0.340000004    
        9450  -1.29121053      0.484128028      0.379999995    
        9452  -1.47367370      0.417618811      0.379999995    
        9454  -1.52406704      0.408006370      0.379999995    
        9456  -1.58147073      0.320766479      0.400000006    
        9458  -1.17648518       1.66776979      0.389999986    
        9460  -1.36312389      0.581660330      0.389999986    
        9462  -1.23660064       1.01605439      0.419999987    
        9464  -1.51886725       1.06079257      0.430000007    
        9466  -1.49151909       1.02254581      0.400000006    
        9468  -1.71547580       1.01964438      0.439999998    
        9470  -1.20203078       1.37292433      0.409999996    
        9472  -1.88104177      0.710387230      0.439999998    
        9474  -1.50861669       1.19683862      0.430000007    
        9476  -1.70626509      0.746345818      0.430000007    
        9478  -1.44580913       1.06302631      0.419999987    
        9480  -1.59814358      0.829096675      0.439999998    
        9482  -1.56302845      0.956595480      0.409999996    
        9484  -1.66684949       1.18728101      0.409999996    
        9486  -1.36319470       1.16098309      0.389999986    
        9488  -1.33736920       1.12198973      0.409999996    
        9490  -1.25567007      0.888728023      0.379999995    
        9492  -1.59165514      0.111748531      0.400000006    
        9494  -1.61327267       1.28561187      0.460000008    
        9496  -1.71198821      0.718658447      0.439999998    
        9498  -1.55456328      0.984607875      0.439999998    
        9500  -1.21114612       1.45154381      0.419999987    
        9502  -1.26822460       1.10591936      0.419999987    
        9504  -1.51364684      0.341053277      0.409999996    
        9506  -1.48232126      0.860195041      0.409999996    
        9508  -1.47966313       1.24523902      0.419999987    
        9510  -1.70718336      0.777859151      0.439999998    
        9512  -1.63435102       1.35838377      0.479999989    
        9514  -1.87745965      0.765900254      0.490000010    
        9516  -1.93243289      0.428504646      0.460000008    
        9518  -1.68230724       1.23471618      0.449999988    
        9520  -1.41852021       1.57685184      0.419999987    
        9522  -1.74359989      0.666250169      0.409999996    
        9524  -1.76194036       1.18723667      0.439999998    
        9526  -1.70568871       1.07498610      0.460000008    
        9528  -1.63160086       1.31862414      0.430000007    
        9530  -1.89778650       1.04254889      0.479999989    
        9532  -1.79700851      0.742740214      0.449999988    
        9534  -1.35798991       1.57553065      0.469999999    
        9536  -1.58707988       1.30478585      0.449999988    
        9538  -1.56917143       1.27415705      0.460000008    
        9540  -1.71405125       1.42713571      0.479999989    
        9542  -1.85036242      0.498693824      0.469999999    
        9544  -1.92482293       1.13213551      0.519999981    
        9546  -2.07716513      0.520293653      0.509999990    
        9548  -1.93305397       1.13148546      0.490000010    
        9550  -1.81138229       1.98528206      0.509999990    
        9552  -1.90353382      0.774415731      0.490000010    
        9554  -1.81296837       1.39529562      0.500000000    
        9556  -1.95192158      0.888763726      0.500000000    
        9558  -1.95348537      0.885789931      0.509999990    
        9560  -1.87443733       1.14533758      0.509999990    
        9562  -2.01649642      0.822851300      0.500000000    
        9564  -1.97160506       1.21692681      0.509999990    
        9566  -2.00732493       1.70765543      0.519999981    
        9568  -2.03607702       1.72084999      0.529999971    
        9570  -2.09978271       1.43724275      0.509999990    
        9572  -2.13451147       1.04099226      0.509999990    
        9574  -2.19564795       1.80439711      0.579999983    
        9576  -2.08290005       1.89131057      0.589999974    
        9578  -2.30003953       1.29319441      0.600000024    
        9580  -2.07913136       2.13530636      0.579999983    
        9582  -2.22400784       1.13411665      0.579999983    
        9584  -2.18878841       1.44307804      0.579999983    
        9586  -2.40228367       1.07640076      0.600000024    
        9588  -2.17490268       1.33296227      0.589999974    
        9590  -2.28871346       1.14915824      0.589999974    
        9592  -2.13459873       1.51935601      0.579999983    
        9594  -2.02358508       1.96190012      0.579999983    
        9596  -2.04280376       1.88929951      0.569999993    
        9598  -2.04749298       1.68069839      0.540000021    
        9600  -2.20342493      0.691272557      0.540000021    
        9602  -2.10738754       1.05423403      0.550000012    
        9604  -1.99791884       1.90909481      0.560000002    
        9606  -1.92459154       1.84251034      0.550000012    
        9608  -1.95438802       1.22968173      0.529999971    
        9610  -2.02823853      0.944808424      0.519999981    
        9612  -2.10794187      0.772905290      0.509999990    
        9614  -2.10602236      0.937801719      0.509999990    
        9616  -1.80544281       1.11291599      0.479999989    
        9618  -1.75369775       1.24846971      0.479999989    
        9620  -1.68543541      0.982832134      0.469999999    
        9622  -1.89658105       1.07299292      0.469999999    
        9624  -1.61373234      0.957812369      0.439999998    
        9626  -1.12401223       1.45487750      0.409999996    
        9628  -1.25550628       1.53536344      0.419999987    
        9630  -1.40728486       1.60610747      0.439999998    
        9632  -1.37441361      0.915727019      0.419999987    
        9634  -1.49451959      0.938294172      0.439999998    
        9636  -1.40552092       1.39390850      0.439999998    
        9638  -1.74501228      0.263322145      0.409999996    
        9640  -1.34410846       1.05520618      0.409999996    
        9642  -1.18403709      0.937676251      0.360000014    
        9644  -1.53885496      0.483350098      0.340000004    
        9646  -1.42241454       1.21510589      0.389999986    
        9648  -1.51148498       1.14766955      0.409999996    
        9650  -1.59133422      0.497219354      0.400000006    
        9652  -1.54999316      0.524212360      0.389999986    
        9654  -1.76603305      0.540979624      0.430000007    
        9656  -1.59987354      0.641131103      0.430000007    
        9658  -1.72834396       1.11016572      0.449999988    
        9660  -1.87810361      0.331231415      0.469999999    
        9662  -1.79546690       1.39188564      0.479999989    
        9664  -1.71105742       1.28984010      0.469999999    
        9666  -1.70765877       1.25568724      0.479999989    
        9668  -1.68782938      0.853724122      0.479999989    
        9670  -1.84539175      0.682115316      0.479999989    
        9672  -1.69909954       1.08352160      0.479999989    
        9674  -1.70981085      0.843604863      0.479999989    
        9676  -1.78818655      0.976970673      0.479999989    
        9678  -1.83457470       1.13306308      0.490000010    
        9680  -1.89069116      0.961810410      0.490000010    
        9682  -2.00607157      0.561729014      0.479999989    
        9684  -1.75443614       1.18881905      0.439999998    
        9686  -1.65763414      0.763307214      0.389999986    
        9688  -1.07363164      0.978708446      0.349999994    
        9690  -1.13571799      0.947295785      0.340000004    
        9692  -1.11616075      0.478373975      0.319999993    
        9694  -1.20411611      0.792345881      0.349999994    
        9696  -1.40018344      0.696912706      0.379999995    
        9698  -1.47602975      0.912836611      0.370000005    
        9700  -1.29171097      0.839907348      0.349999994    
        9702  -1.16080785      0.921161413      0.360000014    
        9704  -1.50585413      0.358615488      0.370000005    
        9706  -1.39188135      0.920857251      0.370000005    
        9708  -1.35652661      0.760302126      0.379999995    
        9710  -1.37833095      0.796338141      0.370000005    
        9712  -1.38836098      0.767003000      0.409999996    
        9714  -1.47343028      0.661226928      0.409999996    
        9716  -1.62625015      0.442905247      0.439999998    
        9718  -1.72967517      0.796729684      0.439999998    
        9720  -1.64205575       1.42522216      0.449999988    
        9722  -1.79301727       1.03878009      0.460000008    
        9724  -1.90674877      0.873032570      0.479999989    
        9726  -1.79145837       1.28297067      0.479999989    
        9728  -1.69289458       1.41680741      0.479999989    
        9730  -1.79334247      0.934303761      0.490000010    
        9732  -1.36321354       1.72194016      0.479999989    
        9734  -1.55668747       1.20164382      0.460000008    
        9736  -1.51658475       1.19910753      0.449999988    
        9738  -1.48950279       1.43654394      0.439999998    
        9740  -1.59394479       1.08227491      0.409999996    
        9742  -1.78576612      0.771706045      0.400000006    
        9744  -1.32363808       1.22222710      0.370000005    
        9746  -1.51426589      0.821747363      0.389999986    
        9748  -1.52574325      0.986489773      0.400000006    
        9750  -1.55908012      0.548297167      0.379999995    
        9752  -1.23510718      0.976420522      0.370000005    
        9754  -1.57488239      0.630707800      0.389999986    
        9756  -1.38513064       1.27264309      0.400000006    
        9758  -1.74559033      0.971674800      0.430000007    
        9760  -1.81556916      0.884948671      0.449999988    
        9762  -1.71038032      0.845173836      0.439999998    
        9764  -1.80549550      0.860349536      0.449999988    
        9766  -1.77632141       1.14082277      0.439999998    
        9768  -1.55727172       1.97716165      0.439999998    
        9770  -1.67114997      0.588995576      0.409999996    
        9772  -1.69470644      0.920595050      0.419999987    
        9774  -1.59469283       1.27180243      0.449999988    
        9776  -1.86462152       1.08792102      0.479999989    
        9778  -1.87840998      0.967496455      0.479999989    
        9780  -1.82527578       1.06238532      0.479999989    
        9782  -1.69202185       1.77516413      0.509999990    
        9784  -1.80896711      0.844629169      0.490000010    
        9786  -1.79251993      0.743740797      0.479999989    
        9788  -1.66034746       1.31914616      0.469999999    
        9790  -1.63171327       1.57493246      0.479999989    
        9792  -1.78464258       1.27501297      0.500000000    
        9794  -1.88378274       1.05209494      0.509999990    
        9796  -2.00785041      0.843660653      0.529999971    
        9798  -2.15068364      0.823197961      0.519999981    
        9800  -2.20998669      0.443239957      0.490000010    
        9802  -2.11738467      0.866630256      0.509999990    
        9804  -2.14853334       1.17826152      0.529999971    
        9806  -2.22447610       1.14922440      0.540000021    
        9808  -2.12854600       1.55010724      0.519999981    
        9810  -2.19516134      0.886724591      0.509999990    
        9812  -2.07657576      0.978915095      0.490000010    
        9814  -2.00102329      0.888517380      0.469999999    
        9816  -1.73942769      0.923320353      0.439999998    
        9818  -1.74972272       1.34930408      0.449999988    
        9820  -1.67727995       1.03706658      0.430000007    
        9822  -1.39597595       1.58072674      0.439999998    
        9824  -1.53718400      0.718243301      0.439999998    
        9826  -1.69094586       1.03811550      0.460000008    
        9828  -1.58365655       1.45535111      0.449999988    
        9830  -1.71026301      0.899558961      0.449999988    
        9832  -1.65248060      0.815835238      0.430000007    
        9834  -1.27417874       1.75927663      0.439999998    
        9836  -1.59921873      0.689065695      0.439999998    
        9838  -1.58176243       1.62297106      0.449999988    
        9840  -1.98334014      0.785888493      0.460000008    
        9842  -1.73558164       1.55658495      0.449999988    
        9844  -1.62559032       1.80174935      0.439999998    
        9846  -1.61964190       1.98371780      0.430000007    
        9848  -1.77707851       1.24445581      0.439999998    
        9850  -1.85412025      0.115029082      0.419999987    
        9852  -1.45481169      0.832188249      0.400000006    
        9854  -1.53929579      0.336280346      0.419999987    
        9856  -1.30772638      0.705716729      0.379999995    
        9858  -1.44212890      0.337494284      0.349999994    
        9860  -1.33566809      0.907898307      0.370000005    
        9862  -1.47425544       1.52894187      0.419999987    
        9864  -1.74023128      0.453808606      0.389999986    
        9866  -1.46517348       1.00791502      0.400000006    
        9868  -1.46191323       1.50822413      0.409999996    
        9870  -1.52036238      0.513461471      0.419999987    
        9872  -1.47843492      0.708808124      0.419999987    
        9874  -1.48246539      0.961540937      0.439999998    
        9876  -1.54117012      0.819812953      0.439999998    
        9878  -1.65419149      0.548953772      0.439999998    
        9880  -1.73739040       1.11229277      0.469999999    
        9882  -1.77316427       1.08773804      0.479999989    
        9884  -1.65599895       1.66238511      0.490000010    
        9886  -1.89824831      0.901038587      0.479999989    
        9888  -1.79428971      0.493459016      0.460000008    
        9890  -1.83467436      0.353946805      0.479999989    
        9892  -1.91100395       1.07297349      0.490000010    
        9894  -1.99635577       1.39869881      0.519999981    
        9896  -1.81058609       1.22648811      0.500000000    
        9898  -1.76909792       1.76627195      0.509999990    
        9900  -1.94322145       1.80466163      0.519999981    
        9902  -2.13024855      0.951613963      0.529999971    
        9904  -2.14369774       1.04172337      0.540000021    
        9906  -2.14725232      0.858622134      0.550000012    
        9908  -2.13353491       1.20933115      0.569999993    
        9910  -2.02008653       1.54598546      0.540000021    
        9912  -2.01141596       1.00984144      0.529999971    
        9914  -1.87652802       1.16964531      0.509999990    
        9916  -1.80025923       1.43240595      0.490000010    
        9918  -1.72844446       1.00131309      0.509999990    
        9920  -1.63144839       1.46750951      0.519999981    
        9922  -1.83543265       1.27250671      0.509999990    
        9924  -1.73434019       1.31863236      0.509999990    
        9926  -1.79289663       1.61923969      0.519999981    
        9928  -1.95546949       1.38678122      0.509999990    
        9930  -1.90886950       1.33411133      0.519999981    
        9932  -1.97777820       1.00396931      0.479999989    
        9934  -1.93604374      0.764891326      0.500000000    
        9936  -1.87007725       1.12291574      0.479999989    
        9938  -1.89705181       1.07231605      0.479999989    
        9940  -1.85418892      0.966593504      0.490000010    
        9942  -1.90491855       1.04741168      0.490000010    
        9944  -1.69328237       1.09646380      0.479999989    
        9946  -1.86932790      0.639983833      0.490000010    
        9948  -2.00797296      0.787039697      0.509999990    
        9950  -1.75376952       1.17022026      0.509999990    
        9952  -1.59822750       1.52837491      0.469999999    
        9954  -1.75491583       1.28143477      0.490000010    
        9956  -1.97487640      0.499295622      0.479999989    
        9958  -1.70301449       1.28254735      0.460000008    
        9960  -1.53791976       1.02788389      0.430000007    
        9962  -1.51445484      0.820757866      0.419999987    
        9964  -1.36675322       1.15689826      0.409999996    
        9966  -1.16388500       1.58058035      0.389999986    
        9968  -1.36464214      0.863323092      0.389999986    
        9970  -1.45686960       1.03350067      0.409999996    
        9972  -1.50613022       1.21464181      0.409999996    
        9974  -1.42512167       1.09234643      0.389999986    
        9976  -1.34938192      0.873967946      0.349999994    
        9978  -1.32749701      0.951695800      0.360000014    
        9980  -1.09382904       1.28482783      0.349999994    
        9982  -1.41104555      0.505307376      0.349999994    
        9984  -1.28671372      0.444521248      0.379999995    
        9986  -1.25791538      0.526936352      0.379999995    
        9988  -1.53584981      0.248834684      0.409999996    
        9990  -1.71582723      0.729668796      0.419999987    
        9992  -1.71998429       1.26778829      0.439999998    
        9994  -1.69291198       1.29093444      0.439999998    
        9996  -1.71707261       1.47135758      0.449999988    
        9998  -1.43062544      0.929145813      0.400000006    
       10000  -1.47387171       1.14080119      0.400000006    
