           2  -2.69207072       2.17641401      0.699999988    
           4  -2.48310995       2.94213963      0.699999988    
           6  -2.39242220       3.03866315      0.699999988    
           8  -2.51254630       2.39831138      0.689999998    
          10  -2.39749146       2.70239115      0.689999998    
          12  -2.35157681       3.01073194      0.699999988    
          14  -2.48333669       2.71632409      0.709999979    
          16  -2.67805099       1.95878839      0.709999979    
          18  -2.73895884       1.67919695      0.709999979    
          20  -2.59236884       2.31781936      0.709999979    
          22  -2.55643201       2.36793613      0.699999988    
          24  -2.47491789       3.41909623      0.709999979    
          26  -2.37862635       4.28419876      0.720000029    
          28  -2.57597518       3.30722976      0.709999979    
          30  -2.54781199       2.54189610      0.699999988    
          32  -2.38384867       3.36667609      0.699999988    
          34  -2.53892541       3.10105729      0.709999979    
          36  -2.73217249       2.35096502      0.709999979    
          38  -2.71059203       2.46401143      0.709999979    
          40  -2.71654296       2.34329677      0.709999979    
          42  -2.51754928       3.51856279      0.720000029    
          44  -2.52268767       3.10427165      0.730000019    
          46  -2.55207562       2.67229700      0.720000029    
          48  -2.63371205       2.29876566      0.720000029    
          50  -2.62106705       2.52084875      0.720000029    
          52  -2.67088413       2.83499742      0.730000019    
          54  -2.49414587       3.73815036      0.730000019    
          56  -2.62235117       2.64975834      0.709999979    
          58  -2.90106416       1.91732919      0.720000029    
          60  -2.67447424       2.77516079      0.720000029    
          62  -2.64345407       2.78639865      0.720000029    
          64  -2.50771999       3.24313807      0.720000029    
          66  -2.79287577       2.49013972      0.720000029    
          68  -2.85993743       2.45510888      0.740000010    
          70  -2.69034171       2.75970984      0.730000019    
          72  -2.70289254       2.17672634      0.720000029    
          74  -2.33900285       3.04491711      0.699999988    
          76  -2.35523820       2.49127316      0.680000007    
          78  -2.54794359       1.64575183      0.680000007    
          80  -2.42888999       1.99673188      0.680000007    
          82  -2.61544180       1.11249292      0.670000017    
          84  -2.67478180       1.22214127      0.680000007    
          86  -2.72970796      0.993460059      0.680000007    
          88  -2.56501460       1.98184252      0.689999998    
          90  -2.65023661       1.73092067      0.689999998    
          92  -2.56623912       2.32187891      0.689999998    
          94  -2.55311322       1.92758620      0.689999998    
          96  -2.63637686       1.73154187      0.689999998    
          98  -2.74151111       1.41692364      0.680000007    
         100  -2.57597709       1.56221163      0.670000017    
         102  -2.42976928       1.90155983      0.660000026    
         104  -2.22538352       2.65271139      0.660000026    
         106  -2.46209526       1.72772622      0.660000026    
         108  -2.63893127      0.989379227      0.660000026    
         110  -2.38629603       1.81175864      0.660000026    
         112  -2.41697788       1.76493764      0.680000007    
         114  -2.54355836       1.75530374      0.670000017    
         116  -2.54448652       1.94707227      0.670000017    
         118  -2.34311724       2.70384145      0.670000017    
         120  -2.65302491       1.98622906      0.670000017    
         122  -2.45005083       2.67718506      0.660000026    
         124  -2.47183013       2.78988385      0.680000007    
         126  -2.74637079       1.73895359      0.699999988    
         128  -2.65891814       1.91444302      0.689999998    
         130  -2.55618715       2.35102034      0.689999998    
         132  -2.47177005       2.97103429      0.699999988    
         134  -2.36713195       2.75449514      0.689999998    
         136  -2.38239598       2.84657288      0.689999998    
         138  -2.36875677       3.21015668      0.699999988    
         140  -2.50178218       2.49807572      0.699999988    
         142  -2.71217179       1.59127092      0.699999988    
         144  -2.60345507       1.88181078      0.689999998    
         146  -2.40587378       2.04699969      0.689999998    
         148  -2.42410851       2.23875141      0.699999988    
         150  -2.65846562       1.51034510      0.699999988    
         152  -2.64522338       1.49546957      0.699999988    
         154  -2.25247455       2.71642971      0.699999988    
         156  -2.26920652       2.46931314      0.680000007    
         158  -2.32858849       1.87672853      0.670000017    
         160  -2.32002831       2.28702044      0.670000017    
         162  -2.67121291       1.22802627      0.670000017    
         164  -2.42426729       2.19770002      0.660000026    
         166  -1.99655056       3.01932764      0.649999976    
         168  -2.29741812       3.26651049      0.670000017    
         170  -2.26287389       3.31445694      0.680000007    
         172  -2.26281404       3.11008573      0.680000007    
         174  -2.35109282       2.73477101      0.680000007    
         176  -2.58969450       2.38503075      0.689999998    
         178  -2.69140100       1.77766502      0.689999998    
         180  -2.61167407       2.08935928      0.689999998    
         182  -2.73494649       1.62098360      0.689999998    
         184  -2.58835649       2.47942519      0.689999998    
         186  -2.45013261       2.79234552      0.670000017    
         188  -2.42743945       2.71633029      0.680000007    
         190  -2.38302088       3.09814119      0.689999998    
         192  -2.49646068       2.33531213      0.680000007    
         194  -2.44611645       2.38300133      0.680000007    
         196  -2.48664927       2.09366584      0.680000007    
         198  -2.52630711       1.74641514      0.680000007    
         200  -2.55649018       1.92558706      0.680000007    
         202  -2.45863867       2.53316426      0.689999998    
         204  -2.56424832       2.07090974      0.689999998    
         206  -2.48637104       2.79342866      0.709999979    
         208  -2.44854403       2.83120036      0.699999988    
         210  -2.49234986       2.97309566      0.699999988    
         212  -2.62092280       2.45027328      0.699999988    
         214  -2.87006593       1.77490532      0.699999988    
         216  -2.62679219       2.29135060      0.689999998    
         218  -2.70801306       1.99944758      0.699999988    
         220  -2.67658567       1.97983527      0.699999988    
         222  -2.66728449       1.72305286      0.699999988    
         224  -2.63031983       1.78501928      0.709999979    
         226  -2.63989043       1.69910872      0.709999979    
         228  -2.69516683       1.31199276      0.699999988    
         230  -2.38183093       2.44893742      0.699999988    
         232  -2.41657424       2.52765107      0.699999988    
         234  -2.75159788       1.19113207      0.699999988    
         236  -2.63797092       2.99665833      0.709999979    
         238  -2.84582782       1.62964630      0.709999979    
         240  -2.68397427       2.00840306      0.709999979    
         242  -2.54040861       2.73843002      0.709999979    
         244  -2.59648347       2.56622624      0.730000019    
         246  -2.61779094       2.25028181      0.720000029    
         248  -2.63225436       2.44597602      0.709999979    
         250  -2.73776960       2.06890011      0.730000019    
         252  -2.86160135       1.47224987      0.730000019    
         254  -2.88251090       1.58296573      0.740000010    
         256  -2.81777477       1.76358175      0.730000019    
         258  -2.70070934       2.37609458      0.720000029    
         260  -2.59154248       2.79879785      0.720000029    
         262  -2.60042834       2.67606521      0.709999979    
         264  -2.83015585       2.45559192      0.730000019    
         266  -2.80753374       2.50921702      0.740000010    
         268  -2.74170995       2.26948190      0.740000010    
         270  -2.76561880       2.40565968      0.740000010    
         272  -2.61331391       3.40067482      0.740000010    
         274  -2.70374990       2.90063095      0.740000010    
         276  -2.51354027       3.44395161      0.750000000    
         278  -2.54111671       3.25569677      0.740000010    
         280  -2.69602728       2.72558236      0.740000010    
         282  -2.86828709       2.03199291      0.740000010    
         284  -2.68708563       2.58429337      0.730000019    
         286  -2.52300024       1.99131238      0.699999988    
         288  -2.57756758       1.48218632      0.689999998    
         290  -2.47252870       2.65461159      0.689999998    
         292  -2.44811273       3.03978848      0.689999998    
         294  -2.42935109       3.02523232      0.689999998    
         296  -2.18030000       3.35799289      0.689999998    
         298  -2.49924612       2.78164625      0.709999979    
         300  -2.60857654       2.16602373      0.689999998    
         302  -2.53219271       2.52346635      0.689999998    
         304  -2.31162620       3.19999194      0.699999988    
         306  -2.41139674       2.27006626      0.680000007    
         308  -2.02472162       3.48959184      0.680000007    
         310  -1.99091375       3.35638595      0.670000017    
         312  -2.43454599       2.38677144      0.670000017    
         314  -2.43984866       2.06927919      0.670000017    
         316  -2.60337996       1.21658349      0.660000026    
         318  -2.41635323       2.06138921      0.670000017    
         320  -2.39853263       2.13842130      0.680000007    
         322  -2.48869443       1.96911740      0.689999998    
         324  -2.43539953       2.93587923      0.699999988    
         326  -2.31286645       3.43044734      0.709999979    
         328  -2.71283126       1.98876643      0.709999979    
         330  -2.67469263       2.01709628      0.709999979    
         332  -2.69917107       1.99870253      0.720000029    
         334  -2.61345911       2.60451484      0.709999979    
         336  -2.78645778       2.01098204      0.720000029    
         338  -2.73785710       2.07710981      0.720000029    
         340  -2.64005423       2.50924325      0.720000029    
         342  -2.51515770       2.90245843      0.720000029    
         344  -2.71754479       1.86119676      0.720000029    
         346  -2.55702877       2.32404542      0.709999979    
         348  -2.69683933       2.30343747      0.709999979    
         350  -2.62819266       2.38780522      0.709999979    
         352  -2.58904767       2.63015890      0.709999979    
         354  -2.59887338       2.73950076      0.709999979    
         356  -2.83370733       2.03724933      0.709999979    
         358  -2.88354063       2.11469960      0.709999979    
         360  -2.72018003       2.75242925      0.709999979    
         362  -2.71917653       2.35527158      0.699999988    
         364  -2.60851932       2.63652182      0.680000007    
         366  -2.68592644       2.33546209      0.680000007    
         368  -2.68680573       2.06945205      0.680000007    
         370  -2.70635223       1.91239512      0.680000007    
         372  -2.81906962       1.71053493      0.689999998    
         374  -2.46371055       3.48203397      0.709999979    
         376  -2.08365369       4.18375731      0.699999988    
         378  -2.34514809       3.21639705      0.680000007    
         380  -2.48307252       2.12029910      0.670000017    
         382  -2.61219668       1.65353262      0.670000017    
         384  -2.67476678       1.26733363      0.670000017    
         386  -2.50056148       1.72898471      0.649999976    
         388  -2.50397539       1.74864662      0.660000026    
         390  -2.48296237       1.78657782      0.660000026    
         392  -2.45101547       2.15108895      0.670000017    
         394  -2.39970732       2.29059196      0.689999998    
         396  -2.20355439       2.97237563      0.680000007    
         398  -2.49605060       2.52905226      0.689999998    
         400  -2.66985202       1.82407212      0.709999979    
         402  -2.60549641       2.31118584      0.699999988    
         404  -2.51557922       2.83290172      0.699999988    
         406  -2.49818659       2.21393132      0.689999998    
         408  -2.53889942       1.20231462      0.680000007    
         410  -2.32048416       2.60633731      0.680000007    
         412  -2.57438040       1.73794615      0.680000007    
         414  -2.49437237       2.32016253      0.680000007    
         416  -2.60475874       1.31291568      0.670000017    
         418  -2.39644575       2.55983067      0.670000017    
         420  -2.42334890       2.87580466      0.689999998    
         422  -2.52743173       2.56752872      0.689999998    
         424  -2.57188511       2.21967888      0.699999988    
         426  -2.57157207       2.24895120      0.699999988    
         428  -2.71558738       1.21405900      0.689999998    
         430  -2.48258281       1.95493722      0.680000007    
         432  -2.19126606       3.17437124      0.680000007    
         434  -2.38355541       2.26451445      0.660000026    
         436  -2.34504938       2.29535770      0.660000026    
         438  -2.34841323       1.92636943      0.660000026    
         440  -2.53143382       1.25545239      0.660000026    
         442  -2.60321283       2.02223325      0.689999998    
         444  -2.58440304       2.55267811      0.689999998    
         446  -2.50698662       2.61439657      0.689999998    
         448  -2.58374405       2.61528659      0.699999988    
         450  -2.86179256       1.73055255      0.709999979    
         452  -2.66348004       2.47278643      0.709999979    
         454  -2.65004849       2.53435373      0.709999979    
         456  -2.58414412       2.52345252      0.709999979    
         458  -2.47153902       2.95288181      0.709999979    
         460  -2.71364880       2.37429738      0.709999979    
         462  -2.69044185       2.72262573      0.720000029    
         464  -2.65346313       2.42506623      0.709999979    
         466  -2.71028495       2.64594722      0.709999979    
         468  -2.62335014       2.79103565      0.709999979    
         470  -2.72163987       1.91952610      0.699999988    
         472  -2.68773317       1.82170379      0.699999988    
         474  -2.67010450       2.14997506      0.699999988    
         476  -2.77721786       1.56067789      0.709999979    
         478  -2.84047842       1.60573280      0.709999979    
         480  -2.94975448       1.59091556      0.720000029    
         482  -2.94072509       1.78150785      0.699999988    
         484  -2.87571931       2.03477573      0.720000029    
         486  -2.73462462       2.74872065      0.720000029    
         488  -2.77490854       2.42276192      0.730000019    
         490  -2.82581568       1.89777470      0.730000019    
         492  -2.74964261       1.95070815      0.720000029    
         494  -2.67876768       2.20652819      0.720000029    
         496  -2.71341300       2.28107262      0.730000019    
         498  -2.63505983       2.31393361      0.740000010    
         500  -2.65329432       2.51818132      0.740000010    
         502  -2.61912370       1.70287943      0.720000029    
         504  -2.58556390       2.11977553      0.720000029    
         506  -2.44834137       3.32106972      0.720000029    
         508  -2.51761127       2.77819371      0.720000029    
         510  -2.76059055       1.60211337      0.720000029    
         512  -2.58193755       2.37054658      0.730000019    
         514  -2.79431725       2.03874803      0.740000010    
         516  -2.67812204       2.54711652      0.740000010    
         518  -2.31896281       4.17701101      0.740000010    
         520  -2.58143950       2.79485345      0.740000010    
         522  -2.65738392       2.41152501      0.720000029    
         524  -2.53757882       2.66343427      0.699999988    
         526  -2.69979548       2.62383151      0.709999979    
         528  -2.80928421       1.99376559      0.709999979    
         530  -2.68034434       2.54717588      0.699999988    
         532  -2.69431353       2.00778127      0.689999998    
         534  -2.68500757       1.55293727      0.689999998    
         536  -2.64955068       1.72835231      0.689999998    
         538  -2.66700578       1.75888300      0.689999998    
         540  -2.35073781       2.75162125      0.689999998    
         542  -2.04612350       3.36718011      0.680000007    
         544  -2.28694749       2.13225937      0.680000007    
         546  -2.40860343       1.63726318      0.670000017    
         548  -2.21098590       2.09454870      0.660000026    
         550  -2.23169231       1.89401257      0.649999976    
         552  -2.24976468       2.04843307      0.649999976    
         554  -2.42701197       1.24883878      0.649999976    
         556  -2.36525154       1.12615144      0.639999986    
         558  -2.36245799       1.33952308      0.639999986    
         560  -2.36105704       1.46030188      0.649999976    
         562  -2.42164230       1.50417137      0.649999976    
         564  -2.49048066       1.42675090      0.649999976    
         566  -2.46778846       2.13815117      0.660000026    
         568  -2.43824911       2.48636484      0.660000026    
         570  -2.32758474       2.56429672      0.670000017    
         572  -2.36565518       3.08400822      0.660000026    
         574  -2.70976257       1.65764797      0.660000026    
         576  -2.66724944       1.96912193      0.660000026    
         578  -2.57962728       2.18555903      0.660000026    
         580  -2.53232265       2.12353134      0.649999976    
         582  -2.47604489       2.08364749      0.649999976    
         584  -2.24826169       2.16385937      0.639999986    
         586  -2.35988975       1.83414435      0.649999976    
         588  -2.33035827       2.33102036      0.660000026    
         590  -2.64134908       1.35349512      0.649999976    
         592  -2.50196528       1.76805282      0.649999976    
         594  -2.26334238       2.49884105      0.649999976    
         596  -2.46909976       1.60846102      0.629999995    
         598  -2.30625486       2.06796074      0.639999986    
         600  -2.37997532       2.03052688      0.629999995    
         602  -2.22880554       2.51234198      0.620000005    
         604  -2.31369758       1.95737803      0.620000005    
         606  -2.12363863       2.35349393      0.610000014    
         608  -2.37221289       1.67080176      0.610000014    
         610  -2.46592855       1.24013889      0.620000005    
         612  -2.35305595       2.21139669      0.639999986    
         614  -2.18039489       3.71070266      0.649999976    
         616  -2.28787684       2.96913695      0.649999976    
         618  -2.53564286       2.01383233      0.649999976    
         620  -2.48745131       2.06033373      0.629999995    
         622  -2.46964097       1.90912092      0.629999995    
         624  -2.56772780       2.14664459      0.639999986    
         626  -2.69202399       1.53988755      0.670000017    
         628  -2.56561518       2.02773499      0.670000017    
         630  -2.58278060       1.58725262      0.660000026    
         632  -2.30707479       2.70761395      0.660000026    
         634  -2.44859910       1.93738127      0.649999976    
         636  -2.51214385       1.77784503      0.660000026    
         638  -2.68398190       1.24767923      0.660000026    
         640  -2.62363029       2.07721233      0.680000007    
         642  -2.64908242       1.93466592      0.680000007    
         644  -2.58891916       2.23744369      0.670000017    
         646  -2.57406664       2.41455770      0.680000007    
         648  -2.59169936       2.29963398      0.689999998    
         650  -2.70088696       1.82075691      0.680000007    
         652  -2.51844764       2.09384346      0.680000007    
         654  -2.78382516       1.35826087      0.689999998    
         656  -2.53007078       2.67737198      0.689999998    
         658  -2.89974785       1.33913207      0.689999998    
         660  -2.77067780       2.09566092      0.699999988    
         662  -2.78673577       2.07216597      0.709999979    
         664  -2.65256429       2.01604700      0.709999979    
         666  -2.64323068       2.29694152      0.709999979    
         668  -2.53297973       3.00319600      0.709999979    
         670  -2.43278480       3.37182426      0.709999979    
         672  -2.68813443       2.44670010      0.709999979    
         674  -2.79736471       1.75853240      0.709999979    
         676  -2.58205271       2.15119267      0.699999988    
         678  -2.67464852       1.16866612      0.699999988    
         680  -2.62923837       1.39679694      0.699999988    
         682  -2.49430180       2.04757786      0.699999988    
         684  -2.16443110       3.00723624      0.680000007    
         686  -2.27816772       2.51860619      0.680000007    
         688  -2.09798908       2.99286509      0.660000026    
         690  -2.10615945       2.62287521      0.660000026    
         692  -2.20593214       2.39351749      0.660000026    
         694  -1.96651697       2.95287108      0.649999976    
         696  -2.29097128       2.35194468      0.649999976    
         698  -2.22229338       2.15600967      0.639999986    
         700  -2.47374988       1.30468071      0.639999986    
         702  -2.34670568       2.23515558      0.639999986    
         704  -2.36141014       1.17875242      0.620000005    
         706  -2.23580813       1.83902323      0.610000014    
         708  -2.36989927       1.65357220      0.629999995    
         710  -2.36252213       1.53896725      0.620000005    
         712  -2.21157765       1.60151398      0.610000014    
         714  -2.27804875       1.51550698      0.589999974    
         716  -2.09526801       2.18819284      0.600000024    
         718  -2.12541509       2.04876876      0.600000024    
         720  -2.22567129       1.51322019      0.589999974    
         722  -2.10617328       2.16984820      0.610000014    
         724  -2.51923871      0.951503754      0.620000005    
         726  -2.42125559       1.32731903      0.620000005    
         728  -2.27942657       2.06686163      0.629999995    
         730  -2.24719143       2.17492962      0.629999995    
         732  -2.32026553       1.80041325      0.629999995    
         734  -2.01968122       2.16730452      0.610000014    
         736  -2.11062551       2.22119713      0.620000005    
         738  -2.12338257       1.75632203      0.600000024    
         740  -2.22800517       1.72264826      0.620000005    
         742  -2.21002460       1.56448734      0.610000014    
         744  -2.45015121       1.06361699      0.610000014    
         746  -2.25625849       1.55652893      0.610000014    
         748  -1.95660985       2.85780954      0.629999995    
         750  -2.16790152       2.20351887      0.649999976    
         752  -2.40261769       1.66513145      0.660000026    
         754  -2.26551843       2.26000595      0.649999976    
         756  -2.29689169       2.05746031      0.649999976    
         758  -2.40595675       2.33950019      0.660000026    
         760  -2.49100494       1.82324970      0.649999976    
         762  -2.41073990       1.75432575      0.660000026    
         764  -2.21171021       2.57105374      0.660000026    
         766  -2.45383501       1.51794136      0.639999986    
         768  -2.32506394       2.20713735      0.629999995    
         770  -2.22874618       2.04734445      0.600000024    
         772  -2.14286470       1.60183406      0.579999983    
         774  -2.08427596       1.75521421      0.589999974    
         776  -2.08053613       1.49722314      0.579999983    
         778  -1.82009709       3.00863457      0.600000024    
         780  -2.01204729       2.64800668      0.620000005    
         782  -2.52644205      0.974934518      0.620000005    
         784  -2.55581498       1.11098158      0.620000005    
         786  -2.34701419       1.95483851      0.610000014    
         788  -2.63079858      0.919160724      0.610000014    
         790  -2.62156010      0.693165362      0.620000005    
         792  -2.40133190       1.10804284      0.610000014    
         794  -2.33161998       1.64917076      0.620000005    
         796  -2.18395853       1.90653670      0.610000014    
         798  -2.13626218       2.05021715      0.600000024    
         800  -2.33554673       1.26267231      0.610000014    
         802  -2.03904486       2.00592494      0.600000024    
         804  -2.22834468       1.39236283      0.600000024    
         806  -2.30913711       1.83010185      0.610000014    
         808  -2.32663298       2.02495813      0.620000005    
         810  -2.50937295       1.66048753      0.620000005    
         812  -2.38864708       1.88176298      0.629999995    
         814  -2.40889764       1.75068569      0.620000005    
         816  -2.32148719       1.75546980      0.620000005    
         818  -2.42224741       1.47933960      0.629999995    
         820  -2.39479375       1.80785704      0.629999995    
         822  -2.39010882       2.04075432      0.629999995    
         824  -2.43030262       1.36237454      0.620000005    
         826  -2.23554039       1.74606764      0.610000014    
         828  -2.38725591       1.03317261      0.610000014    
         830  -2.37973571       1.40101159      0.610000014    
         832  -2.45329022      0.675037742      0.620000005    
         834  -2.43959737      0.867718637      0.629999995    
         836  -2.04339957       2.12271142      0.620000005    
         838  -2.30814075       1.59245181      0.639999986    
         840  -2.32659864       1.63098240      0.639999986    
         842  -2.36508179       1.71490824      0.629999995    
         844  -2.22891426       2.44808292      0.639999986    
         846  -2.47063804       1.76644051      0.649999976    
         848  -2.66839194       1.52218699      0.670000017    
         850  -2.72515607       1.16682327      0.670000017    
         852  -2.67026186       1.65152586      0.670000017    
         854  -2.57906246       1.60811317      0.680000007    
         856  -2.57551432       1.68442714      0.680000007    
         858  -2.65319467       2.13155389      0.680000007    
         860  -2.65505052       1.98661923      0.680000007    
         862  -2.68320680       1.50272238      0.680000007    
         864  -2.57070446       2.07177091      0.699999988    
         866  -2.43587947       3.29265666      0.709999979    
         868  -2.80657959       1.80041087      0.720000029    
         870  -2.69011903       2.46817684      0.720000029    
         872  -2.87071300       1.23426342      0.709999979    
         874  -2.84392500       1.57479346      0.720000029    
         876  -2.90307879       1.29677701      0.720000029    
         878  -2.91473174       1.50566542      0.709999979    
         880  -2.84634519       2.10343480      0.720000029    
         882  -2.53295875       2.95683575      0.699999988    
         884  -2.65327740       2.24633026      0.699999988    
         886  -2.63819075       2.36877751      0.709999979    
         888  -2.63687539       2.14930320      0.709999979    
         890  -2.69203067       2.73144484      0.709999979    
         892  -2.68946624       2.34697580      0.699999988    
         894  -2.81856465       1.74065459      0.709999979    
         896  -2.87952447       1.78858197      0.709999979    
         898  -2.76965547       2.17754889      0.699999988    
         900  -2.35612512       3.54620910      0.699999988    
         902  -2.83628988       2.02366376      0.709999979    
         904  -2.41530418       3.31108212      0.709999979    
         906  -2.53777075       2.36085701      0.680000007    
         908  -2.46060538       2.32219911      0.680000007    
         910  -2.61734843       1.72789478      0.670000017    
         912  -2.48000789       2.70128036      0.680000007    
         914  -2.46962309       2.59948492      0.680000007    
         916  -2.50301909       2.15325880      0.670000017    
         918  -2.28789115       3.34093523      0.680000007    
         920  -2.27281857       3.06790590      0.660000026    
         922  -2.48337293       3.09462404      0.699999988    
         924  -2.78435493       1.78256440      0.699999988    
         926  -2.54070687       2.05791736      0.689999998    
         928  -2.39508772       2.34407139      0.680000007    
         930  -2.45736480       2.18841052      0.670000017    
         932  -2.36843610       2.23249769      0.649999976    
         934  -2.13139153       3.68993759      0.680000007    
         936  -2.38795948       2.94892764      0.680000007    
         938  -2.49771476       2.54211521      0.680000007    
         940  -2.51326156       2.66985774      0.680000007    
         942  -2.42702746       2.92297864      0.680000007    
         944  -2.56620383       2.55213428      0.689999998    
         946  -2.66095710       2.31628299      0.699999988    
         948  -2.80349874       1.71329999      0.699999988    
         950  -2.83057380       1.53765607      0.699999988    
         952  -2.66890216       2.47524285      0.699999988    
         954  -2.69820476       2.73457718      0.709999979    
         956  -2.66543865       2.19489765      0.699999988    
         958  -2.56687784       2.27995563      0.699999988    
         960  -2.70561934       1.56667948      0.709999979    
         962  -2.80226874       1.25223160      0.709999979    
         964  -2.70680118       1.82239389      0.709999979    
         966  -2.57715845       2.10381532      0.709999979    
         968  -2.66025782       1.75692344      0.699999988    
         970  -2.56446433       2.41512775      0.709999979    
         972  -2.32791972       3.25215816      0.699999988    
         974  -2.33443975       3.48240185      0.699999988    
         976  -2.41317677       2.74314404      0.699999988    
         978  -2.39609933       2.74334097      0.689999998    
         980  -2.44411635       2.30303860      0.670000017    
         982  -2.47329712       2.29793453      0.670000017    
         984  -2.45500183       2.84391189      0.680000007    
         986  -2.59991455       2.57182145      0.699999988    
         988  -2.46301436       2.56204748      0.689999998    
         990  -2.29828978       3.91590142      0.689999998    
         992  -2.55400467       3.24153662      0.699999988    
         994  -2.61084652       3.53839898      0.699999988    
         996  -2.62942266       3.36219263      0.709999979    
         998  -2.58315635       3.13479805      0.709999979    
        1000  -2.72343683       3.05042100      0.720000029    
        1002  -2.83080411       1.83925378      0.709999979    
        1004  -2.80375409       2.03252816      0.709999979    
        1006  -2.69728875       2.50308180      0.699999988    
        1008  -2.71217561       2.70655751      0.699999988    
        1010  -2.60973597       2.93327808      0.699999988    
        1012  -2.53751969       3.46827936      0.699999988    
        1014  -2.63291335       2.71968770      0.689999998    
        1016  -2.56697726       2.44405460      0.680000007    
        1018  -2.42676163       2.61144543      0.680000007    
        1020  -2.40185165       3.03314209      0.680000007    
        1022  -2.68670464       2.42958188      0.699999988    
        1024  -2.75542617       2.03334498      0.680000007    
        1026  -2.54078698       2.04561424      0.680000007    
        1028  -2.34175992       2.20019317      0.680000007    
        1030  -2.21703625       2.36139154      0.660000026    
        1032  -2.29107714       2.75597715      0.660000026    
        1034  -2.45946860       2.64968729      0.680000007    
        1036  -2.49684191       1.99832821      0.680000007    
        1038  -2.63639402       1.93074381      0.670000017    
        1040  -2.56367779       2.61131215      0.689999998    
        1042  -2.50008965       2.70240140      0.689999998    
        1044  -2.70876765       1.84003615      0.680000007    
        1046  -2.55317283       2.49494338      0.680000007    
        1048  -2.48864603       2.41197348      0.670000017    
        1050  -2.61651611       2.34002066      0.660000026    
        1052  -2.49658680       2.23179531      0.639999986    
        1054  -2.45517397       2.25364614      0.660000026    
        1056  -2.48521090       2.14482260      0.660000026    
        1058  -2.45364976       2.02541232      0.660000026    
        1060  -2.29754066       2.16916466      0.649999976    
        1062  -2.54177022       1.05297005      0.649999976    
        1064  -2.29718399       2.34991288      0.660000026    
        1066  -2.36162996       2.40899253      0.670000017    
        1068  -2.59626722       1.70595706      0.689999998    
        1070  -2.42511272       2.92125845      0.699999988    
        1072  -2.54655600       2.37908840      0.699999988    
        1074  -2.57230258       2.13172293      0.699999988    
        1076  -2.43272090       2.98225379      0.689999998    
        1078  -2.33937097       3.10069656      0.689999998    
        1080  -2.73309684       1.70863557      0.689999998    
        1082  -2.56163502       2.33923864      0.680000007    
        1084  -2.43977308       3.13809371      0.689999998    
        1086  -2.51560831       2.57480192      0.680000007    
        1088  -2.62527728       1.64606714      0.670000017    
        1090  -2.25930929       2.93712902      0.660000026    
        1092  -2.37106490       1.99894357      0.649999976    
        1094  -2.15521383       2.65060282      0.649999976    
        1096  -2.54547572       1.62782824      0.660000026    
        1098  -2.33726573       2.20170307      0.660000026    
        1100  -2.32527781       2.58912158      0.670000017    
        1102  -2.37049294       2.09221601      0.649999976    
        1104  -2.33584714       2.44860506      0.649999976    
        1106  -2.30944729       2.23981571      0.649999976    
        1108  -2.55375314      0.964902520      0.639999986    
        1110  -2.36948586       1.37650573      0.629999995    
        1112  -2.21897507       2.20897841      0.639999986    
        1114  -2.59888172       1.08339489      0.639999986    
        1116  -2.64094257       1.32121718      0.660000026    
        1118  -2.35249686       2.38480425      0.660000026    
        1120  -2.35465980       2.60131669      0.670000017    
        1122  -2.67963958       1.82157707      0.680000007    
        1124  -2.59003401       2.12056494      0.680000007    
        1126  -2.31138802       3.03833246      0.680000007    
        1128  -2.55664873       2.25597358      0.680000007    
        1130  -2.65618157       1.86343801      0.670000017    
        1132  -2.59718251       2.14247417      0.680000007    
        1134  -2.57898808       2.34920216      0.680000007    
        1136  -2.29757452       3.62561464      0.680000007    
        1138  -2.46547246       3.35535812      0.699999988    
        1140  -2.60053611       3.83217311      0.720000029    
        1142  -2.37488008       4.43630314      0.720000029    
        1144  -2.55115581       3.64878678      0.720000029    
        1146  -2.67616940       3.27475309      0.709999979    
        1148  -2.63805223       3.26203299      0.709999979    
        1150  -2.59891844       3.54521203      0.720000029    
        1152  -2.69587731       2.36963773      0.709999979    
        1154  -2.70193934       2.41602874      0.699999988    
        1156  -2.10772467       3.98946905      0.689999998    
        1158  -2.23731971       3.35254002      0.680000007    
        1160  -2.45853376       2.30535221      0.689999998    
        1162  -2.40590024       2.71687365      0.699999988    
        1164  -2.68983936       2.39000034      0.720000029    
        1166  -2.39686513       3.29984951      0.699999988    
        1168  -2.69311690       2.33304453      0.699999988    
        1170  -2.54741907       2.27959585      0.689999998    
        1172  -2.61959648       2.16914296      0.699999988    
        1174  -2.63552022       2.00700879      0.699999988    
        1176  -2.57375073       2.32839012      0.699999988    
        1178  -2.41236448       2.62709832      0.680000007    
        1180  -2.63834500       1.70055008      0.670000017    
        1182  -2.50910449       2.25102973      0.649999976    
        1184  -2.25966334       3.35716963      0.649999976    
        1186  -2.11804986       3.83992147      0.639999986    
        1188  -2.15325141       3.49995208      0.639999986    
        1190  -2.40969825       2.56741714      0.629999995    
        1192  -2.31686735       2.58356285      0.639999986    
        1194  -2.49287176       1.74579811      0.639999986    
        1196  -2.31945038       2.01282167      0.629999995    
        1198  -2.15102148       2.42754841      0.629999995    
        1200  -2.16300583       2.31124902      0.639999986    
        1202  -2.08129692       2.34203458      0.639999986    
        1204  -2.21751356       1.74677145      0.639999986    
        1206  -2.43805552       1.56131554      0.649999976    
        1208  -2.55297256       1.34077454      0.660000026    
        1210  -2.25415921       2.71154380      0.649999976    
        1212  -2.40632606       2.28536844      0.660000026    
        1214  -2.36343932       2.55329180      0.660000026    
        1216  -2.29759002       3.08345699      0.660000026    
        1218  -2.37799072       2.26246452      0.649999976    
        1220  -2.48479438       1.94336724      0.649999976    
        1222  -2.53092957       2.02550054      0.649999976    
        1224  -2.54903579       1.86443377      0.639999986    
        1226  -2.42420268       2.58051085      0.629999995    
        1228  -2.34992337       2.10454273      0.629999995    
        1230  -2.28755116       1.71885550      0.620000005    
        1232  -2.34196615       1.84129012      0.629999995    
        1234  -2.43024158       1.36764050      0.649999976    
        1236  -2.61187053       1.15060246      0.649999976    
        1238  -2.42209387       2.53506994      0.649999976    
        1240  -2.55750060       1.70442438      0.649999976    
        1242  -2.17119598       3.00167298      0.660000026    
        1244  -2.48227262       1.95823503      0.660000026    
        1246  -2.45997310       2.67282462      0.649999976    
        1248  -2.14851904       3.28105974      0.649999976    
        1250  -2.57531261       1.43729734      0.660000026    
        1252  -2.70021033       1.33861649      0.660000026    
        1254  -2.42241240       2.47308183      0.649999976    
        1256  -2.40375161       2.11233878      0.649999976    
        1258  -2.54909682       1.81762636      0.660000026    
        1260  -2.37470126       2.40130925      0.660000026    
        1262  -2.27806258       3.31286669      0.689999998    
        1264  -2.39376020       2.69762230      0.699999988    
        1266  -2.57251048       2.06805801      0.699999988    
        1268  -2.57179379       2.64447165      0.699999988    
        1270  -2.52422643       3.02585649      0.720000029    
        1272  -2.45235729       3.51913857      0.730000019    
        1274  -2.42553353       3.39688468      0.720000029    
        1276  -2.54018021       2.92724824      0.720000029    
        1278  -2.61642146       2.54111862      0.730000019    
        1280  -2.76713490       2.37174726      0.740000010    
        1282  -2.53219795       3.23894477      0.740000010    
        1284  -2.42734957       3.68486786      0.730000019    
        1286  -2.56809258       2.91700578      0.720000029    
        1288  -2.68609571       2.42566371      0.720000029    
        1290  -2.62331128       2.27341461      0.709999979    
        1292  -2.63781452       2.66124916      0.720000029    
        1294  -2.59240294       2.37586832      0.709999979    
        1296  -2.65833926       1.92371655      0.699999988    
        1298  -2.54154873       2.52412581      0.699999988    
        1300  -2.48663783       2.53660989      0.699999988    
        1302  -2.50307322       2.13640857      0.689999998    
        1304  -2.40798092       2.46734929      0.680000007    
        1306  -2.69112945       1.44363761      0.680000007    
        1308  -2.59814477       2.39034152      0.709999979    
        1310  -2.74297357       1.94495749      0.699999988    
        1312  -2.75546908       2.78822470      0.709999979    
        1314  -2.71801376       2.79061675      0.730000019    
        1316  -2.60104823       3.30107951      0.730000019    
        1318  -2.56002593       3.38429213      0.730000019    
        1320  -2.78822374       1.72458613      0.720000029    
        1322  -2.72587419       1.94820833      0.730000019    
        1324  -2.63908768       2.28922558      0.720000029    
        1326  -2.54688907       2.35052109      0.699999988    
        1328  -2.56804371       2.79845619      0.699999988    
        1330  -2.57000995       3.48641706      0.709999979    
        1332  -2.80465913       1.96884227      0.699999988    
        1334  -2.59094262       2.83820105      0.709999979    
        1336  -2.65425706       2.56519771      0.699999988    
        1338  -2.77140832       2.22479701      0.709999979    
        1340  -2.63795567       2.54142618      0.709999979    
        1342  -2.79697108       1.90758443      0.709999979    
        1344  -2.82084870       1.45356500      0.709999979    
        1346  -2.85113573       1.51797855      0.720000029    
        1348  -2.83298898       2.02522898      0.730000019    
        1350  -2.76739025       2.15375400      0.730000019    
        1352  -2.43670297       3.31967711      0.709999979    
        1354  -2.37752295       3.33420396      0.699999988    
        1356  -2.32876348       3.36691213      0.699999988    
        1358  -2.58544493       2.93671775      0.709999979    
        1360  -2.66056728       2.69682479      0.709999979    
        1362  -2.67708755       2.75184083      0.720000029    
        1364  -2.76389360       2.09190822      0.709999979    
        1366  -2.75523281       1.75625277      0.709999979    
        1368  -2.80908799       1.00162661      0.709999979    
        1370  -2.61422968       1.51389027      0.709999979    
        1372  -2.64222193       1.87539244      0.720000029    
        1374  -2.75363564       1.43013239      0.720000029    
        1376  -2.57225227       2.04398417      0.709999979    
        1378  -2.58288074       1.95914066      0.709999979    
        1380  -2.46604514       2.32051229      0.699999988    
        1382  -2.45311785       2.08415055      0.689999998    
        1384  -2.47615576       2.42595172      0.699999988    
        1386  -2.65142202       2.14652061      0.689999998    
        1388  -2.36909556       3.20066381      0.689999998    
        1390  -2.26979017       3.71258187      0.709999979    
        1392  -2.44226384       2.51499987      0.689999998    
        1394  -2.37000084       2.92123437      0.689999998    
        1396  -2.63424945       1.87908185      0.680000007    
        1398  -2.44508600       2.50460911      0.680000007    
        1400  -2.50909233       1.65067422      0.680000007    
        1402  -2.54984951       1.67591381      0.680000007    
        1404  -2.73430443       1.14843047      0.680000007    
        1406  -2.62784576       2.05730176      0.689999998    
        1408  -2.45050693       2.61926413      0.689999998    
        1410  -2.44331074       2.42661667      0.680000007    
        1412  -2.56208444       2.26052666      0.689999998    
        1414  -2.51097107       2.35741162      0.680000007    
        1416  -2.63349867       1.56695032      0.670000017    
        1418  -2.74786854       1.42667842      0.689999998    
        1420  -2.65809870       1.96069360      0.689999998    
        1422  -2.87325692       1.30614960      0.689999998    
        1424  -2.67682385       1.97170520      0.670000017    
        1426  -2.51476741       2.35316682      0.680000007    
        1428  -2.56120014       2.60385323      0.689999998    
        1430  -2.35394025       2.98318100      0.680000007    
        1432  -2.69283938       2.03895497      0.680000007    
        1434  -2.66312933       1.95757270      0.680000007    
        1436  -2.58855462       2.17866802      0.680000007    
        1438  -2.72623372       1.92148209      0.689999998    
        1440  -2.43749547       2.44142914      0.680000007    
        1442  -2.71338820       1.91151845      0.680000007    
        1444  -2.58057284       2.54907107      0.670000017    
        1446  -2.69083881       1.82479489      0.660000026    
        1448  -2.74365520       1.42839897      0.660000026    
        1450  -2.78169656       1.45827448      0.680000007    
        1452  -2.67217207       2.13679194      0.680000007    
        1454  -2.56659603       2.03833890      0.670000017    
        1456  -2.68351078       1.08359611      0.660000026    
        1458  -2.40344834       1.89124739      0.660000026    
        1460  -2.33495975       2.35564876      0.660000026    
        1462  -2.53085041       1.79211783      0.680000007    
        1464  -2.65062857       1.50397718      0.680000007    
        1466  -2.50340700       1.73421228      0.680000007    
        1468  -2.41055393       1.97026157      0.680000007    
        1470  -2.37641978       2.52516365      0.699999988    
        1472  -2.49705052       1.94960594      0.670000017    
        1474  -2.24858475       2.75976443      0.670000017    
        1476  -2.54211116       1.74429774      0.670000017    
        1478  -2.62118101       1.64483845      0.689999998    
        1480  -2.72950864       1.42884421      0.699999988    
        1482  -2.51770592       2.63434863      0.720000029    
        1484  -2.50200796       2.62635589      0.720000029    
        1486  -2.61135578       2.25821710      0.720000029    
        1488  -2.50757766       3.11895132      0.730000019    
        1490  -2.47219086       2.95166969      0.720000029    
        1492  -2.75297689       2.43873954      0.720000029    
        1494  -2.78627086       1.98998415      0.709999979    
        1496  -2.82140851       1.69202924      0.709999979    
        1498  -2.82338238       1.45306027      0.709999979    
        1500  -2.41935992       2.64539194      0.699999988    
        1502  -2.45590854       2.30530620      0.699999988    
        1504  -2.67868400       2.45941043      0.740000010    
        1506  -2.68960071       2.76218319      0.750000000    
        1508  -2.73693895       2.78398824      0.750000000    
        1510  -2.53537273       3.66591525      0.750000000    
        1512  -2.52331781       3.47886872      0.730000019    
        1514  -2.53150821       3.12966657      0.730000019    
        1516  -2.64431000       2.36043525      0.730000019    
        1518  -2.83310819       1.97804499      0.740000010    
        1520  -2.72430253       2.53668475      0.750000000    
        1522  -2.81589389       2.36020255      0.740000010    
        1524  -2.95098901       2.45791793      0.750000000    
        1526  -2.89720941       1.54690039      0.720000029    
        1528  -2.73297024       1.82791877      0.730000019    
        1530  -2.77400327       1.90344799      0.730000019    
        1532  -2.85431933       1.74152315      0.730000019    
        1534  -2.95773482       1.05958426      0.730000019    
        1536  -2.80206490       2.42224026      0.740000010    
        1538  -2.90811586       2.21783137      0.750000000    
        1540  -2.60787249       4.13956976      0.759999990    
        1542  -2.77936769       2.69638729      0.750000000    
        1544  -2.77024508       2.79001260      0.740000010    
        1546  -2.69413829       3.11216784      0.730000019    
        1548  -2.63165617       3.58992696      0.730000019    
        1550  -2.78128529       3.05604339      0.730000019    
        1552  -2.87154460       1.60973978      0.709999979    
        1554  -2.84352303       1.48462343      0.709999979    
        1556  -2.80219030       1.58844495      0.709999979    
        1558  -2.82161975       2.04548120      0.720000029    
        1560  -2.77866626       2.41951132      0.720000029    
        1562  -2.63447928       3.07625604      0.720000029    
        1564  -2.63332582       2.92631841      0.709999979    
        1566  -2.52169561       3.11190248      0.720000029    
        1568  -2.53606820       3.31896734      0.720000029    
        1570  -2.53784537       3.94594026      0.740000010    
        1572  -2.53356481       3.65942144      0.730000019    
        1574  -2.64649987       2.98708272      0.720000029    
        1576  -2.75718904       2.68411112      0.720000029    
        1578  -2.77437901       2.71763968      0.730000019    
        1580  -2.77567244       2.55652595      0.730000019    
        1582  -2.69383478       2.73180628      0.709999979    
        1584  -2.75962663       2.61443877      0.720000029    
        1586  -2.68494725       2.89217353      0.709999979    
        1588  -2.69218349       2.43247676      0.709999979    
        1590  -2.74101615       2.39387584      0.709999979    
        1592  -2.60328627       3.18905973      0.720000029    
        1594  -2.51349735       3.42026854      0.740000010    
        1596  -2.59591985       2.78786469      0.740000010    
        1598  -2.82855272       2.03802514      0.740000010    
        1600  -2.70418715       2.79077101      0.750000000    
        1602  -2.54602051       3.78405690      0.750000000    
        1604  -2.80263901       3.05858326      0.759999990    
        1606  -2.78298903       3.18784833      0.759999990    
        1608  -2.54129386       4.48442316      0.769999981    
        1610  -2.52046871       3.78723979      0.730000019    
        1612  -2.41867065       3.11725092      0.730000019    
        1614  -2.59852052       2.39760017      0.720000029    
        1616  -2.55201340       2.53838468      0.709999979    
        1618  -2.73219395       1.59494269      0.709999979    
        1620  -2.88200998      0.468054056      0.699999988    
        1622  -2.84406018      0.738924325      0.699999988    
        1624  -2.69508576       2.03937817      0.709999979    
        1626  -2.71880484       2.16049504      0.720000029    
        1628  -2.60310388       2.87168431      0.730000019    
        1630  -2.64733672       2.45674396      0.730000019    
        1632  -2.68005133       2.50403929      0.720000029    
        1634  -2.26344895       4.02469397      0.720000029    
        1636  -2.46050835       3.02722812      0.709999979    
        1638  -2.57570863       2.25063205      0.699999988    
        1640  -2.42830920       2.79666162      0.689999998    
        1642  -2.39182210       2.89795470      0.680000007    
        1644  -2.15545535       4.13643360      0.699999988    
        1646  -2.44024706       2.95245409      0.689999998    
        1648  -2.54109931       1.97111857      0.670000017    
        1650  -2.68538117       2.14755034      0.689999998    
        1652  -2.73395967       2.02648282      0.689999998    
        1654  -2.42734766       2.64997959      0.680000007    
        1656  -2.67853665       1.39396930      0.670000017    
        1658  -2.67016172       1.70013034      0.680000007    
        1660  -2.73844481       1.23772049      0.680000007    
        1662  -2.69790483       1.56647658      0.680000007    
        1664  -2.64796090       1.65843284      0.680000007    
        1666  -2.70661974       1.49624133      0.670000017    
        1668  -2.72764254       1.45710099      0.689999998    
        1670  -2.55451488       2.00122261      0.689999998    
        1672  -2.55937457       2.37361383      0.689999998    
        1674  -2.63677335       1.87203407      0.689999998    
        1676  -2.73270798       1.68320560      0.689999998    
        1678  -2.53453302       2.38039160      0.680000007    
        1680  -2.65512586       1.92252851      0.680000007    
        1682  -2.55620718       1.92630434      0.680000007    
        1684  -2.41199040       2.42833471      0.680000007    
        1686  -2.51248670       1.82108462      0.670000017    
        1688  -2.31069422       2.91293812      0.670000017    
        1690  -2.47690630       1.67338574      0.649999976    
        1692  -2.55182433       1.39210606      0.649999976    
        1694  -2.53791928      0.962325096      0.649999976    
        1696  -2.45179868       1.52301323      0.660000026    
        1698  -2.48643899       1.19860744      0.649999976    
        1700  -2.42328715       2.18495536      0.670000017    
        1702  -2.64334393       1.11248171      0.649999976    
        1704  -2.52001452       1.90810502      0.670000017    
        1706  -2.51456881       1.75959933      0.680000007    
        1708  -2.77716041       1.48248756      0.689999998    
        1710  -2.53587604       2.34721994      0.689999998    
        1712  -2.61717248       2.33589745      0.689999998    
        1714  -2.45389557       2.56444526      0.689999998    
        1716  -2.50236773       2.05432487      0.680000007    
        1718  -2.52801132       1.66664314      0.680000007    
        1720  -2.28992414       2.70393682      0.680000007    
        1722  -2.29479623       2.96329713      0.680000007    
        1724  -2.40916920       2.32257676      0.660000026    
        1726  -2.64459419       1.78230262      0.670000017    
        1728  -2.40296507       2.51071119      0.680000007    
        1730  -2.37911367       2.58670545      0.670000017    
        1732  -2.68242431       1.66180480      0.670000017    
        1734  -2.51558852       1.93171859      0.680000007    
        1736  -2.32481408       2.50600290      0.670000017    
        1738  -2.48643231       2.13650560      0.660000026    
        1740  -2.38044310       2.38858867      0.649999976    
        1742  -2.51212859       1.88145721      0.649999976    
        1744  -2.40609765       2.05517268      0.649999976    
        1746  -2.37880492       2.20566535      0.649999976    
        1748  -2.40652657       2.21552587      0.649999976    
        1750  -2.47955441       1.60904455      0.649999976    
        1752  -2.21587348       2.10287142      0.629999995    
        1754  -2.50802827       1.88392198      0.649999976    
        1756  -2.44652557       1.92341244      0.639999986    
        1758  -2.29688144       2.18688488      0.629999995    
        1760  -2.42579603       2.41247129      0.649999976    
        1762  -2.22778392       3.17603374      0.660000026    
        1764  -2.21972585       2.66102362      0.639999986    
        1766  -2.04093742       2.81910467      0.629999995    
        1768  -2.27654600       2.18169451      0.649999976    
        1770  -2.61555266       1.31052792      0.639999986    
        1772  -2.53200531       1.69671547      0.639999986    
        1774  -2.54433012      0.996470094      0.639999986    
        1776  -2.34369946       1.99657631      0.620000005    
        1778  -2.49434543       1.58834791      0.620000005    
        1780  -2.45972157       1.19548774      0.610000014    
        1782  -2.51936388       1.11889744      0.610000014    
        1784  -2.30088162       2.17110634      0.620000005    
        1786  -2.54229355       1.15386617      0.600000024    
        1788  -2.43776155       1.41332877      0.610000014    
        1790  -2.65736794      0.994157851      0.620000005    
        1792  -2.54901171       1.09814930      0.620000005    
        1794  -2.43290544       1.42331815      0.610000014    
        1796  -2.47345972       1.22228646      0.600000024    
        1798  -2.30112529       1.74718714      0.600000024    
        1800  -2.31375241       1.22467673      0.579999983    
        1802  -2.30215049       1.00182414      0.560000002    
        1804  -2.20856190       1.37701702      0.550000012    
        1806  -2.06389546       2.17037082      0.560000002    
        1808  -2.40213418       1.36373222      0.560000002    
        1810  -2.38905907       1.41765118      0.560000002    
        1812  -2.36802340       1.30032456      0.569999993    
        1814  -2.34693670       1.35018063      0.569999993    
        1816  -2.50034261      0.821612835      0.550000012    
        1818  -2.26829982       1.54094458      0.560000002    
        1820  -2.02444196       2.40188241      0.540000021    
        1822  -2.09001374       2.28132224      0.540000021    
        1824  -1.74941170       2.68949986      0.550000012    
        1826  -2.10438466       2.10018015      0.569999993    
        1828  -2.21460485       1.69853008      0.589999974    
        1830  -2.33151507       1.71877551      0.610000014    
        1832  -2.46150398       1.75673842      0.629999995    
        1834  -2.54730916       1.27333117      0.639999986    
        1836  -2.52174091       1.04834628      0.639999986    
        1838  -2.41804242       1.60497296      0.660000026    
        1840  -2.42851949       1.36801910      0.639999986    
        1842  -2.37271500       1.36677563      0.629999995    
        1844  -2.20865631       1.85831082      0.639999986    
        1846  -2.31851697       1.74959207      0.639999986    
        1848  -2.55110097      0.980055213      0.639999986    
        1850  -2.35249138       1.85292935      0.649999976    
        1852  -2.39615321       2.57888675      0.680000007    
        1854  -2.24020147       3.10683250      0.670000017    
        1856  -2.28541112       2.91634035      0.670000017    
        1858  -2.39164972       2.36626077      0.660000026    
        1860  -2.59137368       1.27675736      0.660000026    
        1862  -2.48936033       1.99473119      0.660000026    
        1864  -2.43769503       2.46172643      0.649999976    
        1866  -2.54196763       1.44283724      0.649999976    
        1868  -2.38841271       1.76775599      0.649999976    
        1870  -2.34987998       1.67130637      0.639999986    
        1872  -2.28635120       2.09074068      0.649999976    
        1874  -2.25979257       2.62048745      0.649999976    
        1876  -2.28119707       2.89489651      0.660000026    
        1878  -2.44325185       2.04370928      0.639999986    
        1880  -2.14692116       2.69290447      0.639999986    
        1882  -2.20319867       2.57478142      0.629999995    
        1884  -2.28766608       2.46432519      0.639999986    
        1886  -2.45410633       1.81853390      0.649999976    
        1888  -2.25322056       2.58749437      0.649999976    
        1890  -2.50196671       2.00413203      0.660000026    
        1892  -2.59496951       1.60872841      0.660000026    
        1894  -2.35857201       1.82073450      0.649999976    
        1896  -2.44210005       1.16431737      0.649999976    
        1898  -2.33439851       2.14844418      0.649999976    
        1900  -2.23850942       2.12012482      0.639999986    
        1902  -2.34872079       1.60477340      0.639999986    
        1904  -2.29308581       1.74518132      0.629999995    
        1906  -2.32126617       1.72132254      0.629999995    
        1908  -2.17287660       1.81519890      0.610000014    
        1910  -1.97437966       2.47324586      0.610000014    
        1912  -2.21412086       1.87061596      0.610000014    
        1914  -2.23146081       2.28540564      0.629999995    
        1916  -2.31465459       1.79492223      0.629999995    
        1918  -2.40697360       1.57484245      0.649999976    
        1920  -2.39668274       2.27402520      0.649999976    
        1922  -2.31091833       2.68555903      0.660000026    
        1924  -2.25214529       2.40697336      0.660000026    
        1926  -2.29115725       2.14856648      0.649999976    
        1928  -2.31268573       1.84514844      0.649999976    
        1930  -2.57001066       1.50868750      0.660000026    
        1932  -2.60358167       1.85504174      0.670000017    
        1934  -2.68630195       2.17356277      0.699999988    
        1936  -2.73484278       1.79921758      0.699999988    
        1938  -2.71346998       2.03473353      0.689999998    
        1940  -2.52618003       2.12217522      0.680000007    
        1942  -2.76085186       1.12815118      0.680000007    
        1944  -2.55661392       2.16187453      0.670000017    
        1946  -2.44966149       2.36951351      0.660000026    
        1948  -2.54077482       1.51691139      0.660000026    
        1950  -2.29459882       1.95816791      0.660000026    
        1952  -2.20359707       2.87370420      0.670000017    
        1954  -2.33265781       2.14261889      0.670000017    
        1956  -2.27173972       2.24593139      0.660000026    
        1958  -2.10222554       2.40613365      0.639999986    
        1960  -2.33544278       1.92392421      0.639999986    
        1962  -2.44288707       1.61164224      0.639999986    
        1964  -2.31677508       2.28700161      0.639999986    
        1966  -2.33451128       2.46942973      0.649999976    
        1968  -2.17403150       2.79242110      0.649999976    
        1970  -2.65037012       1.58826947      0.660000026    
        1972  -2.52366209       2.90878391      0.670000017    
        1974  -2.62772584       1.86272562      0.670000017    
        1976  -2.47874093       2.19655228      0.680000007    
        1978  -2.69147587       1.51224482      0.680000007    
        1980  -2.54116750       2.36026835      0.689999998    
        1982  -2.55939555       2.47916198      0.689999998    
        1984  -2.61138177       2.05424953      0.699999988    
        1986  -2.62495422       2.01119018      0.680000007    
        1988  -2.51895499       2.31378078      0.670000017    
        1990  -2.49106884       2.13559771      0.649999976    
        1992  -2.57195759       1.91415954      0.660000026    
        1994  -2.57155275       1.63641357      0.660000026    
        1996  -2.47637415       2.13165975      0.660000026    
        1998  -2.42231941       2.03756452      0.660000026    
        2000  -2.45012522       2.51964736      0.680000007    
        2002  -2.47515035       2.66486645      0.680000007    
        2004  -2.47490263       2.48982263      0.649999976    
        2006  -2.43599033       2.44572401      0.649999976    
        2008  -2.67232776       1.43137765      0.670000017    
        2010  -2.60548449       1.93525493      0.660000026    
        2012  -2.59836006       2.34186244      0.680000007    
        2014  -2.63431907       2.04845500      0.680000007    
        2016  -2.69409013       1.53991771      0.670000017    
        2018  -2.60404325       2.02937198      0.670000017    
        2020  -2.39758134       2.54831004      0.660000026    
        2022  -2.52931476       2.52030897      0.660000026    
        2024  -2.49399662       2.56421375      0.660000026    
        2026  -2.52744508       1.92457032      0.660000026    
        2028  -2.58457828       1.64538860      0.660000026    
        2030  -2.22038198       2.63064671      0.660000026    
        2032  -2.50980258       2.02839851      0.660000026    
        2034  -2.57537818       1.88610780      0.639999986    
        2036  -2.39661860       2.31862450      0.639999986    
        2038  -2.15666628       2.58159041      0.629999995    
        2040  -1.89737236       3.54097152      0.639999986    
        2042  -2.04662561       2.46427274      0.620000005    
        2044  -2.16019726       2.06653857      0.629999995    
        2046  -2.35213900       1.96698725      0.639999986    
        2048  -2.41028666       1.72380853      0.660000026    
        2050  -2.56662440       1.47075438      0.660000026    
        2052  -2.36985278       3.04036617      0.680000007    
        2054  -2.50727344       2.78858304      0.680000007    
        2056  -2.44372940       2.66777563      0.680000007    
        2058  -2.26956296       2.77931118      0.660000026    
        2060  -2.60035539       1.23193455      0.660000026    
        2062  -2.32665062       1.82990777      0.649999976    
        2064  -2.48060465       1.44914317      0.649999976    
        2066  -2.58237815       1.46242332      0.639999986    
        2068  -2.55082679       1.62920117      0.639999986    
        2070  -2.29051495       2.44057250      0.629999995    
        2072  -2.36349726       1.34786725      0.620000005    
        2074  -2.31221008       1.94792461      0.620000005    
        2076  -2.27494955       2.13064003      0.620000005    
        2078  -2.39516211       1.63737619      0.620000005    
        2080  -2.43334746       1.95771730      0.629999995    
        2082  -2.44845057       2.09509587      0.639999986    
        2084  -2.34790111       2.31170940      0.639999986    
        2086  -2.34188080       2.27741480      0.649999976    
        2088  -2.59029961       1.63539732      0.649999976    
        2090  -2.61350393       2.19439125      0.649999976    
        2092  -2.68241906       1.57295907      0.649999976    
        2094  -2.24368834       2.43562984      0.639999986    
        2096  -2.31583524       2.48101044      0.660000026    
        2098  -2.26677704       2.95582271      0.670000017    
        2100  -2.29985332       2.05482817      0.649999976    
        2102  -2.29270864       2.30805826      0.649999976    
        2104  -2.39783907       1.50053513      0.639999986    
        2106  -2.49177670       1.51419926      0.639999986    
        2108  -2.46608305       1.63627791      0.639999986    
        2110  -2.19047260       2.64729691      0.639999986    
        2112  -2.25763988       2.19059730      0.629999995    
        2114  -2.25684595       2.44695592      0.629999995    
        2116  -2.38694954       1.55022311      0.610000014    
        2118  -2.42135382      0.978368640      0.600000024    
        2120  -2.10243011       1.79891706      0.589999974    
        2122  -2.36551619      0.893505812      0.579999983    
        2124  -2.26627517       1.62252390      0.579999983    
        2126  -2.37329125       1.27253926      0.579999983    
        2128  -2.21557164       1.71415651      0.579999983    
        2130  -2.32672191       1.48698175      0.600000024    
        2132  -2.33089137       1.22955251      0.589999974    
        2134  -2.35043383       1.41849899      0.589999974    
        2136  -2.17541885       1.83695340      0.600000024    
        2138  -2.25883770       1.34540999      0.579999983    
        2140  -2.31658649       1.53023183      0.589999974    
        2142  -2.28557897       1.25417495      0.589999974    
        2144  -2.41250420      0.855847597      0.600000024    
        2146  -2.40310979       1.33956480      0.629999995    
        2148  -2.20260334       2.18150878      0.629999995    
        2150  -2.15443683       2.43308997      0.620000005    
        2152  -2.16815758       2.29885006      0.600000024    
        2154  -2.36200333       1.83637214      0.620000005    
        2156  -2.50992489      0.978016913      0.629999995    
        2158  -2.33565044       2.00960112      0.649999976    
        2160  -2.35329032       2.45118046      0.670000017    
        2162  -2.40989184       2.64408851      0.670000017    
        2164  -2.40461731       2.94303679      0.699999988    
        2166  -2.53074265       2.34585261      0.680000007    
        2168  -2.55552554       1.85381353      0.670000017    
        2170  -2.40396070       2.65024734      0.670000017    
        2172  -2.43523121       3.03799462      0.680000007    
        2174  -2.51457119       2.89798856      0.689999998    
        2176  -2.56472158       2.31242704      0.699999988    
        2178  -2.51235104       2.71104503      0.689999998    
        2180  -2.61433983       1.64547575      0.680000007    
        2182  -2.40275073       2.11525011      0.670000017    
        2184  -2.27870917       2.56658840      0.670000017    
        2186  -2.51320910       1.70868158      0.660000026    
        2188  -2.51629066       1.79631162      0.670000017    
        2190  -2.38043165       2.50405812      0.660000026    
        2192  -2.56202340       1.64099216      0.649999976    
        2194  -2.24342752       2.81099176      0.649999976    
        2196  -2.18600368       3.52401066      0.649999976    
        2198  -2.51362395       2.09650087      0.639999986    
        2200  -2.27019167       2.87744331      0.639999986    
        2202  -2.43147516       2.60805702      0.649999976    
        2204  -2.48002768       2.37144446      0.649999976    
        2206  -2.42393494       2.37839651      0.639999986    
        2208  -2.44497228       2.75305581      0.649999976    
        2210  -2.54652834       2.37455082      0.670000017    
        2212  -2.17005467       2.92008901      0.649999976    
        2214  -2.32675433       2.77544355      0.660000026    
        2216  -2.48230004       1.97353554      0.660000026    
        2218  -2.33203387       2.13721919      0.649999976    
        2220  -2.25239968       2.44772673      0.649999976    
        2222  -2.45347214       1.60491753      0.670000017    
        2224  -2.56232810       1.27223861      0.670000017    
        2226  -2.59407640       1.25456309      0.680000007    
        2228  -2.51658583       1.58973587      0.670000017    
        2230  -2.49986076       2.27009726      0.670000017    
        2232  -2.49402475       2.66834521      0.670000017    
        2234  -2.45624471       2.71162701      0.680000007    
        2236  -2.67532444       2.23523140      0.680000007    
        2238  -2.61512256       2.13210225      0.670000017    
        2240  -2.43999171       2.51681376      0.649999976    
        2242  -2.28402424       2.77068377      0.649999976    
        2244  -2.41493392       2.02780485      0.639999986    
        2246  -2.43796444       2.38864517      0.660000026    
        2248  -2.57269764       1.57651567      0.660000026    
        2250  -2.63087273       1.37106764      0.660000026    
        2252  -2.40214682       2.66949391      0.670000017    
        2254  -2.63176131       2.04385281      0.670000017    
        2256  -2.49808812       2.95328546      0.680000007    
        2258  -2.71320677       1.69616818      0.670000017    
        2260  -2.56463528       1.91431844      0.680000007    
        2262  -2.34538555       2.75000215      0.689999998    
        2264  -2.51394415       2.22787952      0.689999998    
        2266  -2.74656582       1.39983225      0.689999998    
        2268  -2.47163820       2.61658096      0.689999998    
        2270  -2.85041857       1.62652850      0.689999998    
        2272  -2.61317444       2.11776352      0.689999998    
        2274  -2.56772566       1.58788013      0.689999998    
        2276  -2.47404695       2.44176936      0.689999998    
        2278  -2.32522058       2.99458790      0.680000007    
        2280  -2.33378792       2.90956402      0.680000007    
        2282  -2.34346962       2.73858786      0.660000026    
        2284  -2.74700403       1.48261726      0.670000017    
        2286  -2.43423891       2.20380545      0.660000026    
        2288  -2.32393909       2.08385134      0.649999976    
        2290  -2.09713507       2.25018525      0.649999976    
        2292  -2.14336300       2.25417924      0.649999976    
        2294  -2.16337943       2.07251644      0.649999976    
        2296  -2.16573524       2.26801229      0.660000026    
        2298  -2.33815479       2.46212053      0.680000007    
        2300  -2.40008664       2.25245166      0.680000007    
        2302  -2.54765415       1.80837178      0.670000017    
        2304  -2.15284944       3.06785393      0.660000026    
        2306  -2.40115285       2.03043413      0.660000026    
        2308  -2.69815326       1.06562316      0.670000017    
        2310  -2.68663025       1.72903109      0.680000007    
        2312  -2.55565906       2.70955515      0.689999998    
        2314  -2.65325260       2.57917690      0.689999998    
        2316  -2.64706159       2.04080343      0.689999998    
        2318  -2.71021605       1.47934115      0.680000007    
        2320  -2.68395853       1.81940734      0.689999998    
        2322  -2.67798376       2.16273236      0.699999988    
        2324  -2.66061401       2.17958140      0.699999988    
        2326  -2.66567516       2.46850967      0.709999979    
        2328  -2.65870237       2.13156223      0.699999988    
        2330  -2.59696722       2.58450484      0.709999979    
        2332  -2.72536945       1.93363154      0.709999979    
        2334  -2.58981109       2.38870263      0.730000019    
        2336  -2.77227163       1.44503999      0.720000029    
        2338  -2.66213942       1.91804016      0.709999979    
        2340  -2.65456581       2.68642044      0.720000029    
        2342  -2.35500002       4.42414665      0.730000019    
        2344  -2.60456848       3.10344768      0.730000019    
        2346  -2.73237562       2.44630527      0.730000019    
        2348  -2.94912624       1.98671067      0.740000010    
        2350  -2.90385342       1.61768484      0.730000019    
        2352  -2.75748658       2.55711913      0.740000010    
        2354  -2.95301938       1.68912113      0.750000000    
        2356  -2.94685721       1.58193350      0.750000000    
        2358  -2.88308692       1.92089558      0.750000000    
        2360  -2.70400429       2.36486769      0.740000010    
        2362  -2.95883179       1.44231784      0.730000019    
        2364  -2.74153781       2.20597005      0.730000019    
        2366  -2.70137596       2.37869191      0.730000019    
        2368  -2.60228395       2.89197898      0.740000010    
        2370  -2.80987883       2.19897985      0.740000010    
        2372  -2.85176373       2.18422222      0.740000010    
        2374  -2.88731647       1.70273244      0.730000019    
        2376  -2.66048908       2.83195090      0.730000019    
        2378  -2.75005388       2.31455803      0.730000019    
        2380  -2.73264217       2.21290207      0.720000029    
        2382  -2.76198220       2.13368869      0.730000019    
        2384  -2.76133609       2.38382792      0.730000019    
        2386  -2.60664010       2.36562395      0.709999979    
        2388  -2.52631974       2.84134722      0.720000029    
        2390  -2.63560057       3.11708975      0.730000019    
        2392  -2.83423281       1.41043723      0.709999979    
        2394  -2.52432775       2.85411668      0.720000029    
        2396  -2.56830001       3.14285350      0.730000019    
        2398  -2.65405464       2.81816483      0.730000019    
        2400  -2.76096940       2.75621128      0.740000010    
        2402  -2.82288694       2.69706869      0.750000000    
        2404  -2.88478208       2.16782284      0.740000010    
        2406  -2.79198098       2.89440417      0.740000010    
        2408  -3.03227019       2.00119281      0.740000010    
        2410  -2.77313209       2.34337497      0.730000019    
        2412  -2.72848797       2.17670536      0.720000029    
        2414  -2.94853997       1.18003392      0.740000010    
        2416  -2.72086048       2.02851892      0.730000019    
        2418  -2.64234614       2.73295975      0.730000019    
        2420  -2.73985338       2.22340751      0.730000019    
        2422  -2.71267152       2.73279500      0.750000000    
        2424  -2.62245607       3.42352438      0.750000000    
        2426  -2.82334805       2.83056903      0.750000000    
        2428  -2.87040925       3.15436435      0.759999990    
        2430  -2.78827739       3.39579034      0.769999981    
        2432  -2.57094288       3.68829656      0.759999990    
        2434  -2.66540241       3.44018865      0.759999990    
        2436  -2.73595786       3.62949657      0.779999971    
        2438  -2.67516851       3.88526464      0.790000021    
        2440  -2.71950006       3.48508048      0.779999971    
        2442  -2.75202608       3.19713116      0.779999971    
        2444  -2.62098622       3.77790785      0.790000021    
        2446  -2.83184862       3.36060238      0.779999971    
        2448  -2.72934389       3.34889674      0.779999971    
        2450  -2.77003145       3.03805423      0.779999971    
        2452  -2.74518490       3.08736753      0.769999981    
        2454  -2.72321153       3.07910585      0.769999981    
        2456  -2.84337711       2.53492188      0.769999981    
        2458  -2.82576013       2.63589358      0.769999981    
        2460  -2.57712126       4.14296007      0.779999971    
        2462  -2.54634619       4.08528996      0.779999971    
        2464  -2.66849065       3.38543034      0.769999981    
        2466  -2.92702937       1.81811857      0.759999990    
        2468  -2.96051526       1.77164364      0.759999990    
        2470  -2.85458803       2.41406322      0.759999990    
        2472  -2.86289406       2.96555185      0.759999990    
        2474  -2.67059660       3.73035765      0.759999990    
        2476  -2.68011308       3.87295699      0.769999981    
        2478  -2.90110111       2.60379934      0.750000000    
        2480  -2.95580268       2.56685448      0.750000000    
        2482  -2.79840946       3.22915697      0.750000000    
        2484  -2.66018271       3.26356697      0.750000000    
        2486  -2.76995468       2.72181487      0.759999990    
        2488  -2.71955395       3.81987071      0.790000021    
        2490  -2.91773558       2.97316098      0.790000021    
        2492  -2.98775864       2.52420998      0.769999981    
        2494  -2.91402793       2.55107975      0.769999981    
        2496  -2.62447119       3.55592537      0.759999990    
        2498  -2.74480367       3.38116407      0.769999981    
        2500  -2.77847719       3.45539808      0.769999981    
        2502  -2.95637894       2.65720725      0.769999981    
        2504  -2.85843873       3.17555618      0.769999981    
        2506  -2.71943593       3.98468161      0.769999981    
        2508  -2.65390325       4.24007940      0.779999971    
        2510  -3.00451541       2.30231643      0.769999981    
        2512  -2.66151214       4.04126072      0.769999981    
        2514  -2.42028022       5.08860970      0.769999981    
        2516  -2.83889103       3.66870427      0.769999981    
        2518  -2.87441659       3.34414673      0.769999981    
        2520  -2.90678120       2.75006962      0.769999981    
        2522  -2.77604723       3.32197595      0.769999981    
        2524  -2.86652231       3.16556835      0.769999981    
        2526  -2.94629383       3.05745912      0.779999971    
        2528  -2.88202810       3.01561189      0.769999981    
        2530  -2.86280107       3.15249825      0.779999971    
        2532  -2.77640224       3.95577168      0.779999971    
        2534  -2.85540390       3.64456320      0.790000021    
        2536  -2.82202554       3.30865717      0.779999971    
        2538  -2.87140274       2.97025609      0.779999971    
        2540  -2.96983027       2.49615598      0.769999981    
        2542  -2.85679555       2.42902446      0.769999981    
        2544  -2.93478703       1.74699354      0.759999990    
        2546  -2.94796038       1.68911946      0.750000000    
        2548  -2.80976629       2.51919627      0.750000000    
        2550  -2.86945057       2.61688113      0.750000000    
        2552  -3.05652356       1.83895767      0.759999990    
        2554  -2.94641399       1.96745086      0.750000000    
        2556  -2.89985633       2.53749943      0.759999990    
        2558  -2.74827290       2.90206432      0.759999990    
        2560  -2.67359900       3.37044072      0.759999990    
        2562  -2.90398812       2.12315297      0.759999990    
        2564  -3.07855797       1.79519844      0.779999971    
        2566  -3.19781494       1.88575053      0.790000021    
        2568  -2.92105722       3.10119152      0.779999971    
        2570  -3.02727628       2.92302465      0.769999981    
        2572  -3.15303731       2.27279305      0.779999971    
        2574  -3.09004927       2.51634932      0.779999971    
        2576  -2.95701957       3.42100811      0.779999971    
        2578  -2.89719915       3.39801073      0.759999990    
        2580  -2.94573569       3.38506866      0.759999990    
        2582  -2.92295241       3.07350135      0.759999990    
        2584  -3.05615139       2.19716024      0.750000000    
        2586  -3.00890017       2.68805361      0.750000000    
        2588  -3.12838912       2.38813972      0.759999990    
        2590  -2.77007079       3.53773069      0.759999990    
        2592  -2.88322520       3.05452466      0.759999990    
        2594  -2.90907454       2.79479861      0.750000000    
        2596  -2.66892743       3.42750287      0.750000000    
        2598  -2.62675428       3.10949111      0.730000019    
        2600  -2.73929310       2.88727093      0.730000019    
        2602  -2.52768087       3.15316010      0.720000029    
        2604  -2.62585735       2.72449589      0.699999988    
        2606  -2.63698602       2.30882549      0.699999988    
        2608  -2.42773938       3.21656847      0.699999988    
        2610  -2.73992753       2.19923592      0.709999979    
        2612  -2.62455750       2.43556714      0.720000029    
        2614  -2.59642529       2.72492862      0.720000029    
        2616  -2.63223314       2.59008002      0.720000029    
        2618  -2.51247740       3.13227177      0.720000029    
        2620  -2.72790599       2.03433704      0.720000029    
        2622  -2.68581796       2.24379635      0.730000019    
        2624  -2.62883925       2.66487956      0.730000019    
        2626  -2.77967644       2.51377702      0.730000019    
        2628  -2.48585534       3.91128731      0.730000019    
        2630  -2.56226850       3.43276453      0.750000000    
        2632  -2.80845237       2.14219952      0.750000000    
        2634  -2.71669054       2.81534600      0.750000000    
        2636  -2.77123427       2.77310181      0.750000000    
        2638  -3.01507568       2.55971742      0.769999981    
        2640  -2.91222906       2.79148316      0.769999981    
        2642  -2.77865124       3.08267570      0.769999981    
        2644  -2.71434855       3.09622574      0.759999990    
        2646  -2.70389271       2.40377927      0.759999990    
        2648  -2.56459618       3.51184583      0.769999981    
        2650  -2.78092623       3.10377479      0.779999971    
        2652  -2.65115023       4.00072479      0.779999971    
        2654  -3.01320577       2.32227230      0.779999971    
        2656  -2.99964356       2.29632902      0.779999971    
        2658  -2.81085277       2.91803074      0.769999981    
        2660  -2.81113005       2.65997910      0.759999990    
        2662  -2.60355449       3.49908900      0.750000000    
        2664  -2.79024005       3.05120993      0.759999990    
        2666  -2.73896646       3.72707200      0.769999981    
        2668  -2.75894785       3.64195180      0.759999990    
        2670  -2.69461489       3.78518105      0.759999990    
        2672  -2.89412284       3.31976128      0.759999990    
        2674  -2.82825327       3.43020272      0.750000000    
        2676  -2.69848037       3.50606871      0.740000010    
        2678  -2.79839301       2.48770428      0.730000019    
        2680  -2.70251989       2.96107054      0.730000019    
        2682  -2.85810614       2.16575074      0.730000019    
        2684  -2.74267936       2.69584703      0.730000019    
        2686  -2.82148409       2.37882638      0.720000029    
        2688  -2.45384145       4.07152271      0.730000019    
        2690  -2.55380821       3.69737220      0.720000029    
        2692  -2.20593953       4.23106241      0.709999979    
        2694  -2.38976622       3.62713647      0.699999988    
        2696  -2.65675020       2.41497993      0.709999979    
        2698  -2.76639199       2.18183398      0.709999979    
        2700  -2.66432047       2.33523870      0.709999979    
        2702  -2.82982397       1.75795305      0.709999979    
        2704  -2.58490205       2.35201764      0.689999998    
        2706  -2.58425450       2.23831987      0.689999998    
        2708  -2.34950852       2.90391493      0.689999998    
        2710  -2.64934778       2.09130025      0.699999988    
        2712  -2.79447246       1.65438461      0.699999988    
        2714  -2.59024882       2.80813313      0.709999979    
        2716  -2.70268774       2.47524500      0.720000029    
        2718  -2.76668429       2.47874928      0.730000019    
        2720  -2.73156786       2.50464272      0.720000029    
        2722  -2.73549652       2.22929597      0.709999979    
        2724  -2.47140384       2.63392019      0.720000029    
        2726  -2.34479690       3.04797196      0.709999979    
        2728  -2.52016282       2.30962491      0.709999979    
        2730  -2.51251483       1.81846285      0.689999998    
        2732  -2.44051051       1.51459455      0.670000017    
        2734  -2.40038323       1.93107605      0.680000007    
        2736  -2.40854263       1.99456167      0.680000007    
        2738  -2.60796642       1.21758020      0.680000007    
        2740  -2.59098792       1.78906810      0.689999998    
        2742  -2.68015313       1.22840500      0.689999998    
        2744  -2.43188500       2.42992854      0.699999988    
        2746  -2.68750834       1.13321280      0.689999998    
        2748  -2.38230062       2.46590543      0.699999988    
        2750  -2.65987206       2.02016640      0.709999979    
        2752  -2.67976022       2.08442593      0.709999979    
        2754  -2.68175054       1.97270930      0.709999979    
        2756  -2.28015232       3.51138186      0.709999979    
        2758  -2.56112051       2.35653996      0.689999998    
        2760  -2.49856758       2.17847443      0.689999998    
        2762  -2.57055521       1.77766371      0.689999998    
        2764  -2.56247473       1.38894975      0.680000007    
        2766  -2.63169456       1.52794063      0.680000007    
        2768  -2.56888366       1.74156630      0.680000007    
        2770  -2.66782641       1.16427290      0.670000017    
        2772  -2.58717561       1.90590692      0.680000007    
        2774  -2.27556324       2.26846528      0.670000017    
        2776  -2.35618949       2.18338251      0.660000026    
        2778  -2.50032449       1.95081818      0.670000017    
        2780  -2.34172320       2.13874078      0.660000026    
        2782  -2.38433003       1.42234993      0.629999995    
        2784  -2.29233861       1.84359515      0.620000005    
        2786  -2.36823249       1.41980958      0.620000005    
        2788  -2.19992328       2.20073318      0.620000005    
        2790  -2.35106945       1.08493161      0.620000005    
        2792  -2.39545798      0.876841307      0.610000014    
        2794  -2.33809566       1.33401394      0.620000005    
        2796  -2.28114462       1.66647291      0.629999995    
        2798  -2.19343472       1.58373213      0.610000014    
        2800  -2.36614370      0.804352641      0.600000024    
        2802  -2.36392784       1.14031243      0.620000005    
        2804  -2.28550410       2.23801041      0.629999995    
        2806  -2.26459622       2.38726830      0.620000005    
        2808  -2.13951635       2.77944112      0.639999986    
        2810  -2.23883271       2.24762511      0.639999986    
        2812  -2.44325233       1.25805211      0.629999995    
        2814  -2.30302644       1.42611730      0.610000014    
        2816  -2.33703160       1.91703224      0.620000005    
        2818  -2.32876086       1.52361047      0.610000014    
        2820  -2.23901248       1.88886416      0.610000014    
        2822  -2.44953799       1.60375834      0.610000014    
        2824  -2.25963140       2.22899795      0.620000005    
        2826  -2.31951046       1.97261167      0.620000005    
        2828  -2.54576254       2.14098215      0.629999995    
        2830  -2.28484583       2.68960905      0.629999995    
        2832  -2.46295452       2.24965739      0.620000005    
        2834  -2.45433044       2.19600153      0.629999995    
        2836  -2.35255647       2.08896518      0.620000005    
        2838  -2.52892327       1.68113732      0.660000026    
        2840  -2.41900992       2.14495945      0.670000017    
        2842  -2.28230047       2.21735334      0.660000026    
        2844  -2.43374252       1.46170151      0.660000026    
        2846  -2.22515631       2.85535097      0.670000017    
        2848  -2.14248991       3.15673733      0.680000007    
        2850  -2.37034082       2.40090728      0.680000007    
        2852  -2.49008656       2.12587810      0.689999998    
        2854  -2.69930291       1.80535102      0.699999988    
        2856  -2.55623579       2.39231372      0.699999988    
        2858  -2.69301701       2.10959721      0.709999979    
        2860  -2.57028222       2.28448939      0.709999979    
        2862  -2.20453501       3.73698330      0.720000029    
        2864  -2.49437094       3.18584704      0.720000029    
        2866  -2.45776176       3.60551524      0.709999979    
        2868  -2.75958657       2.68707299      0.750000000    
        2870  -2.51617670       3.64051080      0.740000010    
        2872  -2.88272691       2.26435590      0.730000019    
        2874  -2.75409532       2.72290635      0.750000000    
        2876  -2.85886979       1.66085052      0.740000010    
        2878  -2.99643326       1.78158045      0.750000000    
        2880  -2.81465507       2.99236512      0.750000000    
        2882  -2.69655514       3.30965471      0.750000000    
        2884  -2.79384804       3.05904365      0.740000010    
        2886  -2.83521104       2.64032125      0.740000010    
        2888  -2.68051219       2.96131063      0.740000010    
        2890  -2.79312301       2.78325963      0.750000000    
        2892  -2.69590092       2.99788213      0.740000010    
        2894  -2.85660744       2.13501906      0.730000019    
        2896  -2.82626295       2.56439185      0.740000010    
        2898  -2.98022294       1.72078145      0.750000000    
        2900  -2.98846793       2.10467625      0.750000000    
        2902  -2.76311994       2.50792217      0.740000010    
        2904  -2.78317642       2.49717712      0.750000000    
        2906  -2.58615160       3.56602168      0.759999990    
        2908  -2.62733698       3.52982497      0.759999990    
        2910  -2.62985873       3.55420017      0.759999990    
        2912  -2.79414511       2.63410306      0.759999990    
        2914  -2.83358002       2.61027265      0.750000000    
        2916  -2.88141584       2.14649844      0.730000019    
        2918  -2.64185643       2.48732138      0.730000019    
        2920  -2.60093451       2.99140167      0.740000010    
        2922  -2.57809544       3.29069877      0.740000010    
        2924  -2.76890826       2.63995290      0.740000010    
        2926  -2.83977795       2.18646598      0.740000010    
        2928  -2.74299335       2.36503196      0.740000010    
        2930  -2.68355346       2.74061370      0.720000029    
        2932  -2.43101192       3.32383347      0.709999979    
        2934  -2.74200439       1.90808713      0.699999988    
        2936  -2.58478355       3.20116258      0.689999998    
        2938  -2.65673399       3.04401422      0.699999988    
        2940  -2.63717937       2.58767700      0.689999998    
        2942  -2.52340722       2.83157730      0.680000007    
        2944  -2.45354557       3.15605950      0.680000007    
        2946  -2.74442148       1.87360728      0.699999988    
        2948  -2.58533931       2.37682009      0.709999979    
        2950  -2.75855637       2.03374529      0.709999979    
        2952  -2.68910694       2.17916155      0.699999988    
        2954  -2.66362691       2.25345397      0.699999988    
        2956  -2.35861421       3.35156417      0.699999988    
        2958  -2.37169051       3.28961039      0.699999988    
        2960  -2.41587472       3.19708824      0.709999979    
        2962  -2.64213467       2.67528152      0.720000029    
        2964  -2.75334620       2.17519045      0.730000019    
        2966  -2.57384610       2.64705920      0.730000019    
        2968  -2.58485222       2.39681530      0.740000010    
        2970  -2.61323857       2.70066071      0.730000019    
        2972  -2.65083575       2.39589715      0.730000019    
        2974  -2.83229065       1.67957222      0.720000029    
        2976  -2.50775385       2.58997607      0.709999979    
        2978  -2.54366302       2.88970661      0.699999988    
        2980  -2.52028966       2.79908776      0.699999988    
        2982  -2.38517594       3.15223145      0.699999988    
        2984  -2.37944818       2.29272318      0.680000007    
        2986  -2.56622171       1.72149932      0.689999998    
        2988  -2.64203000       1.54938281      0.699999988    
        2990  -2.58446383       2.11351919      0.699999988    
        2992  -2.66892433       2.17607093      0.699999988    
        2994  -2.55485344       2.56801534      0.689999998    
        2996  -2.37959623       2.74841547      0.670000017    
        2998  -2.36967158       2.34597301      0.670000017    
        3000  -2.30939317       2.92055106      0.680000007    
        3002  -2.35876632       2.41983891      0.680000007    
        3004  -2.43565345       2.77736640      0.689999998    
        3006  -2.49800730       1.97994435      0.680000007    
        3008  -2.59280920       1.98182499      0.670000017    
        3010  -2.56186533       2.25091958      0.670000017    
        3012  -2.61681008       1.62010360      0.660000026    
        3014  -2.59579825       2.21636844      0.689999998    
        3016  -2.69348550       2.19994712      0.699999988    
        3018  -2.60791564       2.62269783      0.699999988    
        3020  -2.74294019       2.34579134      0.709999979    
        3022  -2.80975509       1.85395885      0.709999979    
        3024  -2.70390701       2.33011842      0.709999979    
        3026  -2.44903541       3.96422625      0.709999979    
        3028  -2.62971878       3.41700101      0.709999979    
        3030  -2.72336888       2.65292263      0.699999988    
        3032  -2.46647143       3.16297841      0.699999988    
        3034  -2.85917020       1.52293634      0.709999979    
        3036  -2.90684772       1.81297159      0.709999979    
        3038  -2.37776780       3.99105525      0.709999979    
        3040  -2.53085113       3.10664701      0.730000019    
        3042  -2.55759192       3.19961786      0.740000010    
        3044  -2.71602464       2.52122283      0.730000019    
        3046  -2.86090469       2.21762419      0.730000019    
        3048  -2.91197467       1.81703639      0.730000019    
        3050  -2.95508957       2.23125601      0.740000010    
        3052  -3.03592753       2.25854063      0.750000000    
        3054  -2.94122601       2.49516988      0.750000000    
        3056  -2.88562679       2.88534904      0.759999990    
        3058  -2.82019401       3.33571339      0.759999990    
        3060  -2.76236629       3.59623313      0.759999990    
        3062  -3.07698679       2.43853211      0.759999990    
        3064  -2.90554357       2.29609776      0.759999990    
        3066  -2.79819489       2.79617000      0.769999981    
        3068  -2.76650691       3.57907271      0.769999981    
        3070  -2.95480609       2.85971713      0.779999971    
        3072  -2.97064161       3.04687214      0.779999971    
        3074  -2.97702265       3.21691561      0.790000021    
        3076  -2.94674468       3.94765615      0.800000012    
        3078  -2.83380890       3.43703866      0.790000021    
        3080  -2.80953693       3.30823231      0.779999971    
        3082  -2.74359679       3.29963183      0.779999971    
        3084  -2.60383964       4.10280180      0.790000021    
        3086  -2.91267538       2.40181661      0.779999971    
        3088  -2.83531857       2.77345514      0.769999981    
        3090  -2.87372971       2.46080565      0.759999990    
        3092  -2.77257919       2.99599719      0.740000010    
        3094  -2.86244392       2.69532871      0.750000000    
        3096  -3.11315632       1.72602141      0.750000000    
        3098  -2.89045119       2.74796057      0.759999990    
        3100  -2.81182957       3.04213214      0.759999990    
        3102  -2.69435239       3.06859446      0.759999990    
        3104  -2.71860409       3.16360259      0.779999971    
        3106  -2.82025886       2.81559229      0.769999981    
        3108  -2.86521363       2.08013892      0.750000000    
        3110  -2.84785199       1.52049494      0.740000010    
        3112  -2.75666833       2.50364923      0.750000000    
        3114  -2.73623705       2.51780295      0.750000000    
        3116  -2.77167177       2.73422384      0.759999990    
        3118  -2.72376823       2.67375708      0.759999990    
        3120  -2.69854832       3.05845904      0.769999981    
        3122  -2.64810133       2.70892310      0.769999981    
        3124  -2.58291149       3.15629911      0.759999990    
        3126  -2.66851163       3.04188251      0.759999990    
        3128  -2.77496362       2.98328686      0.769999981    
        3130  -2.68382573       3.26932645      0.779999971    
        3132  -2.71282697       3.08475208      0.779999971    
        3134  -2.66364193       3.68795037      0.790000021    
        3136  -2.50738120       4.42468548      0.790000021    
        3138  -2.44936824       4.70430994      0.800000012    
        3140  -2.76087856       3.30909872      0.800000012    
        3142  -2.68922186       3.45780611      0.790000021    
        3144  -2.65367007       4.16963577      0.800000012    
        3146  -2.94560838       2.81056643      0.790000021    
        3148  -2.98173475       2.56687450      0.790000021    
        3150  -2.90227175       2.84606457      0.779999971    
        3152  -2.63722348       4.03791618      0.779999971    
        3154  -2.71777391       3.40917826      0.759999990    
        3156  -2.69147730       3.78730035      0.759999990    
        3158  -2.90648603       2.59544182      0.759999990    
        3160  -2.39098644       4.79750824      0.769999981    
        3162  -2.77818084       3.15629578      0.750000000    
        3164  -2.80409169       3.31022835      0.759999990    
        3166  -2.64132786       4.03533792      0.769999981    
        3168  -2.82648778       3.13148570      0.769999981    
        3170  -2.72475362       3.18108511      0.769999981    
        3172  -2.58062458       3.81531668      0.759999990    
        3174  -2.75702929       2.97604942      0.759999990    
        3176  -2.80970716       2.80113006      0.759999990    
        3178  -2.69341516       3.18712831      0.769999981    
        3180  -2.46677446       3.82679272      0.759999990    
        3182  -2.51206589       2.95117068      0.730000019    
        3184  -2.71371508       2.12887406      0.720000029    
        3186  -2.73291802       1.84925175      0.730000019    
        3188  -2.79060555       2.13322878      0.750000000    
        3190  -2.84772015       2.11188722      0.750000000    
        3192  -2.72160316       2.50701857      0.750000000    
        3194  -2.55533838       3.26592278      0.740000010    
        3196  -2.55987048       3.73326468      0.740000010    
        3198  -2.54682374       3.92307401      0.750000000    
        3200  -2.45816827       4.09969950      0.759999990    
        3202  -2.58537054       3.73538423      0.759999990    
        3204  -2.68836141       3.52867889      0.779999971    
        3206  -2.75476098       2.93870521      0.759999990    
        3208  -2.77930999       2.67833161      0.759999990    
        3210  -2.80866385       2.51556706      0.759999990    
        3212  -2.82087588       2.44531775      0.759999990    
        3214  -2.89459515       2.32628036      0.750000000    
        3216  -2.71973300       3.92740035      0.750000000    
        3218  -2.90210485       2.93656993      0.759999990    
        3220  -2.76879358       3.29450393      0.759999990    
        3222  -2.57938361       3.78930521      0.759999990    
        3224  -2.78299236       2.29375196      0.750000000    
        3226  -2.58123183       3.31677628      0.740000010    
        3228  -2.43427873       3.53884912      0.740000010    
        3230  -2.51397061       2.94082355      0.730000019    
        3232  -2.54573798       3.03029418      0.730000019    
        3234  -2.51182652       3.43608093      0.740000010    
        3236  -2.47521877       3.98927665      0.750000000    
        3238  -2.76529765       3.00217938      0.750000000    
        3240  -2.87325883       2.47053361      0.750000000    
        3242  -2.66619849       3.44172502      0.750000000    
        3244  -2.69980431       3.67624259      0.750000000    
        3246  -2.66518569       3.42043161      0.730000019    
        3248  -2.86953902       2.66667485      0.730000019    
        3250  -2.99085855       1.99854207      0.730000019    
        3252  -2.69016266       2.69602418      0.720000029    
        3254  -2.82980800       2.10531211      0.709999979    
        3256  -2.90236759       1.94889688      0.709999979    
        3258  -2.80586362       2.49859738      0.720000029    
        3260  -2.55399728       3.35926747      0.720000029    
        3262  -2.74120879       2.49999309      0.720000029    
        3264  -2.73469520       2.68050766      0.709999979    
        3266  -2.24224567       4.51653147      0.709999979    
        3268  -2.41790557       3.56446767      0.699999988    
        3270  -2.67683458       2.12927604      0.689999998    
        3272  -2.43901587       3.07807469      0.709999979    
        3274  -2.66839623       2.32981491      0.709999979    
        3276  -2.73661637       2.09615302      0.709999979    
        3278  -2.77996826       1.87689650      0.720000029    
        3280  -2.76759434       2.38667464      0.720000029    
        3282  -2.60547447       2.37900662      0.709999979    
        3284  -2.30716300       3.82150578      0.720000029    
        3286  -2.66175079       2.11953545      0.720000029    
        3288  -2.60535240       2.86966825      0.730000019    
        3290  -2.83301783       1.73669446      0.720000029    
        3292  -2.66167712       1.91527426      0.699999988    
        3294  -2.54507613       1.72049201      0.689999998    
        3296  -2.50564265       2.54091454      0.699999988    
        3298  -2.50960922       2.51744056      0.699999988    
        3300  -2.35715318       3.38563657      0.699999988    
        3302  -2.52540112       2.54068637      0.699999988    
        3304  -2.42649388       3.00413275      0.699999988    
        3306  -2.45402622       3.03129411      0.699999988    
        3308  -2.72230625       2.16972303      0.730000019    
        3310  -2.66395020       2.91595697      0.730000019    
        3312  -2.53870988       3.48969674      0.740000010    
        3314  -2.71831393       2.72982240      0.740000010    
        3316  -2.55340457       3.74918866      0.740000010    
        3318  -2.82624435       2.12739229      0.750000000    
        3320  -2.87675762       2.20734000      0.759999990    
        3322  -2.84136081       2.27101421      0.759999990    
        3324  -2.63497782       2.73796535      0.759999990    
        3326  -2.82995272       2.45767498      0.750000000    
        3328  -2.77717447       2.53958154      0.740000010    
        3330  -2.72868681       1.98630738      0.740000010    
        3332  -2.92770481       1.69175422      0.720000029    
        3334  -2.84158635       1.95733261      0.740000010    
        3336  -2.87917805       1.71355414      0.740000010    
        3338  -2.79546380       1.92889678      0.730000019    
        3340  -2.78566051       1.92668056      0.730000019    
        3342  -2.73650527       2.13697076      0.709999979    
        3344  -2.83503771       1.86863351      0.709999979    
        3346  -2.84042335       2.05319667      0.720000029    
        3348  -2.90635586       2.06417584      0.720000029    
        3350  -2.59570765       3.48049474      0.730000019    
        3352  -2.68499279       2.85494184      0.740000010    
        3354  -2.65934610       3.43034625      0.740000010    
        3356  -2.95221925       2.12382197      0.750000000    
        3358  -2.91512012       1.90404713      0.750000000    
        3360  -2.72958374       2.43498254      0.750000000    
        3362  -2.74818468       2.42207289      0.750000000    
        3364  -3.05747437       1.42349732      0.750000000    
        3366  -2.72528100       2.75142074      0.730000019    
        3368  -2.84969735       2.41222596      0.740000010    
        3370  -2.66812611       2.71680522      0.730000019    
        3372  -2.70199847       2.55278444      0.730000019    
        3374  -2.66767240       2.36412001      0.709999979    
        3376  -2.87573552       2.01019454      0.709999979    
        3378  -2.95378876       1.68647456      0.709999979    
        3380  -2.84818101       1.95802712      0.709999979    
        3382  -2.81634998       2.31920338      0.720000029    
        3384  -2.82603288       2.35015440      0.720000029    
        3386  -2.74343991       2.96382499      0.720000029    
        3388  -2.82840586       2.65389228      0.720000029    
        3390  -2.92283893       1.96771848      0.730000019    
        3392  -2.90318608       2.09713054      0.730000019    
        3394  -2.61293650       3.51027346      0.730000019    
        3396  -2.81447840       2.62490797      0.750000000    
        3398  -2.69528627       3.35213256      0.740000010    
        3400  -2.85670567       2.71498084      0.730000019    
        3402  -2.55701160       2.96737766      0.709999979    
        3404  -2.55057812       2.97084999      0.720000029    
        3406  -2.60522485       2.86739731      0.730000019    
        3408  -2.35312748       3.82853389      0.730000019    
        3410  -2.50142074       3.32605910      0.730000019    
        3412  -2.89665532       2.05830026      0.730000019    
        3414  -2.88582182       1.34129059      0.720000029    
        3416  -2.76760650       1.41385972      0.720000029    
        3418  -2.76662111       1.52545094      0.730000019    
        3420  -2.82235718       1.28239393      0.720000029    
        3422  -2.49339604       2.37990141      0.720000029    
        3424  -2.52834344       2.41831779      0.730000019    
        3426  -2.42672324       3.22357512      0.750000000    
        3428  -2.51884031       3.45495582      0.759999990    
        3430  -2.62146497       2.71783757      0.740000010    
        3432  -2.61039019       3.06601429      0.740000010    
        3434  -2.56216717       3.01612449      0.730000019    
        3436  -2.63822699       2.99975634      0.750000000    
        3438  -2.58750629       4.18116522      0.769999981    
        3440  -2.59173036       3.33390951      0.750000000    
        3442  -2.79483771       2.43682337      0.750000000    
        3444  -2.84268332       2.52564502      0.750000000    
        3446  -2.43841362       3.75308990      0.750000000    
        3448  -2.45277739       4.00775003      0.740000010    
        3450  -2.77323318       3.21451688      0.750000000    
        3452  -2.66204000       2.91354895      0.750000000    
        3454  -2.89712811       2.53162766      0.769999981    
        3456  -2.79622197       3.27524304      0.769999981    
        3458  -2.99787045       2.70756364      0.769999981    
        3460  -2.87597537       2.94886374      0.759999990    
        3462  -2.70189548       3.46965742      0.759999990    
        3464  -2.57381964       3.95089269      0.759999990    
        3466  -2.68843102       3.51682997      0.759999990    
        3468  -2.71184516       2.91441417      0.740000010    
        3470  -2.45427394       3.81126332      0.730000019    
        3472  -2.57295847       3.18206143      0.740000010    
        3474  -2.52418518       3.09051514      0.730000019    
        3476  -2.79791188       1.64648855      0.720000029    
        3478  -2.66658354       1.96211195      0.720000029    
        3480  -2.51728749       2.99880838      0.730000019    
        3482  -2.61148262       2.70108628      0.730000019    
        3484  -2.71225810       2.79571867      0.740000010    
        3486  -2.70378828       3.00165868      0.750000000    
        3488  -3.00224042       2.25064588      0.750000000    
        3490  -2.84292626       2.11201167      0.750000000    
        3492  -2.75563931       2.50437450      0.750000000    
        3494  -2.84706450       2.42044210      0.750000000    
        3496  -2.71569705       2.75210738      0.730000019    
        3498  -2.79873705       2.22719812      0.730000019    
        3500  -2.77452517       2.42652941      0.720000029    
        3502  -2.87881184       2.34898424      0.730000019    
        3504  -2.85248137       2.54257727      0.730000019    
        3506  -2.86611080       2.28429270      0.740000010    
        3508  -2.83906651       2.16330981      0.740000010    
        3510  -2.64259243       2.32646632      0.730000019    
        3512  -2.78713465       1.67902350      0.730000019    
        3514  -2.64443922       2.15896487      0.730000019    
        3516  -2.48956394       2.75750136      0.730000019    
        3518  -2.59892941       2.96715689      0.740000010    
        3520  -2.85885739       2.10435224      0.740000010    
        3522  -2.68874669       2.47142577      0.709999979    
        3524  -2.32692885       3.75283790      0.709999979    
        3526  -2.42247772       3.52502680      0.709999979    
        3528  -2.30230784       3.61362267      0.709999979    
        3530  -2.44596052       3.17416143      0.709999979    
        3532  -2.47713900       3.49923611      0.720000029    
        3534  -2.54869819       3.20741391      0.720000029    
        3536  -2.74707723       2.66688418      0.720000029    
        3538  -2.63247895       3.83645439      0.750000000    
        3540  -2.55986285       4.10095501      0.769999981    
        3542  -2.87084007       2.10714078      0.740000010    
        3544  -2.78171873       2.02550554      0.740000010    
        3546  -2.70581603       2.27870560      0.720000029    
        3548  -2.73089385       2.29497004      0.709999979    
        3550  -2.76647282       1.91087401      0.709999979    
        3552  -2.80846214       1.45067704      0.709999979    
        3554  -2.49435377       2.72046185      0.709999979    
        3556  -2.58698630       2.53555417      0.709999979    
        3558  -2.44823289       3.69384384      0.730000019    
        3560  -2.68356276       1.94075680      0.699999988    
        3562  -2.38297486       2.81320214      0.689999998    
        3564  -2.62275982       1.99492872      0.689999998    
        3566  -2.55669618       2.08495808      0.680000007    
        3568  -2.26089191       3.01025867      0.680000007    
        3570  -2.38998103       2.07037950      0.670000017    
        3572  -2.53563595       1.94338751      0.680000007    
        3574  -2.54019618       2.04543042      0.670000017    
        3576  -2.53583837       1.80782902      0.670000017    
        3578  -2.61715317       1.43999314      0.680000007    
        3580  -2.57926536       1.68262267      0.699999988    
        3582  -2.20940542       3.35005903      0.699999988    
        3584  -2.41432953       2.96708679      0.709999979    
        3586  -2.62240744       2.23118687      0.709999979    
        3588  -2.27199388       3.63321686      0.709999979    
        3590  -2.56506872       2.61216927      0.730000019    
        3592  -2.48497224       2.96286058      0.730000019    
        3594  -2.59197426       2.53570724      0.720000029    
        3596  -2.61003852       2.24085569      0.709999979    
        3598  -2.83505058       2.14298773      0.709999979    
        3600  -2.80295682       1.57304943      0.689999998    
        3602  -2.74894166       1.37271726      0.689999998    
        3604  -2.63113976       1.86060250      0.689999998    
        3606  -2.60988545       2.39980197      0.699999988    
        3608  -2.78873992       1.35244286      0.689999998    
        3610  -2.61891103       2.03534055      0.670000017    
        3612  -2.58713078       2.16144180      0.680000007    
        3614  -2.69613171       1.76608646      0.680000007    
        3616  -2.57877159       1.92989743      0.680000007    
        3618  -2.76100969       1.89033926      0.689999998    
        3620  -2.56935430       3.00552249      0.709999979    
        3622  -2.63853312       2.48045588      0.709999979    
        3624  -2.64736629       2.96425796      0.740000010    
        3626  -2.75765300       2.09079218      0.720000029    
        3628  -2.67836642       3.09882355      0.730000019    
        3630  -2.77589011       2.39499235      0.730000019    
        3632  -2.59333849       2.94850969      0.730000019    
        3634  -2.80046511       2.14528632      0.730000019    
        3636  -2.82452226       1.88577390      0.730000019    
        3638  -2.59306860       3.14978480      0.720000029    
        3640  -2.84746861       1.70283508      0.720000029    
        3642  -2.65912485       2.10987949      0.730000019    
        3644  -2.46250105       3.14243221      0.730000019    
        3646  -2.74047661       1.73548281      0.720000029    
        3648  -2.74513459       2.02100396      0.720000029    
        3650  -2.57389522       2.97241378      0.730000019    
        3652  -2.76204872       2.01395369      0.730000019    
        3654  -2.64877248       2.09990239      0.720000029    
        3656  -2.80641413       1.14982963      0.709999979    
        3658  -2.71204853       1.94326651      0.709999979    
        3660  -2.81373763       1.57253098      0.720000029    
        3662  -2.62046719       2.77767038      0.720000029    
        3664  -2.38985443       3.71632195      0.709999979    
        3666  -2.52813077       2.52950954      0.689999998    
        3668  -2.36684823       2.90748787      0.689999998    
        3670  -2.44751930       2.64010382      0.699999988    
        3672  -2.52593970       2.33592963      0.709999979    
        3674  -2.43241835       2.16198564      0.689999998    
        3676  -2.27665710       3.00666928      0.689999998    
        3678  -2.34028244       2.21070004      0.649999976    
        3680  -2.16664076       3.07338929      0.649999976    
        3682  -2.22070718       3.06873012      0.660000026    
        3684  -2.42244816       2.57921982      0.670000017    
        3686  -2.48871636       2.27142739      0.689999998    
        3688  -2.49721980       2.51627660      0.709999979    
        3690  -2.55641437       2.71880364      0.709999979    
        3692  -2.59953451       2.53649473      0.699999988    
        3694  -2.48504663       3.44883847      0.709999979    
        3696  -2.40464377       2.82375407      0.680000007    
        3698  -2.51114821       3.42196798      0.699999988    
        3700  -2.62404108       2.46161962      0.699999988    
        3702  -2.59460139       2.64780307      0.699999988    
        3704  -2.67498899       2.01572657      0.680000007    
        3706  -2.69163060       1.51258850      0.670000017    
        3708  -2.91469169       1.15711582      0.689999998    
        3710  -2.57732916       2.46580625      0.689999998    
        3712  -2.87853575       1.47504520      0.689999998    
        3714  -2.44050646       3.82112956      0.720000029    
        3716  -2.76497340       2.29169202      0.720000029    
        3718  -2.81870031       2.08215475      0.720000029    
        3720  -2.74017334       2.25805473      0.730000019    
        3722  -2.72363877       1.86246479      0.720000029    
        3724  -2.62794685       2.11502695      0.720000029    
        3726  -2.59743929       1.94682455      0.699999988    
        3728  -2.72229958       1.83348632      0.689999998    
        3730  -2.65126419       2.50435710      0.699999988    
        3732  -2.70910239       2.79822445      0.730000019    
        3734  -2.88027596       2.09684372      0.730000019    
        3736  -2.81957340       2.86048818      0.740000010    
        3738  -2.81316137       2.72383571      0.750000000    
        3740  -2.98317528       1.94929254      0.740000010    
        3742  -3.02747154       1.80424607      0.730000019    
        3744  -2.93528175       1.51568949      0.730000019    
        3746  -3.06306386       1.30680239      0.720000029    
        3748  -2.84128022       2.13377595      0.709999979    
        3750  -2.86554360       2.20852304      0.720000029    
        3752  -2.82027531       3.25348711      0.730000019    
        3754  -2.75384164       3.08267379      0.730000019    
        3756  -2.80079770       3.05197406      0.740000010    
        3758  -2.79307389       2.78144050      0.740000010    
        3760  -2.72858167       2.67902398      0.740000010    
        3762  -2.65244246       2.70637989      0.740000010    
        3764  -2.48768616       2.72391105      0.730000019    
        3766  -2.76723552       2.52892566      0.750000000    
        3768  -2.73921275       3.10610461      0.750000000    
        3770  -2.83980966       2.70695019      0.759999990    
        3772  -2.88516235       2.51727152      0.759999990    
        3774  -2.87549210       2.28020382      0.759999990    
        3776  -2.91207552       2.19871211      0.759999990    
        3778  -2.82328653       3.13268113      0.769999981    
        3780  -2.77469730       2.68156910      0.769999981    
        3782  -3.07652831       1.69726515      0.769999981    
        3784  -2.76357269       3.29776239      0.759999990    
        3786  -2.62637258       4.02626371      0.769999981    
        3788  -2.73380375       3.23763084      0.750000000    
        3790  -2.57746053       3.48416972      0.740000010    
        3792  -2.63605046       2.89914489      0.740000010    
        3794  -2.61788654       2.89017510      0.740000010    
        3796  -2.65249586       3.04354286      0.750000000    
        3798  -2.33377385       4.71951103      0.759999990    
        3800  -2.60539699       2.41534615      0.730000019    
        3802  -2.79174709       2.12506700      0.730000019    
        3804  -2.64680505       2.35173082      0.730000019    
        3806  -2.85318351       1.75922060      0.750000000    
        3808  -2.96957922       1.90693748      0.750000000    
        3810  -2.95580220       1.97960234      0.750000000    
        3812  -2.92685866       2.00249934      0.740000010    
        3814  -2.81186843       2.50171852      0.750000000    
        3816  -2.80463934       2.10142112      0.730000019    
        3818  -2.62782931       3.02009869      0.730000019    
        3820  -2.65587044       2.95443296      0.730000019    
        3822  -2.72459531       2.13831043      0.720000029    
        3824  -2.41296911       3.22700620      0.709999979    
        3826  -2.44905090       3.00209284      0.709999979    
        3828  -2.78444362       1.89219177      0.720000029    
        3830  -2.71203876       2.29499960      0.730000019    
        3832  -2.56437206       2.96731400      0.730000019    
        3834  -2.86495948      0.801754355      0.699999988    
        3836  -2.57563972       2.10505104      0.699999988    
        3838  -2.58251572       2.17383003      0.699999988    
        3840  -2.68677354       1.41641057      0.699999988    
        3842  -2.75855970       1.54927444      0.699999988    
        3844  -2.58432484       2.42297626      0.709999979    
        3846  -2.52254319       2.50184155      0.709999979    
        3848  -2.47662258       2.92072392      0.699999988    
        3850  -2.39035630       3.15033054      0.709999979    
        3852  -2.57979989       2.33429742      0.709999979    
        3854  -2.60553885       2.17285824      0.699999988    
        3856  -2.63369370       2.62776256      0.709999979    
        3858  -2.67176414       2.37390304      0.709999979    
        3860  -2.66482115       2.45160365      0.720000029    
        3862  -2.58464146       2.48422241      0.699999988    
        3864  -2.41676450       3.27865291      0.709999979    
        3866  -2.33479261       4.11664104      0.699999988    
        3868  -2.53817129       3.20243812      0.699999988    
        3870  -2.76865983       2.28941655      0.709999979    
        3872  -2.58320808       3.34564471      0.709999979    
        3874  -2.72226906       2.40048432      0.709999979    
        3876  -2.80285835       2.28483081      0.709999979    
        3878  -2.76780152       2.28604269      0.720000029    
        3880  -2.71861982       2.65364742      0.720000029    
        3882  -2.78285074       2.29085326      0.720000029    
        3884  -2.56342840       2.85952830      0.709999979    
        3886  -2.59281898       2.71041250      0.709999979    
        3888  -2.76290417       2.08612370      0.720000029    
        3890  -2.80909610       2.35482645      0.720000029    
        3892  -2.61452818       3.23771095      0.720000029    
        3894  -2.68485117       2.70820045      0.720000029    
        3896  -2.76050425       2.87951374      0.740000010    
        3898  -2.61173773       3.08600903      0.730000019    
        3900  -2.46785212       3.17870140      0.720000029    
        3902  -2.64929700       1.69173527      0.720000029    
        3904  -2.77686238       1.65107143      0.709999979    
        3906  -2.41021252       3.67498565      0.709999979    
        3908  -2.62188387       2.66395974      0.709999979    
        3910  -2.72334552       1.99880886      0.709999979    
        3912  -2.56997824       2.69287300      0.699999988    
        3914  -2.48677397       3.02934980      0.699999988    
        3916  -2.47087002       2.68002129      0.689999998    
        3918  -2.62235165       2.31183481      0.680000007    
        3920  -2.36149168       3.44191241      0.680000007    
        3922  -2.34750056       3.21703720      0.680000007    
        3924  -2.78219819       1.83734441      0.699999988    
        3926  -2.52195168       2.28946400      0.689999998    
        3928  -2.64907265       2.19579148      0.689999998    
        3930  -2.34417748       3.46812820      0.689999998    
        3932  -2.12433100       3.73056579      0.680000007    
        3934  -2.42564583       2.30623221      0.689999998    
        3936  -2.35831976       2.51164389      0.689999998    
        3938  -2.44793820       2.17102742      0.680000007    
        3940  -2.45881271       2.34475803      0.689999998    
        3942  -2.58042741       1.64413798      0.670000017    
        3944  -2.32053828       2.35498238      0.670000017    
        3946  -2.38813162       2.08672309      0.670000017    
        3948  -2.21506763       2.90021968      0.680000007    
        3950  -2.49423480       1.42444396      0.660000026    
        3952  -2.38247132       2.08552194      0.670000017    
        3954  -2.29491949       2.29798937      0.660000026    
        3956  -2.32556653       2.16260338      0.670000017    
        3958  -2.41238523       2.51504040      0.670000017    
        3960  -2.33733416       3.28016233      0.680000007    
        3962  -2.38937926       2.99820304      0.680000007    
        3964  -2.55138397       2.05147099      0.660000026    
        3966  -2.42931271       2.22088313      0.649999976    
        3968  -2.41822672       3.29891610      0.680000007    
        3970  -2.51358104       2.53942204      0.660000026    
        3972  -2.52535272       2.07478833      0.660000026    
        3974  -2.48467636       2.16861010      0.660000026    
        3976  -2.54969263       1.24530303      0.649999976    
        3978  -2.37007570       2.14151335      0.649999976    
        3980  -2.49312425       1.48323488      0.649999976    
        3982  -2.43354774       1.77304387      0.649999976    
        3984  -2.41110897       2.06153107      0.649999976    
        3986  -2.25290990       2.91193223      0.649999976    
        3988  -2.51230478       2.43819022      0.649999976    
        3990  -2.42489862       2.18677378      0.649999976    
        3992  -2.54720759       1.40391994      0.660000026    
        3994  -2.40515637       1.74479663      0.660000026    
        3996  -2.35615873       2.47044849      0.660000026    
        3998  -2.49173236       2.15716529      0.660000026    
        4000  -2.36636448       2.28046274      0.660000026    
        4002  -2.33211565       2.46245909      0.670000017    
        4004  -2.52252746       1.76787674      0.660000026    
        4006  -2.40307331       2.83294654      0.670000017    
        4008  -2.29174089       3.13555455      0.670000017    
        4010  -2.43226552       2.69982553      0.680000007    
        4012  -2.53760982       2.00731969      0.670000017    
        4014  -2.45271993       2.30901217      0.670000017    
        4016  -2.49680090       1.90612507      0.680000007    
        4018  -2.65091872       1.19490457      0.680000007    
        4020  -2.41894674       2.05471563      0.680000007    
        4022  -2.69592929       1.33285916      0.680000007    
        4024  -2.63874722       1.64232910      0.680000007    
        4026  -2.65548658       2.05381680      0.689999998    
        4028  -2.67736912       2.33611560      0.689999998    
        4030  -2.58453488       2.75651169      0.689999998    
        4032  -2.65835476       2.64278054      0.709999979    
        4034  -2.65348864       2.61700273      0.699999988    
        4036  -2.73642850       2.21532822      0.699999988    
        4038  -2.89180064       1.80746305      0.699999988    
        4040  -2.77050138       1.87829697      0.709999979    
        4042  -2.26071000       3.78307199      0.709999979    
        4044  -2.60583305       2.45694256      0.689999998    
        4046  -2.61836123       2.03580260      0.680000007    
        4048  -2.73517346       1.73050523      0.689999998    
        4050  -2.56351781       2.08605695      0.689999998    
        4052  -2.55903459       1.94601858      0.689999998    
        4054  -2.70323086       2.40984058      0.699999988    
        4056  -2.61855364       2.45318151      0.709999979    
        4058  -2.67226624       2.21449661      0.720000029    
        4060  -2.75104427       2.15451670      0.730000019    
        4062  -2.59350204       2.67117047      0.730000019    
        4064  -2.40058899       3.08632278      0.720000029    
        4066  -2.41741991       3.06046653      0.709999979    
        4068  -2.63639927       1.69719625      0.699999988    
        4070  -2.45140004       2.57438731      0.699999988    
        4072  -2.51402712       2.32392788      0.689999998    
        4074  -2.59568596       1.86080933      0.699999988    
        4076  -2.50750089       1.91422665      0.660000026    
        4078  -2.38328052       1.99620664      0.629999995    
        4080  -2.38733578       1.74778700      0.639999986    
        4082  -2.53489256       1.01572835      0.620000005    
        4084  -2.47374797       1.80631876      0.629999995    
        4086  -2.12061739       2.72595596      0.629999995    
        4088  -2.35000134       1.74804926      0.600000024    
        4090  -2.50251484       1.59909654      0.629999995    
        4092  -2.45726943       2.20117950      0.639999986    
        4094  -2.24249721       2.80616808      0.660000026    
        4096  -2.05744815       3.26303768      0.649999976    
        4098  -2.25435281       2.36986041      0.649999976    
        4100  -2.27362370       2.04738998      0.639999986    
        4102  -2.22438598       2.43180060      0.660000026    
        4104  -2.44649100       1.80058289      0.670000017    
        4106  -2.36401916       2.14286947      0.670000017    
        4108  -2.31951523       1.84681535      0.639999986    
        4110  -2.14411783       2.75233078      0.649999976    
        4112  -2.01607490       2.81404328      0.629999995    
        4114  -2.29659677       2.23172164      0.629999995    
        4116  -2.36853528       1.97977722      0.629999995    
        4118  -2.22799969       1.84913051      0.620000005    
        4120  -2.25837731       1.64681685      0.620000005    
        4122  -2.11196756       2.01888561      0.610000014    
        4124  -2.19526148       2.04205418      0.610000014    
        4126  -2.25649047       1.91471648      0.589999974    
        4128  -2.23966575       1.92189324      0.600000024    
        4130  -2.06420970       1.95622802      0.569999993    
        4132  -2.00176835       1.45405507      0.550000012    
        4134  -2.02734256       1.45595276      0.560000002    
        4136  -2.26588345       1.12475550      0.550000012    
        4138  -1.95249927       1.77418315      0.569999993    
        4140  -2.12654614      0.622245193      0.550000012    
        4142  -2.01663566       1.28833342      0.560000002    
        4144  -2.25743794      0.748773158      0.540000021    
        4146  -2.10046029      0.904776633      0.550000012    
        4148  -1.99883151       1.25116563      0.560000002    
        4150  -1.62744355       2.14775991      0.529999971    
        4152  -1.91088295       1.64606178      0.540000021    
        4154  -2.14144969       1.12957942      0.550000012    
        4156  -2.01553345       1.70858181      0.569999993    
        4158  -2.02742100       2.03455687      0.600000024    
        4160  -1.89380860       2.49326110      0.589999974    
        4162  -1.74776340       2.54979324      0.579999983    
        4164  -1.92961287       2.11550641      0.589999974    
        4166  -1.77653027       3.02838826      0.589999974    
        4168  -2.10998344       1.54383099      0.589999974    
        4170  -2.11913586       1.72642803      0.589999974    
        4172  -2.04146814       1.85572791      0.589999974    
        4174  -2.14826083       1.81234586      0.600000024    
        4176  -1.99603796       2.33462214      0.600000024    
        4178  -2.06498718       2.50399113      0.610000014    
        4180  -2.25001860       1.86772716      0.600000024    
        4182  -2.11131787       2.24510694      0.610000014    
        4184  -2.26872230       1.36869228      0.610000014    
        4186  -2.11650014       2.22076035      0.620000005    
        4188  -2.33606148       1.93034887      0.639999986    
        4190  -2.23291016       2.00592971      0.620000005    
        4192  -2.54160666       1.27612329      0.620000005    
        4194  -2.43303633       1.71171296      0.620000005    
        4196  -2.44518113       1.96876335      0.629999995    
        4198  -2.46492147       2.27745152      0.639999986    
        4200  -2.57799077       1.85256207      0.660000026    
        4202  -2.33320141       2.82617450      0.660000026    
        4204  -2.40830564       2.23110938      0.670000017    
        4206  -2.30231738       2.20889854      0.649999976    
        4208  -2.43095016       2.48686004      0.660000026    
        4210  -2.37732506       3.36620307      0.670000017    
        4212  -2.74694204       1.78631544      0.670000017    
        4214  -2.78627276       1.64703465      0.670000017    
        4216  -2.70386791       1.92741883      0.660000026    
        4218  -2.68410254       1.98196232      0.660000026    
        4220  -2.73944139       1.46418440      0.660000026    
        4222  -2.61824322       1.45138180      0.649999976    
        4224  -2.52341866       1.79405892      0.649999976    
        4226  -2.50434566       1.24794054      0.639999986    
        4228  -2.43368626       1.67185378      0.639999986    
        4230  -2.34641600       2.31339502      0.649999976    
        4232  -2.46754074       2.06908846      0.660000026    
        4234  -2.38633657       2.33158708      0.660000026    
        4236  -2.24786830       3.04793358      0.660000026    
        4238  -2.48706818       1.60862052      0.639999986    
        4240  -2.33989310       2.36991072      0.649999976    
        4242  -2.20989633       2.71787429      0.649999976    
        4244  -2.37554193       1.85239768      0.639999986    
        4246  -2.33148623       2.15516734      0.639999986    
        4248  -2.12255764       2.83930922      0.639999986    
        4250  -2.29265904       1.90174162      0.639999986    
        4252  -2.35684967       2.05177426      0.639999986    
        4254  -2.30004334       2.06329989      0.639999986    
        4256  -2.53317428       1.06242907      0.629999995    
        4258  -2.52749896       1.51869357      0.649999976    
        4260  -2.31691027       2.58594966      0.649999976    
        4262  -2.58994484       1.48212051      0.649999976    
        4264  -2.53437090       1.58758879      0.649999976    
        4266  -2.40024304       1.77988946      0.629999995    
        4268  -2.32888961       2.02669477      0.649999976    
        4270  -2.51817536       1.26918960      0.639999986    
        4272  -2.53350377       1.16510928      0.649999976    
        4274  -2.46211529       1.63607264      0.639999986    
        4276  -2.49357128       1.50019288      0.639999986    
        4278  -2.59450722       1.92866099      0.649999976    
        4280  -2.46449375       1.69632018      0.639999986    
        4282  -2.51649666       1.03377903      0.629999995    
        4284  -2.61420870       1.13920701      0.639999986    
        4286  -2.48765874       1.69381404      0.649999976    
        4288  -2.51469517       1.92698979      0.660000026    
        4290  -2.48963094       2.02731633      0.660000026    
        4292  -2.51553130       1.60171163      0.670000017    
        4294  -2.61404085      0.839921117      0.670000017    
        4296  -2.56507635       1.66167867      0.689999998    
        4298  -2.55098987       1.91388595      0.689999998    
        4300  -2.33203197       2.66043472      0.680000007    
        4302  -2.50431991       2.40106773      0.689999998    
        4304  -2.43602943       2.57039523      0.689999998    
        4306  -2.39202499       2.98300934      0.689999998    
        4308  -2.52058363       1.81313908      0.680000007    
        4310  -2.68501496       1.62262714      0.689999998    
        4312  -2.71469331       1.53391290      0.699999988    
        4314  -2.68429589       1.60923314      0.689999998    
        4316  -2.52147436       2.37608862      0.689999998    
        4318  -2.36290836       3.31816816      0.699999988    
        4320  -2.39885855       3.17566705      0.709999979    
        4322  -2.49733996       2.96614814      0.709999979    
        4324  -2.68128324       2.41594863      0.709999979    
        4326  -2.67177677       2.18959045      0.720000029    
        4328  -2.61981988       1.99848866      0.709999979    
        4330  -2.49015141       2.03936982      0.689999998    
        4332  -2.55328560       2.02843356      0.680000007    
        4334  -2.52505016       2.29110575      0.689999998    
        4336  -2.51768756       2.27762890      0.689999998    
        4338  -2.59644437       2.37948632      0.689999998    
        4340  -2.54973888       2.40274739      0.689999998    
        4342  -2.45101237       2.52639365      0.699999988    
        4344  -2.51593161       2.07644367      0.699999988    
        4346  -2.40738535       2.34663892      0.689999998    
        4348  -2.73640156       1.79603910      0.699999988    
        4350  -2.48804736       2.62666011      0.699999988    
        4352  -2.56735039       1.64912236      0.689999998    
        4354  -2.59044814       2.01229501      0.689999998    
        4356  -2.37718654       2.44786906      0.660000026    
        4358  -2.63430572       1.30711126      0.649999976    
        4360  -2.37088704       2.12938595      0.639999986    
        4362  -2.32286024       2.20093989      0.620000005    
        4364  -1.99134433       3.18332577      0.610000014    
        4366  -2.33475661       2.79635811      0.629999995    
        4368  -2.44052672       2.56974626      0.639999986    
        4370  -2.55255771       1.91347742      0.639999986    
        4372  -1.98828161       2.65139008      0.610000014    
        4374  -2.28389502       2.05548096      0.620000005    
        4376  -2.33507586       2.17874193      0.620000005    
        4378  -2.45722485       2.02352071      0.620000005    
        4380  -2.16871953       3.08226752      0.639999986    
        4382  -2.38208699       2.12583423      0.639999986    
        4384  -2.51568937       1.69914579      0.639999986    
        4386  -2.33512855       2.47080302      0.639999986    
        4388  -2.36505270       2.10360980      0.639999986    
        4390  -2.26651907       2.44781685      0.629999995    
        4392  -2.43610930       2.52666044      0.649999976    
        4394  -2.53098798       2.05930972      0.660000026    
        4396  -2.42635798       2.64676189      0.660000026    
        4398  -2.59636331       1.79400921      0.660000026    
        4400  -2.78835797       1.87903881      0.680000007    
        4402  -2.44569993       2.93377757      0.680000007    
        4404  -2.45809364       2.92245650      0.689999998    
        4406  -2.60859418       1.85067892      0.670000017    
        4408  -2.50399065       2.24121475      0.670000017    
        4410  -2.55201101       2.26919627      0.709999979    
        4412  -2.67727065       2.20406961      0.709999979    
        4414  -2.63139296       2.51944947      0.699999988    
        4416  -2.58977604       2.29421186      0.699999988    
        4418  -2.57937050       1.99296367      0.699999988    
        4420  -2.63741446       2.13717461      0.709999979    
        4422  -2.69800091       2.42368746      0.720000029    
        4424  -2.52817583       2.82148075      0.720000029    
        4426  -2.73126626       2.03921247      0.730000019    
        4428  -2.77651167       1.57180977      0.730000019    
        4430  -2.44148421       2.98429179      0.730000019    
        4432  -2.45610166       2.74989367      0.730000019    
        4434  -2.34284449       3.09409809      0.720000029    
        4436  -2.43587804       3.12680387      0.720000029    
        4438  -2.50611043       2.95116210      0.730000019    
        4440  -2.27673125       3.99514103      0.720000029    
        4442  -2.47323132       3.44369936      0.730000019    
        4444  -2.24585795       3.57547879      0.689999998    
        4446  -2.57350302       2.54875875      0.699999988    
        4448  -2.50538731       2.69461846      0.699999988    
        4450  -2.47211671       2.62389445      0.689999998    
        4452  -2.45986247       2.61160231      0.689999998    
        4454  -2.40897393       3.21462464      0.709999979    
        4456  -2.53862238       2.83980894      0.709999979    
        4458  -2.76865840       2.44336319      0.720000029    
        4460  -2.70411682       2.55724359      0.730000019    
        4462  -2.84590745       2.01929212      0.730000019    
        4464  -2.70938730       2.40558743      0.740000010    
        4466  -2.62984538       2.30184555      0.720000029    
        4468  -2.50412416       2.51766133      0.709999979    
        4470  -2.52947950       2.05178332      0.709999979    
        4472  -2.53318691       2.00823450      0.709999979    
        4474  -2.56943560       1.46529520      0.699999988    
        4476  -2.58897901       1.67962921      0.699999988    
        4478  -2.55435777       2.14607120      0.699999988    
        4480  -2.26257324       2.42232203      0.670000017    
        4482  -2.52521658       1.69354987      0.680000007    
        4484  -2.48688841       1.93231535      0.680000007    
        4486  -2.49755549       2.44458246      0.699999988    
        4488  -2.78267932       1.57733965      0.699999988    
        4490  -2.70303321       2.07648444      0.699999988    
        4492  -2.34832048       3.50374269      0.720000029    
        4494  -2.53766155       3.04824114      0.730000019    
        4496  -2.67432046       2.44239998      0.740000010    
        4498  -2.52903295       2.81703234      0.740000010    
        4500  -2.39298415       3.18663812      0.709999979    
        4502  -2.67125082       2.12911701      0.730000019    
        4504  -2.86616397       2.21203971      0.740000010    
        4506  -2.56433868       3.52025771      0.740000010    
        4508  -2.82133555       2.56937265      0.740000010    
        4510  -2.78576350       2.32652140      0.730000019    
        4512  -2.57974553       3.52526999      0.740000010    
        4514  -2.57137251       3.25884795      0.730000019    
        4516  -2.85490727       2.07948565      0.730000019    
        4518  -2.86154079       1.90398002      0.720000029    
        4520  -2.68948889       2.23869538      0.709999979    
        4522  -2.82214928       1.53444910      0.709999979    
        4524  -2.72412658       2.81274295      0.740000010    
        4526  -2.86111116       2.40686274      0.740000010    
        4528  -2.73611736       2.68906903      0.740000010    
        4530  -2.71537232       2.66568875      0.740000010    
        4532  -2.67229962       2.74772429      0.740000010    
        4534  -2.77624631       2.42987800      0.740000010    
        4536  -2.72623420       2.75449109      0.740000010    
        4538  -2.58957171       2.56487250      0.720000029    
        4540  -2.82082629       1.80674398      0.730000019    
        4542  -2.66585517       2.20217204      0.709999979    
        4544  -2.54919100       3.04376435      0.709999979    
        4546  -2.49913883       3.25600004      0.720000029    
        4548  -2.62110877       2.33887529      0.720000029    
        4550  -2.50773358       2.52623940      0.720000029    
        4552  -2.61684275       1.52951014      0.699999988    
        4554  -2.61163664       1.09391868      0.699999988    
        4556  -2.54243088       1.46285176      0.689999998    
        4558  -2.28387499       2.97644067      0.689999998    
        4560  -2.51587248       1.85888708      0.680000007    
        4562  -2.46117973       2.36469460      0.689999998    
        4564  -2.55028844       1.59082174      0.680000007    
        4566  -2.41065812       2.67418790      0.699999988    
        4568  -2.64973640       1.82730317      0.689999998    
        4570  -2.59263182       1.84270775      0.689999998    
        4572  -2.48303294       1.94792283      0.689999998    
        4574  -2.41055965       2.79184842      0.689999998    
        4576  -2.72957659       1.55581832      0.680000007    
        4578  -2.58178234       1.78592813      0.670000017    
        4580  -2.64946604       2.36261964      0.689999998    
        4582  -2.64347792       2.23656106      0.699999988    
        4584  -2.71005869       1.95356190      0.699999988    
        4586  -2.53908539       2.33001590      0.689999998    
        4588  -2.46551704       2.94106150      0.689999998    
        4590  -2.16529751       4.17784834      0.689999998    
        4592  -2.41734409       2.94506812      0.680000007    
        4594  -2.71435738       1.91270149      0.680000007    
        4596  -2.51353860       2.71765852      0.699999988    
        4598  -2.56505871       2.56122756      0.699999988    
        4600  -2.48439837       3.35423899      0.720000029    
        4602  -2.40213776       3.82373428      0.720000029    
        4604  -2.67664981       2.34754038      0.720000029    
        4606  -2.61256027       2.29218650      0.709999979    
        4608  -2.71453190       1.68175042      0.699999988    
        4610  -2.78859591       1.82112741      0.709999979    
        4612  -2.41774297       3.67638636      0.730000019    
        4614  -2.75109816       1.95231795      0.709999979    
        4616  -2.74731159       1.99076962      0.709999979    
        4618  -2.46728301       2.18918896      0.699999988    
        4620  -2.40230417       2.55883527      0.680000007    
        4622  -2.27350211       2.95477891      0.670000017    
        4624  -2.24678421       3.65077710      0.680000007    
        4626  -2.37997651       2.96824932      0.670000017    
        4628  -2.37625360       2.56744909      0.649999976    
        4630  -2.41766882       2.06209874      0.639999986    
        4632  -2.52962542       1.99656928      0.649999976    
        4634  -2.57401252       1.61509287      0.649999976    
        4636  -2.50684357       2.14325666      0.670000017    
        4638  -2.44055820       1.96452165      0.670000017    
        4640  -2.48315525       1.87806547      0.689999998    
        4642  -2.43209696       2.26190329      0.720000029    
        4644  -2.50296855       1.90364134      0.689999998    
        4646  -2.53460002       1.66930366      0.689999998    
        4648  -2.51211762       2.23983121      0.689999998    
        4650  -2.37051415       2.43582654      0.670000017    
        4652  -2.53555083       1.86708975      0.680000007    
        4654  -2.54779220       1.65005791      0.670000017    
        4656  -2.39654732       1.48791063      0.649999976    
        4658  -2.58877039      0.995535970      0.660000026    
        4660  -2.33410573       1.68282056      0.649999976    
        4662  -2.49600697      0.975456297      0.639999986    
        4664  -2.40863466       1.86204910      0.649999976    
        4666  -2.41923213       1.76724637      0.639999986    
        4668  -2.44404459       1.56276739      0.639999986    
        4670  -2.27342749       2.05780625      0.629999995    
        4672  -2.47763753       1.22451913      0.629999995    
        4674  -2.34214258       1.60363567      0.629999995    
        4676  -2.21466351       2.14455390      0.629999995    
        4678  -2.24521756       2.27737665      0.629999995    
        4680  -2.28834558       2.25326347      0.629999995    
        4682  -2.32798147       1.69825554      0.620000005    
        4684  -2.21870852       2.32961559      0.639999986    
        4686  -2.15826511       3.07995129      0.660000026    
        4688  -2.35639930       2.32092738      0.670000017    
        4690  -2.58445239       2.01475334      0.689999998    
        4692  -2.47536969       2.30773449      0.660000026    
        4694  -2.63449359       1.71295583      0.670000017    
        4696  -2.41010356       2.30995488      0.660000026    
        4698  -2.38175058       2.65280581      0.649999976    
        4700  -2.37746954       1.94683421      0.639999986    
        4702  -2.52259064       2.17080784      0.660000026    
        4704  -2.60899115       1.73353565      0.660000026    
        4706  -2.36133051       2.59515643      0.660000026    
        4708  -2.50015807       1.92915893      0.660000026    
        4710  -2.44198704       2.51893353      0.680000007    
        4712  -2.58616018       2.32657218      0.689999998    
        4714  -2.34211206       2.76137996      0.680000007    
        4716  -2.47352266       1.92444563      0.670000017    
        4718  -2.42622256       2.02688909      0.680000007    
        4720  -2.44484186       2.24276829      0.689999998    
        4722  -2.55128813       1.99131668      0.709999979    
        4724  -2.55230737       2.73300505      0.720000029    
        4726  -2.71361232       1.42917871      0.709999979    
        4728  -2.60754108       2.52605104      0.720000029    
        4730  -2.54424286       2.81044841      0.720000029    
        4732  -2.62922215       2.70270228      0.740000010    
        4734  -2.81106377       2.58784819      0.750000000    
        4736  -2.61547923       3.43795753      0.759999990    
        4738  -2.69665265       2.61478043      0.750000000    
        4740  -2.87027001       2.08320975      0.750000000    
        4742  -2.84133220       1.73845506      0.750000000    
        4744  -2.55548954       2.99907994      0.750000000    
        4746  -2.75368667       2.17481685      0.740000010    
        4748  -2.85614967       2.11789918      0.730000019    
        4750  -2.82022095       2.39225674      0.740000010    
        4752  -2.89566779       2.29232740      0.740000010    
        4754  -2.87180686       2.49308610      0.740000010    
        4756  -2.82617140       2.33720255      0.730000019    
        4758  -2.77891350       2.47844291      0.730000019    
        4760  -2.78098106       2.24470615      0.730000019    
        4762  -2.77317095       1.83080208      0.730000019    
        4764  -2.76733088       1.94067764      0.740000010    
        4766  -2.93311548       1.65800798      0.740000010    
        4768  -2.64500380       2.74770617      0.730000019    
        4770  -2.63588214       2.58249164      0.730000019    
        4772  -2.72280073       1.85709143      0.709999979    
        4774  -2.85154819       1.89949286      0.720000029    
        4776  -2.49791527       3.11226130      0.720000029    
        4778  -2.63160682       2.73412037      0.720000029    
        4780  -2.74524117       2.68085170      0.730000019    
        4782  -2.80137992       2.74835467      0.730000019    
        4784  -2.46563506       4.26849699      0.730000019    
        4786  -2.69005275       2.77605677      0.709999979    
        4788  -2.63011885       2.02884936      0.709999979    
        4790  -2.66160560       2.45069218      0.730000019    
        4792  -2.71790409       2.24674082      0.740000010    
        4794  -2.54348326       2.76974320      0.720000029    
        4796  -2.58776999       2.13413739      0.709999979    
        4798  -2.49936008       2.14744329      0.699999988    
        4800  -2.55019760       2.06257749      0.699999988    
        4802  -2.40898108       2.59991932      0.709999979    
        4804  -2.55489111       2.69327807      0.720000029    
        4806  -2.64821386       2.90594459      0.750000000    
        4808  -2.83238411       2.23808646      0.740000010    
        4810  -2.74106264       2.01980066      0.730000019    
        4812  -2.52494717       2.66398072      0.709999979    
        4814  -2.68991876       2.09471798      0.720000029    
        4816  -2.44341445       2.75634861      0.720000029    
        4818  -2.50327158       2.58002996      0.720000029    
        4820  -2.42491508       3.08168483      0.730000019    
        4822  -2.66231918       2.63837957      0.740000010    
        4824  -2.63896489       2.44257164      0.740000010    
        4826  -2.67763209       2.62706161      0.750000000    
        4828  -2.56931877       3.11905026      0.750000000    
        4830  -2.79484987       2.32695150      0.740000010    
        4832  -2.70605230       2.48568821      0.720000029    
        4834  -2.66115785       2.58309603      0.709999979    
        4836  -2.53848839       3.30917120      0.709999979    
        4838  -2.60950994       3.01695585      0.709999979    
        4840  -2.55249810       2.87949944      0.699999988    
        4842  -2.48205662       2.80850172      0.699999988    
        4844  -2.58212781       2.35216165      0.689999998    
        4846  -2.35574102       3.05801344      0.670000017    
        4848  -2.65466022       1.92347169      0.670000017    
        4850  -2.48315358       2.23078823      0.660000026    
        4852  -2.45905924       2.32834721      0.660000026    
        4854  -2.46810627       2.48612523      0.660000026    
        4856  -2.56143475       2.31896639      0.670000017    
        4858  -2.63214326       1.53814709      0.680000007    
        4860  -2.64019179       1.51583338      0.680000007    
        4862  -2.44006753       2.65280008      0.680000007    
        4864  -2.52876282       2.20939827      0.689999998    
        4866  -2.57461357       2.24315929      0.689999998    
        4868  -2.47888088       2.37282848      0.689999998    
        4870  -2.64227533       1.44608951      0.670000017    
        4872  -2.68313122       1.59417963      0.660000026    
        4874  -2.56434298       1.86599553      0.670000017    
        4876  -2.78077006       1.38370430      0.680000007    
        4878  -2.63996768       1.99698353      0.680000007    
        4880  -2.71842241       1.49506247      0.670000017    
        4882  -2.39552617       2.05203938      0.660000026    
        4884  -2.57610154       1.08079720      0.649999976    
        4886  -2.52597189       1.43862283      0.649999976    
        4888  -2.52957177      0.947355628      0.639999986    
        4890  -2.57019448       1.26874828      0.649999976    
        4892  -2.49135017       1.31494963      0.649999976    
        4894  -2.48602200       1.55844998      0.649999976    
        4896  -2.27254629       2.15421033      0.649999976    
        4898  -2.33723617       1.69052351      0.639999986    
        4900  -2.45534801       1.76649082      0.649999976    
        4902  -2.36224937       1.51724482      0.649999976    
        4904  -2.48101783       1.18050563      0.639999986    
        4906  -2.46734977       1.52745330      0.639999986    
        4908  -2.59625173      0.895190179      0.629999995    
        4910  -2.36312938       1.42957950      0.620000005    
        4912  -2.34671450       1.49448609      0.610000014    
        4914  -2.45556664       1.47957504      0.620000005    
        4916  -2.40513372       1.69980097      0.620000005    
        4918  -2.57376838      0.705323279      0.629999995    
        4920  -2.38803887       1.19932151      0.639999986    
        4922  -2.53313804      0.993904650      0.620000005    
        4924  -2.34766150       1.84668112      0.620000005    
        4926  -2.29745889       1.59051645      0.600000024    
        4928  -2.22808170       1.67267025      0.600000024    
        4930  -2.41099858       1.97471464      0.620000005    
        4932  -2.46399879       1.52286041      0.620000005    
        4934  -2.26100445       1.99856246      0.600000024    
        4936  -2.24400711       2.88116693      0.629999995    
        4938  -2.25823951       2.93084574      0.629999995    
        4940  -2.57343769       1.83393860      0.629999995    
        4942  -2.61447334       1.54609644      0.629999995    
        4944  -2.46551681       1.84775102      0.629999995    
        4946  -2.34790492       2.26655006      0.629999995    
        4948  -2.52808213       1.93284106      0.639999986    
        4950  -2.35258102       2.07611489      0.620000005    
        4952  -2.36754370       2.19246006      0.629999995    
        4954  -2.53744388       1.51296592      0.620000005    
        4956  -2.31904435       2.49906468      0.620000005    
        4958  -2.47001958       2.05831552      0.629999995    
        4960  -2.31116724       2.62605405      0.629999995    
        4962  -2.18671155       2.88040304      0.629999995    
        4964  -2.18720078       2.64799023      0.620000005    
        4966  -2.26521564       2.67305398      0.629999995    
        4968  -2.07727003       2.99278331      0.620000005    
        4970  -2.17628694       2.57729268      0.620000005    
        4972  -2.45755959       1.84370255      0.620000005    
        4974  -2.34785557       2.00846219      0.610000014    
        4976  -2.65728593       1.15518785      0.629999995    
        4978  -2.31112337       2.12489009      0.639999986    
        4980  -2.40043640       1.87833560      0.639999986    
        4982  -2.46675682       1.58178079      0.649999976    
        4984  -2.53970766       1.58402157      0.649999976    
        4986  -2.84483051      0.874616623      0.680000007    
        4988  -2.71751308       1.56683254      0.689999998    
        4990  -2.82033014       1.33375132      0.689999998    
        4992  -2.96844172       1.39808154      0.689999998    
        4994  -2.41474676       3.06865311      0.670000017    
        4996  -2.37976575       3.19868064      0.670000017    
        4998  -2.66003394       2.13188720      0.660000026    
        5000  -2.45072579       2.62815571      0.660000026    
        5002  -2.55045676       1.91517997      0.649999976    
        5004  -2.56263494       1.76695657      0.639999986    
        5006  -2.48230147       2.31159472      0.639999986    
        5008  -2.29369068       2.39652419      0.629999995    
        5010  -2.42318797       1.49137461      0.629999995    
        5012  -2.24656796       1.81038833      0.629999995    
        5014  -2.41878724       1.38621354      0.649999976    
        5016  -2.44403005       1.33502328      0.639999986    
        5018  -2.28569078       1.63047743      0.639999986    
        5020  -2.32118440       1.64014661      0.629999995    
        5022  -2.36704707       1.46752453      0.639999986    
        5024  -2.55745745       1.54691470      0.660000026    
        5026  -2.56036162       1.57809091      0.660000026    
        5028  -2.55184102       1.95842087      0.670000017    
        5030  -2.56469798       1.78071880      0.660000026    
        5032  -2.42303896       2.01177096      0.629999995    
        5034  -2.27742624       2.07029843      0.620000005    
        5036  -2.18488479       2.57341051      0.639999986    
        5038  -2.34122229       1.76851261      0.629999995    
        5040  -2.35619140       1.31287622      0.620000005    
        5042  -2.31541538       2.01493812      0.610000014    
        5044  -2.14056897       2.12909341      0.589999974    
        5046  -2.21760249       2.04725862      0.600000024    
        5048  -2.12524939       2.38590312      0.589999974    
        5050  -2.30209422       1.93469524      0.610000014    
        5052  -2.27954531       1.86681151      0.610000014    
        5054  -2.32345533       1.67288446      0.620000005    
        5056  -2.42869854       1.88013887      0.629999995    
        5058  -2.54041171       1.41929698      0.629999995    
        5060  -2.49544740       1.30827284      0.620000005    
        5062  -2.21523905       2.19628811      0.610000014    
        5064  -2.01982045       2.35440850      0.600000024    
        5066  -2.29816103       1.38701403      0.589999974    
        5068  -2.29401875       1.73486507      0.589999974    
        5070  -1.90295911       2.73394489      0.610000014    
        5072  -2.17328215       1.81643677      0.620000005    
        5074  -2.41312575       1.11051619      0.620000005    
        5076  -2.18230820       2.23214459      0.629999995    
        5078  -2.50697923       1.27350533      0.629999995    
        5080  -2.35350466       2.06321430      0.629999995    
        5082  -2.50264502       1.53611040      0.629999995    
        5084  -2.28702283       3.21606064      0.649999976    
        5086  -2.41525984       2.72860193      0.670000017    
        5088  -2.33089042       2.62032294      0.670000017    
        5090  -2.58032012       2.55789614      0.699999988    
        5092  -2.43055677       3.11852860      0.699999988    
        5094  -2.43810201       3.39397097      0.699999988    
        5096  -2.38996840       3.15313649      0.689999998    
        5098  -2.47037649       2.45933318      0.680000007    
        5100  -2.31359148       3.08623648      0.680000007    
        5102  -2.29654932       3.33972955      0.680000007    
        5104  -2.37264800       3.19497561      0.680000007    
        5106  -2.52042651       2.87536979      0.689999998    
        5108  -2.68764114       2.19348240      0.689999998    
        5110  -2.69464564       2.06954908      0.689999998    
        5112  -2.76323628       1.81299222      0.699999988    
        5114  -2.50430155       2.44391322      0.689999998    
        5116  -2.85023832       1.74667478      0.699999988    
        5118  -2.80538511       2.33269715      0.709999979    
        5120  -2.59850097       3.23397255      0.720000029    
        5122  -2.43420291       3.49263167      0.699999988    
        5124  -2.45984268       2.59456944      0.689999998    
        5126  -2.66635060       2.27716041      0.699999988    
        5128  -2.52394962       2.66236854      0.699999988    
        5130  -2.42966056       2.47931504      0.689999998    
        5132  -2.41515326       2.46516109      0.689999998    
        5134  -2.66917396       1.39331818      0.689999998    
        5136  -2.45789385       2.48234463      0.680000007    
        5138  -2.45261502       2.33151412      0.680000007    
        5140  -2.65881944       1.35974479      0.670000017    
        5142  -2.49342823       1.98976779      0.660000026    
        5144  -2.44971943       2.43197823      0.689999998    
        5146  -2.65541506       2.01725817      0.699999988    
        5148  -2.60732841       2.53138304      0.709999979    
        5150  -2.42820740       3.16215038      0.709999979    
        5152  -2.43600368       2.88244820      0.699999988    
        5154  -2.29183340       2.75860453      0.699999988    
        5156  -2.71768665       1.70986068      0.709999979    
        5158  -2.63261938       2.13963675      0.730000019    
        5160  -2.55718875       2.59698296      0.720000029    
        5162  -2.57772851       2.42568278      0.720000029    
        5164  -2.59363246       2.64428782      0.720000029    
        5166  -2.61009789       2.55645013      0.720000029    
        5168  -2.64575529       3.30458927      0.740000010    
        5170  -2.74611974       3.04010487      0.730000019    
        5172  -2.71044159       3.56126928      0.750000000    
        5174  -2.45458150       3.93560362      0.730000019    
        5176  -2.56955719       3.30385470      0.740000010    
        5178  -2.69759679       3.15145063      0.740000010    
        5180  -2.55514026       3.78688145      0.750000000    
        5182  -2.68662834       3.48561049      0.740000010    
        5184  -2.55802608       3.71285510      0.730000019    
        5186  -2.57112575       4.04244137      0.730000019    
        5188  -2.54657578       4.26803780      0.720000029    
        5190  -2.53672576       3.70871758      0.720000029    
        5192  -2.46277332       3.82757545      0.720000029    
        5194  -2.70310140       2.92650533      0.720000029    
        5196  -2.76638341       2.50199866      0.730000019    
        5198  -2.77719975       2.33613014      0.720000029    
        5200  -2.73114896       2.37101316      0.730000019    
        5202  -2.64191222       2.24815702      0.720000029    
        5204  -2.65171528       2.95436144      0.740000010    
        5206  -2.86848879       2.21587968      0.730000019    
        5208  -2.63726568       3.41165924      0.730000019    
        5210  -2.80135965       2.73999214      0.740000010    
        5212  -2.72923422       2.76629448      0.750000000    
        5214  -2.74377465       2.65814185      0.750000000    
        5216  -2.79337668       2.94241691      0.750000000    
        5218  -2.78825021       2.96185970      0.750000000    
        5220  -2.88160324       1.88575482      0.759999990    
        5222  -2.81054902       2.13929391      0.759999990    
        5224  -2.73496675       2.57590151      0.759999990    
        5226  -2.74577665       2.80462456      0.750000000    
        5228  -2.37380242       4.06540823      0.759999990    
        5230  -2.71317530       2.50316548      0.759999990    
        5232  -2.69899917       3.37553382      0.779999971    
        5234  -2.87251902       2.31175971      0.779999971    
        5236  -2.80949116       2.88279676      0.769999981    
        5238  -2.62713408       3.89162946      0.769999981    
        5240  -2.81817436       2.90180373      0.769999981    
        5242  -2.77542782       2.10516334      0.750000000    
        5244  -2.61083484       3.21118975      0.750000000    
        5246  -2.82861662       2.13902736      0.750000000    
        5248  -2.73676181       2.81480217      0.750000000    
        5250  -2.70146632       2.83185220      0.740000010    
        5252  -2.66787767       2.54566932      0.740000010    
        5254  -2.61417317       3.24252915      0.740000010    
        5256  -2.82032681       2.67380214      0.740000010    
        5258  -2.62882400       3.33915734      0.740000010    
        5260  -3.00899720       2.12870264      0.750000000    
        5262  -2.89445567       2.67552614      0.750000000    
        5264  -2.70303941       3.23815036      0.740000010    
        5266  -2.65455818       3.58994150      0.740000010    
        5268  -2.55602980       4.12405777      0.740000010    
        5270  -2.64350033       3.81682825      0.740000010    
        5272  -2.60303736       4.04151821      0.740000010    
        5274  -2.57549262       3.78173280      0.740000010    
        5276  -2.81934404       3.51341987      0.750000000    
        5278  -2.61208153       4.23050213      0.750000000    
        5280  -2.79614425       3.30954289      0.750000000    
        5282  -2.91596985       2.51778173      0.750000000    
        5284  -2.97760916       2.16413856      0.759999990    
        5286  -3.02513552       2.00372410      0.769999981    
        5288  -2.93127990       2.46762800      0.769999981    
        5290  -2.81289411       3.03492379      0.759999990    
        5292  -2.98875523       1.74686611      0.750000000    
        5294  -2.87288284       2.34470868      0.750000000    
        5296  -2.91688752       1.96150422      0.740000010    
        5298  -2.90533471       1.87797487      0.750000000    
        5300  -2.72715425       2.67136097      0.740000010    
        5302  -3.02697015       1.59624708      0.740000010    
        5304  -2.93632340       2.09464431      0.740000010    
        5306  -2.79344606       2.76551414      0.750000000    
        5308  -2.74709177       2.73127484      0.730000019    
        5310  -2.87917662       2.60992503      0.730000019    
        5312  -2.92302608       1.98644209      0.730000019    
        5314  -2.69181490       2.71206331      0.720000029    
        5316  -2.69484067       3.10211420      0.720000029    
        5318  -2.70827770       3.17923355      0.709999979    
        5320  -2.44448304       3.94485974      0.720000029    
        5322  -2.78656602       3.10873938      0.730000019    
        5324  -2.61155891       3.50496006      0.730000019    
        5326  -2.46867371       3.92388487      0.730000019    
        5328  -2.56623054       3.54487920      0.730000019    
        5330  -2.50018764       3.68690538      0.730000019    
        5332  -2.78342533       2.48937774      0.730000019    
        5334  -2.48277164       3.78725791      0.750000000    
        5336  -2.74259186       2.81616807      0.750000000    
        5338  -2.71519947       2.98402548      0.730000019    
        5340  -2.61676025       2.77040339      0.720000029    
        5342  -2.84455371       1.81333947      0.709999979    
        5344  -2.83144403       1.97392488      0.709999979    
        5346  -2.63614082       2.50385022      0.709999979    
        5348  -2.50322008       3.11038232      0.720000029    
        5350  -2.54325986       2.37199473      0.709999979    
        5352  -2.79161859       1.66764295      0.720000029    
        5354  -2.85709715       2.01827288      0.730000019    
        5356  -2.56797767       3.55337548      0.740000010    
        5358  -2.64859724       3.06125307      0.740000010    
        5360  -2.81630039       2.05101037      0.730000019    
        5362  -2.64441895       2.59670401      0.720000029    
        5364  -2.51642776       3.00457835      0.720000029    
        5366  -2.76346660       1.86362767      0.709999979    
        5368  -2.67393827       2.39427400      0.709999979    
        5370  -2.66010308       2.19661283      0.699999988    
        5372  -2.47615480       2.91535950      0.709999979    
        5374  -2.67852640       2.06494403      0.720000029    
        5376  -2.51885319       2.68810034      0.720000029    
        5378  -2.60425282       2.57208490      0.709999979    
        5380  -2.53212595       3.17493105      0.730000019    
        5382  -2.45352912       2.88991618      0.709999979    
        5384  -2.47386050       2.87471843      0.699999988    
        5386  -2.72080374       1.93738437      0.709999979    
        5388  -2.64988089       2.25512648      0.720000029    
        5390  -2.73240232       1.95122671      0.720000029    
        5392  -2.74501109       1.71113563      0.720000029    
        5394  -2.64497614       1.94456673      0.720000029    
        5396  -2.71687150       1.77188075      0.709999979    
        5398  -2.60487151       2.63143039      0.709999979    
        5400  -2.79484892       1.34961164      0.699999988    
        5402  -2.57386875       1.92428756      0.699999988    
        5404  -2.42276406       2.66630340      0.689999998    
        5406  -2.25800776       3.11194801      0.699999988    
        5408  -2.58492708       2.06413007      0.709999979    
        5410  -2.36021638       2.87086248      0.709999979    
        5412  -2.42005444       3.07517123      0.730000019    
        5414  -2.53862786       2.80128598      0.730000019    
        5416  -2.59946990       2.67066550      0.730000019    
        5418  -2.80217814       2.12128448      0.730000019    
        5420  -2.72166824       2.77219343      0.730000019    
        5422  -2.68600655       2.73992324      0.730000019    
        5424  -2.80447984       2.05102468      0.730000019    
        5426  -2.83133888       1.90962875      0.750000000    
        5428  -2.81134081       2.36103511      0.750000000    
        5430  -2.88516426       1.93537867      0.750000000    
        5432  -2.96872973       1.14634275      0.750000000    
        5434  -2.78300023       1.55881512      0.740000010    
        5436  -2.47098613       3.53929234      0.740000010    
        5438  -2.42989779       3.11349225      0.730000019    
        5440  -2.57763410       2.87249017      0.730000019    
        5442  -2.55142069       2.60648990      0.709999979    
        5444  -2.53556514       3.17521691      0.720000029    
        5446  -2.55663514       3.25561357      0.730000019    
        5448  -2.52144647       3.41453195      0.740000010    
        5450  -2.73926902       2.56826401      0.740000010    
        5452  -2.43320227       3.38285017      0.730000019    
        5454  -2.50380182       2.72612071      0.720000029    
        5456  -2.45593119       2.34839320      0.709999979    
        5458  -2.52278948       2.86712766      0.730000019    
        5460  -2.23818016       3.59197164      0.730000019    
        5462  -2.30931473       3.07673836      0.720000029    
        5464  -2.11908436       3.99359846      0.709999979    
        5466  -2.26637793       2.74890900      0.709999979    
        5468  -2.56944823       1.87549448      0.709999979    
        5470  -2.60040736       1.18864834      0.670000017    
        5472  -2.45076108       2.29696774      0.689999998    
        5474  -2.39078832       2.32240844      0.660000026    
        5476  -2.30434346       2.46514511      0.660000026    
        5478  -2.21569371       2.22814965      0.649999976    
        5480  -2.44737792       1.79339492      0.649999976    
        5482  -2.33722830       2.06082249      0.660000026    
        5484  -2.62799191       1.01845932      0.660000026    
        5486  -2.42277288       2.11483407      0.660000026    
        5488  -2.44688201       2.45836616      0.670000017    
        5490  -2.48041892       2.49399924      0.670000017    
        5492  -2.46350932       2.83382654      0.689999998    
        5494  -2.59762549       1.92854846      0.689999998    
        5496  -2.61405993       1.91728389      0.699999988    
        5498  -2.67235255       2.36551309      0.730000019    
        5500  -2.77620530       2.68336773      0.750000000    
        5502  -2.58926797       2.86781645      0.740000010    
        5504  -2.75446486       2.01937485      0.740000010    
        5506  -2.73119593       2.25703263      0.730000019    
        5508  -2.73645449       2.42183948      0.730000019    
        5510  -2.63200998       2.67647338      0.709999979    
        5512  -2.69728255       2.58480549      0.709999979    
        5514  -2.64901996       2.92852116      0.720000029    
        5516  -2.85583329       1.90502632      0.709999979    
        5518  -2.96412444       1.69626224      0.709999979    
        5520  -2.65943861       2.46403432      0.709999979    
        5522  -2.82508802       2.25145698      0.720000029    
        5524  -2.80103540       2.07004857      0.720000029    
        5526  -2.70255589       2.62339664      0.730000019    
        5528  -2.58907747       2.49592209      0.720000029    
        5530  -2.56020880       2.78238034      0.709999979    
        5532  -2.62671494       2.16734743      0.709999979    
        5534  -2.50237989       2.21907449      0.709999979    
        5536  -2.67282271       2.12181401      0.720000029    
        5538  -2.74546051       2.53512263      0.730000019    
        5540  -2.66240740       2.95589662      0.730000019    
        5542  -2.66304421       2.91002274      0.750000000    
        5544  -2.60933113       3.45150495      0.759999990    
        5546  -2.64431834       2.79754186      0.750000000    
        5548  -2.84610963       2.06725883      0.750000000    
        5550  -2.65761638       2.51380682      0.750000000    
        5552  -2.77030516       2.21998453      0.750000000    
        5554  -2.77110767       1.89442205      0.720000029    
        5556  -2.84447742       1.30732644      0.709999979    
        5558  -2.83121324       1.40661359      0.720000029    
        5560  -2.61034679       2.71034360      0.720000029    
        5562  -2.75580001       2.49071932      0.720000029    
        5564  -2.60441279       3.08891177      0.709999979    
        5566  -2.77155757       2.54583597      0.709999979    
        5568  -2.51935458       3.68563390      0.699999988    
        5570  -2.90476155       2.17983460      0.709999979    
        5572  -2.66191125       3.07670283      0.709999979    
        5574  -2.72594547       2.25742960      0.709999979    
        5576  -2.72200489       2.74481916      0.709999979    
        5578  -2.68322730       2.37361789      0.709999979    
        5580  -2.73776746       1.50499225      0.699999988    
        5582  -2.68848753       1.64133430      0.689999998    
        5584  -2.60890126       1.97403741      0.699999988    
        5586  -2.70644450       1.63580513      0.699999988    
        5588  -2.79551244       1.35346591      0.699999988    
        5590  -2.82066250       1.27253866      0.699999988    
        5592  -2.45228624       2.48632216      0.699999988    
        5594  -2.57798934       2.03727412      0.689999998    
        5596  -2.59886670       1.88848329      0.689999998    
        5598  -2.52107334       2.37059426      0.699999988    
        5600  -2.44477963       3.06018758      0.699999988    
        5602  -2.41234851       3.21213508      0.699999988    
        5604  -2.69520712       2.13349891      0.699999988    
        5606  -2.67286110       1.97064066      0.699999988    
        5608  -2.60867286       2.44492388      0.699999988    
        5610  -2.29895782       3.68676519      0.699999988    
        5612  -2.49542570       2.82145071      0.689999998    
        5614  -2.57892513       2.32088208      0.680000007    
        5616  -2.55185938       2.21973538      0.680000007    
        5618  -2.66951609       2.30125690      0.680000007    
        5620  -2.66517115       1.86429429      0.680000007    
        5622  -2.75559878       1.73385715      0.680000007    
        5624  -2.55835032       2.27067685      0.680000007    
        5626  -2.54510832       2.12447023      0.670000017    
        5628  -2.31444430       3.34633732      0.680000007    
        5630  -2.61965466       1.75729263      0.670000017    
        5632  -2.57211852       1.96091413      0.689999998    
        5634  -2.58216429       2.67049098      0.709999979    
        5636  -2.36457872       3.56150889      0.709999979    
        5638  -2.54519701       2.39878750      0.709999979    
        5640  -2.69995880       2.13856363      0.699999988    
        5642  -2.39445662       3.42819619      0.709999979    
        5644  -2.48034477       2.67229962      0.699999988    
        5646  -2.72206473       1.77010190      0.699999988    
        5648  -2.53067064       2.65190148      0.699999988    
        5650  -2.68742633       1.93262446      0.709999979    
        5652  -2.73847723       2.08409452      0.720000029    
        5654  -2.83394909       1.37781107      0.720000029    
        5656  -2.83860207       2.22909260      0.730000019    
        5658  -2.65906000       2.76115799      0.740000010    
        5660  -2.72061205       2.24637294      0.730000019    
        5662  -2.80163646       1.65876400      0.720000029    
        5664  -2.57272100       2.38138556      0.709999979    
        5666  -2.45231557       2.67260718      0.709999979    
        5668  -2.55262232       2.98913026      0.730000019    
        5670  -2.48682714       3.21750236      0.720000029    
        5672  -2.44927073       3.59486222      0.720000029    
        5674  -2.65639186       2.95243049      0.720000029    
        5676  -2.70582414       2.81956816      0.699999988    
        5678  -2.62154794       3.26613021      0.709999979    
        5680  -2.58658624       2.76449585      0.689999998    
        5682  -2.52892756       3.32708287      0.709999979    
        5684  -2.42992401       3.68405962      0.709999979    
        5686  -2.55072093       3.26498818      0.720000029    
        5688  -2.67530727       2.91707683      0.709999979    
        5690  -2.71787071       2.81807566      0.699999988    
        5692  -2.80119324       2.18415880      0.699999988    
        5694  -2.81737638       1.60418594      0.689999998    
        5696  -2.56406569       2.87074661      0.699999988    
        5698  -2.56928468       3.26918316      0.699999988    
        5700  -2.72197127       2.51509857      0.699999988    
        5702  -2.85992193       1.97048235      0.699999988    
        5704  -2.83813238       2.09084010      0.709999979    
        5706  -2.83964252       1.96758890      0.720000029    
        5708  -2.82795048       2.20617318      0.730000019    
        5710  -2.84455729       2.30413580      0.730000019    
        5712  -3.15511131       1.29659212      0.730000019    
        5714  -2.93933654       2.22860312      0.730000019    
        5716  -2.97545028       1.95903158      0.720000029    
        5718  -2.96726632       1.99741328      0.720000029    
        5720  -2.97575712       2.53875351      0.730000019    
        5722  -3.03164768       2.10618901      0.740000010    
        5724  -2.83562303       2.20816064      0.730000019    
        5726  -2.80240154       2.53045797      0.740000010    
        5728  -2.80712819       2.11124945      0.750000000    
        5730  -2.80363131       2.62336445      0.750000000    
        5732  -2.73962951       3.15474033      0.759999990    
        5734  -2.65290523       2.98879886      0.750000000    
        5736  -2.81795764       2.65753746      0.759999990    
        5738  -2.77744865       3.32085180      0.759999990    
        5740  -2.80555701       2.84932971      0.759999990    
        5742  -2.69284201       2.67340612      0.750000000    
        5744  -2.64148951       2.84862065      0.750000000    
        5746  -2.69859505       2.57093453      0.750000000    
        5748  -2.51209211       3.22425056      0.750000000    
        5750  -2.79832363       1.60500407      0.750000000    
        5752  -2.88172746       2.17545128      0.769999981    
        5754  -2.82360458       2.40883207      0.769999981    
        5756  -2.78387833       2.72083831      0.769999981    
        5758  -2.68655562       2.61568117      0.750000000    
        5760  -2.79128194       2.26180315      0.750000000    
        5762  -2.70898128       3.06138992      0.750000000    
        5764  -2.77059388       2.15291619      0.740000010    
        5766  -2.54312515       3.25966668      0.740000010    
        5768  -2.73911023       2.08358860      0.750000000    
        5770  -2.57844520       3.42964053      0.759999990    
        5772  -2.57309961       3.18934488      0.750000000    
        5774  -2.77801180       2.32621074      0.740000010    
        5776  -2.55220389       3.28900456      0.740000010    
        5778  -2.63390350       3.39692807      0.750000000    
        5780  -2.82427287       2.35019994      0.750000000    
        5782  -2.85975385       2.13063836      0.740000010    
        5784  -2.71393561       2.49417591      0.730000019    
        5786  -2.81422520       2.55066490      0.740000010    
        5788  -2.91086698       2.75929451      0.769999981    
        5790  -2.96177721       2.43052673      0.769999981    
        5792  -3.02458906       1.67867780      0.759999990    
        5794  -2.77249694       2.79375696      0.759999990    
        5796  -2.82084870       3.15917873      0.769999981    
        5798  -2.73639584       3.33642077      0.750000000    
        5800  -2.84735131       2.61700153      0.750000000    
        5802  -2.69960546       2.80484176      0.750000000    
        5804  -2.79351211       2.72781062      0.769999981    
        5806  -2.66923881       3.76098037      0.769999981    
        5808  -2.71543193       3.57952714      0.759999990    
        5810  -2.84398723       3.16050196      0.779999971    
        5812  -3.03853965       2.14654040      0.769999981    
        5814  -2.68812585       3.59776926      0.769999981    
        5816  -2.66156435       3.66085243      0.769999981    
        5818  -2.70536613       3.40374446      0.759999990    
        5820  -2.66578293       3.60758090      0.769999981    
        5822  -2.78137970       3.39877963      0.769999981    
        5824  -2.95771050       2.09154534      0.769999981    
        5826  -2.78733706       2.22602415      0.750000000    
        5828  -2.67152691       2.63539648      0.740000010    
        5830  -2.58118272       3.50025892      0.750000000    
        5832  -2.72569609       3.16487312      0.750000000    
        5834  -2.72767997       2.91656709      0.750000000    
        5836  -2.66196537       3.01949286      0.750000000    
        5838  -2.80992961       2.23529530      0.750000000    
        5840  -2.82568502       1.84646976      0.750000000    
        5842  -2.69884396       2.78258085      0.759999990    
        5844  -2.74914575       2.99857426      0.750000000    
        5846  -2.53933406       3.98549557      0.759999990    
        5848  -2.51958966       4.08393669      0.750000000    
        5850  -2.72546339       2.63727880      0.750000000    
        5852  -2.74614263       2.91961908      0.750000000    
        5854  -2.81353974       2.93305564      0.750000000    
        5856  -2.91051245       2.51804590      0.740000010    
        5858  -2.79938889       2.22991252      0.730000019    
        5860  -2.79605246       1.91653788      0.730000019    
        5862  -2.59201837       2.65546536      0.730000019    
        5864  -2.61567998       3.28698277      0.730000019    
        5866  -2.62414575       2.82395816      0.720000029    
        5868  -2.77930188       2.30746436      0.720000029    
        5870  -2.59240556       2.89743876      0.720000029    
        5872  -2.58166957       3.22291517      0.730000019    
        5874  -2.50305080       3.68237257      0.730000019    
        5876  -2.65868545       2.85115862      0.730000019    
        5878  -2.57115364       2.63868690      0.720000029    
        5880  -2.73491693       2.04405308      0.720000029    
        5882  -2.84626341       1.64340675      0.730000019    
        5884  -2.77672076       1.75038671      0.709999979    
        5886  -2.61890864       2.15719056      0.720000029    
        5888  -2.53051019       2.89275503      0.720000029    
        5890  -2.71962595       2.29398370      0.709999979    
        5892  -2.50596642       3.55076241      0.730000019    
        5894  -2.87994146       2.19791150      0.720000029    
        5896  -2.77231669       1.92651868      0.720000029    
        5898  -2.81949663       2.31557870      0.709999979    
        5900  -2.71365738       2.04961038      0.709999979    
        5902  -2.72421026       1.99936700      0.699999988    
        5904  -2.73434234       1.87535918      0.709999979    
        5906  -2.45223022       2.82154417      0.699999988    
        5908  -2.40664625       2.91477513      0.699999988    
        5910  -2.45948863       2.79357457      0.699999988    
        5912  -2.51370573       2.58182526      0.699999988    
        5914  -2.54832530       2.73577523      0.720000029    
        5916  -2.69462657       1.92481637      0.720000029    
        5918  -2.74918318       2.14078832      0.730000019    
        5920  -2.67595577       1.63207901      0.720000029    
        5922  -2.68941593       1.89353001      0.720000029    
        5924  -2.78469372       1.78353846      0.730000019    
        5926  -2.75009990       1.72163904      0.709999979    
        5928  -2.73997974       1.24421537      0.699999988    
        5930  -2.48064733       2.54973817      0.689999998    
        5932  -2.50187182       2.61025643      0.689999998    
        5934  -2.46235824       2.41248989      0.680000007    
        5936  -2.41004062       2.57453322      0.680000007    
        5938  -2.47996163       2.32081437      0.670000017    
        5940  -2.33873034       2.54741287      0.670000017    
        5942  -2.05082607       3.48942184      0.670000017    
        5944  -2.27141833       3.27589297      0.680000007    
        5946  -2.52664042       1.98526657      0.670000017    
        5948  -2.60051537       1.76261783      0.680000007    
        5950  -2.52320981       2.48981214      0.680000007    
        5952  -2.49948645       2.11636424      0.680000007    
        5954  -2.82819152      0.931430042      0.699999988    
        5956  -2.66521621       2.04069304      0.699999988    
        5958  -2.42447567       2.61933088      0.699999988    
        5960  -2.46524048       2.45330906      0.689999998    
        5962  -2.46576357       2.36453915      0.680000007    
        5964  -2.29404092       3.02157736      0.689999998    
        5966  -2.58284450       2.01013660      0.689999998    
        5968  -2.51845145       2.61537671      0.709999979    
        5970  -2.45880628       2.92453146      0.709999979    
        5972  -2.55004668       2.28444314      0.709999979    
        5974  -2.72458243       1.70342040      0.720000029    
        5976  -2.62452936       2.71809864      0.720000029    
        5978  -2.52048993       2.90280890      0.699999988    
        5980  -2.55348587       2.00319409      0.709999979    
        5982  -2.71251369       1.80720639      0.699999988    
        5984  -2.50269341       2.51844788      0.699999988    
        5986  -2.39477873       2.83601761      0.689999998    
        5988  -2.71029067       2.08621502      0.699999988    
        5990  -2.57857227       3.10934114      0.709999979    
        5992  -2.32804084       4.41124010      0.720000029    
        5994  -2.74590039       2.63309288      0.720000029    
        5996  -2.88192296       1.61687100      0.730000019    
        5998  -2.72072649       2.93343139      0.730000019    
        6000  -2.65353703       2.75340533      0.709999979    
        6002  -2.34229064       3.83682108      0.709999979    
        6004  -2.75856686       2.28079081      0.699999988    
        6006  -2.72946119       1.79092681      0.699999988    
        6008  -2.56256557       2.31989717      0.699999988    
        6010  -2.47650814       2.58708930      0.689999998    
        6012  -2.64408612       1.52303421      0.670000017    
        6014  -2.70126176      0.967203736      0.660000026    
        6016  -2.75017190       1.09403026      0.670000017    
        6018  -2.74806356       1.56482971      0.689999998    
        6020  -2.58326530       1.35497737      0.670000017    
        6022  -2.34309888       2.50986910      0.670000017    
        6024  -2.47599959       2.09036183      0.670000017    
        6026  -2.44923449       2.59645867      0.680000007    
        6028  -2.55651569       2.07456017      0.680000007    
        6030  -2.41314936       2.63155103      0.670000017    
        6032  -2.30150723       3.23450899      0.670000017    
        6034  -2.32633758       3.23280096      0.680000007    
        6036  -2.44849467       2.99416041      0.689999998    
        6038  -2.53112841       2.85413504      0.699999988    
        6040  -2.38448620       2.91822886      0.699999988    
        6042  -2.72768092       1.69069946      0.689999998    
        6044  -2.52892494       3.22124696      0.720000029    
        6046  -2.48707414       3.43425298      0.730000019    
        6048  -2.66939592       2.15960646      0.730000019    
        6050  -2.52765584       2.74040532      0.730000019    
        6052  -2.58660507       2.78819680      0.730000019    
        6054  -2.41144753       3.43633199      0.720000029    
        6056  -2.52637482       2.52093983      0.709999979    
        6058  -2.42290330       3.32969737      0.720000029    
        6060  -2.64037967       2.50739408      0.720000029    
        6062  -2.59656739       2.60505486      0.720000029    
        6064  -2.70259070       1.99607015      0.699999988    
        6066  -2.62667537       2.11127543      0.689999998    
        6068  -2.52772141       2.91041875      0.689999998    
        6070  -2.45274353       3.16840219      0.699999988    
        6072  -2.35509682       3.52490902      0.699999988    
        6074  -2.64662337       1.89258313      0.689999998    
        6076  -2.61469150       2.76766801      0.709999979    
        6078  -2.72144938       2.70942235      0.730000019    
        6080  -2.77311301       2.26217556      0.730000019    
        6082  -2.60317755       2.51634336      0.720000029    
        6084  -2.69308400       2.33633375      0.720000029    
        6086  -2.52673769       2.81624365      0.709999979    
        6088  -2.54312897       3.71996236      0.730000019    
        6090  -2.69306898       3.25419950      0.740000010    
        6092  -2.61587238       2.87010479      0.720000029    
        6094  -2.77108765       2.55987763      0.720000029    
        6096  -2.79951501       2.13604045      0.730000019    
        6098  -2.66272783       3.06132889      0.730000019    
        6100  -2.78451991       3.06759906      0.740000010    
        6102  -2.70878029       2.90358758      0.740000010    
        6104  -2.79006124       3.32712150      0.750000000    
        6106  -2.91433978       2.74820852      0.759999990    
        6108  -2.95617390       2.67434597      0.750000000    
        6110  -2.97595477       2.38082838      0.750000000    
        6112  -2.87340045       2.78724647      0.759999990    
        6114  -2.83370852       3.20010972      0.769999981    
        6116  -2.93765187       2.02158380      0.759999990    
        6118  -2.90617585       2.10074592      0.759999990    
        6120  -2.72093654       3.65729570      0.759999990    
        6122  -2.80006027       2.58205843      0.759999990    
        6124  -2.86936712       2.72897816      0.769999981    
        6126  -2.55934215       4.10565329      0.769999981    
        6128  -2.73311973       3.56981540      0.769999981    
        6130  -2.93427014       3.08186126      0.769999981    
        6132  -2.65328455       3.90952110      0.759999990    
        6134  -2.89609122       2.55558658      0.750000000    
        6136  -2.73836136       3.11705303      0.750000000    
        6138  -2.89046597       2.37560558      0.759999990    
        6140  -2.74469757       3.10981131      0.759999990    
        6142  -2.89401221       2.32381916      0.759999990    
        6144  -2.69100904       3.43196726      0.769999981    
        6146  -2.73848915       3.35804296      0.769999981    
        6148  -2.69825935       3.20056558      0.769999981    
        6150  -2.61433315       3.75819159      0.759999990    
        6152  -2.75196600       2.53353238      0.759999990    
        6154  -2.86419964       2.82026649      0.769999981    
        6156  -2.76946521       3.27373052      0.769999981    
        6158  -2.89447999       2.67589355      0.759999990    
        6160  -2.76199222       2.81558681      0.759999990    
        6162  -2.65796733       3.42513990      0.750000000    
        6164  -2.75287032       3.21776080      0.769999981    
        6166  -3.10020804       1.72689247      0.779999971    
        6168  -3.06095386       1.19686687      0.769999981    
        6170  -2.83813667       2.46746159      0.769999981    
        6172  -2.84629107       2.69796205      0.769999981    
        6174  -2.81983662       2.58754134      0.769999981    
        6176  -2.68748522       3.82248521      0.769999981    
        6178  -2.83408999       2.64501691      0.769999981    
        6180  -2.94418883       2.79393578      0.769999981    
        6182  -2.70446610       3.71802115      0.759999990    
        6184  -2.66651344       2.97520185      0.740000010    
        6186  -2.80853248       1.73984504      0.720000029    
        6188  -2.85482240       1.77118564      0.730000019    
        6190  -2.67851257       3.03484583      0.740000010    
        6192  -2.74878240       2.98228765      0.750000000    
        6194  -2.94991875       2.71687770      0.750000000    
        6196  -2.77405453       3.26393151      0.750000000    
        6198  -2.85073352       3.37446547      0.759999990    
        6200  -2.97171426       2.82610035      0.750000000    
        6202  -2.93617821       2.18359208      0.740000010    
        6204  -3.01656318       1.67351532      0.730000019    
        6206  -2.77332425       3.16927767      0.740000010    
        6208  -3.00426841       2.14033318      0.750000000    
        6210  -2.99212599       1.82118154      0.750000000    
        6212  -2.75884104       2.72145820      0.750000000    
        6214  -2.68104100       2.98426652      0.740000010    
        6216  -2.60827780       2.59493375      0.720000029    
        6218  -2.76674175       2.32884836      0.740000010    
        6220  -2.84903121       2.10898423      0.730000019    
        6222  -2.65599871       2.52790618      0.730000019    
        6224  -2.27819157       3.78110337      0.720000029    
        6226  -2.22654223       3.69135523      0.720000029    
        6228  -2.55906177       2.60335422      0.730000019    
        6230  -2.63083196       1.86198294      0.720000029    
        6232  -2.55433846       2.20465994      0.720000029    
        6234  -2.53502512       2.26739669      0.720000029    
        6236  -2.51408529       2.77402186      0.730000019    
        6238  -2.55947661       2.16165042      0.720000029    
        6240  -2.61227131       1.74944365      0.709999979    
        6242  -2.46730590       2.30833030      0.720000029    
        6244  -2.67196846       1.96653736      0.730000019    
        6246  -2.66450143       2.10624552      0.730000019    
        6248  -2.57508826       2.85511827      0.730000019    
        6250  -2.49331284       3.80806732      0.740000010    
        6252  -2.51796079       3.48621202      0.740000010    
        6254  -2.36627150       3.45661950      0.720000029    
        6256  -2.47799921       2.66966534      0.709999979    
        6258  -2.58112478       2.68999100      0.730000019    
        6260  -2.60392976       2.75952601      0.740000010    
        6262  -2.67550802       3.05794334      0.740000010    
        6264  -2.73432612       2.71922565      0.740000010    
        6266  -2.28789663       4.03604031      0.720000029    
        6268  -2.56047988       2.53210187      0.709999979    
        6270  -2.74357080       1.78938007      0.709999979    
        6272  -2.67304897       2.43006968      0.709999979    
        6274  -2.50978041       2.90978551      0.709999979    
        6276  -2.37313271       2.89885569      0.699999988    
        6278  -2.76116347       1.40305769      0.699999988    
        6280  -2.54738092       2.72575235      0.720000029    
        6282  -2.71286345       2.38295317      0.730000019    
        6284  -2.73547125       2.72122383      0.740000010    
        6286  -2.53299570       3.95798659      0.750000000    
        6288  -2.64481568       3.28407955      0.759999990    
        6290  -2.62766171       3.00122523      0.759999990    
        6292  -2.55416632       3.18772578      0.750000000    
        6294  -2.74333453       2.51644397      0.750000000    
        6296  -2.90070605       2.79609466      0.759999990    
        6298  -2.79034519       2.68525982      0.750000000    
        6300  -2.65474486       3.93332934      0.769999981    
        6302  -2.89873457       3.07923293      0.779999971    
        6304  -2.62153292       4.03815269      0.779999971    
        6306  -2.92033148       2.65222502      0.769999981    
        6308  -2.83357382       2.69691086      0.769999981    
        6310  -2.75768805       3.05483055      0.769999981    
        6312  -2.79762769       2.91239405      0.750000000    
        6314  -2.77889800       2.95538688      0.750000000    
        6316  -2.88815355       2.52470946      0.759999990    
        6318  -3.02514267       2.43254590      0.750000000    
        6320  -2.82731318       2.84141040      0.750000000    
        6322  -2.89103580       2.41339993      0.750000000    
        6324  -3.07429433       1.22823322      0.740000010    
        6326  -2.86329985       2.03554773      0.740000010    
        6328  -2.93435049       1.64460242      0.740000010    
        6330  -2.96690011       1.66137302      0.740000010    
        6332  -2.99278712       2.00817227      0.740000010    
        6334  -2.75471401       2.83004403      0.759999990    
        6336  -3.00383687       2.18604112      0.759999990    
        6338  -2.82949376       3.49492788      0.769999981    
        6340  -2.69811082       3.39237404      0.759999990    
        6342  -2.92781591       2.37971497      0.769999981    
        6344  -2.90728474       2.78359461      0.759999990    
        6346  -2.65088439       4.34928656      0.769999981    
        6348  -2.61629796       4.31556463      0.769999981    
        6350  -2.59302807       4.49631739      0.769999981    
        6352  -2.66731334       4.06164503      0.769999981    
        6354  -2.81005907       3.50190759      0.759999990    
        6356  -2.85918546       3.16632819      0.759999990    
        6358  -2.91195774       2.69355798      0.759999990    
        6360  -2.78106380       2.76716971      0.759999990    
        6362  -2.74044847       3.12440538      0.759999990    
        6364  -2.90096855       2.76383781      0.759999990    
        6366  -2.90291643       2.35485792      0.750000000    
        6368  -2.63757110       2.89573050      0.740000010    
        6370  -2.53420997       3.07102513      0.730000019    
        6372  -2.52877045       2.97528601      0.720000029    
        6374  -2.44787931       3.23529935      0.720000029    
        6376  -2.62100601       2.44672632      0.720000029    
        6378  -2.62894607       2.37304521      0.720000029    
        6380  -2.57538414       2.66336918      0.730000019    
        6382  -2.71740866       2.37746835      0.730000019    
        6384  -2.51216435       3.27063370      0.730000019    
        6386  -2.49427271       3.43198991      0.730000019    
        6388  -2.72022438       2.55871868      0.730000019    
        6390  -2.79807544       2.23714638      0.730000019    
        6392  -2.53913426       3.41231966      0.740000010    
        6394  -2.63247824       3.07943487      0.740000010    
        6396  -2.47306824       3.37864327      0.720000029    
        6398  -2.58856845       3.03491998      0.730000019    
        6400  -2.71746206       1.85630226      0.720000029    
        6402  -2.56139898       2.77429938      0.720000029    
        6404  -2.78365946       1.60793173      0.720000029    
        6406  -2.82055354       1.46454132      0.720000029    
        6408  -2.78138423       1.73257792      0.709999979    
        6410  -2.64967155       2.19845772      0.730000019    
        6412  -2.50294518       3.15388680      0.740000010    
        6414  -2.67535162       2.62684178      0.750000000    
        6416  -2.85500765       2.21455932      0.750000000    
        6418  -2.70519662       2.80466509      0.759999990    
        6420  -2.79031563       2.43367934      0.750000000    
        6422  -2.80349994       2.51742840      0.750000000    
        6424  -2.72285938       2.45049214      0.750000000    
        6426  -2.89535642       2.17168427      0.750000000    
        6428  -2.78007340       2.76465940      0.759999990    
        6430  -2.64657378       3.14138842      0.750000000    
        6432  -2.55345488       3.14490223      0.750000000    
        6434  -2.82914114       2.03135180      0.750000000    
        6436  -2.81784391       1.94792533      0.750000000    
        6438  -2.62647986       2.96168303      0.750000000    
        6440  -2.76947236       2.65371394      0.750000000    
        6442  -2.80636430       2.39466143      0.750000000    
        6444  -2.87501097       2.20602679      0.740000010    
        6446  -2.80817771       2.80657172      0.769999981    
        6448  -2.87783337       2.53001976      0.759999990    
        6450  -2.91734767       2.10899615      0.740000010    
        6452  -2.81391764       2.64146686      0.740000010    
        6454  -2.80131125       2.98116398      0.740000010    
        6456  -2.77526093       3.00281072      0.750000000    
        6458  -2.84815431       2.62165141      0.740000010    
        6460  -2.93248510       2.28936195      0.740000010    
        6462  -2.61090732       3.73359156      0.730000019    
        6464  -2.71385503       3.33672929      0.730000019    
        6466  -2.92406726       2.24883413      0.740000010    
        6468  -2.90553856       3.18364191      0.769999981    
        6470  -2.75458646       3.90713763      0.759999990    
        6472  -2.89930367       3.15798116      0.759999990    
        6474  -2.96170831       3.64868116      0.779999971    
        6476  -3.00064707       3.27821064      0.790000021    
        6478  -2.89184713       3.21880889      0.779999971    
        6480  -3.02891564       2.71780682      0.779999971    
        6482  -3.00790477       2.57383418      0.779999971    
        6484  -2.91482162       3.10300350      0.779999971    
        6486  -3.03257251       2.92428827      0.800000012    
        6488  -2.95720100       3.24359441      0.790000021    
        6490  -2.86758924       3.41848421      0.790000021    
        6492  -2.82966566       4.50415134      0.810000002    
        6494  -3.13817286       2.69950223      0.800000012    
        6496  -3.16100121       3.21993160      0.829999983    
        6498  -3.07689881       3.66318893      0.829999983    
        6500  -3.01309872       3.70445323      0.829999983    
        6502  -3.13827562       2.78989506      0.819999993    
        6504  -2.97506738       3.24898601      0.819999993    
        6506  -2.81441593       3.79264259      0.819999993    
        6508  -2.73057556       4.17887211      0.819999993    
        6510  -2.90654564       3.67644906      0.829999983    
        6512  -2.83773756       3.52382278      0.800000012    
        6514  -2.90855885       3.26505661      0.800000012    
        6516  -2.82966328       3.40599322      0.800000012    
        6518  -2.82877755       3.26168776      0.800000012    
        6520  -2.89684629       3.42946744      0.810000002    
        6522  -2.96728420       2.70952606      0.800000012    
        6524  -2.92313838       3.18312144      0.800000012    
        6526  -3.05563593       3.09470320      0.800000012    
        6528  -3.18833971       2.45893121      0.800000012    
        6530  -2.76103735       4.18416643      0.800000012    
        6532  -2.68358970       3.98316550      0.779999971    
        6534  -2.78341341       3.67962956      0.769999981    
        6536  -2.75729680       3.63244987      0.769999981    
        6538  -2.65862489       4.51315403      0.779999971    
        6540  -2.80927968       3.33271313      0.759999990    
        6542  -2.56674886       4.48753834      0.779999971    
        6544  -2.60908866       4.49834871      0.779999971    
        6546  -2.88050675       2.96143174      0.769999981    
        6548  -2.89572835       2.90460253      0.769999981    
        6550  -2.85499263       2.82729435      0.769999981    
        6552  -2.72237492       3.80994606      0.759999990    
        6554  -2.58359385       4.61104870      0.769999981    
        6556  -2.59670615       4.09799004      0.759999990    
        6558  -2.77779293       3.73676419      0.769999981    
        6560  -2.84271693       2.64594436      0.750000000    
        6562  -2.86679697       2.36442161      0.750000000    
        6564  -2.95088458       2.18201923      0.750000000    
        6566  -2.93055224       2.37846351      0.740000010    
        6568  -2.71697259       2.58884692      0.730000019    
        6570  -2.71166229       2.89007878      0.730000019    
        6572  -2.72934937       2.62666988      0.730000019    
        6574  -2.82209277       2.51848698      0.730000019    
        6576  -2.64137411       4.04836226      0.750000000    
        6578  -2.55520225       4.45988655      0.750000000    
        6580  -2.59553838       4.30957842      0.769999981    
        6582  -2.51787162       4.53249454      0.769999981    
        6584  -2.68312573       3.57880688      0.759999990    
        6586  -2.75890231       3.00369406      0.750000000    
        6588  -2.75767493       2.83572292      0.750000000    
        6590  -2.87073541       2.09747386      0.740000010    
        6592  -2.84939027       1.53816652      0.730000019    
        6594  -2.78506517       1.91110361      0.730000019    
        6596  -2.59366584       2.84576941      0.730000019    
        6598  -2.63530493       2.39154649      0.730000019    
        6600  -2.83833909       1.78171861      0.740000010    
        6602  -2.73460698       2.61119962      0.740000010    
        6604  -2.86016297       2.23627687      0.740000010    
        6606  -2.83421278       2.22865033      0.730000019    
        6608  -2.84736657       1.83959699      0.730000019    
        6610  -2.72508979       2.26284075      0.730000019    
        6612  -2.73948979       2.93900108      0.730000019    
        6614  -2.69593835       2.92694545      0.730000019    
        6616  -2.64101362       2.90160680      0.720000029    
        6618  -2.53832388       3.52410316      0.730000019    
        6620  -3.00052428       1.64639485      0.730000019    
        6622  -2.65578246       2.63570285      0.720000029    
        6624  -2.83055353       2.54899025      0.720000029    
        6626  -2.88075709       2.50305986      0.740000010    
        6628  -2.84452844       2.13379574      0.730000019    
        6630  -2.64478683       2.54949284      0.720000029    
        6632  -2.65070271       2.45185781      0.720000029    
        6634  -2.65676856       2.17916465      0.720000029    
        6636  -2.63092113       3.20622420      0.740000010    
        6638  -2.51103067       2.62561727      0.720000029    
        6640  -2.66561365       2.40046310      0.709999979    
        6642  -2.62077475       2.71252608      0.720000029    
        6644  -2.55334830       2.85570836      0.720000029    
        6646  -2.64407277       2.03804970      0.699999988    
        6648  -2.51064897       2.82776332      0.709999979    
        6650  -2.71238375       2.19140673      0.720000029    
        6652  -2.78191352       1.94042885      0.720000029    
        6654  -2.78786540       2.37491083      0.730000019    
        6656  -2.75206470       2.13053727      0.730000019    
        6658  -2.59390187       2.82563806      0.720000029    
        6660  -2.54874420       2.89678168      0.720000029    
        6662  -2.41164494       3.24380469      0.709999979    
        6664  -2.62214541       2.39793515      0.720000029    
        6666  -2.74472451       2.01674533      0.720000029    
        6668  -2.50236034       3.48910713      0.730000019    
        6670  -2.76425362       3.21860480      0.740000010    
        6672  -2.75206256       3.20116925      0.750000000    
        6674  -2.61646080       3.74948287      0.740000010    
        6676  -2.77885985       3.36879921      0.750000000    
        6678  -2.68662333       3.77372193      0.750000000    
        6680  -2.82754421       3.35368776      0.740000010    
        6682  -2.68299389       3.76835823      0.740000010    
        6684  -2.56398106       3.55619502      0.730000019    
        6686  -2.49332905       3.46830010      0.730000019    
        6688  -2.35459900       4.10025072      0.720000029    
        6690  -2.72952628       2.42488003      0.709999979    
        6692  -2.84981751       1.88502872      0.720000029    
        6694  -2.48824096       3.29279900      0.720000029    
        6696  -2.64608216       2.18645620      0.709999979    
        6698  -2.57121921       2.59664106      0.699999988    
        6700  -2.45915127       3.47933578      0.699999988    
        6702  -2.50654435       3.22017360      0.699999988    
        6704  -2.54602170       2.58037305      0.699999988    
        6706  -2.70588660       1.75168073      0.699999988    
        6708  -2.40472102       3.18235183      0.699999988    
        6710  -2.75567079       2.01407123      0.699999988    
        6712  -2.69763207       1.88331914      0.699999988    
        6714  -2.51724219       2.68121290      0.689999998    
        6716  -2.51628447       2.17085242      0.680000007    
        6718  -2.33250189       3.48798037      0.699999988    
        6720  -2.48908615       2.98575616      0.699999988    
        6722  -2.65594959       1.96102464      0.680000007    
        6724  -2.69041252       1.98210263      0.689999998    
        6726  -2.74229813       1.42827916      0.680000007    
        6728  -2.69599080       2.01950741      0.670000017    
        6730  -2.69304657       1.72634697      0.660000026    
        6732  -2.58180666       2.33863425      0.660000026    
        6734  -2.52863503       2.28888392      0.670000017    
        6736  -2.62147808       2.33634329      0.670000017    
        6738  -2.56970930       2.53350019      0.680000007    
        6740  -2.35832119       3.08115649      0.670000017    
        6742  -2.59938097       2.25562000      0.680000007    
        6744  -2.59047246       2.42076254      0.670000017    
        6746  -2.40673065       3.03245664      0.670000017    
        6748  -2.48344398       2.26372433      0.660000026    
        6750  -2.53166986       2.10301495      0.660000026    
        6752  -2.49676824       1.93440413      0.660000026    
        6754  -2.53159332       2.15290642      0.670000017    
        6756  -2.46466780       2.92004442      0.680000007    
        6758  -2.30985141       3.39294195      0.699999988    
        6760  -2.31339121       3.08807325      0.689999998    
        6762  -2.59604383       2.51186562      0.699999988    
        6764  -2.75656414       2.07841396      0.699999988    
        6766  -2.69461727       2.10087323      0.689999998    
        6768  -2.50674224       2.05568552      0.680000007    
        6770  -2.31139565       2.52849579      0.670000017    
        6772  -2.49441695       1.83327234      0.670000017    
        6774  -2.44998312       2.13445568      0.689999998    
        6776  -2.58372307       1.46888542      0.689999998    
        6778  -2.53135967       1.67854488      0.689999998    
        6780  -2.48678660       2.41014624      0.689999998    
        6782  -2.72143745       2.03718686      0.709999979    
        6784  -2.61010504       2.71481419      0.720000029    
        6786  -2.45788145       3.25822401      0.720000029    
        6788  -2.56487918       2.56694055      0.720000029    
        6790  -2.59294248       2.19640374      0.699999988    
        6792  -2.52967811       2.53269720      0.709999979    
        6794  -2.78622413       1.29552925      0.709999979    
        6796  -2.78249168       1.68411732      0.720000029    
        6798  -2.69667220       1.86740649      0.720000029    
        6800  -2.65039539       2.40089178      0.720000029    
        6802  -2.76979733       2.00711060      0.720000029    
        6804  -2.73385334       2.52379465      0.720000029    
        6806  -2.48897552       3.02772331      0.709999979    
        6808  -2.41749501       2.53362823      0.680000007    
        6810  -2.48792028       2.19340301      0.680000007    
        6812  -2.37915301       2.78583455      0.660000026    
        6814  -2.44388509       2.36293197      0.649999976    
        6816  -2.58405948       1.74880266      0.649999976    
        6818  -2.33812261       2.59144592      0.660000026    
        6820  -2.38730288       2.18960142      0.660000026    
        6822  -2.54442549       1.76960921      0.660000026    
        6824  -2.64797616       1.34605789      0.670000017    
        6826  -2.50013375       1.80415487      0.670000017    
        6828  -2.35759306       2.45617986      0.670000017    
        6830  -2.30092692       2.15712166      0.649999976    
        6832  -2.29754829       1.98317564      0.639999986    
        6834  -2.37055993       1.92082405      0.639999986    
        6836  -2.47848964       1.60540652      0.639999986    
        6838  -2.52618122       1.61430860      0.629999995    
        6840  -2.34134007       2.49652576      0.629999995    
        6842  -2.39136314       2.25849390      0.639999986    
        6844  -2.39691496       2.37626195      0.649999976    
        6846  -2.17620540       3.23069072      0.660000026    
        6848  -2.52202010       2.03266621      0.649999976    
        6850  -2.71005988       1.73760688      0.670000017    
        6852  -2.65344191       2.00616598      0.680000007    
        6854  -2.60047078       2.18983865      0.670000017    
        6856  -2.78155208       1.53747022      0.670000017    
        6858  -2.53502345       1.91140068      0.649999976    
        6860  -2.62113523       1.46813071      0.670000017    
        6862  -2.73243093       1.37347472      0.670000017    
        6864  -2.66380739       1.55386209      0.670000017    
        6866  -2.79813027       1.37892890      0.680000007    
        6868  -2.56904840       2.14676547      0.670000017    
        6870  -2.54597902       2.33853459      0.680000007    
        6872  -2.41521955       2.43083191      0.680000007    
        6874  -2.33714533       2.82289219      0.680000007    
        6876  -2.58633661       2.14623427      0.689999998    
        6878  -2.54227138       2.03306007      0.680000007    
        6880  -2.56000042       2.06188989      0.670000017    
        6882  -2.35758114       3.01300573      0.680000007    
        6884  -2.57632852       1.67620909      0.660000026    
        6886  -2.43054199       1.59302759      0.649999976    
        6888  -2.20758009       2.72900510      0.649999976    
        6890  -2.26337099       2.09964013      0.639999986    
        6892  -2.19748449       2.00531268      0.639999986    
        6894  -2.40265083       1.69550896      0.649999976    
        6896  -2.54513431      0.818496823      0.660000026    
        6898  -2.41105604       1.82615697      0.670000017    
        6900  -2.24963427       3.21284389      0.680000007    
        6902  -2.64989376       1.63961136      0.680000007    
        6904  -2.51590681       2.02534461      0.680000007    
        6906  -2.46981430       2.31836772      0.680000007    
        6908  -2.53323627       2.49363136      0.670000017    
        6910  -2.73045015       1.44203734      0.660000026    
        6912  -2.44247818       1.81513524      0.660000026    
        6914  -2.49479198       1.16506338      0.660000026    
        6916  -2.49672008       1.47223103      0.649999976    
        6918  -2.58932781       1.19832206      0.660000026    
        6920  -2.57266212       1.95004320      0.670000017    
        6922  -2.76016665       1.19458044      0.699999988    
        6924  -2.57591629       2.28167605      0.709999979    
        6926  -2.44270587       2.54693985      0.699999988    
        6928  -2.38390851       2.96838379      0.689999998    
        6930  -2.47417665       2.15131831      0.680000007    
        6932  -2.30455852       2.32720566      0.660000026    
        6934  -2.29603601       2.14071536      0.660000026    
        6936  -2.32502770       2.22702408      0.660000026    
        6938  -2.40278053       1.92015791      0.660000026    
        6940  -2.45035601       1.91362035      0.660000026    
        6942  -2.44324160       1.88737047      0.670000017    
        6944  -2.38620853       1.80057073      0.649999976    
        6946  -2.50419712       1.90898442      0.660000026    
        6948  -2.42310429       2.35572386      0.660000026    
        6950  -2.52916932       1.95902872      0.660000026    
        6952  -2.29421520       2.77181125      0.660000026    
        6954  -2.61888885       1.67252135      0.660000026    
        6956  -2.61411428       1.37047458      0.639999986    
        6958  -2.44035292       1.48735201      0.629999995    
        6960  -2.32445288       2.23818636      0.639999986    
        6962  -2.46831322       1.80368626      0.639999986    
        6964  -2.70114875      0.920257866      0.639999986    
        6966  -2.58631754       1.33023417      0.629999995    
        6968  -2.58902764       1.61166966      0.639999986    
        6970  -2.43792796       2.04093218      0.649999976    
        6972  -2.37606859       2.22282290      0.660000026    
        6974  -2.31376433       2.45977950      0.660000026    
        6976  -2.54483342       2.09216857      0.680000007    
        6978  -2.69538283       1.20712376      0.680000007    
        6980  -2.65595937       1.31012845      0.670000017    
        6982  -2.48187041       2.02968407      0.660000026    
        6984  -2.64991760       1.29581857      0.670000017    
        6986  -2.62734389       1.89902937      0.689999998    
        6988  -2.44716358       2.57966375      0.689999998    
        6990  -2.62821198       1.45668507      0.689999998    
        6992  -2.62967277       1.51922894      0.680000007    
        6994  -2.64088130       1.17411053      0.680000007    
        6996  -2.66379666       1.00628757      0.680000007    
        6998  -2.56484461       1.46211505      0.680000007    
        7000  -2.49032092       1.83345032      0.680000007    
        7002  -2.62043929       1.87431526      0.699999988    
        7004  -2.76625323       1.63472021      0.709999979    
        7006  -2.46596551       2.99173045      0.709999979    
        7008  -2.71333957       1.94015396      0.699999988    
        7010  -2.37399435       2.99358058      0.699999988    
        7012  -2.61154175       1.70180571      0.680000007    
        7014  -2.68777919       1.45560932      0.680000007    
        7016  -2.46152377       2.72525501      0.699999988    
        7018  -2.59747887       2.22718334      0.699999988    
        7020  -2.67586231       1.66663754      0.689999998    
        7022  -2.75269961       1.46381140      0.689999998    
        7024  -2.51116967       2.39139056      0.689999998    
        7026  -2.71107221       1.87183321      0.699999988    
        7028  -2.40303349       2.88947797      0.699999988    
        7030  -2.35194588       2.69949102      0.689999998    
        7032  -2.50193024       1.51804817      0.680000007    
        7034  -2.49883723       1.77709448      0.680000007    
        7036  -2.60798311       1.71329176      0.689999998    
        7038  -2.67930937       1.42778420      0.689999998    
        7040  -2.64253592       1.55670893      0.670000017    
        7042  -2.47782707       2.14761376      0.649999976    
        7044  -2.34095955       2.72185755      0.649999976    
        7046  -2.66131091       1.95709515      0.670000017    
        7048  -2.69326353       1.56760728      0.660000026    
        7050  -2.52052474       2.36813021      0.660000026    
        7052  -2.35405469       2.73583984      0.660000026    
        7054  -2.46783590       2.16367841      0.670000017    
        7056  -2.48111629       2.35166717      0.680000007    
        7058  -2.26302385       2.83022237      0.670000017    
        7060  -2.32257104       2.60698724      0.670000017    
        7062  -2.62608767       1.57451868      0.670000017    
        7064  -2.57382321       1.85505271      0.670000017    
        7066  -2.78610802       1.12632668      0.670000017    
        7068  -2.43506837       2.10835052      0.660000026    
        7070  -2.33590889       3.01723719      0.670000017    
        7072  -2.72757006       1.67261720      0.660000026    
        7074  -2.54600215       1.50032616      0.649999976    
        7076  -2.50686550       1.78893960      0.660000026    
        7078  -2.43048930       1.88774407      0.649999976    
        7080  -2.32321763       1.80471027      0.639999986    
        7082  -2.41072130       1.59896874      0.639999986    
        7084  -2.28751063       1.96600783      0.639999986    
        7086  -2.22929788       2.16890526      0.639999986    
        7088  -2.17294550       1.53695714      0.600000024    
        7090  -2.12205434       1.75458539      0.600000024    
        7092  -2.23176336       2.05758381      0.620000005    
        7094  -2.23524690       2.12425923      0.629999995    
        7096  -2.34392691       1.31135166      0.629999995    
        7098  -2.00619221       2.63743758      0.620000005    
        7100  -2.14390087       2.02055454      0.610000014    
        7102  -2.32170844       1.09260225      0.610000014    
        7104  -2.19450068       1.34863400      0.600000024    
        7106  -2.23674226       1.66836035      0.600000024    
        7108  -2.03954625       2.07685757      0.600000024    
        7110  -2.04673767       2.05821323      0.610000014    
        7112  -2.17182517      0.985766530      0.569999993    
        7114  -1.98886132       1.73077500      0.569999993    
        7116  -2.15586090      0.869870186      0.550000012    
        7118  -2.04459214      0.913807571      0.550000012    
        7120  -2.00539088       1.19961429      0.560000002    
        7122  -1.87041831       2.00541925      0.569999993    
        7124  -1.99312675       2.22892332      0.589999974    
        7126  -2.25108218       1.67958665      0.600000024    
        7128  -1.98880255       2.02295065      0.589999974    
        7130  -2.26350427       1.15258634      0.600000024    
        7132  -2.31163883       1.66253197      0.610000014    
        7134  -2.30133486       1.08500051      0.610000014    
        7136  -2.30843329       1.55742943      0.629999995    
        7138  -2.36204410       1.35561192      0.639999986    
        7140  -2.17226815       2.37438440      0.649999976    
        7142  -2.43600988       1.57922161      0.639999986    
        7144  -2.52018285       1.43436861      0.639999986    
        7146  -2.25321770       2.58081269      0.649999976    
        7148  -2.44043803       1.57609332      0.639999986    
        7150  -2.22195053       2.30268312      0.629999995    
        7152  -2.37241817       1.53876424      0.620000005    
        7154  -2.28720379       1.59783554      0.610000014    
        7156  -2.36344099       1.48315203      0.620000005    
        7158  -2.32066321       1.66337121      0.620000005    
        7160  -2.36724305       2.21905088      0.629999995    
        7162  -2.48948312       1.61738908      0.639999986    
        7164  -2.52523065       1.95037019      0.660000026    
        7166  -2.58290029       1.81826937      0.670000017    
        7168  -2.68501472       1.65637100      0.680000007    
        7170  -2.73385477       1.47113657      0.680000007    
        7172  -2.61242294       1.76764870      0.689999998    
        7174  -2.52373862       2.24249291      0.699999988    
        7176  -2.30153704       2.57994533      0.689999998    
        7178  -2.53468823       1.16020131      0.670000017    
        7180  -2.50761652       1.62584972      0.670000017    
        7182  -2.60355997       1.27732849      0.670000017    
        7184  -2.65540719       1.47088885      0.670000017    
        7186  -2.58176827       1.68676257      0.680000007    
        7188  -2.79247928      0.960137486      0.680000007    
        7190  -2.70114398       1.41759861      0.680000007    
        7192  -2.50334430       2.74840093      0.699999988    
        7194  -2.63225365       2.14434028      0.699999988    
        7196  -2.52375722       2.50528598      0.699999988    
        7198  -2.47724962       2.71698165      0.699999988    
        7200  -2.56359267       3.38899231      0.720000029    
        7202  -2.79764771       2.29355693      0.730000019    
        7204  -2.79009247       2.23652267      0.720000029    
        7206  -2.61905837       2.70092368      0.709999979    
        7208  -2.79175305       1.96563923      0.709999979    
        7210  -2.87441635       1.43383718      0.709999979    
        7212  -2.71981549       2.07535148      0.720000029    
        7214  -2.64892673       2.22477555      0.730000019    
        7216  -2.83464456       1.79797983      0.750000000    
        7218  -2.84246612       2.35424924      0.750000000    
        7220  -2.81407571       2.84945321      0.759999990    
        7222  -2.71782446       2.70875120      0.740000010    
        7224  -2.82587290       2.28084779      0.730000019    
        7226  -2.80983901       2.29201412      0.730000019    
        7228  -2.71007276       2.35262537      0.730000019    
        7230  -2.69958639       2.44635010      0.720000029    
        7232  -2.78903103       2.21459079      0.720000029    
        7234  -2.52344418       3.11983538      0.709999979    
        7236  -2.50438809       3.03270078      0.709999979    
        7238  -2.51493597       3.37786341      0.720000029    
        7240  -2.67582703       2.79307628      0.720000029    
        7242  -2.53457880       3.65685201      0.730000019    
        7244  -2.48708057       3.75953364      0.740000010    
        7246  -2.62099051       3.28214073      0.740000010    
        7248  -2.66493893       3.18921804      0.740000010    
        7250  -2.82948804       2.50533748      0.740000010    
        7252  -2.76762629       2.15657473      0.730000019    
        7254  -2.53257465       3.54743266      0.730000019    
        7256  -2.60053301       3.35986900      0.740000010    
        7258  -2.55515313       3.33392882      0.750000000    
        7260  -2.71128345       3.50623822      0.759999990    
        7262  -2.78007984       2.62272978      0.750000000    
        7264  -2.80774355       2.70247889      0.750000000    
        7266  -2.97066116       1.81022346      0.750000000    
        7268  -2.81765628       2.82133627      0.759999990    
        7270  -2.83375645       2.75647759      0.759999990    
        7272  -2.90232325       2.10809612      0.759999990    
        7274  -2.90376997       2.62812877      0.769999981    
        7276  -2.72316337       3.50019717      0.779999971    
        7278  -2.80404282       2.80332446      0.779999971    
        7280  -2.84705853       2.36977172      0.769999981    
        7282  -2.73827910       3.15852571      0.769999981    
        7284  -2.88768864       2.86146855      0.769999981    
        7286  -2.97023821       2.06426382      0.769999981    
        7288  -2.80902457       2.16020322      0.759999990    
        7290  -2.62989616       3.06572294      0.759999990    
        7292  -2.84014535       2.29693580      0.759999990    
        7294  -2.85238934       2.38807201      0.759999990    
        7296  -2.83859205       3.18696308      0.769999981    
        7298  -2.65992093       3.73941326      0.759999990    
        7300  -2.71243668       3.64841104      0.759999990    
        7302  -2.93207669       2.16149974      0.759999990    
        7304  -2.71095943       3.04193878      0.759999990    
        7306  -2.80880332       2.58811498      0.750000000    
        7308  -2.68973589       3.24270678      0.750000000    
        7310  -2.56255984       3.30106711      0.740000010    
        7312  -2.79316235       2.73528528      0.740000010    
        7314  -2.90858102       1.78384066      0.730000019    
        7316  -2.86816096       2.55584121      0.730000019    
        7318  -2.78629351       2.96992779      0.730000019    
        7320  -2.65406752       3.56266642      0.740000010    
        7322  -2.40832376       4.41567612      0.730000019    
        7324  -2.31502247       4.69174623      0.730000019    
        7326  -2.51941371       3.26598072      0.730000019    
        7328  -2.74984646       2.47974706      0.730000019    
        7330  -2.69861960       2.92222667      0.730000019    
        7332  -2.64925313       2.67192888      0.720000029    
        7334  -2.70653772       1.82179427      0.699999988    
        7336  -2.54130769       1.72927034      0.699999988    
        7338  -2.62962008       1.91370606      0.699999988    
        7340  -2.70024371       1.42760324      0.699999988    
        7342  -2.72060275       1.39091694      0.699999988    
        7344  -2.58775544       2.19811320      0.709999979    
        7346  -2.71466279       1.88158607      0.709999979    
        7348  -2.76241279       1.84896004      0.720000029    
        7350  -2.57523990       2.62839317      0.720000029    
        7352  -2.60717869       2.61730313      0.720000029    
        7354  -2.68688846       1.70453417      0.699999988    
        7356  -2.60382104       2.41652465      0.709999979    
        7358  -2.62286115       2.48366642      0.709999979    
        7360  -2.40998554       2.40280271      0.699999988    
        7362  -2.63798881       1.85223150      0.699999988    
        7364  -2.44650984       2.97135091      0.709999979    
        7366  -2.57096004       2.80111170      0.720000029    
        7368  -2.45900893       2.66488457      0.709999979    
        7370  -2.51067400       2.91671157      0.720000029    
        7372  -2.50542188       3.00300026      0.730000019    
        7374  -2.59585810       2.91032052      0.720000029    
        7376  -2.53045058       2.55986190      0.720000029    
        7378  -2.53872991       2.76481628      0.730000019    
        7380  -2.49191213       3.14486289      0.730000019    
        7382  -2.53723311       3.17269397      0.730000019    
        7384  -2.65984797       2.45160389      0.730000019    
        7386  -2.84719706       1.21614933      0.709999979    
        7388  -2.86987829      0.966052055      0.699999988    
        7390  -2.57343435       2.39602113      0.680000007    
        7392  -2.58901978       2.50328898      0.680000007    
        7394  -2.50077224       2.56498051      0.680000007    
        7396  -2.36441326       3.05493331      0.680000007    
        7398  -2.46686459       2.09525800      0.680000007    
        7400  -2.42211080       2.45006847      0.670000017    
        7402  -2.49153304       1.76627541      0.670000017    
        7404  -2.53286719       1.53451264      0.670000017    
        7406  -2.52187538      0.958222866      0.670000017    
        7408  -2.55207920       1.01923203      0.670000017    
        7410  -2.54611135       1.69715309      0.670000017    
        7412  -2.72249460       1.21317589      0.670000017    
        7414  -2.72024274       1.02186644      0.670000017    
        7416  -2.40533423       1.58052945      0.660000026    
        7418  -2.51458693       1.72733247      0.670000017    
        7420  -2.47101712       2.31052780      0.670000017    
        7422  -2.63515472       1.76281178      0.680000007    
        7424  -2.44376707       2.53051066      0.670000017    
        7426  -2.56387377       1.87776661      0.660000026    
        7428  -2.41220212       2.74845648      0.680000007    
        7430  -2.70641351       1.65910399      0.689999998    
        7432  -2.53388214       2.33504033      0.699999988    
        7434  -2.50771976       2.75150466      0.709999979    
        7436  -2.64646077       2.41969514      0.720000029    
        7438  -2.81808972       1.84680760      0.699999988    
        7440  -2.79805875       1.96010554      0.699999988    
        7442  -2.49637008       3.06340694      0.699999988    
        7444  -2.42054749       3.60922503      0.709999979    
        7446  -2.38947225       2.87971902      0.689999998    
        7448  -2.34308457       2.62089038      0.670000017    
        7450  -2.41171026       2.60156655      0.670000017    
        7452  -2.09326530       3.84638309      0.670000017    
        7454  -2.35185647       2.82401133      0.670000017    
        7456  -2.21441293       3.33888483      0.660000026    
        7458  -2.24531913       2.91394234      0.670000017    
        7460  -2.63491726       1.84906006      0.670000017    
        7462  -2.49870610       2.29381490      0.670000017    
        7464  -2.40146947       2.62044525      0.660000026    
        7466  -2.40595722       3.02663350      0.670000017    
        7468  -2.75472331       1.39767122      0.680000007    
        7470  -2.75984812       1.51457238      0.680000007    
        7472  -2.65695310       1.73716462      0.689999998    
        7474  -2.91032839       1.15058529      0.709999979    
        7476  -2.83767319       1.25664210      0.699999988    
        7478  -2.72694755       1.88970995      0.689999998    
        7480  -2.49389315       2.55307984      0.660000026    
        7482  -2.57077956       2.60202456      0.670000017    
        7484  -2.49551058       3.03414512      0.670000017    
        7486  -2.60520267       1.92412341      0.670000017    
        7488  -2.44390345       2.82951903      0.680000007    
        7490  -2.41420794       2.63669038      0.689999998    
        7492  -2.49697709       2.02835584      0.689999998    
        7494  -2.40191197       2.38669896      0.689999998    
        7496  -2.40156507       2.51651931      0.689999998    
        7498  -2.60587645       1.26962066      0.689999998    
        7500  -2.41947269       2.00244236      0.689999998    
        7502  -2.40938568       2.36555839      0.689999998    
        7504  -2.25845885       2.74650335      0.680000007    
        7506  -2.44993448       2.63201833      0.680000007    
        7508  -2.46369457       2.46624279      0.680000007    
        7510  -2.53264070       2.48048997      0.689999998    
        7512  -2.63006997       1.90487576      0.699999988    
        7514  -2.64520621       1.61379838      0.689999998    
        7516  -2.38882589       2.36973786      0.680000007    
        7518  -2.65628123       1.46982324      0.689999998    
        7520  -2.50517082       1.21043682      0.670000017    
        7522  -2.57754230       1.35652101      0.680000007    
        7524  -2.39376473       2.28999996      0.670000017    
        7526  -2.40902615       2.29808402      0.660000026    
        7528  -2.44574642       1.32002532      0.660000026    
        7530  -2.39498544       1.84894085      0.660000026    
        7532  -2.47419071       1.63090849      0.670000017    
        7534  -2.57933068       1.79975986      0.680000007    
        7536  -2.64639235       1.66802108      0.680000007    
        7538  -2.71787047       1.62833560      0.689999998    
        7540  -2.65361476       2.21993494      0.699999988    
        7542  -2.51106024       2.60467386      0.699999988    
        7544  -2.04368472       4.19048405      0.689999998    
        7546  -2.13004327       3.88671851      0.689999998    
        7548  -2.32789397       2.73780036      0.670000017    
        7550  -2.60534763       1.51944101      0.649999976    
        7552  -2.25990129       2.73618603      0.660000026    
        7554  -2.61215568       1.28138292      0.660000026    
        7556  -2.32061791       2.81840491      0.670000017    
        7558  -2.42351413       2.07116055      0.660000026    
        7560  -2.36699080       2.56956267      0.670000017    
        7562  -2.47741389       1.84420967      0.670000017    
        7564  -2.50129580       2.10598278      0.670000017    
        7566  -2.59758711       1.47861791      0.670000017    
        7568  -2.65985823       1.30987275      0.670000017    
        7570  -2.29148102       2.89232397      0.649999976    
        7572  -2.32888365       2.72153211      0.670000017    
        7574  -2.40118265       2.33113790      0.670000017    
        7576  -2.34802175       1.93841648      0.649999976    
        7578  -2.27144146       1.92555249      0.639999986    
        7580  -2.24017167       2.94086099      0.649999976    
        7582  -2.41654205       1.73537064      0.649999976    
        7584  -2.35631967       2.19001436      0.670000017    
        7586  -2.43361735       2.13421321      0.670000017    
        7588  -2.47202277       2.44859838      0.670000017    
        7590  -2.41432190       2.71267295      0.680000007    
        7592  -2.42662573       2.79736328      0.699999988    
        7594  -2.46211267       2.27495408      0.689999998    
        7596  -2.66320276       1.80195403      0.680000007    
        7598  -2.53790426       1.43661141      0.660000026    
        7600  -2.28813863       2.67833781      0.670000017    
        7602  -2.45865607       1.85496342      0.660000026    
        7604  -2.21453977       2.78219986      0.649999976    
        7606  -2.40488958       1.52588761      0.649999976    
        7608  -2.58709049       1.18127120      0.649999976    
        7610  -2.54190564       1.51490462      0.639999986    
        7612  -2.70320845       1.25652337      0.660000026    
        7614  -2.48914218       1.08597302      0.639999986    
        7616  -2.42976356       1.74735117      0.629999995    
        7618  -2.09615326       2.67401290      0.629999995    
        7620  -2.31434298       1.62383795      0.620000005    
        7622  -2.26138997       1.74953842      0.620000005    
        7624  -2.36536646       1.21584415      0.610000014    
        7626  -2.29081964       1.39726257      0.610000014    
        7628  -2.18482971       2.08992600      0.610000014    
        7630  -1.95317888       2.49990320      0.589999974    
        7632  -2.29458308       1.59906411      0.589999974    
        7634  -2.29559684       1.77513742      0.579999983    
        7636  -2.38362432       1.16310382      0.589999974    
        7638  -2.23180079       1.97389162      0.600000024    
        7640  -2.05610704       2.71935868      0.610000014    
        7642  -2.32433510       1.19059038      0.600000024    
        7644  -2.28826714       1.19328535      0.610000014    
        7646  -2.38746595       1.54951251      0.629999995    
        7648  -2.35465455       2.02627230      0.639999986    
        7650  -2.51492381       1.61061895      0.649999976    
        7652  -2.42702579       2.08725882      0.649999976    
        7654  -2.50235868       1.85041368      0.660000026    
        7656  -2.53127480       1.89007282      0.670000017    
        7658  -2.46020412       2.10458255      0.660000026    
        7660  -2.54884124       1.73358953      0.660000026    
        7662  -2.33928609       2.11082482      0.649999976    
        7664  -2.07008862       3.24595332      0.660000026    
        7666  -2.38142180       2.25039244      0.660000026    
        7668  -2.48137760       1.74091506      0.670000017    
        7670  -2.48706031       1.23974085      0.660000026    
        7672  -2.38852406       1.53959668      0.660000026    
        7674  -2.32804585       1.92769349      0.660000026    
        7676  -2.29085302       2.24901891      0.660000026    
        7678  -2.38904667       1.77569437      0.649999976    
        7680  -2.55709863       1.30999267      0.649999976    
        7682  -2.40835762       2.07637143      0.649999976    
        7684  -2.60560346       1.23871517      0.649999976    
        7686  -2.62841988       1.11887693      0.660000026    
        7688  -2.47791028       1.85283709      0.660000026    
        7690  -2.57120562       1.66682005      0.660000026    
        7692  -2.54188871       1.92535233      0.670000017    
        7694  -2.33859777       2.24004555      0.649999976    
        7696  -2.36071563       2.60475445      0.660000026    
        7698  -2.53915071       2.33123779      0.660000026    
        7700  -2.86232996       1.50096297      0.670000017    
        7702  -2.42049885       2.67378569      0.649999976    
        7704  -2.50030756       1.78462780      0.649999976    
        7706  -2.17063165       3.39843488      0.649999976    
        7708  -2.28121519       2.51878476      0.660000026    
        7710  -2.60071993       1.77174449      0.670000017    
        7712  -2.76039982      0.872888446      0.649999976    
        7714  -2.55104089       1.69276512      0.639999986    
        7716  -2.61171532       1.14396977      0.639999986    
        7718  -2.15093184       3.17110562      0.649999976    
        7720  -2.28281546       2.63045025      0.660000026    
        7722  -2.32881522       2.41899729      0.660000026    
        7724  -2.31720829       2.53238845      0.660000026    
        7726  -2.60897446       1.63183343      0.670000017    
        7728  -2.68162942       1.51734281      0.670000017    
        7730  -2.53288198       2.39641786      0.680000007    
        7732  -2.66674638       2.41905332      0.680000007    
        7734  -2.66123509       2.71292543      0.689999998    
        7736  -2.56704617       3.31717205      0.689999998    
        7738  -2.64596891       2.33301210      0.680000007    
        7740  -2.84415388       1.28294253      0.680000007    
        7742  -2.72023487       1.65067101      0.670000017    
        7744  -2.64654469       2.20485020      0.689999998    
        7746  -2.54936671       2.50830269      0.680000007    
        7748  -2.63112235       1.49038565      0.680000007    
        7750  -2.47770333       2.22098374      0.660000026    
        7752  -2.58405709       1.68212235      0.639999986    
        7754  -2.66168928       1.39291954      0.649999976    
        7756  -2.51615477       2.47016382      0.660000026    
        7758  -2.60444164       2.12358427      0.670000017    
        7760  -2.48072577       2.85222960      0.680000007    
        7762  -2.40944767       3.22702146      0.689999998    
        7764  -2.49519444       2.08252931      0.660000026    
        7766  -2.45284081       3.03624082      0.689999998    
        7768  -2.43923116       2.95274138      0.689999998    
        7770  -2.63183689       2.00137711      0.680000007    
        7772  -2.75852633       2.16659784      0.689999998    
        7774  -2.56519389       2.78378582      0.689999998    
        7776  -2.58044219       3.06749964      0.720000029    
        7778  -2.63935590       2.86985016      0.720000029    
        7780  -2.48944688       3.32206249      0.720000029    
        7782  -2.56246972       2.72652292      0.720000029    
        7784  -2.83886099       1.72150373      0.730000019    
        7786  -2.65229750       2.37078476      0.730000019    
        7788  -2.57570148       2.53108168      0.720000029    
        7790  -2.60162187       3.04922938      0.720000029    
        7792  -2.61655760       2.91223335      0.709999979    
        7794  -2.87609959       1.77249384      0.709999979    
        7796  -2.65928340       2.79642940      0.709999979    
        7798  -2.68715024       2.87448812      0.720000029    
        7800  -2.69072294       3.24425817      0.740000010    
        7802  -2.69467831       3.07849479      0.750000000    
        7804  -2.83308840       2.60000253      0.750000000    
        7806  -2.69673443       3.17418337      0.750000000    
        7808  -2.91848874       2.56102705      0.750000000    
        7810  -2.78338599       2.59968972      0.750000000    
        7812  -2.97631216       1.97175169      0.759999990    
        7814  -2.80667853       2.23399162      0.759999990    
        7816  -2.70901585       2.77453113      0.750000000    
        7818  -2.88789034       1.79521883      0.740000010    
        7820  -2.75128412       2.13701487      0.730000019    
        7822  -2.51687622       3.49209642      0.730000019    
        7824  -2.73146486       2.29795790      0.730000019    
        7826  -2.72896552       2.24734545      0.730000019    
        7828  -2.64712358       3.28044343      0.740000010    
        7830  -2.82012606       2.11706018      0.740000010    
        7832  -2.76714182       2.36847568      0.750000000    
        7834  -2.58269215       3.43131328      0.750000000    
        7836  -2.34992385       4.87642193      0.769999981    
        7838  -2.53227568       3.42813492      0.750000000    
        7840  -2.63806081       2.57731938      0.750000000    
        7842  -2.62674332       2.47540164      0.750000000    
        7844  -2.56044841       2.96884251      0.750000000    
        7846  -2.50390124       3.44501281      0.759999990    
        7848  -2.58222556       2.80174947      0.740000010    
        7850  -2.88795614       1.31633985      0.740000010    
        7852  -2.70559192       1.73010600      0.709999979    
        7854  -2.58796644       2.52227306      0.730000019    
        7856  -2.61481214       2.57224464      0.730000019    
        7858  -2.72658539       1.91950178      0.730000019    
        7860  -2.65732121       2.27587080      0.730000019    
        7862  -2.54089141       2.31581140      0.730000019    
        7864  -2.13842440       4.14884615      0.720000029    
        7866  -2.64576530       2.71677518      0.730000019    
        7868  -2.67268133       2.48869443      0.720000029    
        7870  -2.89605594       1.56182039      0.720000029    
        7872  -2.40660858       3.38193703      0.730000019    
        7874  -2.61494398       2.80101490      0.730000019    
        7876  -2.56071234       2.86026669      0.730000019    
        7878  -2.50767589       3.49224496      0.730000019    
        7880  -2.43384552       3.58268547      0.740000010    
        7882  -2.74268913       2.36315298      0.730000019    
        7884  -2.65335107       2.85787725      0.740000010    
        7886  -2.55994940       3.14678478      0.730000019    
        7888  -2.56757498       3.22520232      0.740000010    
        7890  -2.67102361       3.01696014      0.730000019    
        7892  -2.71978879       2.03238177      0.720000029    
        7894  -2.76928067       1.88297749      0.709999979    
        7896  -2.43637609       3.93468881      0.740000010    
        7898  -2.71331692       2.56250834      0.730000019    
        7900  -2.70142746       2.98897719      0.740000010    
        7902  -2.77295256       2.77531505      0.740000010    
        7904  -2.89622188       2.40014791      0.740000010    
        7906  -2.82066870       2.93172932      0.730000019    
        7908  -2.93794250       2.27545714      0.720000029    
        7910  -2.72880650       2.28338718      0.720000029    
        7912  -2.76358509       2.39328623      0.730000019    
        7914  -2.51764464       3.24849463      0.730000019    
        7916  -2.77519822       2.19462490      0.730000019    
        7918  -2.50502014       2.87561941      0.730000019    
        7920  -2.58432007       2.90265131      0.730000019    
        7922  -2.42100501       3.34902191      0.720000029    
        7924  -2.49650764       3.01769805      0.720000029    
        7926  -2.47041821       3.18820214      0.709999979    
        7928  -2.35097671       3.73335886      0.709999979    
        7930  -2.47343731       2.98834705      0.709999979    
        7932  -2.66467643       3.06866002      0.720000029    
        7934  -2.55271745       3.47042060      0.730000019    
        7936  -2.49300194       3.28843665      0.730000019    
        7938  -2.58869362       2.75161433      0.720000029    
        7940  -2.74444222       2.10097504      0.720000029    
        7942  -2.72327900       2.50193310      0.720000029    
        7944  -2.78398681       2.47982264      0.720000029    
        7946  -2.72208929       2.71013761      0.709999979    
        7948  -2.51862431       3.77903485      0.730000019    
        7950  -2.76478887       2.77151227      0.730000019    
        7952  -2.87699008       2.29733562      0.730000019    
        7954  -2.60202336       2.98060822      0.720000029    
        7956  -2.61901069       3.12363672      0.740000010    
        7958  -2.72254562       2.73603678      0.740000010    
        7960  -2.58787942       3.54741597      0.740000010    
        7962  -2.76219821       2.48563671      0.730000019    
        7964  -2.96599913       1.56464267      0.730000019    
        7966  -2.67243004       2.88516998      0.740000010    
        7968  -2.84365225       2.11587834      0.730000019    
        7970  -2.81669617       2.29990005      0.730000019    
        7972  -2.68925977       2.26757526      0.720000029    
        7974  -2.70490074       2.39842105      0.730000019    
        7976  -2.66153383       2.91757822      0.740000010    
        7978  -2.67638540       2.64403462      0.750000000    
        7980  -2.84848428       2.41435742      0.759999990    
        7982  -2.85715914       2.23438716      0.750000000    
        7984  -2.81462002       2.22517204      0.740000010    
        7986  -2.64728141       2.92586946      0.740000010    
        7988  -2.74662590       2.48720765      0.740000010    
        7990  -2.94559073       1.83191049      0.740000010    
        7992  -2.84987283       2.20815158      0.740000010    
        7994  -2.75695825       2.39232993      0.730000019    
        7996  -2.55523634       2.74631715      0.730000019    
        7998  -2.65995789       2.09636188      0.709999979    
        8000  -2.57189727       2.26254678      0.709999979    
        8002  -2.78080940       1.95521891      0.720000029    
        8004  -2.85208392       1.36851096      0.720000029    
        8006  -2.82166600       1.65168715      0.720000029    
        8008  -2.71904445       2.39323449      0.730000019    
        8010  -2.71731663       2.25705719      0.740000010    
        8012  -2.74150634       1.75437152      0.730000019    
        8014  -2.61940598       2.16595912      0.730000019    
        8016  -2.69808483       2.34534073      0.730000019    
        8018  -2.72147012       2.18964553      0.720000029    
        8020  -2.52083874       3.06777883      0.730000019    
        8022  -2.55737710       3.11523747      0.720000029    
        8024  -2.78109860       3.10954976      0.730000019    
        8026  -2.67398500       2.70904922      0.709999979    
        8028  -2.67106605       2.64533186      0.699999988    
        8030  -2.75531721       1.77588952      0.699999988    
        8032  -2.66849518       2.21575761      0.699999988    
        8034  -2.78602481       1.90038550      0.689999998    
        8036  -2.83494425       1.93913853      0.699999988    
        8038  -2.55065656       3.41035748      0.709999979    
        8040  -2.50162697       3.33487105      0.689999998    
        8042  -2.56230783       2.12982011      0.680000007    
        8044  -2.32524705       2.32808733      0.660000026    
        8046  -2.22525120       2.64363480      0.660000026    
        8048  -2.63737130       1.14012325      0.670000017    
        8050  -2.52963710       1.65060961      0.670000017    
        8052  -2.41014814       2.77883601      0.689999998    
        8054  -2.29159141       2.80631852      0.660000026    
        8056  -2.58247256       1.63629746      0.660000026    
        8058  -2.61399341       1.77000868      0.670000017    
        8060  -2.27121305       3.36563230      0.680000007    
        8062  -2.49888253       2.69868898      0.680000007    
        8064  -2.57379675       2.20905185      0.670000017    
        8066  -2.53377867       2.41900349      0.670000017    
        8068  -2.45581675       2.35627389      0.670000017    
        8070  -2.51521468       2.57502723      0.689999998    
        8072  -2.68843460       1.69806886      0.699999988    
        8074  -2.71743941       1.50266325      0.709999979    
        8076  -2.78576803       1.64875317      0.720000029    
        8078  -2.75910950       2.04999948      0.720000029    
        8080  -2.42341042       3.31731844      0.730000019    
        8082  -2.68277693       2.06658864      0.720000029    
        8084  -2.81375742       1.68240285      0.720000029    
        8086  -2.61318040       2.74211001      0.720000029    
        8088  -2.55307722       2.83581591      0.730000019    
        8090  -3.00074625       1.36215627      0.730000019    
        8092  -2.69872117       2.09535289      0.720000029    
        8094  -2.45104790       3.35849786      0.730000019    
        8096  -2.70220900       2.65140843      0.750000000    
        8098  -2.81814647       2.37165403      0.750000000    
        8100  -2.59995151       2.90037751      0.740000010    
        8102  -2.49443769       3.73555517      0.740000010    
        8104  -2.72825670       1.80545032      0.730000019    
        8106  -2.64543271       2.01132751      0.720000029    
        8108  -2.67334557       2.51685905      0.720000029    
        8110  -2.71833777       1.97403598      0.720000029    
        8112  -2.71682501       2.08102250      0.720000029    
        8114  -2.69824147       2.69348955      0.730000019    
        8116  -2.46284604       3.69251418      0.730000019    
        8118  -2.68164015       2.38249731      0.720000029    
        8120  -2.42594051       3.25994205      0.720000029    
        8122  -2.53900409       2.55199242      0.709999979    
        8124  -2.44337893       3.59460545      0.720000029    
        8126  -2.70107198       2.20576072      0.709999979    
        8128  -2.80442905       1.68200958      0.720000029    
        8130  -2.91534543       1.64143860      0.740000010    
        8132  -2.80597186       2.28020740      0.750000000    
        8134  -2.42969942       3.77804875      0.730000019    
        8136  -2.40825510       3.92301655      0.730000019    
        8138  -2.69360781       2.85042858      0.720000029    
        8140  -2.87606573       2.11834645      0.720000029    
        8142  -2.84953880       2.27657294      0.730000019    
        8144  -2.81564832       2.28511333      0.730000019    
        8146  -2.55095840       3.23885679      0.720000029    
        8148  -2.70970297       2.53584695      0.720000029    
        8150  -2.56584787       3.26654792      0.720000029    
        8152  -2.72158623       2.22616363      0.709999979    
        8154  -2.76684093       1.49938166      0.689999998    
        8156  -2.60129476       2.39180374      0.709999979    
        8158  -2.69120026       1.93553936      0.709999979    
        8160  -2.30005240       3.52972674      0.709999979    
        8162  -2.67002511       2.33493090      0.709999979    
        8164  -2.40786552       3.43524146      0.709999979    
        8166  -2.41692710       3.70340633      0.720000029    
        8168  -2.29535937       3.26961565      0.680000007    
        8170  -2.50101113       2.52260375      0.689999998    
        8172  -2.35919809       2.35108876      0.680000007    
        8174  -2.32137489       2.57089329      0.680000007    
        8176  -2.41001105       2.68975663      0.680000007    
        8178  -2.37944293       2.47997475      0.670000017    
        8180  -2.45492911       2.41565204      0.660000026    
        8182  -2.45638013       1.95397937      0.660000026    
        8184  -2.21134710       3.03236461      0.670000017    
        8186  -2.46810079       2.28348994      0.670000017    
        8188  -2.56891513       1.87714934      0.670000017    
        8190  -2.51397800       1.84642637      0.660000026    
        8192  -2.66068411       1.93485677      0.670000017    
        8194  -2.54253507       1.96539772      0.660000026    
        8196  -2.47454691       2.66199493      0.670000017    
        8198  -2.41158366       2.86617422      0.680000007    
        8200  -2.27635598       4.28424644      0.709999979    
        8202  -2.40297580       3.37198329      0.699999988    
        8204  -2.44055390       3.13095546      0.699999988    
        8206  -2.40129685       3.01893640      0.689999998    
        8208  -2.75323486       1.59545934      0.689999998    
        8210  -2.87829494       2.18256760      0.720000029    
        8212  -2.84288311       1.66852927      0.709999979    
        8214  -2.72404671       1.93284798      0.699999988    
        8216  -2.76764727       1.78675079      0.689999998    
        8218  -2.74147177       2.14886498      0.680000007    
        8220  -2.50410700       2.59815192      0.680000007    
        8222  -2.70676541       2.65123343      0.689999998    
        8224  -2.68642712       2.61234069      0.699999988    
        8226  -2.83973169       1.93358302      0.709999979    
        8228  -2.86726522       1.93524039      0.709999979    
        8230  -2.72322965       2.38531280      0.699999988    
        8232  -2.49252605       3.68686867      0.699999988    
        8234  -2.54419136       3.58498240      0.709999979    
        8236  -2.87026286       1.96253681      0.709999979    
        8238  -2.73555040       3.04018736      0.720000029    
        8240  -2.94249988       1.86275232      0.709999979    
        8242  -2.55250692       3.28852797      0.699999988    
        8244  -2.61119413       2.46858382      0.680000007    
        8246  -2.68678117       1.53586864      0.670000017    
        8248  -2.59196281       1.81969631      0.670000017    
        8250  -2.63287997       1.93963051      0.680000007    
        8252  -2.61424279       1.68329859      0.680000007    
        8254  -2.38547134       2.77221465      0.689999998    
        8256  -2.36096263       3.17729259      0.699999988    
        8258  -2.60601234       2.93199277      0.699999988    
        8260  -2.43671894       3.26452565      0.699999988    
        8262  -2.68221402       1.78014672      0.689999998    
        8264  -2.77870917       1.62750971      0.689999998    
        8266  -2.70971036       2.00831747      0.699999988    
        8268  -2.55256343       3.04727817      0.709999979    
        8270  -2.63652134       3.01042962      0.709999979    
        8272  -2.69949365       3.01047897      0.709999979    
        8274  -2.75008535       2.29681945      0.709999979    
        8276  -2.61642385       2.71623850      0.720000029    
        8278  -2.62477970       2.74765038      0.720000029    
        8280  -2.69629574       2.40277052      0.720000029    
        8282  -2.57236528       3.10557771      0.730000019    
        8284  -2.53136277       3.63665438      0.730000019    
        8286  -2.43672776       3.68647766      0.720000029    
        8288  -2.02833915       4.65781927      0.699999988    
        8290  -2.32087636       3.23408198      0.689999998    
        8292  -2.37819123       2.67482281      0.680000007    
        8294  -2.48059034       2.69700408      0.680000007    
        8296  -2.75896668       2.31383085      0.709999979    
        8298  -2.61760998       2.62693930      0.709999979    
        8300  -2.56971312       3.25359035      0.720000029    
        8302  -2.52258611       3.49486470      0.740000010    
        8304  -2.52869987       3.72010326      0.750000000    
        8306  -2.89227247       2.36429834      0.750000000    
        8308  -2.85019159       1.94185758      0.740000010    
        8310  -2.80243039       2.42490292      0.730000019    
        8312  -2.84205103       2.37647557      0.730000019    
        8314  -2.84922409       2.19291210      0.740000010    
        8316  -2.64850354       3.11345005      0.750000000    
        8318  -2.67287183       3.59785748      0.759999990    
        8320  -2.66595006       3.12480569      0.759999990    
        8322  -2.69879532       3.16562819      0.759999990    
        8324  -2.79623938       3.30649495      0.759999990    
        8326  -2.63301396       4.03174019      0.759999990    
        8328  -2.86976290       1.75835240      0.740000010    
        8330  -2.55356383       3.24664688      0.740000010    
        8332  -2.75691509       2.53146195      0.740000010    
        8334  -2.84076452       1.89973748      0.740000010    
        8336  -2.84015346       2.09644079      0.740000010    
        8338  -2.85437655       1.89597714      0.740000010    
        8340  -2.71468663       2.61728573      0.740000010    
        8342  -2.55940580       3.17284441      0.750000000    
        8344  -2.63111711       2.93809438      0.750000000    
        8346  -2.69242978       2.16347814      0.750000000    
        8348  -2.83947086       1.36737597      0.740000010    
        8350  -2.62388849       2.45558262      0.750000000    
        8352  -2.66012025       2.83081841      0.759999990    
        8354  -2.68232965       3.01712012      0.759999990    
        8356  -2.59771037       3.30030394      0.759999990    
        8358  -2.62113190       3.61748004      0.779999971    
        8360  -2.75411677       2.86594319      0.779999971    
        8362  -2.71612668       3.32147527      0.779999971    
        8364  -2.80999899       3.17098832      0.779999971    
        8366  -2.77819753       3.32278514      0.779999971    
        8368  -2.85961437       2.39626122      0.769999981    
        8370  -2.83883262       2.01169562      0.769999981    
        8372  -2.70036483       2.52598810      0.759999990    
        8374  -2.62473178       2.81915593      0.740000010    
        8376  -2.67454886       2.78634715      0.740000010    
        8378  -2.73134041       2.86721230      0.750000000    
        8380  -2.54190278       3.41211152      0.750000000    
        8382  -2.66581249       2.97289777      0.740000010    
        8384  -2.76307797       2.58033609      0.740000010    
        8386  -2.71201539       2.62591434      0.740000010    
        8388  -2.76591945       2.68360734      0.740000010    
        8390  -2.54116726       3.43013263      0.740000010    
        8392  -2.64618874       3.45536852      0.740000010    
        8394  -2.77514124       2.88832593      0.740000010    
        8396  -2.98171473       1.68040156      0.730000019    
        8398  -2.70471978       2.79948449      0.730000019    
        8400  -2.76805139       3.20260239      0.740000010    
        8402  -2.96626616       2.09371829      0.730000019    
        8404  -2.79670668       3.02317739      0.740000010    
        8406  -2.74128938       3.46102619      0.740000010    
        8408  -2.94932485       2.47740626      0.750000000    
        8410  -2.89148831       2.44646239      0.750000000    
        8412  -2.85607314       2.55904675      0.740000010    
        8414  -2.84872079       1.47026932      0.689999998    
        8416  -2.78917503       2.03028250      0.680000007    
        8418  -2.65662599       2.75517941      0.670000017    
        8420  -2.66091251       2.49223351      0.680000007    
        8422  -2.75375319       1.87987387      0.680000007    
        8424  -2.74541378       1.80391145      0.689999998    
        8426  -2.54854608       2.62772799      0.689999998    
        8428  -2.53737521       1.88215613      0.680000007    
        8430  -2.58725548       1.59383833      0.689999998    
        8432  -2.60241294       1.22796798      0.680000007    
        8434  -2.46080947       1.61870635      0.680000007    
        8436  -2.46433449       1.58596516      0.680000007    
        8438  -2.42484760       2.15509915      0.680000007    
        8440  -2.43674660       2.32879496      0.680000007    
        8442  -2.63104630       1.72787690      0.680000007    
        8444  -2.62322211       1.50776970      0.680000007    
        8446  -2.47604847       2.05886722      0.670000017    
        8448  -2.52539277       1.86985266      0.670000017    
        8450  -2.45351195       1.55640352      0.649999976    
        8452  -2.59255528       1.14995027      0.639999986    
        8454  -2.33589220       1.65735710      0.629999995    
        8456  -2.26801014       1.96106100      0.639999986    
        8458  -2.47844601       2.45014048      0.670000017    
        8460  -2.39593410       2.85687065      0.680000007    
        8462  -2.41017771       2.60509896      0.670000017    
        8464  -2.48168230       1.82083499      0.649999976    
        8466  -2.35223985       1.85416842      0.649999976    
        8468  -2.59916115       1.30506897      0.649999976    
        8470  -2.60125947       1.44073319      0.649999976    
        8472  -2.30279851       3.22940207      0.680000007    
        8474  -2.55431652       1.61917317      0.660000026    
        8476  -2.63631654       1.76664066      0.670000017    
        8478  -2.43665528       2.32594800      0.670000017    
        8480  -2.78713489       1.73013735      0.670000017    
        8482  -2.63617516       2.21719217      0.680000007    
        8484  -2.64892650       2.22752142      0.680000007    
        8486  -2.35437274       3.39064670      0.680000007    
        8488  -2.34670806       3.81865740      0.689999998    
        8490  -2.40076494       3.27418709      0.680000007    
        8492  -2.50893998       2.77770591      0.680000007    
        8494  -2.33993387       3.50890660      0.680000007    
        8496  -2.71621799       2.15422225      0.699999988    
        8498  -2.90530157       1.67939794      0.699999988    
        8500  -2.83447528       2.12092257      0.689999998    
        8502  -2.72145844       2.55704570      0.689999998    
        8504  -2.74820685       2.43397808      0.689999998    
        8506  -2.75784278       2.14118528      0.689999998    
        8508  -2.31198168       3.88799548      0.699999988    
        8510  -2.88474011       1.66358864      0.699999988    
        8512  -2.92271662       1.45996261      0.720000029    
        8514  -2.70261049       2.54738903      0.720000029    
        8516  -2.71703196       1.97083867      0.709999979    
        8518  -2.73387480       2.07894063      0.720000029    
        8520  -2.77187634       1.73959255      0.709999979    
        8522  -2.64762402       1.96058214      0.709999979    
        8524  -2.71396542       2.06245494      0.709999979    
        8526  -3.02285719       1.35219121      0.699999988    
        8528  -2.70508313       2.17822456      0.699999988    
        8530  -2.39866519       3.06081033      0.699999988    
        8532  -2.27574801       3.24475145      0.680000007    
        8534  -2.25358748       3.31562567      0.680000007    
        8536  -2.27103829       3.20239639      0.689999998    
        8538  -2.40677214       2.50992250      0.689999998    
        8540  -2.27356648       2.70237350      0.680000007    
        8542  -2.71720815       1.27837706      0.680000007    
        8544  -2.69142342       2.20386577      0.699999988    
        8546  -2.71720123       2.31513047      0.699999988    
        8548  -2.83889842       1.35237658      0.709999979    
        8550  -2.50963712       2.67442226      0.709999979    
        8552  -2.65872097       2.07929635      0.709999979    
        8554  -2.46288657       2.81530356      0.709999979    
        8556  -2.56579375       2.25548029      0.699999988    
        8558  -2.49029493       2.59517717      0.699999988    
        8560  -2.55066967       1.93014705      0.699999988    
        8562  -2.59486461      0.948468149      0.680000007    
        8564  -2.24373889       2.75825238      0.689999998    
        8566  -2.51385450       2.28731346      0.689999998    
        8568  -2.54631305       1.88044596      0.680000007    
        8570  -2.79763985      0.923187673      0.670000017    
        8572  -2.62420225       1.57316720      0.670000017    
        8574  -2.48598266       2.08808064      0.660000026    
        8576  -2.51263142       1.73551881      0.649999976    
        8578  -2.45257568       2.07081652      0.649999976    
        8580  -2.31707740       2.56348562      0.649999976    
        8582  -2.56815743       1.91567600      0.649999976    
        8584  -2.69953346       1.57399690      0.649999976    
        8586  -2.55709839       1.76601589      0.649999976    
        8588  -2.27792978       2.22870970      0.629999995    
        8590  -2.33232880       1.98740935      0.639999986    
        8592  -2.40278506       1.57669234      0.639999986    
        8594  -2.36144209       2.04744172      0.639999986    
        8596  -2.42775846       2.11060429      0.649999976    
        8598  -2.14897799       3.39451504      0.670000017    
        8600  -2.39338517       2.18874359      0.670000017    
        8602  -2.70615816       1.32796240      0.670000017    
        8604  -2.63032174       1.51516926      0.670000017    
        8606  -2.31826472       2.06672597      0.649999976    
        8608  -2.56643939       1.03686392      0.660000026    
        8610  -2.38604808       1.73520279      0.670000017    
        8612  -2.38170218       2.06156921      0.670000017    
        8614  -2.33803463       2.45131111      0.680000007    
        8616  -2.44185424       2.37630272      0.680000007    
        8618  -2.32721853       2.66255760      0.689999998    
        8620  -2.41147351       2.65824676      0.680000007    
        8622  -2.33569312       3.13083553      0.680000007    
        8624  -2.46649551       2.91208386      0.699999988    
        8626  -2.35434437       3.33763456      0.699999988    
        8628  -2.49442506       2.58636689      0.699999988    
        8630  -2.53628922       1.94810259      0.699999988    
        8632  -2.58234572       1.95732880      0.689999998    
        8634  -2.58097315       1.94443846      0.670000017    
        8636  -2.54959011       1.95438123      0.680000007    
        8638  -2.70965004      0.892568707      0.660000026    
        8640  -2.57942939       1.74979007      0.660000026    
        8642  -2.50962901       1.76556194      0.660000026    
        8644  -2.59605956      0.703865469      0.629999995    
        8646  -2.28923416       2.32790327      0.620000005    
        8648  -2.46205950       1.60535800      0.610000014    
        8650  -2.25958657       1.93968725      0.610000014    
        8652  -2.40179825       1.26966286      0.610000014    
        8654  -2.25308919       1.61033797      0.600000024    
        8656  -2.40051270       1.28798807      0.610000014    
        8658  -2.41044140       1.05628073      0.610000014    
        8660  -2.22067857       1.64505565      0.620000005    
        8662  -2.18937588       1.28583336      0.600000024    
        8664  -2.01599193       2.19892406      0.589999974    
        8666  -2.27729368       1.56714201      0.589999974    
        8668  -1.95929933       2.54491615      0.600000024    
        8670  -2.26144910       1.68493271      0.600000024    
        8672  -2.19586563       2.17403650      0.600000024    
        8674  -2.35794306       1.39903641      0.600000024    
        8676  -2.06701612       2.09790874      0.600000024    
        8678  -2.23998141       2.02719879      0.620000005    
        8680  -2.11119056       2.27321434      0.629999995    
        8682  -2.11312270       2.55857944      0.629999995    
        8684  -2.26505852       2.16669393      0.639999986    
        8686  -2.18316150       2.54229450      0.639999986    
        8688  -2.45443869       1.98012650      0.639999986    
        8690  -2.55086708       1.64935279      0.639999986    
        8692  -2.29406977       2.42951155      0.629999995    
        8694  -2.30427909       1.87695968      0.629999995    
        8696  -2.36074376      0.901834428      0.610000014    
        8698  -2.44831538      0.871964276      0.610000014    
        8700  -2.36230969       1.54985023      0.610000014    
        8702  -2.28769398       1.20929945      0.610000014    
        8704  -2.11269951       1.86747968      0.639999986    
        8706  -2.21233797       1.66366780      0.639999986    
        8708  -2.28535366       2.58459401      0.680000007    
        8710  -2.57148170       1.62553751      0.680000007    
        8712  -2.63842320       1.57382357      0.689999998    
        8714  -2.48363996       2.33921194      0.699999988    
        8716  -2.39419436       2.61631441      0.689999998    
        8718  -2.44252849       2.48199034      0.699999988    
        8720  -2.49978280       2.89035559      0.709999979    
        8722  -2.78958249       2.10171676      0.709999979    
        8724  -2.86220741       1.81300569      0.709999979    
        8726  -2.70867324       2.23252177      0.709999979    
        8728  -2.61123681       2.45549107      0.699999988    
        8730  -2.73334813       1.86771643      0.699999988    
        8732  -2.84005761       1.82805836      0.699999988    
        8734  -2.69706631       2.68221927      0.699999988    
        8736  -2.95000577       1.15778291      0.680000007    
        8738  -2.91212988       1.42856610      0.680000007    
        8740  -2.92037249       1.24810326      0.680000007    
        8742  -2.73222542       1.32233381      0.680000007    
        8744  -2.66937566       1.56818151      0.680000007    
        8746  -2.62858868       2.00396681      0.680000007    
        8748  -2.43608713       1.85592937      0.660000026    
        8750  -2.58579683       1.60831344      0.670000017    
        8752  -2.26515055       2.89086294      0.670000017    
        8754  -2.47985077       2.22962475      0.680000007    
        8756  -2.31152606       3.39420271      0.699999988    
        8758  -2.48095107       3.10836577      0.709999979    
        8760  -2.61768579       2.43325710      0.709999979    
        8762  -2.69940758       2.09937286      0.709999979    
        8764  -2.69083142       2.29710197      0.709999979    
        8766  -2.61265802       3.21956897      0.720000029    
        8768  -2.63571692       3.21851802      0.720000029    
        8770  -2.59071875       3.06269383      0.720000029    
        8772  -2.50067878       3.45921946      0.720000029    
        8774  -2.54153252       2.72342587      0.720000029    
        8776  -2.42075253       2.92540026      0.720000029    
        8778  -2.43170190       2.26543999      0.709999979    
        8780  -2.52556562       1.73205686      0.709999979    
        8782  -2.46165681       1.87876999      0.709999979    
        8784  -2.68176579      0.878899395      0.709999979    
        8786  -2.53740764       1.47736418      0.699999988    
        8788  -2.41695499       1.81483948      0.689999998    
        8790  -2.46828723       1.77369535      0.680000007    
        8792  -2.42145443       1.77591670      0.670000017    
        8794  -2.40876698       2.16306591      0.660000026    
        8796  -2.64652681       1.36734021      0.670000017    
        8798  -2.58784008       1.89790416      0.680000007    
        8800  -2.65895271       1.89385974      0.689999998    
        8802  -2.53866839       2.75166202      0.689999998    
        8804  -2.51233649       2.29344463      0.689999998    
        8806  -2.66281199       2.58512092      0.699999988    
        8808  -2.42961717       3.16184115      0.689999998    
        8810  -2.62109041       1.86366546      0.689999998    
        8812  -2.63100553       1.95612288      0.689999998    
        8814  -2.59931159       2.09642649      0.699999988    
        8816  -2.47711492       2.67295384      0.699999988    
        8818  -2.55469298       1.97480893      0.680000007    
        8820  -2.31278038       2.79728651      0.670000017    
        8822  -2.57770085       1.42188311      0.680000007    
        8824  -2.43300653       2.63476658      0.689999998    
        8826  -2.59983039       2.20562172      0.699999988    
        8828  -2.34839654       2.88479447      0.689999998    
        8830  -2.52735996       2.50306821      0.689999998    
        8832  -2.57106304       2.60260415      0.709999979    
        8834  -2.34826279       3.41725421      0.699999988    
        8836  -2.71114922       1.78265059      0.709999979    
        8838  -2.79068780       1.86843860      0.709999979    
        8840  -2.76094174       2.22292709      0.720000029    
        8842  -2.77307701       2.55608773      0.720000029    
        8844  -2.65397286       3.21498513      0.730000019    
        8846  -2.63220692       3.52896643      0.709999979    
        8848  -2.57897639       3.49619508      0.699999988    
        8850  -2.32399821       4.71344995      0.699999988    
        8852  -2.53700447       2.37418103      0.680000007    
        8854  -2.66840339       2.06990194      0.680000007    
        8856  -2.74473572       1.80208993      0.689999998    
        8858  -2.46956635       2.17409015      0.660000026    
        8860  -2.60580635       2.05400109      0.660000026    
        8862  -2.51805019       2.46775651      0.670000017    
        8864  -2.46316886       3.22851110      0.699999988    
        8866  -2.56938219       2.16825891      0.699999988    
        8868  -2.68290710       1.82064271      0.689999998    
        8870  -2.59850788       2.28299022      0.689999998    
        8872  -2.46890855       2.36170387      0.699999988    
        8874  -2.72666693       1.44458127      0.709999979    
        8876  -2.69838309       1.97353458      0.699999988    
        8878  -2.61921883       1.88017917      0.699999988    
        8880  -2.45079303       2.48648715      0.699999988    
        8882  -2.61758947       1.48147368      0.680000007    
        8884  -2.53641462       2.37939644      0.680000007    
        8886  -2.71278477       1.48020005      0.680000007    
        8888  -2.59847140       2.16132092      0.680000007    
        8890  -2.34060335       2.74572945      0.670000017    
        8892  -2.30652142       2.67104149      0.680000007    
        8894  -2.70276117       1.31632769      0.680000007    
        8896  -2.70961308       2.24121118      0.689999998    
        8898  -2.56952071       2.58215070      0.680000007    
        8900  -2.61786151       1.90458381      0.649999976    
        8902  -2.60984778       2.00351620      0.649999976    
        8904  -2.66034889       1.26930952      0.649999976    
        8906  -2.61220074       1.70300901      0.649999976    
        8908  -2.40953803       2.30801511      0.639999986    
        8910  -2.42130303       1.77388608      0.620000005    
        8912  -2.51494431       1.32371473      0.620000005    
        8914  -2.43006539       2.09575844      0.620000005    
        8916  -2.41107559       1.76282620      0.620000005    
        8918  -2.56456780       1.42793810      0.629999995    
        8920  -2.47372198       1.68838894      0.629999995    
        8922  -2.45557618       1.65019679      0.649999976    
        8924  -2.42291665       2.26116252      0.660000026    
        8926  -2.42952871       2.13315749      0.649999976    
        8928  -2.36513925       2.24147844      0.649999976    
        8930  -2.49885321       1.61243761      0.639999986    
        8932  -2.55419874       2.21812820      0.670000017    
        8934  -2.54508018       2.02436376      0.670000017    
        8936  -2.46580982       2.30602789      0.670000017    
        8938  -2.78411412       1.38406348      0.670000017    
        8940  -2.57621002       2.26857615      0.670000017    
        8942  -2.56488872       1.99589622      0.670000017    
        8944  -2.41115212       2.80416012      0.680000007    
        8946  -2.48829293       2.24276567      0.680000007    
        8948  -2.48271108       2.17473674      0.660000026    
        8950  -2.46354270       2.40907049      0.660000026    
        8952  -2.67869377       1.52067375      0.660000026    
        8954  -2.41132188       2.00015163      0.660000026    
        8956  -2.36567760       2.49245000      0.660000026    
        8958  -2.53128862       1.47706127      0.670000017    
        8960  -2.70917535       1.49287558      0.670000017    
        8962  -2.68517065       1.55142248      0.660000026    
        8964  -2.56795239       1.61158597      0.649999976    
        8966  -2.48063779       1.62008274      0.639999986    
        8968  -2.41973710       2.30692720      0.649999976    
        8970  -2.19420004       3.29674792      0.649999976    
        8972  -2.52507973       2.34099293      0.649999976    
        8974  -2.27421570       3.03083944      0.649999976    
        8976  -2.36778307       2.36489153      0.639999986    
        8978  -2.68022537       1.65922534      0.649999976    
        8980  -2.62297988       1.94182825      0.660000026    
        8982  -2.71485209       1.29424155      0.660000026    
        8984  -2.62400031       1.62601030      0.670000017    
        8986  -2.55879045       2.48934054      0.680000007    
        8988  -2.10567307       3.29341197      0.670000017    
        8990  -2.47412658       2.33403969      0.670000017    
        8992  -2.41756177       2.60626221      0.680000007    
        8994  -2.45297480       2.66224289      0.689999998    
        8996  -2.58772564       2.37866831      0.680000007    
        8998  -2.82576823       1.11427975      0.680000007    
        9000  -2.81710982       1.44160616      0.680000007    
        9002  -2.69566154       1.91956902      0.689999998    
        9004  -2.41133833       2.80828762      0.699999988    
        9006  -2.60558748       2.84268022      0.720000029    
        9008  -2.43841696       3.42304277      0.720000029    
        9010  -2.44474125       3.23282337      0.709999979    
        9012  -2.44228125       2.70496392      0.689999998    
        9014  -2.47203779       2.18196416      0.670000017    
        9016  -2.71942663       1.36558962      0.670000017    
        9018  -2.42538548       1.72976840      0.670000017    
        9020  -2.42778754       1.62684643      0.670000017    
        9022  -2.54687285       1.21692920      0.680000007    
        9024  -2.49053717       1.36615777      0.680000007    
        9026  -2.41424608       2.15679979      0.680000007    
        9028  -2.28888798       2.55628037      0.680000007    
        9030  -2.40666056       2.80034018      0.699999988    
        9032  -2.54718399       2.64458227      0.689999998    
        9034  -2.49657393       2.09912682      0.680000007    
        9036  -2.63910031       2.05112314      0.689999998    
        9038  -2.59352350       1.99370348      0.699999988    
        9040  -2.49281907       2.59944177      0.709999979    
        9042  -2.46159077       2.26172471      0.699999988    
        9044  -2.58051109       1.66974711      0.680000007    
        9046  -2.51554704       1.88386440      0.670000017    
        9048  -2.22835279       2.78791881      0.670000017    
        9050  -2.28501773       2.29705262      0.660000026    
        9052  -2.41119933       1.74390388      0.660000026    
        9054  -2.52587843       1.52080500      0.670000017    
        9056  -2.33677125       2.28638196      0.689999998    
        9058  -2.54992104       1.59769845      0.689999998    
        9060  -2.64296937       1.15816474      0.680000007    
        9062  -2.58902311       1.68723333      0.699999988    
        9064  -2.53615046       2.25595140      0.699999988    
        9066  -2.58676362       2.00873494      0.709999979    
        9068  -2.62953806       2.04902053      0.709999979    
        9070  -2.65698123       2.22616887      0.720000029    
        9072  -2.75714874       1.95013559      0.730000019    
        9074  -2.64153171       1.91602135      0.720000029    
        9076  -2.80797863       1.29755402      0.720000029    
        9078  -2.53827429       2.64067602      0.709999979    
        9080  -2.66178465       2.51892233      0.699999988    
        9082  -2.67519140       2.31432629      0.699999988    
        9084  -2.64936256       2.32061267      0.699999988    
        9086  -2.55990458       2.54065442      0.699999988    
        9088  -2.62530851       2.50664425      0.720000029    
        9090  -2.85185647       1.70511460      0.730000019    
        9092  -2.65984488       2.74055648      0.740000010    
        9094  -2.86116028       1.81378448      0.730000019    
        9096  -2.56582880       2.60271382      0.730000019    
        9098  -2.84701729       1.37728012      0.720000029    
        9100  -2.76480269       1.87511671      0.720000029    
        9102  -2.62364411       2.08443451      0.720000029    
        9104  -2.84351611       1.09161103      0.699999988    
        9106  -2.76503158       1.43030214      0.689999998    
        9108  -2.53507328       2.18735337      0.689999998    
        9110  -2.79672742      0.906235099      0.699999988    
        9112  -2.93968654      0.724231422      0.699999988    
        9114  -2.83662081       1.12481034      0.699999988    
        9116  -2.61992955       1.31225848      0.670000017    
        9118  -2.43045592       1.82416344      0.660000026    
        9120  -2.49561834       1.92790532      0.660000026    
        9122  -2.39122319       2.27272701      0.660000026    
        9124  -2.38699245       1.94005954      0.649999976    
        9126  -2.44912481       1.26954520      0.649999976    
        9128  -2.49330640       1.27002573      0.660000026    
        9130  -2.39164233       2.03673816      0.660000026    
        9132  -2.63365459       1.19037020      0.649999976    
        9134  -2.39773059       1.90107501      0.649999976    
        9136  -2.59033585       1.31643403      0.649999976    
        9138  -2.44548512       1.97248065      0.660000026    
        9140  -2.59045506       1.55498731      0.689999998    
        9142  -2.43217969       2.41389680      0.689999998    
        9144  -2.29385853       2.68155503      0.670000017    
        9146  -2.62470984       1.73938143      0.689999998    
        9148  -2.56807756       2.24891543      0.689999998    
        9150  -2.70255852       1.34314954      0.680000007    
        9152  -2.62857342       1.74471712      0.689999998    
        9154  -2.72960806      0.785731852      0.680000007    
        9156  -2.37486577       2.67662215      0.680000007    
        9158  -2.46884632       2.42984200      0.670000017    
        9160  -2.59950113       2.03652406      0.670000017    
        9162  -2.69336891       2.10896134      0.680000007    
        9164  -2.55606055       2.71348524      0.699999988    
        9166  -2.47312760       2.95870209      0.699999988    
        9168  -2.51458406       3.30294824      0.699999988    
        9170  -2.61548376       2.86501980      0.689999998    
        9172  -2.48743105       2.81345916      0.689999998    
        9174  -2.74043894       1.54924166      0.699999988    
        9176  -2.62056017       2.77810907      0.709999979    
        9178  -2.77185178       2.45773435      0.720000029    
        9180  -2.82820511       1.51069427      0.699999988    
        9182  -2.31852698       3.14967132      0.699999988    
        9184  -2.34812760       3.07278156      0.699999988    
        9186  -2.39775515       3.00780559      0.689999998    
        9188  -2.31899619       3.57417536      0.680000007    
        9190  -2.51369643       2.11021423      0.670000017    
        9192  -2.39934945       3.11076260      0.680000007    
        9194  -2.43896461       4.02840662      0.709999979    
        9196  -2.64818788       3.02328753      0.709999979    
        9198  -2.64278841       2.78280115      0.709999979    
        9200  -2.50663137       3.32745481      0.709999979    
        9202  -2.63156509       2.72965455      0.699999988    
        9204  -2.68577862       2.20342398      0.699999988    
        9206  -2.74679661       1.73864901      0.699999988    
        9208  -2.71227431       1.77325690      0.689999998    
        9210  -2.44475007       3.22148252      0.699999988    
        9212  -2.55422306       2.55087304      0.699999988    
        9214  -2.44388866       2.26295471      0.670000017    
        9216  -2.49762630       2.03407407      0.670000017    
        9218  -2.55204678       1.96683764      0.680000007    
        9220  -2.66469193      0.790051281      0.670000017    
        9222  -2.64919853      0.986882091      0.680000007    
        9224  -2.76714277      0.540121019      0.699999988    
        9226  -2.63837171       1.69016325      0.699999988    
        9228  -2.71140504       1.82322776      0.699999988    
        9230  -2.67212439       1.97567475      0.699999988    
        9232  -2.72371173       1.58628142      0.689999998    
        9234  -2.60903263       1.72245145      0.689999998    
        9236  -2.56491852       1.76522529      0.670000017    
        9238  -2.52762651       1.85537434      0.649999976    
        9240  -2.62171316       2.02433586      0.660000026    
        9242  -2.36818647       2.24605465      0.639999986    
        9244  -2.31033635       2.40874386      0.639999986    
        9246  -2.39554572       1.79125869      0.639999986    
        9248  -2.04747248       3.35167742      0.639999986    
        9250  -2.35108900       2.18622518      0.639999986    
        9252  -2.38120604       2.03214049      0.639999986    
        9254  -2.34396482       1.76281202      0.629999995    
        9256  -2.57590294       1.18875468      0.649999976    
        9258  -2.59907031       1.08839142      0.649999976    
        9260  -2.50833964      0.866260409      0.639999986    
        9262  -2.34999466       1.80686426      0.639999986    
        9264  -2.25191808       2.61290669      0.649999976    
        9266  -2.57634068       1.58207798      0.649999976    
        9268  -2.68355227      0.873241961      0.639999986    
        9270  -2.44597459       1.35393775      0.629999995    
        9272  -2.58907270       1.11256206      0.629999995    
        9274  -2.41012478       1.55279636      0.620000005    
        9276  -2.50576997       1.32976985      0.620000005    
        9278  -2.58723187       1.60455072      0.629999995    
        9280  -2.41670871       1.85641837      0.629999995    
        9282  -2.44998837       1.61442125      0.639999986    
        9284  -2.37153196       1.99702978      0.649999976    
        9286  -2.11006451       3.74865794      0.660000026    
        9288  -2.27486539       3.08647633      0.649999976    
        9290  -2.40154743       2.60227275      0.660000026    
        9292  -2.27244234       2.92275262      0.660000026    
        9294  -2.33402467       2.16476011      0.639999986    
        9296  -2.45442533       1.75710440      0.620000005    
        9298  -2.54801774       1.51325226      0.639999986    
        9300  -2.46128798       1.38450921      0.629999995    
        9302  -2.40948486       1.35645676      0.639999986    
        9304  -2.16153860       2.63017893      0.649999976    
        9306  -2.31037116       1.99167848      0.639999986    
        9308  -2.24903989       2.19121099      0.639999986    
        9310  -2.09380221       2.60081339      0.639999986    
        9312  -2.50761032       1.41558206      0.649999976    
        9314  -2.36234188       2.24086905      0.649999976    
        9316  -2.31640148       2.72571278      0.660000026    
        9318  -2.43142319       2.24972892      0.670000017    
        9320  -2.62425494       1.43360102      0.670000017    
        9322  -2.60935378       1.39341795      0.670000017    
        9324  -2.56579852       1.30263054      0.660000026    
        9326  -2.43931389       1.76906979      0.639999986    
        9328  -2.17687607       2.35495377      0.649999976    
        9330  -2.25034165       2.66337323      0.670000017    
        9332  -2.41760445       2.02006674      0.670000017    
        9334  -2.29618239       2.38209343      0.670000017    
        9336  -2.27548742       2.28587484      0.670000017    
        9338  -2.46443844       1.99390674      0.680000007    
        9340  -2.40411139       1.98910320      0.680000007    
        9342  -2.42984319       1.97970498      0.680000007    
        9344  -2.63166142       1.10667408      0.689999998    
        9346  -2.51041818       1.48458779      0.680000007    
        9348  -2.37352991       2.71191120      0.709999979    
        9350  -2.45494962       2.64512491      0.709999979    
        9352  -2.38588071       2.65954661      0.709999979    
        9354  -2.51766491       2.26852679      0.709999979    
        9356  -2.50174761       2.01577616      0.709999979    
        9358  -2.59748220       2.42484832      0.709999979    
        9360  -2.56308389       2.68806696      0.709999979    
        9362  -2.56363130       2.09608936      0.699999988    
        9364  -2.80001020       1.37506664      0.699999988    
        9366  -2.75736785       1.43961990      0.709999979    
        9368  -2.66555357       1.99991834      0.720000029    
        9370  -2.63070536       2.23608470      0.720000029    
        9372  -2.42425203       3.21776938      0.720000029    
        9374  -2.28571010       2.93905687      0.699999988    
        9376  -2.12004399       3.42043734      0.689999998    
        9378  -2.41388154       2.62629724      0.699999988    
        9380  -2.47808766       2.18537331      0.699999988    
        9382  -2.31093693       2.54771447      0.680000007    
        9384  -2.27347231       2.38756800      0.680000007    
        9386  -2.66579342       1.54085338      0.689999998    
        9388  -2.71122432       1.54495335      0.699999988    
        9390  -2.57890248       1.68912995      0.699999988    
        9392  -2.43979669       2.72591090      0.699999988    
        9394  -2.51334453       1.99437475      0.699999988    
        9396  -2.34033775       2.84124160      0.699999988    
        9398  -2.62996840       1.96242130      0.689999998    
        9400  -2.91220498      0.888463259      0.699999988    
        9402  -2.49663424       2.61208630      0.709999979    
        9404  -2.64392304       2.11497784      0.709999979    
        9406  -2.50468135       2.72732878      0.699999988    
        9408  -2.72791076       2.07296920      0.699999988    
        9410  -2.80211139       1.88184452      0.720000029    
        9412  -2.58285260       3.39570212      0.740000010    
        9414  -2.86962748       2.31786656      0.769999981    
        9416  -2.81098986       3.07260609      0.769999981    
        9418  -2.65168476       3.62554240      0.769999981    
        9420  -2.89750481       2.78908968      0.779999971    
        9422  -2.96929002       2.89411998      0.790000021    
        9424  -2.81294656       3.77950263      0.790000021    
        9426  -2.78385091       3.93517876      0.790000021    
        9428  -3.02161193       2.79579997      0.779999971    
        9430  -2.98335958       2.36735749      0.779999971    
        9432  -3.01452756       2.11917329      0.779999971    
        9434  -3.09597445       1.44126058      0.759999990    
        9436  -2.98000312       2.23318267      0.769999981    
        9438  -3.03691196       1.91972661      0.769999981    
        9440  -2.84855437       2.96619987      0.769999981    
        9442  -2.77806497       2.42052317      0.740000010    
        9444  -2.62546945       2.33756876      0.720000029    
        9446  -2.74330783       1.56775057      0.680000007    
        9448  -2.63535714       1.80457640      0.689999998    
        9450  -2.82183743       1.64454496      0.689999998    
        9452  -2.70178914       2.34746289      0.689999998    
        9454  -2.67933941       2.13599992      0.680000007    
        9456  -2.76147366       2.10687733      0.680000007    
        9458  -2.81805754       1.67926300      0.680000007    
        9460  -2.74794316       1.91934252      0.680000007    
        9462  -2.41443038       3.68577790      0.699999988    
        9464  -2.84851313       2.32393694      0.699999988    
        9466  -2.94963384       1.95825243      0.699999988    
        9468  -2.71352601       2.31401372      0.680000007    
        9470  -2.26826477       3.63983989      0.680000007    
        9472  -2.49821925       3.16504765      0.689999998    
        9474  -2.38601494       3.91822481      0.699999988    
        9476  -2.62059045       3.18520021      0.699999988    
        9478  -2.69500256       2.69469309      0.699999988    
        9480  -2.53095889       2.57846737      0.680000007    
        9482  -2.58806992       2.74314952      0.689999998    
        9484  -2.51711106       2.08435607      0.670000017    
        9486  -2.63466430       1.48148489      0.670000017    
        9488  -2.70740342       1.74507093      0.689999998    
        9490  -2.65557909       1.95937896      0.680000007    
        9492  -2.68582869       1.51036084      0.670000017    
        9494  -2.41253877       2.72537017      0.670000017    
        9496  -2.69099593       2.35270452      0.680000007    
        9498  -2.60559535       2.40685821      0.689999998    
        9500  -2.55177975       2.82385969      0.689999998    
        9502  -2.64954352       2.45267797      0.699999988    
        9504  -2.64918137       2.35652733      0.699999988    
        9506  -2.61733127       2.52524137      0.689999998    
        9508  -2.52116084       2.48550749      0.689999998    
        9510  -2.65007615       2.23976970      0.689999998    
        9512  -2.64406085       2.25435901      0.689999998    
        9514  -2.46456575       2.86940622      0.689999998    
        9516  -2.50523067       2.70322204      0.680000007    
        9518  -2.57979250       2.63193154      0.680000007    
        9520  -2.47042489       2.93259358      0.680000007    
        9522  -2.46009159       3.18734050      0.689999998    
        9524  -2.39967370       3.43420792      0.689999998    
        9526  -2.65347576       2.45228100      0.699999988    
        9528  -2.41343164       3.59786129      0.709999979    
        9530  -2.54229927       2.86467743      0.709999979    
        9532  -2.71418834       2.42210770      0.699999988    
        9534  -2.71569562       2.90912771      0.709999979    
        9536  -2.80955982       2.65873623      0.720000029    
        9538  -2.74213624       2.78332376      0.720000029    
        9540  -2.74617839       2.39947438      0.709999979    
        9542  -2.51206756       2.88272572      0.709999979    
        9544  -2.53591585       3.11951327      0.720000029    
        9546  -2.45256233       3.44665885      0.720000029    
        9548  -2.67080617       2.39368701      0.720000029    
        9550  -2.60420322       2.60326314      0.730000019    
        9552  -2.73081899       2.02557087      0.720000029    
        9554  -2.71953225       2.07367063      0.720000029    
        9556  -2.74622107       2.65814257      0.730000019    
        9558  -2.70881486       2.74390316      0.740000010    
        9560  -2.65221548       2.94459605      0.740000010    
        9562  -2.78067160       2.14774084      0.740000010    
        9564  -2.61903143       3.04130220      0.740000010    
        9566  -2.31591797       4.48180485      0.740000010    
        9568  -2.35142946       4.57587385      0.740000010    
        9570  -2.29344010       4.66579962      0.750000000    
        9572  -2.73449278       2.93747330      0.750000000    
        9574  -2.43077731       3.91190910      0.750000000    
        9576  -2.57441974       3.36503935      0.750000000    
        9578  -2.78980613       3.13265204      0.759999990    
        9580  -2.71051216       3.07467127      0.750000000    
        9582  -2.71395040       3.08704925      0.759999990    
        9584  -2.70461106       2.98097444      0.740000010    
        9586  -2.60624862       3.58296371      0.740000010    
        9588  -2.60318542       2.97287488      0.740000010    
        9590  -2.75295901       3.01198769      0.750000000    
        9592  -2.83670163       2.16057253      0.740000010    
        9594  -2.55876088       3.11407042      0.730000019    
        9596  -2.50072312       3.03739381      0.720000029    
        9598  -2.63313556       2.43277740      0.709999979    
        9600  -2.58534670       2.43202353      0.709999979    
        9602  -2.59409881       2.25690794      0.709999979    
        9604  -2.48853874       2.56638837      0.709999979    
        9606  -2.62864828       2.31084895      0.699999988    
        9608  -2.65526152       2.36815429      0.709999979    
        9610  -2.61671615       2.88953400      0.720000029    
        9612  -2.45638490       3.40599275      0.720000029    
        9614  -2.70579219       2.58016682      0.720000029    
        9616  -2.86241817       1.98948669      0.720000029    
        9618  -2.68211579       2.21262121      0.720000029    
        9620  -2.80993652       1.84265125      0.720000029    
        9622  -2.90147758       1.14610779      0.709999979    
        9624  -2.68382597       1.50229299      0.699999988    
        9626  -2.55774879       2.01577234      0.680000007    
        9628  -2.32555962       3.09807873      0.680000007    
        9630  -2.31060433       2.25738335      0.639999986    
        9632  -2.45779634       1.79304242      0.649999976    
        9634  -2.51734138       1.39541447      0.649999976    
        9636  -2.44664359       2.37138152      0.649999976    
        9638  -2.41284680       2.52047181      0.649999976    
        9640  -2.62060905       2.04570866      0.649999976    
        9642  -2.38182449       2.75056934      0.660000026    
        9644  -2.54724932       2.05513287      0.660000026    
        9646  -2.38300633       3.08998966      0.680000007    
        9648  -2.53124809       1.93569374      0.670000017    
        9650  -2.48457313       2.82212853      0.699999988    
        9652  -2.48821092       2.82831407      0.699999988    
        9654  -2.66348529       1.83875823      0.689999998    
        9656  -2.64801550       1.79646146      0.699999988    
        9658  -2.66237617       2.18205762      0.709999979    
        9660  -2.50502801       2.75788736      0.709999979    
        9662  -2.56348491       2.42696071      0.709999979    
        9664  -2.24324107       3.54007816      0.699999988    
        9666  -2.65337896       2.17063093      0.689999998    
        9668  -2.54699326       2.65676641      0.699999988    
        9670  -2.81121254       2.14926910      0.709999979    
        9672  -2.35530734       4.67144823      0.730000019    
        9674  -2.73269081       2.50990582      0.709999979    
        9676  -2.65711164       2.89133215      0.709999979    
        9678  -2.40714073       3.18181825      0.699999988    
        9680  -2.57186484       2.29840541      0.699999988    
        9682  -2.42144632       3.11427832      0.709999979    
        9684  -2.64528537       1.37306237      0.680000007    
        9686  -2.52581167       2.16393137      0.680000007    
        9688  -2.58645105       1.74070859      0.680000007    
        9690  -2.65913749       1.60937631      0.689999998    
        9692  -2.60175061       2.05110717      0.699999988    
        9694  -2.82485771       1.75517642      0.709999979    
        9696  -2.74954414       1.71241581      0.720000029    
        9698  -2.62613153       1.93872821      0.709999979    
        9700  -2.64143491       1.61438692      0.709999979    
        9702  -2.75697422       1.80608022      0.720000029    
        9704  -2.36974025       3.09697223      0.730000019    
        9706  -2.37082934       2.92182851      0.730000019    
        9708  -2.62365603       2.49735498      0.730000019    
        9710  -2.51538968       2.40067005      0.720000029    
        9712  -2.72208810       1.78483784      0.730000019    
        9714  -2.55896640       2.90286350      0.740000010    
        9716  -2.70601821       2.60486603      0.740000010    
        9718  -2.46869087       3.92919707      0.730000019    
        9720  -2.57711172       2.99759769      0.730000019    
        9722  -2.39933991       3.92589974      0.730000019    
        9724  -2.66377831       2.21101785      0.699999988    
        9726  -2.42801380       3.28566790      0.699999988    
        9728  -2.35464859       3.89018822      0.709999979    
        9730  -2.69965267       2.68923521      0.709999979    
        9732  -2.93217826       1.54058194      0.730000019    
        9734  -2.85382843       2.33003497      0.730000019    
        9736  -2.56592727       3.54060078      0.740000010    
        9738  -2.66304398       2.66641951      0.730000019    
        9740  -2.68458652       2.84181833      0.740000010    
        9742  -2.73392344       3.16369843      0.740000010    
        9744  -2.72188807       3.16315961      0.750000000    
        9746  -2.94510484       2.25527120      0.769999981    
        9748  -2.96445322       2.60893750      0.779999971    
        9750  -2.78805065       3.15618420      0.779999971    
        9752  -2.84134746       2.89051747      0.779999971    
        9754  -2.90787411       2.93015122      0.779999971    
        9756  -2.99641156       2.55160308      0.790000021    
        9758  -2.92691588       2.34051895      0.779999971    
        9760  -2.92761254       2.56969452      0.779999971    
        9762  -2.91371393       2.53938031      0.779999971    
        9764  -3.01116467       2.17306137      0.779999971    
        9766  -3.03215837       2.03622818      0.779999971    
        9768  -2.75955415       2.39404726      0.750000000    
        9770  -2.61523128       3.00810719      0.759999990    
        9772  -2.75454235       2.70792770      0.769999981    
        9774  -2.81035161       2.81334615      0.769999981    
        9776  -2.68809772       3.18617272      0.769999981    
        9778  -2.84827065       2.37009811      0.779999971    
        9780  -2.76837206       2.65145493      0.769999981    
        9782  -2.77088284       2.43746567      0.769999981    
        9784  -2.83969498       2.62093282      0.779999971    
        9786  -2.90095496       2.19462395      0.779999971    
        9788  -2.78814602       2.63850880      0.769999981    
        9790  -2.69283867       3.45598817      0.769999981    
        9792  -2.67960739       3.48127317      0.759999990    
        9794  -2.66145134       3.04883099      0.759999990    
        9796  -2.74933386       3.43921542      0.769999981    
        9798  -2.84353471       3.12001157      0.759999990    
        9800  -2.94926095       3.17359138      0.769999981    
        9802  -2.69661212       3.74529910      0.759999990    
        9804  -2.40559912       5.54102278      0.769999981    
        9806  -2.50750709       4.67961597      0.769999981    
        9808  -2.74770546       3.39431691      0.769999981    
        9810  -2.84346795       3.10983372      0.779999971    
        9812  -2.82128644       2.64874578      0.779999971    
        9814  -2.63194895       3.18102741      0.759999990    
        9816  -2.76241112       3.10241294      0.759999990    
        9818  -2.60413933       4.14289618      0.759999990    
        9820  -2.79898238       3.28956151      0.769999981    
        9822  -2.74333787       3.41244411      0.769999981    
        9824  -2.72717619       3.30691957      0.769999981    
        9826  -2.97238231       2.45342660      0.769999981    
        9828  -2.71062326       3.55213618      0.769999981    
        9830  -2.69660473       4.35941553      0.790000021    
        9832  -2.80998063       3.24880362      0.779999971    
        9834  -2.98149180       2.32742047      0.779999971    
        9836  -2.77245450       3.09747744      0.769999981    
        9838  -2.73019814       3.13689327      0.769999981    
        9840  -2.66677213       3.41965079      0.769999981    
        9842  -2.76611471       2.47188020      0.759999990    
        9844  -2.91714025       2.18109870      0.759999990    
        9846  -2.79910207       2.96393633      0.750000000    
        9848  -2.88421321       2.85423326      0.750000000    
        9850  -2.90297294       2.47927666      0.759999990    
        9852  -2.69086933       3.74060893      0.759999990    
        9854  -2.81695867       2.87486649      0.759999990    
        9856  -2.84343886       3.01260686      0.750000000    
        9858  -2.76767516       3.78391790      0.740000010    
        9860  -2.67745566       3.61405635      0.730000019    
        9862  -2.63398790       3.22258902      0.709999979    
        9864  -2.46274352       3.90834713      0.720000029    
        9866  -2.61862183       3.79190183      0.730000019    
        9868  -2.69084001       2.95201302      0.730000019    
        9870  -2.84007645       2.46596098      0.740000010    
        9872  -2.66288209       3.07304525      0.730000019    
        9874  -2.79579282       2.07915282      0.720000029    
        9876  -2.74132562       2.46390915      0.720000029    
        9878  -2.43355799       3.21361136      0.709999979    
        9880  -2.65389395       2.29890251      0.709999979    
        9882  -2.52568102       2.50175381      0.720000029    
        9884  -2.58979392       2.45843196      0.720000029    
        9886  -2.65382338       2.13034797      0.720000029    
        9888  -2.63509870       2.28093529      0.730000019    
        9890  -2.80272603       2.00155354      0.730000019    
        9892  -2.68868852       1.60719013      0.689999998    
        9894  -2.50133419       2.77925444      0.689999998    
        9896  -2.90294838       1.47766626      0.689999998    
        9898  -2.71633816       2.49755597      0.699999988    
        9900  -2.35602021       3.94168568      0.709999979    
        9902  -2.59750342       2.50014472      0.699999988    
        9904  -2.79479241       1.27952611      0.699999988    
        9906  -2.65430284       2.01342273      0.689999998    
        9908  -2.64261007       2.05723739      0.689999998    
        9910  -2.70195699       1.86005056      0.689999998    
        9912  -2.62109232       2.45584154      0.689999998    
        9914  -2.75881958       2.45873094      0.699999988    
        9916  -2.80290842       1.71551621      0.699999988    
        9918  -2.75644517       1.34323180      0.689999998    
        9920  -2.29708242       2.49299717      0.680000007    
        9922  -2.46983790       2.08828211      0.660000026    
        9924  -2.48729134       1.90824091      0.649999976    
        9926  -2.57092404       1.23451483      0.639999986    
        9928  -2.33821726       1.95902419      0.629999995    
        9930  -2.34320807       2.25098395      0.639999986    
        9932  -2.32407284       2.16821146      0.649999976    
        9934  -2.38793445       1.77790678      0.649999976    
        9936  -2.38278842       1.67336106      0.649999976    
        9938  -2.50653601       1.38818097      0.649999976    
        9940  -2.59065104       1.39940429      0.660000026    
        9942  -2.51794386       1.81335413      0.670000017    
        9944  -2.48130703       1.48771024      0.660000026    
        9946  -2.70483613      0.830085814      0.660000026    
        9948  -2.52060008       1.66173708      0.660000026    
        9950  -2.37831664       2.21133065      0.639999986    
        9952  -2.53135133       1.47569227      0.629999995    
        9954  -2.57250929       1.00841296      0.649999976    
        9956  -2.46194339       1.54769945      0.649999976    
        9958  -2.04409838       3.53561974      0.660000026    
        9960  -1.92694986       3.95718431      0.660000026    
        9962  -2.01945257       3.34730077      0.660000026    
        9964  -2.30449009       3.01799440      0.680000007    
        9966  -2.22732258       2.82178307      0.680000007    
        9968  -2.22990847       2.92632127      0.680000007    
        9970  -2.38926554       2.50028682      0.680000007    
        9972  -2.40361166       2.41873789      0.670000017    
        9974  -2.39701772       2.28586411      0.670000017    
        9976  -2.46815014       2.11135626      0.660000026    
        9978  -2.49014783       2.09349775      0.660000026    
        9980  -2.52062130       1.91966927      0.649999976    
        9982  -2.37591457       1.94562340      0.639999986    
        9984  -2.30632997       1.92487359      0.639999986    
        9986  -2.24588633       2.40612483      0.649999976    
        9988  -2.40446353       2.40964627      0.649999976    
        9990  -2.32662773       2.92796302      0.660000026    
        9992  -2.30011320       3.21966076      0.689999998    
        9994  -2.29608274       3.48624015      0.689999998    
        9996  -2.56051087       2.35443449      0.689999998    
        9998  -2.61269903       2.35667539      0.709999979    
       10000  -2.65263033       2.34916854      0.720000029    
