           2  -2.51299548       2.08625960      0.649999976    
           4  -2.51515627       2.41312122      0.660000026    
           6  -2.45969915       2.70737100      0.660000026    
           8  -2.58469725       2.06019330      0.649999976    
          10  -2.44669604       2.90196586      0.660000026    
          12  -2.37079668       2.95687032      0.660000026    
          14  -2.39756322       2.32965088      0.649999976    
          16  -2.54711390       1.56698406      0.639999986    
          18  -2.50200677       1.62330306      0.639999986    
          20  -2.34467793       2.20595670      0.639999986    
          22  -2.45921302       2.58513403      0.649999976    
          24  -2.53871346       2.93402815      0.670000017    
          26  -2.63758492       2.25801826      0.649999976    
          28  -2.51968479       2.12826824      0.649999976    
          30  -2.30660653       2.56958532      0.649999976    
          32  -2.59942865       1.70023048      0.660000026    
          34  -2.35046363       1.89980900      0.639999986    
          36  -2.41821003       1.50322151      0.629999995    
          38  -2.29572940       2.34754276      0.639999986    
          40  -2.33367944       1.66780245      0.629999995    
          42  -2.48747110       1.38121855      0.649999976    
          44  -2.31090426       1.25105822      0.629999995    
          46  -2.29001355       1.21672761      0.629999995    
          48  -2.42554235      0.857027888      0.629999995    
          50  -2.47986245       1.07394302      0.649999976    
          52  -2.32643771       1.51090896      0.649999976    
          54  -2.35821795       1.83593059      0.649999976    
          56  -2.51116991      0.810962021      0.639999986    
          58  -2.44292879       1.11522925      0.629999995    
          60  -2.51029038       1.05901170      0.620000005    
          62  -2.14832497       2.12975359      0.620000005    
          64  -2.40300131       1.84681213      0.639999986    
          66  -2.58523536       1.81502008      0.660000026    
          68  -2.15794945       3.47464395      0.660000026    
          70  -2.45410895       2.12611938      0.649999976    
          72  -2.73886895       1.47475767      0.660000026    
          74  -2.57093549       1.45692337      0.660000026    
          76  -2.58461452       1.40521252      0.660000026    
          78  -2.20943856       2.93292928      0.649999976    
          80  -2.48208928       2.06498313      0.639999986    
          82  -2.30975986       1.56974888      0.629999995    
          84  -2.15155935       2.16938949      0.639999986    
          86  -2.16749716       2.61448073      0.649999976    
          88  -2.16554546       2.64822292      0.629999995    
          90  -2.39026952       1.70017147      0.639999986    
          92  -2.18366647       1.60696220      0.600000024    
          94  -2.30238414       1.31015110      0.600000024    
          96  -2.30617237       1.38452792      0.589999974    
          98  -2.25903440       1.28569019      0.589999974    
         100  -2.22390318       1.41659224      0.589999974    
         102  -2.36134171       1.59911394      0.600000024    
         104  -2.20788908       2.75801921      0.610000014    
         106  -2.49497557       1.95630312      0.610000014    
         108  -2.18838978       2.83443689      0.610000014    
         110  -2.17634988       1.69911337      0.579999983    
         112  -2.02818680       2.20613623      0.560000002    
         114  -2.12371659       1.74679482      0.560000002    
         116  -2.09810185       1.06516337      0.529999971    
         118  -1.88270283       1.58810639      0.529999971    
         120  -2.14872837      0.571597636      0.519999981    
         122  -1.94120121       1.47748697      0.519999981    
         124  -1.76795959       1.93991005      0.509999990    
         126  -1.85279167       1.58056045      0.509999990    
         128  -1.92820227       1.22206855      0.509999990    
         130  -1.86971617       1.17095888      0.529999971    
         132  -1.68955207       1.88957286      0.540000021    
         134  -1.85762584       2.00586510      0.540000021    
         136  -1.99634373       1.98598588      0.569999993    
         138  -2.02395415       2.52976727      0.600000024    
         140  -2.28753614       1.68062341      0.589999974    
         142  -2.19499707       1.51392770      0.589999974    
         144  -2.18336010       1.15818000      0.569999993    
         146  -2.11855721       1.54162264      0.560000002    
         148  -2.32899594      0.739843428      0.569999993    
         150  -2.13466001       2.22223997      0.620000005    
         152  -2.40610766       1.45979679      0.620000005    
         154  -2.21636200       2.18261528      0.629999995    
         156  -2.35985446       1.61759543      0.629999995    
         158  -2.04762650       2.96615529      0.639999986    
         160  -2.30322456       2.02517366      0.639999986    
         162  -2.33044744       2.40904498      0.649999976    
         164  -2.36695552       1.96106780      0.639999986    
         166  -2.44843721       1.27700484      0.639999986    
         168  -2.42217159       1.53927255      0.620000005    
         170  -2.26028180       2.08034325      0.620000005    
         172  -1.98679984       2.64680862      0.610000014    
         174  -2.14636111       2.06611657      0.610000014    
         176  -2.37228131       1.96405721      0.610000014    
         178  -2.35765243       1.77375913      0.600000024    
         180  -1.93857050       2.61790681      0.579999983    
         182  -2.08425260       2.28052783      0.589999974    
         184  -2.21155286       1.72870803      0.600000024    
         186  -2.33222079       1.55334699      0.610000014    
         188  -2.00345969       2.75389671      0.610000014    
         190  -2.02215362       2.62802076      0.600000024    
         192  -2.45695210       1.60505080      0.610000014    
         194  -2.50957155       1.83670509      0.620000005    
         196  -2.33161163       2.59722281      0.629999995    
         198  -2.34215760       2.31930161      0.620000005    
         200  -2.30722904       1.75745451      0.600000024    
         202  -2.20926714       2.30306339      0.610000014    
         204  -2.25144529       2.00197482      0.600000024    
         206  -2.18148732       1.82045782      0.600000024    
         208  -2.05035353       2.36578870      0.589999974    
         210  -2.15519953       1.85403156      0.589999974    
         212  -2.28804207       1.48830187      0.600000024    
         214  -2.33117509       1.27160561      0.600000024    
         216  -2.34412599       1.52039015      0.610000014    
         218  -2.11723709       1.98333955      0.589999974    
         220  -2.08540869       1.64700115      0.589999974    
         222  -2.12331200       2.37297821      0.620000005    
         224  -2.07948828       2.15874839      0.600000024    
         226  -2.09823298       1.57410896      0.589999974    
         228  -2.16724968       1.28842390      0.600000024    
         230  -2.08901334       1.81615341      0.579999983    
         232  -2.27187347       1.44729555      0.589999974    
         234  -2.11517000       1.91487646      0.579999983    
         236  -1.98461187       2.34921622      0.579999983    
         238  -2.20329046       1.69610965      0.589999974    
         240  -2.19802403       1.35394835      0.579999983    
         242  -2.14311600       1.56058264      0.579999983    
         244  -2.27434468       1.44229805      0.589999974    
         246  -2.28410983       1.51216102      0.589999974    
         248  -2.22753668       1.73910046      0.610000014    
         250  -2.07229066       2.23215199      0.600000024    
         252  -2.37776589      0.945032060      0.600000024    
         254  -2.08375645       2.16837502      0.610000014    
         256  -2.31190968       1.62175167      0.600000024    
         258  -2.29719877       1.82932329      0.610000014    
         260  -2.10676026       3.06410623      0.639999986    
         262  -2.51370168       1.34251678      0.660000026    
         264  -2.26415658       2.40672588      0.660000026    
         266  -2.33845448       2.23187828      0.649999976    
         268  -2.31943154       1.33002114      0.629999995    
         270  -2.29905915       1.26339829      0.629999995    
         272  -2.30947685       1.09890330      0.620000005    
         274  -2.31887889       1.27536082      0.620000005    
         276  -2.38870883      0.694403291      0.629999995    
         278  -2.06157374       2.27898669      0.629999995    
         280  -1.94431126       2.72181797      0.629999995    
         282  -2.41011763       1.43366444      0.629999995    
         284  -2.35748219       1.43031585      0.620000005    
         286  -2.39396214       1.49465334      0.629999995    
         288  -2.28118682       2.33190489      0.639999986    
         290  -2.40209842       1.68787849      0.620000005    
         292  -2.58323979       1.37793922      0.629999995    
         294  -2.38843489       2.14341092      0.629999995    
         296  -2.49183965       2.27715802      0.639999986    
         298  -2.39725256       2.10772491      0.629999995    
         300  -2.41922688       2.04067874      0.649999976    
         302  -2.30769897       2.37614489      0.620000005    
         304  -2.51968765       1.01895595      0.610000014    
         306  -2.38413358       1.73553288      0.610000014    
         308  -2.02153158       2.45421004      0.610000014    
         310  -2.18389773       2.48663855      0.639999986    
         312  -2.19485211       2.74089360      0.639999986    
         314  -2.31348825       1.84765220      0.649999976    
         316  -2.57082796       1.46615565      0.670000017    
         318  -2.52581525       2.43734074      0.670000017    
         320  -2.55744457       2.03905511      0.660000026    
         322  -2.40764761       2.84803629      0.660000026    
         324  -2.50961089       1.58437109      0.620000005    
         326  -2.16415954       2.99371910      0.620000005    
         328  -2.23338270       3.23381925      0.649999976    
         330  -2.11959982       4.13703156      0.670000017    
         332  -2.64144516       1.88627231      0.649999976    
         334  -2.12897944       3.73334408      0.670000017    
         336  -2.55479312       2.23141646      0.660000026    
         338  -2.45622444       2.22163343      0.639999986    
         340  -2.44252706       2.50293016      0.629999995    
         342  -2.39564157       2.00844169      0.620000005    
         344  -2.18865967       2.51495433      0.629999995    
         346  -2.13966656       3.00773931      0.629999995    
         348  -2.11793756       2.98181057      0.629999995    
         350  -2.58401680       1.55355740      0.639999986    
         352  -2.27225733       1.91273439      0.639999986    
         354  -2.42862558       1.69778192      0.649999976    
         356  -2.36938119       1.81919372      0.649999976    
         358  -2.38883948       1.27862477      0.649999976    
         360  -2.43265176       2.02180958      0.660000026    
         362  -2.44309139       1.88580763      0.660000026    
         364  -2.29214215       2.99904680      0.670000017    
         366  -2.45349240       2.37332749      0.660000026    
         368  -2.37295246       2.46586776      0.649999976    
         370  -2.45626259       2.20510912      0.639999986    
         372  -2.50590348       1.84216869      0.649999976    
         374  -2.35280347       2.33822703      0.649999976    
         376  -2.32536507       2.07432938      0.639999986    
         378  -2.55452824       1.44005716      0.649999976    
         380  -2.46698928       1.75368333      0.639999986    
         382  -2.23486447       2.65084553      0.660000026    
         384  -2.53864598       1.78112710      0.649999976    
         386  -2.53630209       1.01138961      0.629999995    
         388  -2.28320646       2.54753327      0.629999995    
         390  -2.46885204       1.40668225      0.639999986    
         392  -2.51680446       1.04374409      0.639999986    
         394  -2.54448581       1.65363395      0.639999986    
         396  -2.28698468       2.67987490      0.639999986    
         398  -2.42422152       1.99102783      0.610000014    
         400  -2.22951603       2.85123110      0.620000005    
         402  -2.41356254       1.37533927      0.610000014    
         404  -2.41338420      0.818507254      0.600000024    
         406  -2.25699091       2.03240514      0.610000014    
         408  -2.35148239       1.63511789      0.610000014    
         410  -2.39218950       1.97649300      0.620000005    
         412  -2.54648805       1.07901931      0.620000005    
         414  -2.21021724       2.13988948      0.620000005    
         416  -2.06794024       2.67750072      0.620000005    
         418  -2.05214691       3.12236428      0.639999986    
         420  -2.32017112       2.33185673      0.639999986    
         422  -2.18338156       2.46932101      0.629999995    
         424  -2.46925664       1.56061482      0.629999995    
         426  -2.15696144       2.82607317      0.629999995    
         428  -2.31046367       1.21054292      0.600000024    
         430  -2.40046644       1.65572560      0.629999995    
         432  -2.58045363       1.16365552      0.629999995    
         434  -2.59649158       1.36500299      0.629999995    
         436  -2.60851097       1.39513171      0.649999976    
         438  -2.75919795      0.521251500      0.649999976    
         440  -2.46039248       1.58636844      0.660000026    
         442  -2.55515218       1.38025057      0.660000026    
         444  -2.42700863       1.61889505      0.670000017    
         446  -2.48436570       1.44002068      0.660000026    
         448  -2.67827940       1.00319159      0.660000026    
         450  -2.39134073       1.99816215      0.649999976    
         452  -2.65250230       1.12236238      0.660000026    
         454  -2.58459449       1.65507782      0.670000017    
         456  -2.44394946       2.23708034      0.670000017    
         458  -2.45882535       1.88378060      0.670000017    
         460  -2.37480927       2.63156605      0.680000007    
         462  -2.64324498       1.60473967      0.680000007    
         464  -2.69666147       1.46265566      0.680000007    
         466  -2.50994873       1.48873496      0.660000026    
         468  -2.49475026       1.60161877      0.649999976    
         470  -2.53675699       1.07146621      0.620000005    
         472  -2.47149134       1.21916962      0.620000005    
         474  -2.13007855       2.07398057      0.589999974    
         476  -2.06971240       2.58468509      0.610000014    
         478  -2.21617842       1.99724269      0.589999974    
         480  -2.35686827       1.74630606      0.610000014    
         482  -2.29701805       2.02831435      0.620000005    
         484  -2.42231655       2.23903847      0.639999986    
         486  -2.55501390       1.20883012      0.629999995    
         488  -2.44154811       1.97811449      0.629999995    
         490  -2.36479092       1.99395764      0.629999995    
         492  -2.24467373       2.35820580      0.629999995    
         494  -2.47653913       1.40545070      0.639999986    
         496  -2.14961720       2.31395435      0.629999995    
         498  -2.39191771       1.60127580      0.649999976    
         500  -2.52475071       1.78655410      0.660000026    
         502  -2.71788859       1.09167528      0.670000017    
         504  -2.32426667       2.87462902      0.670000017    
         506  -2.55018497       2.11372375      0.670000017    
         508  -2.53907990       2.31236887      0.680000007    
         510  -2.54839659       1.75212324      0.670000017    
         512  -2.33924866       1.80575860      0.639999986    
         514  -2.29187369       2.08688903      0.649999976    
         516  -2.01608181       2.57245111      0.629999995    
         518  -2.38850236       1.71692109      0.629999995    
         520  -2.35557961       1.65328300      0.620000005    
         522  -2.54847813       1.03370726      0.649999976    
         524  -2.59193945      0.755194902      0.649999976    
         526  -2.47392774       2.11614513      0.670000017    
         528  -2.49273229       2.15619016      0.680000007    
         530  -2.48442221       2.40266418      0.680000007    
         532  -2.57606983       2.51443100      0.680000007    
         534  -2.60696030       2.23805094      0.680000007    
         536  -2.82527637       1.65782654      0.680000007    
         538  -2.57077408       2.41974759      0.670000017    
         540  -2.58857107       2.37554479      0.660000026    
         542  -2.34982038       3.52372003      0.670000017    
         544  -2.62881422       2.20234585      0.660000026    
         546  -2.64024448       1.74041927      0.660000026    
         548  -2.46649742       2.47144890      0.660000026    
         550  -2.51473761       1.50053120      0.649999976    
         552  -2.45256925       1.19158256      0.620000005    
         554  -2.43616319       1.09115458      0.610000014    
         556  -2.05673838       2.25262594      0.600000024    
         558  -2.14023709       2.07521224      0.600000024    
         560  -2.35254884       1.71279764      0.620000005    
         562  -2.46373343       1.33568811      0.620000005    
         564  -2.28412390       1.94067883      0.610000014    
         566  -2.27618289       1.68272138      0.620000005    
         568  -2.40551424       1.49805117      0.629999995    
         570  -2.47534585       1.17827284      0.629999995    
         572  -2.30110431       2.17898655      0.629999995    
         574  -2.58437634       1.44886780      0.639999986    
         576  -2.54864311       1.84998477      0.639999986    
         578  -2.59365225       1.35904980      0.639999986    
         580  -2.40755796       1.78604555      0.629999995    
         582  -2.41469717       1.18366492      0.629999995    
         584  -2.33213830       1.51344776      0.629999995    
         586  -2.54580188      0.727632761      0.629999995    
         588  -2.28143406       1.85168457      0.639999986    
         590  -2.33480787       2.00599766      0.639999986    
         592  -2.41284156       1.56302130      0.639999986    
         594  -2.24517083       2.70931721      0.649999976    
         596  -2.15510178       2.89359546      0.639999986    
         598  -2.42799664       1.46829438      0.649999976    
         600  -2.35087132       1.49392676      0.629999995    
         602  -2.52839422       1.41881835      0.629999995    
         604  -2.21614528       2.47593546      0.629999995    
         606  -2.30537701       1.99180472      0.620000005    
         608  -2.35138726       2.07742262      0.629999995    
         610  -2.19621634       2.00193977      0.600000024    
         612  -2.04346395       2.59134746      0.589999974    
         614  -1.92418611       3.46764135      0.629999995    
         616  -2.15438414       2.69387317      0.639999986    
         618  -2.00870538       3.52034807      0.649999976    
         620  -2.44465923       1.52011573      0.660000026    
         622  -2.29578519       3.30749583      0.689999998    
         624  -2.49405932       2.67084455      0.689999998    
         626  -2.41080666       2.59979677      0.680000007    
         628  -2.39419413       2.59298968      0.680000007    
         630  -2.41049886       2.75979090      0.680000007    
         632  -2.47537279       2.53423667      0.689999998    
         634  -2.68983006       1.89357352      0.709999979    
         636  -2.50467205       2.57190824      0.720000029    
         638  -2.68485379       2.25050211      0.720000029    
         640  -2.81746483       1.59374559      0.699999988    
         642  -2.68345761       2.23566914      0.689999998    
         644  -2.68890429       2.24814939      0.699999988    
         646  -2.47283697       2.95964599      0.699999988    
         648  -2.60811329       2.35433412      0.699999988    
         650  -2.80695534       1.71598577      0.720000029    
         652  -2.68039536       1.63237691      0.709999979    
         654  -2.55198550       2.38395715      0.699999988    
         656  -2.52680326       2.27879715      0.689999998    
         658  -2.40269828       1.69390714      0.649999976    
         660  -2.42793751       1.21042776      0.639999986    
         662  -2.44982862       1.89954138      0.649999976    
         664  -2.48015189       1.78436399      0.649999976    
         666  -2.41424894       1.98428273      0.649999976    
         668  -2.30548096       2.73034906      0.660000026    
         670  -2.37081718       2.60457730      0.670000017    
         672  -2.63942409       1.40418577      0.670000017    
         674  -2.52065063       1.86855769      0.660000026    
         676  -2.62473154       1.87676966      0.649999976    
         678  -2.43842268       1.94633198      0.639999986    
         680  -2.52238226       1.90302646      0.649999976    
         682  -2.43692040       1.70642269      0.639999986    
         684  -2.40225530       1.69250274      0.649999976    
         686  -2.46394634       1.54744995      0.649999976    
         688  -2.48824906       1.58828914      0.649999976    
         690  -2.54159355       1.77734816      0.649999976    
         692  -2.10128999       2.99975872      0.629999995    
         694  -2.21253371       2.52567577      0.629999995    
         696  -2.37376738       1.68096673      0.639999986    
         698  -2.37588763       2.20300198      0.639999986    
         700  -2.38160133       1.90086579      0.629999995    
         702  -2.34397459       2.60412669      0.649999976    
         704  -2.46588230       1.95115936      0.649999976    
         706  -2.45913482       1.59447038      0.649999976    
         708  -2.46815515       1.71225083      0.660000026    
         710  -2.40272284       1.60507333      0.660000026    
         712  -2.39815259       1.47642088      0.670000017    
         714  -2.36714888       2.18691468      0.670000017    
         716  -2.43087053       2.48266673      0.680000007    
         718  -2.37785006       2.68863201      0.670000017    
         720  -2.56473494       1.59893179      0.680000007    
         722  -2.60972118       1.68518472      0.680000007    
         724  -2.61872768       1.63013744      0.680000007    
         726  -2.42443991       2.10056758      0.670000017    
         728  -2.47994018       2.00103593      0.660000026    
         730  -2.59614158       1.17685258      0.649999976    
         732  -2.24435616       2.77683020      0.649999976    
         734  -2.16431046       3.77124548      0.670000017    
         736  -2.59789538       2.37850070      0.689999998    
         738  -2.47636366       2.33045340      0.689999998    
         740  -2.74802208       2.02698231      0.699999988    
         742  -2.56504059       2.95946360      0.709999979    
         744  -2.74583530       2.41332054      0.709999979    
         746  -2.83245945       1.91598189      0.699999988    
         748  -2.51921582       3.17682266      0.709999979    
         750  -2.62803006       2.49184799      0.709999979    
         752  -2.64407206       2.26185441      0.709999979    
         754  -2.42446303       2.79505396      0.699999988    
         756  -2.54775023       2.48197269      0.689999998    
         758  -2.45910263       2.89740658      0.699999988    
         760  -2.38309526       3.84027028      0.709999979    
         762  -2.56894112       3.22557592      0.720000029    
         764  -2.68644381       2.78230834      0.720000029    
         766  -2.61088371       2.57970119      0.709999979    
         768  -2.29592085       3.45636058      0.689999998    
         770  -2.72621560       1.77643371      0.689999998    
         772  -2.53294659       2.40886331      0.680000007    
         774  -2.53994107       2.43971825      0.670000017    
         776  -2.38609791       2.36639357      0.639999986    
         778  -2.76218295      0.992082119      0.639999986    
         780  -2.44578457       2.36109996      0.660000026    
         782  -2.39312267       1.94888473      0.639999986    
         784  -2.38745332       2.09546590      0.639999986    
         786  -2.43639112       2.35989261      0.649999976    
         788  -2.52861834       1.93534815      0.649999976    
         790  -2.51866674       2.22211576      0.660000026    
         792  -2.39680052       1.99609065      0.649999976    
         794  -2.40412450       1.68297637      0.629999995    
         796  -2.36491108       2.41190600      0.629999995    
         798  -2.12264609       2.98883200      0.620000005    
         800  -2.37726736       1.90961337      0.620000005    
         802  -2.21239257       1.38229978      0.610000014    
         804  -2.38557839       1.29314864      0.620000005    
         806  -2.30962729       2.01370168      0.639999986    
         808  -2.35648727       2.45197868      0.649999976    
         810  -2.59753203       1.47076166      0.660000026    
         812  -2.55393124       1.92463493      0.670000017    
         814  -2.57289720       1.70559096      0.670000017    
         816  -2.38257790       1.74758387      0.660000026    
         818  -2.28225374       1.84096575      0.639999986    
         820  -2.31078601       1.76734364      0.639999986    
         822  -2.30179214       1.94971573      0.649999976    
         824  -2.51302171       1.27087224      0.639999986    
         826  -2.52078819       1.81532288      0.660000026    
         828  -2.35625577       2.82934046      0.660000026    
         830  -2.36142659       2.94690466      0.660000026    
         832  -2.15968466       2.95941639      0.649999976    
         834  -2.54701567       1.71441996      0.629999995    
         836  -2.24238086       2.76652789      0.639999986    
         838  -2.36386442       2.14278769      0.629999995    
         840  -2.11774778       2.88013291      0.629999995    
         842  -2.21265817       1.57193565      0.620000005    
         844  -2.16323948       2.21037507      0.629999995    
         846  -1.96461523       2.55205083      0.629999995    
         848  -2.32269549       1.88839722      0.629999995    
         850  -2.32884336       1.96610308      0.639999986    
         852  -2.49754167       2.32519531      0.670000017    
         854  -2.36588264       2.19670534      0.670000017    
         856  -2.16553521       2.65173960      0.660000026    
         858  -2.31425786       2.58266640      0.660000026    
         860  -2.35049772       2.68128514      0.660000026    
         862  -2.19461203       2.97501683      0.660000026    
         864  -2.25529337       2.51493955      0.649999976    
         866  -2.54202437       1.45969605      0.649999976    
         868  -2.60996079       1.31824195      0.660000026    
         870  -2.58881354       1.28523755      0.660000026    
         872  -2.29992318       2.55536437      0.660000026    
         874  -2.31942868       2.17016172      0.660000026    
         876  -2.41147304       1.78481686      0.660000026    
         878  -2.45034695      0.935800672      0.649999976    
         880  -2.21095920       2.26731658      0.639999986    
         882  -2.32999372       1.69245696      0.629999995    
         884  -2.02742004       2.15376067      0.610000014    
         886  -2.09764934       2.51567578      0.629999995    
         888  -2.08390045       2.61860251      0.639999986    
         890  -1.93488181       2.42573905      0.639999986    
         892  -2.05110598       2.89567351      0.639999986    
         894  -2.24216485       2.63149452      0.649999976    
         896  -2.24071503       2.08164287      0.629999995    
         898  -2.30869246       1.58685279      0.639999986    
         900  -2.37342834       1.34739196      0.629999995    
         902  -2.31371403       1.51647389      0.620000005    
         904  -2.39769554       1.06137168      0.620000005    
         906  -2.42025423       1.07750428      0.620000005    
         908  -2.29214501       1.67030442      0.629999995    
         910  -2.28379750       2.26506948      0.639999986    
         912  -2.30324817       2.40615129      0.639999986    
         914  -2.38919759       1.98914695      0.639999986    
         916  -2.39593148       2.53632116      0.649999976    
         918  -2.62769294       1.80939674      0.649999976    
         920  -2.48050594       2.09443951      0.649999976    
         922  -2.61213636       1.60153365      0.649999976    
         924  -2.37183046       2.47025824      0.649999976    
         926  -2.51845574       1.96909940      0.639999986    
         928  -2.56637383       1.36827695      0.649999976    
         930  -2.36768794       1.65863299      0.649999976    
         932  -2.44607353       1.95201933      0.639999986    
         934  -2.38115835       1.63757086      0.610000014    
         936  -2.07374644       3.38920808      0.620000005    
         938  -2.14810944       2.56098127      0.610000014    
         940  -2.45012069       1.66035604      0.639999986    
         942  -2.22515202       1.50377107      0.629999995    
         944  -2.22255945       2.38179040      0.629999995    
         946  -2.58781624       1.64343417      0.639999986    
         948  -2.57577276       1.60108054      0.639999986    
         950  -2.47244835       1.90438259      0.649999976    
         952  -2.43650484       2.13401508      0.660000026    
         954  -2.43021369       2.17393661      0.670000017    
         956  -2.49448347       1.99472332      0.689999998    
         958  -2.55514002       2.19242692      0.689999998    
         960  -2.61878061       2.65497613      0.699999988    
         962  -2.67614698       1.79685700      0.689999998    
         964  -2.71465302       2.71880007      0.709999979    
         966  -2.43414879       3.05514860      0.699999988    
         968  -2.55973482       2.04953647      0.689999998    
         970  -2.54388738       2.22336006      0.709999979    
         972  -2.55611324       2.36099982      0.709999979    
         974  -2.62257838       2.50633407      0.699999988    
         976  -2.64595509       2.15238380      0.699999988    
         978  -2.54869533       2.18630195      0.680000007    
         980  -2.56516194       2.06373382      0.680000007    
         982  -2.64593291       1.32501101      0.649999976    
         984  -2.28853154       2.11374068      0.639999986    
         986  -1.88046253       3.55405354      0.639999986    
         988  -1.80238652       3.67784929      0.639999986    
         990  -2.41381645       1.47377360      0.629999995    
         992  -2.30113411       2.12238932      0.649999976    
         994  -2.51322126       1.29298234      0.649999976    
         996  -2.49753356       1.54883647      0.639999986    
         998  -2.50300956      0.905101717      0.629999995    
        1000  -2.44725227       1.22620952      0.629999995    
        1002  -2.37572646       1.27085721      0.629999995    
        1004  -1.98459411       2.56148410      0.629999995    
        1006  -2.00518775       1.84354329      0.610000014    
        1008  -2.22164583       2.22512031      0.639999986    
        1010  -2.24584794       1.90511179      0.639999986    
        1012  -2.09810805       2.20139718      0.629999995    
        1014  -2.07044911       2.43996477      0.639999986    
        1016  -1.84948540       2.85645318      0.610000014    
        1018  -2.21209192       2.02809215      0.639999986    
        1020  -2.21775723       2.44626307      0.639999986    
        1022  -2.45353723       1.55131996      0.660000026    
        1024  -2.55770516       1.35201848      0.660000026    
        1026  -2.53932118       1.35757482      0.660000026    
        1028  -2.60400510       1.46696651      0.670000017    
        1030  -2.39135814       2.37255883      0.680000007    
        1032  -2.32765102       3.00540519      0.680000007    
        1034  -2.30336928       3.32849193      0.680000007    
        1036  -2.51629281       2.13174772      0.660000026    
        1038  -2.69854021       1.65896785      0.660000026    
        1040  -2.45720863       1.98857212      0.649999976    
        1042  -2.42479944       2.55868769      0.670000017    
        1044  -2.55546856       1.87965059      0.649999976    
        1046  -2.72328186       1.53591824      0.660000026    
        1048  -2.55726051       1.84628868      0.670000017    
        1050  -2.58809137       1.30630076      0.649999976    
        1052  -2.42630625       1.83798623      0.649999976    
        1054  -2.28107142       2.08965254      0.649999976    
        1056  -2.34594059       1.86053717      0.639999986    
        1058  -2.39753580       1.59914351      0.629999995    
        1060  -2.35331368       2.43057013      0.639999986    
        1062  -2.40513301       2.02119422      0.639999986    
        1064  -2.41163731       2.01329494      0.649999976    
        1066  -2.23748350       2.69943357      0.649999976    
        1068  -2.13764358       2.85469055      0.649999976    
        1070  -2.33945417       1.55293143      0.639999986    
        1072  -2.46576405       1.40618861      0.639999986    
        1074  -2.32022214       2.24733329      0.639999986    
        1076  -2.14260793       3.51404643      0.639999986    
        1078  -2.37871695       2.47929955      0.639999986    
        1080  -2.43318844       1.92976069      0.639999986    
        1082  -2.37993050       2.33399153      0.639999986    
        1084  -2.46716428       1.81106758      0.639999986    
        1086  -2.45992780       1.63594115      0.649999976    
        1088  -2.35355043       1.95873260      0.660000026    
        1090  -2.44079590       1.75522089      0.660000026    
        1092  -2.38185620       2.33878136      0.660000026    
        1094  -2.45739913       1.95725703      0.639999986    
        1096  -2.30164695       2.41630793      0.629999995    
        1098  -2.30443382       1.63629389      0.620000005    
        1100  -2.16926742       2.36926794      0.629999995    
        1102  -2.26613593       2.17008591      0.639999986    
        1104  -2.30784655       1.88191342      0.629999995    
        1106  -2.14151287       2.21504974      0.600000024    
        1108  -2.29346037       1.52776682      0.600000024    
        1110  -2.34649897       1.69169497      0.610000014    
        1112  -2.39308143       1.88353646      0.600000024    
        1114  -2.23086596       2.53565145      0.610000014    
        1116  -2.24100876       2.59561634      0.620000005    
        1118  -2.31953979       2.71635699      0.620000005    
        1120  -2.26163697       2.22530198      0.579999983    
        1122  -2.07707882       2.05181122      0.579999983    
        1124  -2.11359525       1.51301348      0.569999993    
        1126  -1.98858678       1.32973635      0.529999971    
        1128  -1.90951645       1.68045115      0.519999981    
        1130  -1.63524711       2.58220220      0.529999971    
        1132  -1.67388487       2.35985947      0.540000021    
        1134  -1.86328304       2.08445883      0.569999993    
        1136  -2.16316843       1.93932962      0.589999974    
        1138  -2.49858975      0.854262054      0.610000014    
        1140  -2.18806458       2.22531629      0.620000005    
        1142  -2.23874164       1.45695901      0.600000024    
        1144  -2.16421533       1.56830299      0.589999974    
        1146  -2.17798996       1.33906138      0.579999983    
        1148  -2.21276522       1.08111584      0.579999983    
        1150  -2.42523336      0.775493443      0.589999974    
        1152  -2.27908468       1.59770966      0.589999974    
        1154  -2.16165161       2.01413178      0.589999974    
        1156  -1.84142578       2.11323738      0.550000012    
        1158  -1.83961904       2.16482067      0.540000021    
        1160  -1.90226114       1.96817434      0.550000012    
        1162  -2.30411720       1.09834063      0.569999993    
        1164  -1.94864511       2.91805267      0.579999983    
        1166  -1.84257174       2.68058372      0.579999983    
        1168  -2.12978101       1.96544731      0.600000024    
        1170  -2.21384239       2.49655533      0.610000014    
        1172  -2.19384384       2.47008204      0.620000005    
        1174  -2.07586884       2.43375468      0.610000014    
        1176  -2.49208903       1.00562620      0.620000005    
        1178  -2.16811419       2.08779550      0.589999974    
        1180  -2.21624231       1.38669729      0.579999983    
        1182  -2.04527211       1.66212404      0.569999993    
        1184  -2.16462302       1.19165957      0.579999983    
        1186  -2.20542121       1.37386024      0.600000024    
        1188  -2.20416760       1.41895890      0.589999974    
        1190  -2.37380266       1.64702117      0.610000014    
        1192  -2.33591771       1.57386160      0.610000014    
        1194  -2.26166511       1.58666539      0.610000014    
        1196  -2.48795056      0.687747061      0.620000005    
        1198  -2.16603160       2.35180974      0.629999995    
        1200  -2.32169342       1.98530173      0.639999986    
        1202  -2.31470060       2.13786554      0.649999976    
        1204  -2.30146122       2.09875894      0.660000026    
        1206  -2.47055984       2.15477276      0.660000026    
        1208  -2.79283905       1.28379643      0.670000017    
        1210  -2.57623172       2.04785442      0.660000026    
        1212  -2.65343642       1.55811572      0.649999976    
        1214  -2.16469741       3.32776570      0.649999976    
        1216  -1.94822717       3.98166347      0.649999976    
        1218  -2.08849025       3.87946033      0.649999976    
        1220  -2.50054693       2.12981153      0.639999986    
        1222  -2.39204264       2.60268641      0.639999986    
        1224  -2.56358933       1.73399270      0.629999995    
        1226  -2.35229015       2.09165120      0.620000005    
        1228  -2.34254146       1.87637508      0.620000005    
        1230  -2.09952593       2.40443683      0.620000005    
        1232  -2.31714392       1.52077508      0.589999974    
        1234  -2.30963683       1.51732600      0.600000024    
        1236  -2.23686242       1.68245983      0.579999983    
        1238  -2.40799212       1.86706781      0.600000024    
        1240  -2.20560241       2.36550856      0.600000024    
        1242  -2.31408691       1.93041599      0.610000014    
        1244  -2.15701246       1.91036344      0.600000024    
        1246  -2.26760197       1.49569440      0.600000024    
        1248  -2.27006745       1.09350812      0.600000024    
        1250  -2.44593835      0.316448390      0.579999983    
        1252  -2.42976022      0.492763698      0.569999993    
        1254  -2.05585122       1.84396708      0.550000012    
        1256  -2.11298060      0.996589065      0.540000021    
        1258  -1.75847375       2.52608347      0.550000012    
        1260  -1.93908632       1.73032844      0.560000002    
        1262  -2.04322147       1.20020139      0.560000002    
        1264  -2.11626101      0.890508056      0.560000002    
        1266  -2.19419289       1.38946784      0.579999983    
        1268  -2.36168265      0.995444417      0.569999993    
        1270  -2.18135524       1.36232781      0.560000002    
        1272  -2.02527523      0.776980877      0.540000021    
        1274  -1.97057211       1.78752482      0.550000012    
        1276  -1.88331974       2.30365014      0.550000012    
        1278  -2.12468576       1.72005606      0.569999993    
        1280  -2.06166983       1.69677854      0.569999993    
        1282  -1.81962824       2.15141439      0.540000021    
        1284  -1.83746219       2.43547225      0.560000002    
        1286  -2.12427473       1.68267465      0.579999983    
        1288  -2.20033836      0.941760838      0.569999993    
        1290  -2.20504451       1.37717628      0.569999993    
        1292  -2.05712080       1.94426179      0.579999983    
        1294  -1.93588173       1.93047309      0.569999993    
        1296  -1.97703421       2.34453201      0.589999974    
        1298  -2.37827110       1.33609009      0.600000024    
        1300  -2.27365565       1.82467318      0.589999974    
        1302  -2.24478197       1.92876899      0.600000024    
        1304  -2.28856707       2.10511494      0.620000005    
        1306  -2.35262132       1.56669915      0.629999995    
        1308  -2.41060901       1.77650213      0.620000005    
        1310  -2.16310406       2.28622270      0.610000014    
        1312  -2.22049594       1.99025655      0.610000014    
        1314  -2.07203388       2.13484645      0.600000024    
        1316  -2.27683735       1.35309291      0.610000014    
        1318  -2.15725040       1.98295200      0.610000014    
        1320  -2.30460763      0.907732666      0.600000024    
        1322  -2.22734356      0.835351348      0.579999983    
        1324  -2.32193947       1.21227264      0.589999974    
        1326  -2.27495980       1.51453388      0.600000024    
        1328  -2.15167618       1.82187867      0.600000024    
        1330  -2.12376809       1.32149744      0.579999983    
        1332  -1.85369134       1.93848801      0.569999993    
        1334  -2.09801936       1.43024313      0.569999993    
        1336  -2.07817531       1.88203049      0.569999993    
        1338  -2.26949978      0.717053056      0.569999993    
        1340  -2.20060372       1.43511271      0.589999974    
        1342  -2.12139249       1.17455518      0.579999983    
        1344  -1.95028031       2.22984195      0.579999983    
        1346  -2.05235648       1.91155934      0.589999974    
        1348  -2.00733662       2.26553965      0.589999974    
        1350  -2.39434648      0.922360778      0.589999974    
        1352  -2.36079335       1.14050865      0.589999974    
        1354  -2.32417464       1.42201626      0.600000024    
        1356  -2.20126033       1.54912984      0.589999974    
        1358  -2.23193526       1.54709768      0.600000024    
        1360  -2.31766725       1.63507104      0.610000014    
        1362  -2.21490908       2.24788928      0.610000014    
        1364  -2.23554206       1.76281524      0.600000024    
        1366  -2.24463820       1.72529435      0.600000024    
        1368  -2.18434763       2.26105642      0.600000024    
        1370  -2.07750964       1.76145637      0.560000002    
        1372  -2.27936912      0.871574819      0.569999993    
        1374  -2.24746180       1.36036932      0.569999993    
        1376  -1.84780169       1.96366048      0.560000002    
        1378  -1.87013030       2.14176059      0.560000002    
        1380  -1.87775755       1.27464664      0.550000012    
        1382  -1.81471395       1.93805265      0.550000012    
        1384  -2.08846569       1.37238383      0.540000021    
        1386  -2.04197788       1.75004327      0.550000012    
        1388  -2.03230882       1.74173570      0.560000002    
        1390  -2.17087650       1.50269866      0.579999983    
        1392  -2.13402367       1.84833562      0.589999974    
        1394  -2.07819438       1.77782917      0.569999993    
        1396  -2.02439618       1.77119303      0.569999993    
        1398  -2.16122103       1.64324582      0.550000012    
        1400  -2.24276805       1.06254148      0.550000012    
        1402  -2.03692293       2.44461179      0.589999974    
        1404  -2.02237225       1.99385941      0.579999983    
        1406  -2.22346473       1.22485197      0.550000012    
        1408  -2.20992351       1.38487005      0.540000021    
        1410  -2.03111362       1.51463628      0.529999971    
        1412  -2.06735516       1.52948606      0.540000021    
        1414  -1.90343475       1.45083213      0.519999981    
        1416  -2.20601249       1.11863112      0.540000021    
        1418  -2.08446169      0.951006830      0.529999971    
        1420  -1.99290848      0.971065044      0.540000021    
        1422  -2.05597830      0.835434675      0.540000021    
        1424  -1.74984598       1.86280358      0.509999990    
        1426  -1.71296799       2.07798910      0.509999990    
        1428  -1.88181925       1.19007838      0.490000010    
        1430  -1.64027917       2.06763005      0.509999990    
        1432  -1.57808006       2.68112063      0.529999971    
        1434  -1.79686260       1.91523075      0.540000021    
        1436  -1.92034471       2.09193969      0.540000021    
        1438  -1.83561230       1.93755245      0.529999971    
        1440  -1.80927205       1.49511707      0.509999990    
        1442  -1.92563975      0.955972433      0.500000000    
        1444  -1.76669252       1.22726703      0.500000000    
        1446  -1.72059000       1.44487894      0.509999990    
        1448  -1.89849067       1.45467353      0.519999981    
        1450  -1.80873609       1.77201951      0.509999990    
        1452  -1.65798557       1.75915265      0.500000000    
        1454  -1.97088301      0.982064068      0.490000010    
        1456  -1.76146066       1.65588689      0.490000010    
        1458  -1.75581789       2.25675130      0.509999990    
        1460  -1.93486702       1.90096295      0.529999971    
        1462  -2.31706691      0.549864948      0.540000021    
        1464  -2.16014314       1.41557825      0.519999981    
        1466  -1.94383955       1.95472252      0.519999981    
        1468  -1.89136231       1.58787930      0.519999981    
        1470  -2.19534683      0.741028368      0.529999971    
        1472  -2.14319563      0.812877297      0.529999971    
        1474  -2.01043987       1.33758044      0.529999971    
        1476  -1.96206892       1.45473576      0.519999981    
        1478  -1.87763929       1.94081163      0.519999981    
        1480  -2.11145139       1.10062015      0.529999971    
        1482  -2.16688204       1.33782065      0.529999971    
        1484  -2.14104509       1.26053166      0.529999971    
        1486  -1.79374397       2.29867673      0.540000021    
        1488  -2.09996653       1.71031332      0.560000002    
        1490  -2.17596531       2.35086608      0.589999974    
        1492  -2.27420211       2.13012648      0.589999974    
        1494  -2.35430789       1.42702305      0.589999974    
        1496  -2.15182686       1.39937758      0.569999993    
        1498  -2.06147552       1.31214428      0.560000002    
        1500  -2.07405710       1.78993702      0.579999983    
        1502  -2.19863367       2.21686888      0.610000014    
        1504  -2.18738818       1.83724773      0.589999974    
        1506  -2.26148653       1.28765321      0.579999983    
        1508  -2.17274070       2.12398887      0.589999974    
        1510  -2.12474108       2.27945232      0.610000014    
        1512  -2.32298613      0.861953974      0.579999983    
        1514  -2.15330029       1.42666173      0.579999983    
        1516  -2.10090685       1.45208204      0.579999983    
        1518  -2.27942038      0.949641168      0.569999993    
        1520  -2.19651628       1.95270932      0.569999993    
        1522  -2.10708976       2.25287104      0.579999983    
        1524  -2.28425360       1.71293736      0.560000002    
        1526  -2.25162816       1.73532832      0.569999993    
        1528  -2.22414422       1.69039667      0.560000002    
        1530  -2.03617787       1.29422855      0.529999971    
        1532  -2.27272749      0.938507140      0.529999971    
        1534  -2.19337893       1.37001657      0.540000021    
        1536  -2.32272959       1.03897655      0.540000021    
        1538  -1.96499348       1.62579715      0.540000021    
        1540  -2.02194595       1.49943340      0.529999971    
        1542  -1.87796414       2.01555157      0.540000021    
        1544  -2.18006301      0.975244582      0.540000021    
        1546  -2.09683251       1.15313756      0.519999981    
        1548  -1.95415628       1.40073025      0.519999981    
        1550  -2.24361920       1.30510414      0.540000021    
        1552  -2.17454576       1.40876949      0.550000012    
        1554  -2.02368402       1.57147229      0.529999971    
        1556  -2.14493656       1.60755157      0.560000002    
        1558  -2.01867294       1.61910641      0.560000002    
        1560  -2.09469652       1.32825911      0.560000002    
        1562  -2.24546170      0.967015386      0.560000002    
        1564  -1.99002624       1.76053250      0.550000012    
        1566  -2.22961521       1.39803338      0.569999993    
        1568  -1.98327160       1.73317790      0.550000012    
        1570  -2.19711876      0.865841568      0.569999993    
        1572  -2.28409004      0.715678871      0.569999993    
        1574  -2.30631375      0.780591965      0.569999993    
        1576  -2.28069043       1.04978538      0.579999983    
        1578  -2.09164166       1.68757534      0.579999983    
        1580  -1.96397901       2.17312551      0.600000024    
        1582  -2.12668419       1.90095460      0.600000024    
        1584  -2.04116607       2.03084111      0.600000024    
        1586  -2.12352180       1.50952578      0.589999974    
        1588  -2.16928744       1.86795461      0.589999974    
        1590  -2.12696266       1.49952221      0.579999983    
        1592  -2.16641021       1.16718292      0.579999983    
        1594  -2.25729609       1.11171603      0.579999983    
        1596  -2.27009201       1.50173295      0.610000014    
        1598  -2.33907294      0.934434593      0.610000014    
        1600  -2.29686642       1.06186891      0.610000014    
        1602  -2.42053628      0.979423344      0.610000014    
        1604  -2.49440384       1.45424092      0.620000005    
        1606  -2.32647705       2.54195976      0.629999995    
        1608  -2.58127594       1.70342493      0.629999995    
        1610  -2.45091724       1.21364236      0.620000005    
        1612  -2.31298852       1.91040552      0.629999995    
        1614  -2.47988105       1.20237756      0.620000005    
        1616  -2.19994092       1.57608390      0.600000024    
        1618  -2.05580735       1.67435324      0.579999983    
        1620  -1.99468386       2.42652178      0.589999974    
        1622  -2.33568978       1.21668315      0.560000002    
        1624  -2.29148221       1.57510138      0.589999974    
        1626  -2.32207417       1.04442751      0.589999974    
        1628  -2.25248003       1.29697502      0.600000024    
        1630  -2.17525315       1.70626783      0.579999983    
        1632  -2.30818987       1.13848352      0.600000024    
        1634  -2.06866574       2.05427551      0.600000024    
        1636  -2.38051891       1.36937702      0.600000024    
        1638  -2.32879281       1.71349382      0.610000014    
        1640  -2.15075254       1.89759386      0.610000014    
        1642  -2.27110195       1.56708670      0.600000024    
        1644  -2.29765868       1.53535879      0.610000014    
        1646  -2.18574500       2.22855377      0.610000014    
        1648  -2.29370236       2.11563993      0.600000024    
        1650  -2.35543609       1.63251925      0.600000024    
        1652  -2.52712417       1.00379181      0.600000024    
        1654  -2.40779519       1.84186113      0.610000014    
        1656  -2.18221235       2.69066334      0.620000005    
        1658  -2.26370788       2.34621263      0.610000014    
        1660  -2.07274318       3.32305694      0.620000005    
        1662  -2.24744558       2.62213755      0.629999995    
        1664  -2.39728665       2.01226974      0.629999995    
        1666  -2.44468594       1.67352033      0.639999986    
        1668  -2.38747716       2.10325289      0.639999986    
        1670  -2.36101675       2.35050321      0.629999995    
        1672  -2.33376241       2.47105074      0.649999976    
        1674  -2.02422166       3.11810851      0.649999976    
        1676  -2.23744583       2.41472888      0.639999986    
        1678  -2.51598763       1.90779185      0.639999986    
        1680  -2.48232865       1.11041307      0.629999995    
        1682  -2.54949427       1.48776126      0.660000026    
        1684  -2.55737233       1.79515862      0.660000026    
        1686  -2.44482756       2.36199164      0.660000026    
        1688  -2.09674239       3.09770846      0.639999986    
        1690  -2.40183330       2.18073988      0.649999976    
        1692  -2.37903810       2.11472106      0.639999986    
        1694  -2.46131754       2.24057126      0.660000026    
        1696  -2.35171199       2.63007140      0.660000026    
        1698  -2.40078545       1.68861914      0.629999995    
        1700  -2.37189627       1.81656694      0.629999995    
        1702  -2.43892074       1.41751564      0.629999995    
        1704  -2.37142730       1.40021658      0.649999976    
        1706  -2.43482828       1.86006582      0.660000026    
        1708  -2.13899589       2.54492116      0.639999986    
        1710  -2.13099337       2.18044138      0.620000005    
        1712  -2.15436363       1.92058480      0.589999974    
        1714  -2.06693792       2.30505919      0.589999974    
        1716  -2.34982157       1.41177940      0.600000024    
        1718  -2.28902864       1.42279279      0.589999974    
        1720  -2.36545563       1.04418373      0.600000024    
        1722  -2.29377055       1.36408317      0.589999974    
        1724  -2.37247229       1.17842078      0.600000024    
        1726  -2.38065124       1.08184934      0.579999983    
        1728  -2.35479689      0.792869627      0.589999974    
        1730  -2.10866690       1.31819391      0.579999983    
        1732  -2.26920319       1.10025024      0.589999974    
        1734  -2.29609752       1.31713831      0.600000024    
        1736  -2.44871187      0.775868356      0.589999974    
        1738  -2.15288830       1.58464146      0.600000024    
        1740  -2.09597421       1.27014780      0.579999983    
        1742  -2.03492880       1.41383982      0.579999983    
        1744  -2.23981929       1.24808514      0.569999993    
        1746  -2.31698513       1.25895655      0.589999974    
        1748  -2.42126441      0.883293092      0.589999974    
        1750  -2.12574768       1.90761411      0.579999983    
        1752  -2.11716104       1.71860826      0.579999983    
        1754  -2.33421135       1.45703065      0.579999983    
        1756  -2.29477596       1.48131442      0.579999983    
        1758  -2.24547577       1.51931930      0.569999993    
        1760  -2.35380006       1.23047638      0.589999974    
        1762  -2.20185542       1.77757478      0.589999974    
        1764  -2.32646132       1.21292365      0.589999974    
        1766  -2.28561282       1.29804039      0.620000005    
        1768  -2.54203343      0.762770891      0.629999995    
        1770  -2.39486575       1.42482734      0.649999976    
        1772  -2.69570112      0.861875474      0.670000017    
        1774  -2.48456049       1.80086792      0.660000026    
        1776  -2.48331094       1.30549061      0.660000026    
        1778  -2.57728243       1.61037695      0.680000007    
        1780  -2.60917830       1.58508408      0.680000007    
        1782  -2.59628034       1.69102859      0.680000007    
        1784  -2.60718131       2.05488229      0.689999998    
        1786  -2.71596956       1.73228431      0.699999988    
        1788  -2.63906002       2.79268265      0.709999979    
        1790  -2.49723744       2.96818852      0.709999979    
        1792  -2.73573112       1.74473929      0.699999988    
        1794  -2.42534041       2.97403455      0.689999998    
        1796  -2.34236860       2.64667654      0.670000017    
        1798  -2.41884017       2.59494567      0.660000026    
        1800  -2.46327019       1.93037784      0.649999976    
        1802  -2.41606879       2.04957724      0.660000026    
        1804  -2.43053985       2.12880993      0.670000017    
        1806  -2.31656623       2.75317478      0.660000026    
        1808  -2.50796533       2.31166792      0.660000026    
        1810  -2.40285230       1.97592068      0.649999976    
        1812  -2.43423128       1.53813255      0.639999986    
        1814  -2.36443090       1.41822505      0.629999995    
        1816  -2.46699619       1.11410820      0.620000005    
        1818  -2.19444299       2.22112846      0.620000005    
        1820  -2.13179278       3.44182634      0.629999995    
        1822  -2.08421922       3.58982253      0.629999995    
        1824  -2.46498346       1.74405158      0.629999995    
        1826  -2.62436008      0.951659918      0.629999995    
        1828  -2.34312749       1.81928897      0.629999995    
        1830  -2.23183727       2.78164554      0.629999995    
        1832  -2.35732985       2.27462316      0.620000005    
        1834  -2.72308111      0.866605222      0.620000005    
        1836  -2.57451034       1.59438777      0.629999995    
        1838  -2.48425364       1.54667544      0.610000014    
        1840  -2.20602226       3.17323399      0.629999995    
        1842  -2.55923414       2.00288796      0.620000005    
        1844  -2.54711246       1.76842654      0.620000005    
        1846  -2.40057659       2.38248897      0.629999995    
        1848  -2.12562013       2.84329128      0.629999995    
        1850  -2.34620547       1.88702512      0.610000014    
        1852  -2.32747316       2.25616002      0.620000005    
        1854  -2.52353191       1.32829189      0.620000005    
        1856  -2.21320939       2.36880445      0.629999995    
        1858  -2.19424367       2.16859245      0.620000005    
        1860  -2.32284045       1.22011924      0.610000014    
        1862  -2.30175710       1.61448693      0.620000005    
        1864  -2.30753613       1.25036466      0.620000005    
        1866  -2.14279008       1.30064344      0.610000014    
        1868  -2.26700497       1.12768853      0.600000024    
        1870  -2.24045610       1.32663167      0.600000024    
        1872  -2.27205205       1.51097119      0.610000014    
        1874  -1.91269231       2.48695111      0.589999974    
        1876  -2.18495417       1.97230780      0.589999974    
        1878  -1.97232533       2.36409950      0.579999983    
        1880  -2.02849412       1.75472832      0.579999983    
        1882  -2.28345728       1.59646142      0.610000014    
        1884  -2.23399472       2.25253034      0.610000014    
        1886  -2.07199764       2.61358070      0.620000005    
        1888  -2.18999767       2.48876619      0.620000005    
        1890  -2.35297585       1.61912405      0.620000005    
        1892  -2.32358766       1.78273726      0.600000024    
        1894  -2.15261626       2.37093949      0.610000014    
        1896  -2.34427023       1.60736716      0.610000014    
        1898  -2.33682179       1.97225428      0.600000024    
        1900  -2.06042099       1.98633492      0.589999974    
        1902  -2.29825068       1.22951281      0.600000024    
        1904  -2.38193226       1.32841599      0.600000024    
        1906  -2.31012654       1.54480445      0.600000024    
        1908  -2.24017334       2.14161658      0.610000014    
        1910  -2.50049257       1.45475554      0.620000005    
        1912  -2.34774041       1.68018520      0.610000014    
        1914  -2.34102488       1.07140827      0.600000024    
        1916  -2.36383367       1.08073306      0.610000014    
        1918  -2.25341678       1.40307498      0.600000024    
        1920  -2.39643884       1.05906272      0.610000014    
        1922  -2.42118311       1.96284378      0.610000014    
        1924  -2.15330315       2.62355733      0.620000005    
        1926  -2.33966923       1.46500599      0.620000005    
        1928  -2.20526481       1.74191833      0.610000014    
        1930  -2.18376207       1.75060940      0.620000005    
        1932  -2.25129414       1.59448504      0.620000005    
        1934  -2.35091448       1.70080769      0.610000014    
        1936  -2.35898709       1.42417586      0.620000005    
        1938  -2.36041713      0.886188149      0.610000014    
        1940  -2.32277369       1.22530437      0.610000014    
        1942  -2.21996689       1.18941104      0.610000014    
        1944  -2.04781890       2.22501159      0.620000005    
        1946  -2.28746486       1.61534202      0.620000005    
        1948  -2.49090958       1.41206205      0.629999995    
        1950  -2.31749034       2.27723479      0.639999986    
        1952  -2.23511362       1.87610531      0.620000005    
        1954  -2.38038254       1.30640328      0.620000005    
        1956  -2.36422133       1.41461778      0.620000005    
        1958  -2.41042328       1.80413270      0.629999995    
        1960  -2.17230487       2.08957052      0.610000014    
        1962  -2.41471672       1.83234358      0.610000014    
        1964  -2.32193518       1.72665119      0.610000014    
        1966  -2.27797747       1.77006328      0.610000014    
        1968  -2.28937507       1.81162703      0.620000005    
        1970  -2.23132133       2.10683584      0.589999974    
        1972  -1.91852200       3.26193476      0.620000005    
        1974  -2.28179336       1.64379609      0.600000024    
        1976  -2.28937244       1.53381979      0.600000024    
        1978  -2.33443952       1.24979401      0.579999983    
        1980  -2.13958955       2.14788222      0.579999983    
        1982  -2.27871537       1.15524471      0.579999983    
        1984  -2.20804811       1.40358245      0.579999983    
        1986  -2.32851839      0.903044999      0.600000024    
        1988  -2.34409499      0.983243823      0.600000024    
        1990  -2.24496365       1.47888923      0.589999974    
        1992  -2.22909427       1.44634616      0.579999983    
        1994  -2.11432719       1.64169741      0.550000012    
        1996  -2.30188656      0.715676963      0.540000021    
        1998  -2.14788079      0.920817077      0.529999971    
        2000  -2.05084109       1.67276192      0.540000021    
        2002  -2.00840974       1.38066387      0.540000021    
        2004  -2.12968373      0.734470189      0.540000021    
        2006  -2.07141709       1.38374901      0.560000002    
        2008  -2.06876349       1.54558730      0.560000002    
        2010  -2.18147779       1.10950410      0.560000002    
        2012  -2.11968374      0.924776733      0.550000012    
        2014  -2.30885673      0.993346989      0.589999974    
        2016  -2.27264500      0.984391809      0.600000024    
        2018  -2.06270218       2.08548164      0.610000014    
        2020  -2.06897593       2.25691056      0.610000014    
        2022  -2.12793732       2.29858637      0.610000014    
        2024  -2.41701508       1.24533641      0.620000005    
        2026  -2.25110722       2.16863489      0.620000005    
        2028  -2.26840329       1.77339852      0.610000014    
        2030  -2.08808780       1.96741569      0.610000014    
        2032  -2.21570206       1.20905292      0.610000014    
        2034  -2.07887673       1.91385782      0.620000005    
        2036  -1.94729483       2.03410196      0.610000014    
        2038  -2.09998226       1.70288205      0.610000014    
        2040  -1.98669767       2.77183819      0.620000005    
        2042  -2.22291517       1.18881559      0.579999983    
        2044  -2.17481542       1.35640049      0.579999983    
        2046  -2.20668268       1.12637055      0.579999983    
        2048  -2.21528387       1.08588350      0.569999993    
        2050  -1.84716296       1.48407042      0.550000012    
        2052  -2.07184243       1.52446258      0.560000002    
        2054  -2.16970968       1.54227233      0.560000002    
        2056  -1.93016934       2.16059256      0.569999993    
        2058  -2.13026333       1.45838392      0.569999993    
        2060  -2.10551882      0.844884932      0.550000012    
        2062  -2.03804827       1.67156792      0.560000002    
        2064  -2.28247023       1.21152627      0.569999993    
        2066  -2.41224647       1.41179407      0.589999974    
        2068  -2.42136431       2.23689890      0.620000005    
        2070  -2.45142055       1.60948920      0.620000005    
        2072  -2.22563720       2.86559534      0.649999976    
        2074  -2.51581979       2.52340674      0.680000007    
        2076  -2.20863819       2.86036873      0.660000026    
        2078  -2.32568574       2.07909060      0.639999986    
        2080  -2.42047858       1.69725597      0.639999986    
        2082  -2.48017597       1.49124742      0.639999986    
        2084  -2.45627284       2.31787276      0.649999976    
        2086  -2.41958737       1.90480542      0.649999976    
        2088  -2.24201083       2.56063247      0.639999986    
        2090  -2.41357183       2.29258776      0.670000017    
        2092  -2.35154653       2.14670110      0.670000017    
        2094  -2.34141731       2.55234814      0.680000007    
        2096  -2.51034141       2.30856967      0.680000007    
        2098  -2.39621615       2.27452779      0.680000007    
        2100  -2.53549051       1.90931463      0.680000007    
        2102  -2.45916915       1.98866761      0.680000007    
        2104  -2.30773211       2.35013866      0.660000026    
        2106  -2.34114647       2.64828181      0.670000017    
        2108  -2.58349490       1.79914212      0.660000026    
        2110  -2.74328542      0.913158238      0.649999976    
        2112  -2.62658048       1.41797757      0.660000026    
        2114  -2.50871491       1.42364204      0.660000026    
        2116  -2.43960810       2.06067276      0.670000017    
        2118  -2.56393027       1.71452498      0.660000026    
        2120  -2.62870312       1.77501047      0.660000026    
        2122  -2.56480837       1.89065063      0.649999976    
        2124  -2.58185935       1.69102013      0.649999976    
        2126  -2.55608106       1.59403563      0.649999976    
        2128  -2.64743662       1.42274058      0.649999976    
        2130  -2.38657117       1.98751450      0.649999976    
        2132  -2.49804282       2.30585790      0.649999976    
        2134  -2.50923181       1.84453654      0.639999986    
        2136  -2.66668439       1.48374939      0.660000026    
        2138  -2.56887889       2.17076731      0.680000007    
        2140  -2.67385507       1.52432108      0.680000007    
        2142  -2.48157668       1.96979356      0.680000007    
        2144  -2.60483956       1.67408192      0.670000017    
        2146  -2.47465968       2.60943913      0.680000007    
        2148  -2.88751674      0.912301183      0.689999998    
        2150  -2.48817754       2.38864923      0.689999998    
        2152  -2.70957065       1.69347167      0.680000007    
        2154  -2.57610726       1.77391839      0.670000017    
        2156  -2.54984331       1.72455239      0.670000017    
        2158  -2.77408886       1.26195788      0.680000007    
        2160  -2.72793913       1.14718628      0.680000007    
        2162  -2.67529273       2.10074019      0.680000007    
        2164  -2.58663440       1.42425060      0.649999976    
        2166  -2.56700540       1.26648057      0.639999986    
        2168  -2.43582916       1.81075752      0.649999976    
        2170  -2.46856308       1.49665093      0.629999995    
        2172  -2.50169134       1.27544570      0.629999995    
        2174  -2.42783761       1.11400163      0.629999995    
        2176  -2.32521462       1.63159096      0.629999995    
        2178  -2.23299837       1.41373932      0.610000014    
        2180  -2.15427995       2.10716605      0.610000014    
        2182  -2.14988852       1.59927273      0.600000024    
        2184  -2.13105655       1.92286503      0.620000005    
        2186  -2.26946616       2.14762568      0.639999986    
        2188  -2.18658280       2.75517821      0.639999986    
        2190  -2.48512554       1.63397992      0.629999995    
        2192  -2.54210472       1.68562675      0.649999976    
        2194  -2.45117211       2.08679557      0.649999976    
        2196  -2.43633032       2.12466884      0.649999976    
        2198  -2.50422597       1.49700546      0.649999976    
        2200  -2.27198148       2.31638360      0.649999976    
        2202  -2.48751926       1.90825820      0.660000026    
        2204  -2.18844914       2.76083589      0.620000005    
        2206  -2.53781199       2.31627107      0.660000026    
        2208  -2.44700789       2.69393635      0.660000026    
        2210  -2.63807654       1.78337741      0.639999986    
        2212  -2.61030006       1.08203185      0.629999995    
        2214  -2.33127880       2.35065913      0.639999986    
        2216  -2.47362995       2.35830069      0.639999986    
        2218  -2.43447232       2.71608496      0.639999986    
        2220  -2.42088032       1.86152542      0.629999995    
        2222  -2.17892957       2.88857388      0.620000005    
        2224  -2.19958401       2.86943388      0.629999995    
        2226  -2.54658175       1.81896639      0.629999995    
        2228  -2.46810675       1.65437412      0.610000014    
        2230  -2.46982908       1.56468248      0.600000024    
        2232  -2.32974672       2.21258950      0.610000014    
        2234  -2.44971967       1.65332389      0.610000014    
        2236  -2.25197530       1.64969301      0.600000024    
        2238  -1.77916527       3.29035735      0.600000024    
        2240  -2.46311140       1.27841198      0.610000014    
        2242  -2.39376020       1.51745760      0.600000024    
        2244  -2.27297497       1.48948407      0.600000024    
        2246  -2.28973937       2.01299238      0.600000024    
        2248  -2.07588673       2.38502288      0.579999983    
        2250  -2.33344865       1.86435509      0.610000014    
        2252  -2.30394602       1.87598646      0.620000005    
        2254  -2.26050305       2.01193643      0.629999995    
        2256  -2.53008032       1.73412049      0.629999995    
        2258  -2.43753958       2.04334402      0.629999995    
        2260  -2.39193034       2.17001247      0.620000005    
        2262  -2.31660628       2.15937829      0.610000014    
        2264  -2.45134783       1.74200761      0.620000005    
        2266  -2.50278449       1.58351827      0.620000005    
        2268  -2.21933675       2.85630941      0.649999976    
        2270  -2.43010998       2.88488483      0.680000007    
        2272  -2.43624926       2.41932487      0.670000017    
        2274  -2.06396961       4.71983814      0.689999998    
        2276  -2.41008091       2.87876320      0.680000007    
        2278  -2.48653054       1.72391152      0.670000017    
        2280  -2.31503654       2.83508778      0.670000017    
        2282  -2.16283154       3.41742897      0.649999976    
        2284  -2.33605838       2.24402690      0.629999995    
        2286  -2.15844321       2.41740751      0.610000014    
        2288  -2.17566967       1.76617742      0.600000024    
        2290  -2.21218729       1.86981559      0.579999983    
        2292  -2.27365851       1.70311165      0.589999974    
        2294  -2.29266810       1.72896743      0.589999974    
        2296  -2.18768930       2.03145003      0.589999974    
        2298  -2.42764044       1.60964572      0.600000024    
        2300  -2.25568295       1.76726711      0.579999983    
        2302  -2.19081783       1.88429034      0.579999983    
        2304  -2.08006239       2.54467201      0.589999974    
        2306  -2.25820231       1.28445458      0.579999983    
        2308  -2.16428995       1.54126966      0.560000002    
        2310  -2.00734138       1.79477108      0.550000012    
        2312  -2.16756725       1.38205230      0.569999993    
        2314  -2.11187887       1.51722610      0.569999993    
        2316  -2.01773977       1.29184043      0.529999971    
        2318  -1.94584095       1.68075311      0.569999993    
        2320  -2.28432202       1.16697979      0.589999974    
        2322  -2.23023438       1.59354544      0.569999993    
        2324  -2.22711205       1.86148286      0.589999974    
        2326  -2.23292756       2.13436127      0.610000014    
        2328  -2.03270769       2.39107180      0.610000014    
        2330  -2.17153716       2.43697309      0.610000014    
        2332  -1.99394822       2.56753302      0.600000024    
        2334  -2.26590395       2.09888101      0.600000024    
        2336  -2.38134599       1.70193958      0.610000014    
        2338  -2.25306630       2.06658792      0.620000005    
        2340  -2.39737511       1.42033803      0.589999974    
        2342  -2.34312057       1.15259397      0.589999974    
        2344  -2.47313452      0.986595094      0.600000024    
        2346  -2.31590986       1.46122599      0.600000024    
        2348  -2.54948306      0.582443297      0.600000024    
        2350  -2.18388700       1.81047106      0.600000024    
        2352  -2.17120218       1.82395971      0.589999974    
        2354  -2.14011550       2.28740788      0.610000014    
        2356  -2.15617752       2.27045345      0.620000005    
        2358  -2.30383086       2.55889702      0.639999986    
        2360  -2.32219338       2.18650174      0.629999995    
        2362  -2.36438084       2.27914214      0.629999995    
        2364  -2.38450742       2.29466939      0.629999995    
        2366  -2.30676675       2.71537757      0.639999986    
        2368  -2.44702625       2.21717262      0.649999976    
        2370  -2.10183883       3.16980886      0.639999986    
        2372  -2.27256942       2.22157693      0.629999995    
        2374  -2.38332844       1.17351198      0.610000014    
        2376  -2.15026212       2.41162848      0.620000005    
        2378  -2.27382565       1.80289245      0.620000005    
        2380  -2.26516843       1.84780645      0.629999995    
        2382  -2.38240743       1.96062076      0.649999976    
        2384  -2.57690787       1.10291100      0.639999986    
        2386  -2.46072459       1.45166278      0.649999976    
        2388  -2.40136242       1.88923645      0.660000026    
        2390  -2.25435925       2.05780840      0.629999995    
        2392  -2.38236141       1.94810081      0.620000005    
        2394  -2.29631543       1.81399798      0.610000014    
        2396  -2.17336321       2.19888115      0.600000024    
        2398  -2.05154920       2.50904942      0.620000005    
        2400  -2.17679191       2.09804654      0.620000005    
        2402  -2.43633056       1.54213369      0.610000014    
        2404  -2.49115610       1.59872425      0.629999995    
        2406  -2.46555972       1.70983374      0.649999976    
        2408  -2.39447546       1.75265968      0.660000026    
        2410  -2.43507004       2.14655852      0.660000026    
        2412  -2.56891370       1.88258505      0.670000017    
        2414  -2.25597739       2.36521602      0.660000026    
        2416  -2.43648148       1.76086748      0.660000026    
        2418  -2.24874544       3.11249185      0.660000026    
        2420  -2.24400592       3.27355409      0.649999976    
        2422  -2.28136921       3.06432271      0.660000026    
        2424  -2.44527507       2.23133373      0.670000017    
        2426  -2.36364841       1.58423555      0.639999986    
        2428  -2.42224026       1.63001633      0.649999976    
        2430  -2.46869969       1.58681488      0.639999986    
        2432  -2.28377914       2.62340331      0.649999976    
        2434  -2.51941180       1.91010916      0.670000017    
        2436  -2.60813880       2.14387083      0.689999998    
        2438  -2.46501970       2.52800035      0.680000007    
        2440  -2.59432507       2.04666829      0.670000017    
        2442  -2.57301450       2.12193394      0.670000017    
        2444  -2.34148359       2.62400484      0.670000017    
        2446  -2.46585226       1.75809276      0.670000017    
        2448  -2.25695086       2.32852674      0.660000026    
        2450  -2.43877530       1.30115664      0.649999976    
        2452  -2.30579472       2.05804348      0.649999976    
        2454  -2.13245463       3.06870914      0.649999976    
        2456  -2.27157903       2.31061316      0.649999976    
        2458  -2.45428753       1.50532484      0.649999976    
        2460  -2.23052192       2.04688668      0.639999986    
        2462  -1.65109158       4.48332548      0.639999986    
        2464  -1.92739904       2.32905698      0.579999983    
        2466  -2.03248215       1.63930678      0.569999993    
        2468  -2.00304103       1.83851147      0.569999993    
        2470  -2.11565065       1.04347157      0.560000002    
        2472  -1.97015643       2.04818153      0.550000012    
        2474  -2.15945339       1.12230730      0.569999993    
        2476  -2.02363873       1.58010960      0.560000002    
        2478  -2.03879285       1.43956566      0.569999993    
        2480  -2.13888693       1.42074800      0.550000012    
        2482  -2.04696178       1.22642267      0.509999990    
        2484  -1.92594397       2.10125446      0.540000021    
        2486  -2.22378349       1.81127119      0.560000002    
        2488  -2.41223431       1.18265033      0.560000002    
        2490  -2.26172996       1.40531242      0.560000002    
        2492  -2.27037144       1.26141775      0.579999983    
        2494  -2.12017250       1.81864727      0.569999993    
        2496  -2.14436603       1.76750934      0.600000024    
        2498  -2.25511289       1.35865211      0.600000024    
        2500  -2.08489227       2.40896392      0.600000024    
        2502  -2.28683853       2.20554733      0.610000014    
        2504  -2.41118956       1.68873203      0.629999995    
        2506  -2.46325254       1.76666403      0.639999986    
        2508  -2.54779053       1.93782663      0.639999986    
        2510  -2.36626887       2.72983050      0.639999986    
        2512  -2.41054511       2.61146832      0.660000026    
        2514  -2.48532629       1.91773725      0.639999986    
        2516  -2.39832830       1.63450575      0.620000005    
        2518  -2.31398916       1.99129236      0.639999986    
        2520  -2.30451369       1.83587110      0.639999986    
        2522  -2.26871157       2.17276454      0.639999986    
        2524  -2.28784013       1.88111615      0.639999986    
        2526  -2.22440434       2.02717257      0.629999995    
        2528  -2.25930858       1.80567300      0.629999995    
        2530  -2.38083744       1.62491047      0.629999995    
        2532  -2.45774007       1.25553668      0.629999995    
        2534  -2.37678409       1.64454341      0.639999986    
        2536  -2.07162571       3.33400488      0.660000026    
        2538  -2.07336140       3.06195831      0.629999995    
        2540  -2.24770761       2.11267066      0.629999995    
        2542  -2.41368175       1.59086561      0.639999986    
        2544  -2.53207517       1.70736408      0.649999976    
        2546  -2.21160221       2.77923059      0.660000026    
        2548  -2.32340193       2.09521270      0.649999976    
        2550  -2.46039057       1.54277492      0.629999995    
        2552  -2.31555915       2.50751567      0.639999986    
        2554  -2.39322019       1.78735459      0.629999995    
        2556  -2.43889165       1.52056837      0.629999995    
        2558  -2.46549201       2.00161910      0.649999976    
        2560  -2.28834200       2.32284069      0.649999976    
        2562  -2.33244109       2.01036692      0.639999986    
        2564  -2.30264473       2.49836755      0.649999976    
        2566  -2.33584118       2.16900706      0.639999986    
        2568  -2.12647986       2.90417194      0.639999986    
        2570  -2.39850307       2.12614632      0.649999976    
        2572  -2.59163809       1.35828829      0.649999976    
        2574  -2.58388042       1.05168843      0.629999995    
        2576  -2.39730239       2.19505215      0.649999976    
        2578  -2.37910175       2.23501420      0.639999986    
        2580  -2.22479320       2.79501748      0.629999995    
        2582  -2.11750317       3.17071605      0.639999986    
        2584  -2.46554399       1.67265940      0.629999995    
        2586  -2.17562485       2.31674170      0.620000005    
        2588  -2.23146963       1.59882390      0.620000005    
        2590  -2.24066734       2.37747073      0.620000005    
        2592  -2.34811711       2.71180701      0.639999986    
        2594  -2.42023635       2.43265581      0.649999976    
        2596  -2.37220120       2.66812325      0.649999976    
        2598  -2.43469381       1.89407527      0.639999986    
        2600  -2.39238000       1.98906350      0.639999986    
        2602  -2.56338668       1.71470177      0.649999976    
        2604  -2.28883982       1.89376366      0.639999986    
        2606  -2.45103908       1.88801324      0.660000026    
        2608  -2.49966502       1.29652727      0.639999986    
        2610  -2.46230936       1.36345816      0.649999976    
        2612  -2.54354095       1.34952033      0.649999976    
        2614  -2.56444573       1.18430793      0.639999986    
        2616  -2.50397897       1.44230711      0.660000026    
        2618  -2.12251353       2.18440676      0.629999995    
        2620  -2.26059771       1.51038015      0.629999995    
        2622  -2.34083438       1.32936931      0.629999995    
        2624  -2.11666751       2.82346511      0.610000014    
        2626  -2.21573067       2.30402040      0.600000024    
        2628  -2.17400408       1.54494202      0.579999983    
        2630  -2.26647043      0.790239573      0.560000002    
        2632  -2.03097701       1.41645586      0.560000002    
        2634  -2.26223397       1.13651717      0.579999983    
        2636  -2.25491738       1.23224020      0.579999983    
        2638  -1.95880616       1.54671574      0.569999993    
        2640  -2.17721534      0.934046447      0.560000002    
        2642  -2.18127584      0.869942844      0.550000012    
        2644  -1.82415581       2.24683309      0.550000012    
        2646  -2.09622288       1.01945317      0.560000002    
        2648  -1.90539193       1.94181204      0.560000002    
        2650  -1.95182979       1.52019501      0.540000021    
        2652  -1.84492087       1.80109417      0.540000021    
        2654  -1.87057912       1.75978315      0.550000012    
        2656  -2.16119337       1.57468081      0.589999974    
        2658  -1.95509207       1.57335067      0.569999993    
        2660  -1.93730462       2.04768944      0.600000024    
        2662  -2.09847116       1.51465225      0.610000014    
        2664  -2.11536646       1.51931226      0.620000005    
        2666  -2.20176530       1.63763070      0.629999995    
        2668  -1.91575837       2.25215387      0.620000005    
        2670  -1.94789255       2.30268145      0.610000014    
        2672  -2.20873833       2.14195895      0.639999986    
        2674  -2.30156684       1.43835413      0.610000014    
        2676  -2.35951138       1.46062291      0.610000014    
        2678  -2.13057399       2.69034433      0.610000014    
        2680  -2.24327612       1.83336747      0.600000024    
        2682  -2.40053105       1.51715100      0.610000014    
        2684  -2.36742115       2.01357913      0.610000014    
        2686  -2.74384618      0.967695892      0.620000005    
        2688  -2.62861085       1.12548637      0.629999995    
        2690  -2.20794487       2.53353763      0.639999986    
        2692  -2.20268798       2.63207054      0.629999995    
        2694  -2.20422530       2.65932655      0.629999995    
        2696  -2.04438066       3.37268901      0.639999986    
        2698  -2.40056467       1.84430802      0.629999995    
        2700  -2.35334682       1.65443718      0.610000014    
        2702  -2.23793054       1.82474411      0.600000024    
        2704  -2.20762229       1.92253280      0.610000014    
        2706  -2.48895693       1.63083899      0.600000024    
        2708  -2.31856990       1.73514915      0.589999974    
        2710  -2.47403312       1.40434098      0.589999974    
        2712  -2.37457180       1.77082014      0.620000005    
        2714  -2.41534567       1.28251636      0.620000005    
        2716  -2.41512775       1.81082320      0.610000014    
        2718  -2.42473316       1.70416248      0.620000005    
        2720  -2.54573512       1.16184616      0.620000005    
        2722  -2.40816092       1.67738414      0.610000014    
        2724  -2.31836128       1.90143919      0.600000024    
        2726  -2.46052265       1.20078909      0.589999974    
        2728  -2.43964338       1.16233385      0.579999983    
        2730  -2.37143588       1.52988291      0.579999983    
        2732  -2.32360911       1.05634344      0.579999983    
        2734  -2.11299276       1.96343434      0.589999974    
        2736  -2.36134791       1.20282292      0.600000024    
        2738  -2.32536769       1.64480567      0.589999974    
        2740  -2.50451255      0.438929349      0.579999983    
        2742  -2.25545549      0.849437535      0.550000012    
        2744  -2.12854624       1.49503040      0.550000012    
        2746  -2.02751637       1.72424567      0.529999971    
        2748  -2.37103534      0.871058643      0.540000021    
        2750  -2.30456018      0.578342795      0.540000021    
        2752  -2.06461811       1.21199584      0.540000021    
        2754  -1.96337104       2.58949614      0.579999983    
        2756  -2.15950346       1.25490344      0.550000012    
        2758  -1.88923419       1.98797476      0.560000002    
        2760  -2.11524439       1.24574542      0.560000002    
        2762  -2.22715950      0.963828146      0.550000012    
        2764  -2.03254294       1.83648574      0.550000012    
        2766  -2.13341379       1.36472356      0.550000012    
        2768  -2.06800675       1.72392857      0.550000012    
        2770  -2.25591278       1.31685042      0.569999993    
        2772  -2.26128578       1.09342134      0.569999993    
        2774  -2.35524106      0.918563485      0.569999993    
        2776  -2.00985932       1.98593247      0.569999993    
        2778  -2.38763475      0.632373512      0.579999983    
        2780  -2.29345751       1.63091159      0.589999974    
        2782  -2.10254240       1.89509749      0.579999983    
        2784  -2.01045704       2.24251223      0.589999974    
        2786  -2.10245728       1.40075302      0.569999993    
        2788  -1.96048987       1.81615674      0.579999983    
        2790  -2.08796000       1.49094892      0.569999993    
        2792  -2.08338857       1.68315792      0.579999983    
        2794  -2.12801766       1.76680982      0.569999993    
        2796  -2.22840285      0.948652804      0.560000002    
        2798  -1.87674129       2.46790028      0.589999974    
        2800  -2.14750361       1.70263314      0.589999974    
        2802  -2.33909059       1.03312361      0.589999974    
        2804  -2.12157488       2.27815819      0.610000014    
        2806  -2.03195238       2.52667856      0.620000005    
        2808  -2.32582998       2.27541852      0.649999976    
        2810  -2.60186553       2.32837844      0.699999988    
        2812  -2.70186472       1.47188270      0.689999998    
        2814  -2.58135509       2.17948365      0.689999998    
        2816  -2.46477079       2.32879210      0.680000007    
        2818  -2.61083961       2.32574773      0.689999998    
        2820  -2.69304347       2.62006593      0.709999979    
        2822  -2.59932232       2.70869136      0.709999979    
        2824  -2.76705432       2.55857944      0.720000029    
        2826  -2.62391424       3.16606975      0.730000019    
        2828  -2.97956491       1.93076622      0.740000010    
        2830  -2.71785140       2.77393126      0.730000019    
        2832  -2.71304393       3.03267002      0.740000010    
        2834  -2.84979057       2.71571493      0.750000000    
        2836  -2.66218925       3.15521622      0.740000010    
        2838  -2.68909907       3.41811419      0.750000000    
        2840  -2.68104291       2.65514207      0.740000010    
        2842  -2.84844804       2.45163965      0.759999990    
        2844  -2.58209968       3.20439124      0.759999990    
        2846  -2.80626607       2.44605517      0.769999981    
        2848  -2.78308630       2.78168201      0.779999971    
        2850  -2.83166432       2.94638872      0.779999971    
        2852  -2.70918918       3.45466590      0.769999981    
        2854  -2.68900466       3.37096691      0.759999990    
        2856  -2.90055227       2.72295737      0.759999990    
        2858  -2.72595954       3.28178501      0.759999990    
        2860  -3.05106378       2.22772217      0.779999971    
        2862  -2.90204024       2.62121272      0.769999981    
        2864  -2.94472551       2.49306655      0.759999990    
        2866  -2.71662712       3.17606950      0.759999990    
        2868  -2.79117489       2.64156151      0.750000000    
        2870  -2.89544582       2.33233452      0.750000000    
        2872  -3.01262116       2.01239729      0.750000000    
        2874  -2.93813205       2.47808194      0.759999990    
        2876  -2.98184657       2.32641554      0.750000000    
        2878  -2.83700228       2.75621176      0.750000000    
        2880  -2.74487710       2.58554268      0.740000010    
        2882  -2.52756214       3.69897389      0.740000010    
        2884  -2.66771626       1.98791182      0.720000029    
        2886  -2.65405393       1.96191192      0.709999979    
        2888  -2.57940769       2.70651865      0.709999979    
        2890  -2.60672069       2.73846579      0.709999979    
        2892  -2.74612784       2.01048136      0.699999988    
        2894  -2.81920195       2.08634591      0.709999979    
        2896  -2.86870193       2.10497570      0.709999979    
        2898  -2.92164946       1.79879308      0.709999979    
        2900  -2.66134787       2.71006203      0.709999979    
        2902  -2.74111176       1.99250007      0.699999988    
        2904  -2.64510417       2.41031814      0.709999979    
        2906  -2.57145953       2.64962149      0.709999979    
        2908  -2.49661851       2.55403709      0.709999979    
        2910  -2.66264725       1.42633247      0.689999998    
        2912  -2.34972692       3.24113274      0.720000029    
        2914  -2.44274592       2.78353024      0.709999979    
        2916  -2.61933970       1.99177134      0.699999988    
        2918  -2.78663516       1.47708416      0.689999998    
        2920  -2.74867558       1.77411592      0.699999988    
        2922  -2.67188549       2.53889227      0.709999979    
        2924  -2.83660722       1.59854865      0.689999998    
        2926  -2.69988942       1.98223364      0.689999998    
        2928  -2.66874933       2.27814221      0.689999998    
        2930  -2.66079974       2.34517717      0.689999998    
        2932  -2.63642740       2.06679797      0.680000007    
        2934  -2.71198273       1.55142772      0.660000026    
        2936  -2.63692427       1.76969111      0.649999976    
        2938  -2.53000498       2.37796187      0.660000026    
        2940  -2.32276917       2.66443872      0.660000026    
        2942  -2.55000114       1.36920714      0.649999976    
        2944  -2.39460969       2.50937939      0.660000026    
        2946  -2.39902711       2.51342177      0.649999976    
        2948  -2.27910829       2.83056045      0.649999976    
        2950  -2.45398569       1.87779641      0.639999986    
        2952  -2.46077776       2.13367105      0.649999976    
        2954  -2.46318102       1.87962520      0.629999995    
        2956  -2.58435106       1.33220458      0.629999995    
        2958  -2.52772903       2.11704016      0.639999986    
        2960  -2.32230687       3.07591200      0.649999976    
        2962  -2.60384679       1.72359049      0.660000026    
        2964  -2.49181271       2.38745475      0.660000026    
        2966  -2.72066045       1.31633699      0.660000026    
        2968  -2.54439807       1.68459189      0.660000026    
        2970  -2.50244308       2.04129958      0.660000026    
        2972  -2.42442775       1.92252457      0.649999976    
        2974  -2.44592857       1.86733305      0.639999986    
        2976  -2.42367673       1.62427258      0.649999976    
        2978  -2.25055933       2.21284914      0.639999986    
        2980  -2.12755632       2.72004795      0.639999986    
        2982  -2.45451403       1.91469407      0.639999986    
        2984  -2.52677822       1.55503392      0.639999986    
        2986  -2.29807496       1.96266186      0.639999986    
        2988  -2.26305199       1.94940698      0.620000005    
        2990  -2.17782545       1.96508408      0.639999986    
        2992  -2.43350554       1.34808028      0.639999986    
        2994  -2.32186031       2.15670609      0.639999986    
        2996  -2.29895782       2.07621503      0.639999986    
        2998  -2.37504816       1.51499772      0.629999995    
        3000  -2.14321613       2.29428697      0.629999995    
        3002  -1.76331556       3.53675461      0.629999995    
        3004  -1.99810016       3.17203569      0.639999986    
        3006  -2.42431021       2.07875443      0.649999976    
        3008  -2.31027770       2.13897777      0.639999986    
        3010  -2.17667675       2.58053207      0.629999995    
        3012  -2.12566733       2.20002031      0.600000024    
        3014  -2.29436898       1.62477994      0.589999974    
        3016  -2.33159208       1.50229597      0.600000024    
        3018  -2.28647923       1.83105838      0.600000024    
        3020  -2.30736399       1.78959560      0.610000014    
        3022  -2.26525259       1.77930534      0.610000014    
        3024  -2.27233315       1.58115101      0.600000024    
        3026  -1.97556722       2.79254460      0.579999983    
        3028  -2.24373984       1.56845868      0.579999983    
        3030  -2.36460733       1.02910638      0.589999974    
        3032  -2.02032495       1.71050906      0.589999974    
        3034  -2.19474530       1.92537200      0.600000024    
        3036  -2.48140764       1.18910265      0.610000014    
        3038  -2.25750828       1.24918520      0.600000024    
        3040  -2.15400028       1.18788075      0.569999993    
        3042  -2.18611383       1.26650381      0.579999983    
        3044  -2.15144801       1.38273787      0.579999983    
        3046  -2.26112676       1.37660372      0.589999974    
        3048  -2.08813095       2.02097249      0.589999974    
        3050  -2.12927794       1.98685491      0.600000024    
        3052  -2.23138666       1.91367245      0.620000005    
        3054  -2.23496485       2.02418756      0.629999995    
        3056  -2.27491093       1.74505424      0.629999995    
        3058  -2.24817228       1.93550515      0.629999995    
        3060  -2.46594071      0.858786285      0.629999995    
        3062  -2.29653430       1.43912041      0.610000014    
        3064  -2.50011539       1.14527917      0.620000005    
        3066  -2.64414930       1.18937385      0.629999995    
        3068  -2.39883971       1.94010377      0.610000014    
        3070  -2.17867017       2.42373872      0.610000014    
        3072  -2.10388112       2.96519613      0.610000014    
        3074  -2.20828772       2.19914031      0.600000024    
        3076  -2.44636798       1.10472620      0.589999974    
        3078  -2.34721041       1.17842090      0.569999993    
        3080  -2.14875031       1.54225135      0.540000021    
        3082  -2.15814662       1.78362811      0.560000002    
        3084  -2.27485180      0.775474191      0.550000012    
        3086  -2.01418710       1.24216795      0.540000021    
        3088  -2.18510556      0.842136145      0.540000021    
        3090  -2.01922488       1.07968378      0.529999971    
        3092  -1.91831326       2.06811380      0.550000012    
        3094  -1.91475260       1.42755985      0.529999971    
        3096  -2.05998850      0.980071425      0.529999971    
        3098  -2.12988305      0.828565300      0.519999981    
        3100  -2.15483403      0.964393497      0.519999981    
        3102  -1.95382226       1.14347219      0.519999981    
        3104  -1.78050089       1.71524370      0.519999981    
        3106  -1.81181765       1.38671577      0.509999990    
        3108  -1.78091848       1.55973017      0.529999971    
        3110  -2.09290075      0.655605555      0.540000021    
        3112  -1.82597852       1.45023358      0.529999971    
        3114  -2.02324057       1.35364056      0.550000012    
        3116  -2.04497099      0.825616777      0.550000012    
        3118  -2.07548141      0.962158501      0.550000012    
        3120  -2.01931334       1.08500421      0.550000012    
        3122  -1.89042997       2.19548917      0.550000012    
        3124  -2.03688622       1.01088607      0.529999971    
        3126  -1.91509402       1.16199780      0.529999971    
        3128  -1.90225112       1.27068293      0.509999990    
        3130  -1.89584291       1.02472043      0.490000010    
        3132  -1.70147657       1.43656504      0.490000010    
        3134  -2.02572942       1.03009176      0.509999990    
        3136  -1.99384224       1.44013810      0.509999990    
        3138  -1.97813654       1.15393209      0.500000000    
        3140  -1.78607118       1.57314467      0.490000010    
        3142  -2.01596546       1.55262315      0.500000000    
        3144  -2.06555915       1.41465926      0.519999981    
        3146  -1.84395361       2.03519320      0.509999990    
        3148  -2.10572672       1.21317112      0.500000000    
        3150  -2.02179146       1.21214819      0.519999981    
        3152  -1.77210176       1.65601051      0.519999981    
        3154  -1.73215306       2.25013161      0.550000012    
        3156  -1.76188016       2.14572692      0.560000002    
        3158  -1.89183843       2.14072990      0.569999993    
        3160  -2.19678617       1.28833091      0.569999993    
        3162  -2.00303149       2.01614046      0.579999983    
        3164  -2.26961112       1.76591074      0.589999974    
        3166  -2.23391342       1.64808035      0.589999974    
        3168  -2.11221766       1.88021803      0.589999974    
        3170  -2.27308989       1.42716992      0.589999974    
        3172  -2.01036787       1.97380173      0.550000012    
        3174  -2.21526098       1.91358078      0.579999983    
        3176  -2.28910136       1.66013527      0.579999983    
        3178  -2.44028592       1.33764148      0.589999974    
        3180  -2.43134999       1.33904612      0.589999974    
        3182  -2.33343172       1.04008162      0.579999983    
        3184  -2.25587153       1.39843905      0.579999983    
        3186  -2.33527613      0.958061159      0.569999993    
        3188  -2.47415423       1.00459433      0.600000024    
        3190  -2.11622548       1.88218391      0.589999974    
        3192  -2.28275418       1.05401134      0.579999983    
        3194  -2.16751266       2.18851161      0.600000024    
        3196  -2.23886037       2.08917594      0.600000024    
        3198  -2.38018036       1.31225920      0.600000024    
        3200  -2.39109945      0.686151803      0.589999974    
        3202  -2.35960078      0.515795350      0.569999993    
        3204  -2.31591392      0.806894779      0.560000002    
        3206  -2.19411731       1.21181071      0.560000002    
        3208  -2.36488605      0.902995288      0.560000002    
        3210  -2.10165858       1.84070241      0.569999993    
        3212  -2.36305571       1.56343162      0.569999993    
        3214  -2.43593431       1.37045860      0.579999983    
        3216  -2.24435139       1.43241119      0.589999974    
        3218  -2.18846726       2.32026672      0.620000005    
        3220  -2.00356555       3.27862954      0.600000024    
        3222  -2.12779307       2.39908910      0.600000024    
        3224  -2.22298932       2.17971635      0.589999974    
        3226  -2.50785279       1.32939696      0.600000024    
        3228  -2.19383764       2.03406787      0.610000014    
        3230  -2.45747542       1.56059599      0.610000014    
        3232  -2.47452784       1.58157206      0.610000014    
        3234  -2.31079936       2.14084196      0.620000005    
        3236  -2.35210896       1.92883348      0.629999995    
        3238  -2.42786837       2.34909201      0.649999976    
        3240  -2.44618559       2.71859717      0.660000026    
        3242  -2.49130797       1.44253623      0.649999976    
        3244  -2.55919623       1.82057881      0.680000007    
        3246  -2.84330368       1.46591902      0.680000007    
        3248  -2.73240018       1.93355894      0.689999998    
        3250  -2.68391824       1.72149932      0.670000017    
        3252  -2.46790767       1.82915103      0.649999976    
        3254  -2.11181545       3.37535906      0.660000026    
        3256  -2.30479956       2.47457933      0.670000017    
        3258  -2.55546069       1.64251482      0.670000017    
        3260  -2.29868436       3.01461697      0.670000017    
        3262  -2.67807889      0.848813355      0.660000026    
        3264  -2.30991602       2.43396020      0.649999976    
        3266  -2.23354983       2.41426301      0.649999976    
        3268  -2.42102790       2.04312611      0.649999976    
        3270  -2.69873977       1.55433047      0.680000007    
        3272  -2.65364170       1.60648084      0.660000026    
        3274  -2.60406923       1.29211020      0.639999986    
        3276  -2.45454931       1.74236202      0.629999995    
        3278  -2.35730886       2.22643185      0.649999976    
        3280  -2.24347115       2.71125531      0.649999976    
        3282  -2.40507436       1.85770833      0.639999986    
        3284  -2.23192525       2.10755014      0.629999995    
        3286  -2.34976125       2.21340275      0.660000026    
        3288  -2.52360463       1.68410015      0.660000026    
        3290  -2.16120744       3.79826784      0.660000026    
        3292  -2.11874533       3.43812156      0.649999976    
        3294  -2.19261503       2.52672243      0.639999986    
        3296  -2.22461987       2.36099815      0.639999986    
        3298  -2.28288913       2.01403356      0.629999995    
        3300  -2.53844953       1.53670371      0.629999995    
        3302  -2.38314819       1.71579409      0.610000014    
        3304  -2.08416677       2.44567132      0.600000024    
        3306  -2.50240469      0.906934679      0.620000005    
        3308  -2.47983217      0.984925151      0.629999995    
        3310  -2.37578583       1.97666180      0.620000005    
        3312  -2.30241418       1.77072740      0.620000005    
        3314  -2.33371973       1.74361682      0.629999995    
        3316  -2.38146400       1.66858673      0.620000005    
        3318  -2.20550108       3.61166716      0.649999976    
        3320  -2.44834661       2.42673945      0.649999976    
        3322  -2.62252784       1.48272276      0.670000017    
        3324  -2.63516736       1.56531179      0.670000017    
        3326  -2.41086316       2.65526748      0.670000017    
        3328  -2.44422603       2.32859993      0.660000026    
        3330  -2.42616725       2.24002171      0.660000026    
        3332  -2.38997340       2.29318237      0.660000026    
        3334  -2.29692912       2.50748873      0.670000017    
        3336  -2.42175436       1.49829555      0.649999976    
        3338  -2.40601850       1.53772187      0.639999986    
        3340  -2.38802600       1.48667133      0.629999995    
        3342  -2.23029017       2.70281148      0.649999976    
        3344  -2.25470757       2.68584156      0.649999976    
        3346  -2.42990041       1.81292129      0.629999995    
        3348  -2.38407683       1.83229232      0.629999995    
        3350  -2.37002468       2.37420321      0.649999976    
        3352  -2.47923803       2.01943779      0.639999986    
        3354  -2.44460130       2.49163675      0.639999986    
        3356  -2.32649565       2.99324632      0.639999986    
        3358  -2.35115981       2.24182391      0.620000005    
        3360  -2.54600143       1.02163637      0.620000005    
        3362  -2.50119281       1.48515689      0.629999995    
        3364  -2.52008677       1.52024901      0.639999986    
        3366  -2.49360371       1.37099206      0.639999986    
        3368  -2.24759889       2.50270581      0.649999976    
        3370  -2.31934142       1.83914649      0.629999995    
        3372  -2.52752566       1.19626677      0.620000005    
        3374  -2.47336674       1.02256632      0.589999974    
        3376  -2.23391390       1.67360973      0.579999983    
        3378  -2.43194485       1.08431232      0.600000024    
        3380  -2.10889077       2.17753530      0.589999974    
        3382  -2.49306011      0.709458411      0.600000024    
        3384  -2.26657271       1.28329253      0.579999983    
        3386  -2.16023707       2.14135242      0.600000024    
        3388  -1.91546738       3.38521528      0.600000024    
        3390  -2.07616496       3.02310491      0.610000014    
        3392  -2.18179870       2.53886628      0.589999974    
        3394  -1.98522353       2.56010962      0.589999974    
        3396  -2.11417174       2.39126086      0.620000005    
        3398  -2.25215316       2.35998106      0.629999995    
        3400  -2.31227589       2.06276107      0.639999986    
        3402  -2.20479155       2.51145673      0.639999986    
        3404  -2.49273205       1.73124504      0.649999976    
        3406  -2.27583194       2.49013352      0.649999976    
        3408  -2.28955865       2.25619221      0.649999976    
        3410  -2.33125281       2.22222924      0.660000026    
        3412  -2.43923140       1.86923349      0.680000007    
        3414  -2.27261925       2.34394073      0.680000007    
        3416  -2.08830166       3.37554765      0.680000007    
        3418  -2.23605514       3.42780232      0.689999998    
        3420  -2.31271458       3.06596541      0.680000007    
        3422  -2.21908879       3.16875958      0.689999998    
        3424  -2.19042301       3.49625468      0.699999988    
        3426  -2.44291425       2.49167657      0.670000017    
        3428  -2.30166578       2.65512156      0.660000026    
        3430  -2.26395059       2.93747330      0.670000017    
        3432  -2.48154092       1.85020328      0.660000026    
        3434  -2.36522913       1.70801210      0.639999986    
        3436  -2.43433833       1.81816697      0.649999976    
        3438  -2.40686274       1.66133022      0.629999995    
        3440  -2.50300121      0.850494206      0.620000005    
        3442  -2.08972335       2.25038838      0.610000014    
        3444  -1.85116088       2.99432111      0.600000024    
        3446  -1.89124787       2.56659007      0.600000024    
        3448  -2.04383707       1.76901090      0.579999983    
        3450  -2.11549544       2.20563030      0.589999974    
        3452  -2.21111441       1.80734336      0.579999983    
        3454  -2.38778472       1.28651309      0.569999993    
        3456  -2.29060340       1.90788662      0.589999974    
        3458  -2.33275390      0.973981798      0.589999974    
        3460  -2.43986392       1.24991930      0.610000014    
        3462  -2.29128647       1.19868445      0.610000014    
        3464  -2.37224269      0.974234581      0.610000014    
        3466  -2.30497146       1.58678007      0.610000014    
        3468  -2.52167130       1.54076767      0.620000005    
        3470  -2.42692828       1.42451560      0.610000014    
        3472  -2.23144102       2.03750563      0.610000014    
        3474  -2.23727703       1.89420450      0.620000005    
        3476  -2.63982129      0.786067605      0.620000005    
        3478  -2.30428100       2.07373309      0.620000005    
        3480  -2.09344268       2.01306248      0.600000024    
        3482  -2.03310418       2.20643783      0.589999974    
        3484  -2.36867118       1.15951478      0.589999974    
        3486  -2.07965827       2.16711807      0.569999993    
        3488  -2.22551703       1.71920991      0.610000014    
        3490  -2.16908050       1.76486087      0.610000014    
        3492  -2.22340751       1.95958662      0.610000014    
        3494  -2.37164712       2.48107004      0.639999986    
        3496  -2.55361509       1.76911855      0.649999976    
        3498  -2.42695093       2.18434453      0.670000017    
        3500  -2.53097320       1.66544437      0.680000007    
        3502  -2.29684258       2.59792876      0.680000007    
        3504  -2.46659327       2.05795097      0.670000017    
        3506  -2.56140614       1.79380214      0.680000007    
        3508  -2.71822691      0.870726824      0.680000007    
        3510  -2.67194438      0.998462439      0.680000007    
        3512  -2.74461699      0.926081657      0.670000017    
        3514  -2.29465747       2.57384706      0.680000007    
        3516  -2.25226712       2.42617869      0.670000017    
        3518  -2.50053144       1.41716778      0.660000026    
        3520  -2.46094179       1.53695560      0.649999976    
        3522  -2.52019382       1.70853007      0.629999995    
        3524  -2.22080421       2.52589893      0.639999986    
        3526  -2.25962090       1.78694451      0.629999995    
        3528  -2.26164961       1.64454985      0.639999986    
        3530  -2.25262761       2.15086770      0.629999995    
        3532  -2.62314939       1.41158259      0.670000017    
        3534  -2.59981155       1.79361439      0.670000017    
        3536  -2.52789164       1.31631124      0.660000026    
        3538  -2.56606388       1.65837586      0.670000017    
        3540  -2.55781937       2.39245963      0.660000026    
        3542  -2.53667426       2.28166270      0.670000017    
        3544  -2.40720201       2.80206156      0.670000017    
        3546  -2.83581734       1.42380273      0.670000017    
        3548  -2.65424633       1.51039243      0.660000026    
        3550  -2.65938520       1.63110638      0.660000026    
        3552  -2.52925944       2.38658452      0.680000007    
        3554  -2.60726905       2.45728636      0.689999998    
        3556  -2.66363335       2.35429120      0.699999988    
        3558  -2.76276994       2.10821652      0.689999998    
        3560  -2.78155422      0.944382548      0.680000007    
        3562  -2.70907450       1.36958003      0.680000007    
        3564  -2.68457603       1.77711797      0.680000007    
        3566  -2.67065191       2.48797250      0.689999998    
        3568  -2.73315001       2.10193920      0.699999988    
        3570  -2.72017932       2.02510762      0.699999988    
        3572  -2.71107292       2.47339511      0.699999988    
        3574  -2.73965836       2.11736274      0.699999988    
        3576  -2.82043266       1.95152390      0.699999988    
        3578  -2.78265285       1.85998988      0.699999988    
        3580  -2.70418644       2.15116835      0.709999979    
        3582  -2.77613139       1.92767715      0.699999988    
        3584  -2.57145977       3.39502692      0.709999979    
        3586  -2.75026751       2.42446375      0.709999979    
        3588  -3.00427127       1.27873278      0.720000029    
        3590  -2.62736988       2.82670522      0.730000019    
        3592  -2.57374263       3.40370154      0.720000029    
        3594  -2.88402176       2.54051661      0.730000019    
        3596  -2.78643775       2.73649359      0.730000019    
        3598  -2.70673871       2.74684787      0.720000029    
        3600  -2.51749754       2.72728682      0.699999988    
        3602  -2.58138990       2.68818331      0.699999988    
        3604  -2.76200819       2.23242617      0.709999979    
        3606  -2.72077107       2.14996648      0.689999998    
        3608  -2.61728859       2.40899301      0.689999998    
        3610  -2.54024696       2.58310485      0.689999998    
        3612  -2.47556305       3.06629324      0.709999979    
        3614  -2.56014967       3.23304248      0.709999979    
        3616  -2.52002096       3.52042437      0.730000019    
        3618  -2.65695286       2.82713771      0.720000029    
        3620  -2.48508191       2.54474044      0.709999979    
        3622  -2.36110282       2.67989397      0.699999988    
        3624  -2.43912649       1.73539233      0.680000007    
        3626  -2.65673494       1.99691415      0.680000007    
        3628  -2.67685723       1.59013915      0.670000017    
        3630  -2.63683510       1.45803320      0.670000017    
        3632  -2.59995937       1.44216061      0.670000017    
        3634  -2.47692919       1.86483824      0.649999976    
        3636  -2.31262159       2.75160408      0.670000017    
        3638  -2.45405912       1.86793983      0.660000026    
        3640  -2.25643659       2.37371850      0.670000017    
        3642  -2.38401842       2.29667163      0.670000017    
        3644  -2.45962977       1.76452923      0.670000017    
        3646  -2.46221447       1.97597754      0.670000017    
        3648  -2.33880424       2.18123603      0.670000017    
        3650  -2.55024743       1.72730625      0.670000017    
        3652  -2.35560918       2.51580262      0.660000026    
        3654  -2.20549798       2.78152132      0.649999976    
        3656  -2.46754098       1.76301003      0.649999976    
        3658  -2.33089399       2.01270247      0.639999986    
        3660  -2.30524206       1.38357520      0.639999986    
        3662  -2.51320338      0.910053134      0.639999986    
        3664  -2.37878680       1.33696938      0.610000014    
        3666  -2.57930565      0.627682626      0.600000024    
        3668  -2.31945920       1.52864957      0.600000024    
        3670  -1.86769783       2.88613176      0.600000024    
        3672  -2.11605740       1.63278127      0.579999983    
        3674  -2.11430597       1.81146932      0.579999983    
        3676  -2.20971251       1.65156651      0.589999974    
        3678  -2.24663782       1.83703411      0.610000014    
        3680  -2.26745605       1.71813989      0.629999995    
        3682  -2.24423027       1.54401755      0.610000014    
        3684  -2.39962864      0.841551244      0.600000024    
        3686  -2.37518358       1.29343319      0.620000005    
        3688  -2.44559622      0.769010305      0.600000024    
        3690  -2.26190066       1.40766227      0.589999974    
        3692  -2.22754669       1.66320169      0.589999974    
        3694  -2.28839111       1.27622938      0.589999974    
        3696  -2.31493497       1.55919802      0.589999974    
        3698  -2.31087565       1.30540156      0.579999983    
        3700  -2.45151448      0.866596103      0.600000024    
        3702  -2.33641219       1.37327623      0.600000024    
        3704  -2.24697638       1.68522787      0.600000024    
        3706  -2.38413811      0.802887499      0.589999974    
        3708  -2.25308800       1.40189123      0.579999983    
        3710  -2.16889119       1.93510568      0.579999983    
        3712  -2.26107669       1.89505196      0.579999983    
        3714  -2.29953098       1.98519683      0.600000024    
        3716  -2.25326729       1.81975949      0.579999983    
        3718  -2.10490704       2.19462633      0.589999974    
        3720  -2.23776865       1.25830531      0.579999983    
        3722  -2.08637190       2.26694179      0.589999974    
        3724  -2.25026464       1.34350300      0.589999974    
        3726  -2.32289219       1.06869888      0.579999983    
        3728  -2.14106750       2.04249024      0.589999974    
        3730  -2.17031193       1.86482191      0.589999974    
        3732  -2.27565742       1.51690185      0.579999983    
        3734  -2.27239251       1.40569735      0.579999983    
        3736  -2.04916859       2.05508280      0.589999974    
        3738  -2.27007198       1.15071189      0.600000024    
        3740  -2.23724747       2.07523942      0.610000014    
        3742  -2.39675331       1.64674783      0.639999986    
        3744  -2.49831581       1.69696510      0.649999976    
        3746  -2.41957521       1.74927998      0.629999995    
        3748  -2.44530272       1.66390002      0.620000005    
        3750  -2.35811257       1.38229668      0.610000014    
        3752  -2.24386859       1.63601220      0.610000014    
        3754  -2.34986472       1.48976409      0.610000014    
        3756  -2.15060425       2.28874826      0.620000005    
        3758  -2.20062089       2.27952909      0.639999986    
        3760  -2.35140157       1.43837500      0.639999986    
        3762  -2.12939167       2.40313101      0.629999995    
        3764  -2.50868559      0.903463960      0.629999995    
        3766  -2.33035374       1.61232436      0.629999995    
        3768  -2.34058237       1.39154434      0.629999995    
        3770  -2.28222060       1.63820004      0.620000005    
        3772  -2.28490400       1.64217806      0.610000014    
        3774  -2.28490210       1.45387483      0.620000005    
        3776  -2.14280486       2.67436028      0.629999995    
        3778  -2.26062942       2.10802388      0.639999986    
        3780  -2.31890583       2.56962466      0.639999986    
        3782  -2.43580747       1.64367282      0.629999995    
        3784  -2.48453951       1.74405169      0.649999976    
        3786  -2.45935369       1.92077541      0.660000026    
        3788  -2.63464856       1.09849834      0.649999976    
        3790  -2.47375703       1.62431324      0.660000026    
        3792  -2.46702504       1.37541211      0.649999976    
        3794  -2.35348344       1.72018683      0.639999986    
        3796  -2.19725561       2.32336187      0.629999995    
        3798  -2.35982037       2.14765477      0.660000026    
        3800  -2.31413746       1.76737940      0.629999995    
        3802  -2.41899872       1.51631224      0.629999995    
        3804  -2.26289749       1.87472796      0.629999995    
        3806  -2.43599415       1.57200491      0.629999995    
        3808  -2.42519307       1.79011071      0.639999986    
        3810  -2.58053493       2.35229278      0.670000017    
        3812  -2.58711433       2.35949969      0.680000007    
        3814  -2.71149325       1.53483307      0.680000007    
        3816  -2.60737252       1.46490860      0.660000026    
        3818  -2.56262279       1.62027228      0.660000026    
        3820  -2.50617886       2.03585720      0.649999976    
        3822  -2.35881567       2.69980216      0.649999976    
        3824  -2.51397491       2.74610591      0.680000007    
        3826  -2.58165646       2.06055880      0.660000026    
        3828  -2.45651579       2.42403769      0.649999976    
        3830  -2.51716328       2.13868999      0.649999976    
        3832  -2.64642620       1.73094034      0.649999976    
        3834  -2.40399837       3.00410938      0.660000026    
        3836  -2.46483994       2.45485568      0.689999998    
        3838  -2.31295633       3.19649196      0.680000007    
        3840  -2.34571147       3.32829809      0.689999998    
        3842  -2.06327701       3.49100542      0.680000007    
        3844  -2.36048698       2.50224280      0.680000007    
        3846  -2.38960195       2.42288470      0.680000007    
        3848  -2.65973735       1.33590674      0.680000007    
        3850  -2.51498675       1.68452430      0.670000017    
        3852  -2.34313130       2.11941242      0.660000026    
        3854  -2.49729800       1.72610366      0.670000017    
        3856  -2.49873948       1.62553287      0.660000026    
        3858  -2.65381432       1.08829880      0.670000017    
        3860  -2.55084753       1.55239916      0.670000017    
        3862  -2.46803069       1.99708402      0.680000007    
        3864  -2.50148821       2.41256499      0.689999998    
        3866  -2.68248200       1.39783835      0.689999998    
        3868  -2.51979589       2.11879897      0.680000007    
        3870  -2.47009563       1.85656881      0.680000007    
        3872  -2.44268966       2.65893126      0.709999979    
        3874  -2.38175797       3.06289697      0.720000029    
        3876  -2.74771118       1.45230043      0.709999979    
        3878  -2.61227226       2.05978751      0.699999988    
        3880  -2.61331773       2.33825731      0.699999988    
        3882  -2.59749103       2.26999712      0.709999979    
        3884  -2.55812430       2.22387004      0.699999988    
        3886  -2.53680253       2.20233607      0.720000029    
        3888  -2.72896385       1.24690223      0.699999988    
        3890  -2.42312407       2.66642022      0.699999988    
        3892  -2.54756212       2.13350606      0.689999998    
        3894  -2.61355639       2.50523472      0.699999988    
        3896  -2.73055077       2.04818058      0.720000029    
        3898  -2.56473064       2.27884173      0.699999988    
        3900  -2.63879108       2.44189215      0.689999998    
        3902  -2.71218014       1.76217663      0.689999998    
        3904  -2.79289007       1.29995096      0.689999998    
        3906  -2.60655808       1.81588352      0.680000007    
        3908  -2.65161324       1.27846432      0.660000026    
        3910  -2.50121593       2.05694985      0.660000026    
        3912  -2.51658535       1.99110103      0.639999986    
        3914  -2.47966719       1.93460202      0.639999986    
        3916  -2.36577392       2.49295998      0.649999976    
        3918  -2.38824916       2.29846191      0.649999976    
        3920  -2.21924615       2.38721943      0.620000005    
        3922  -2.61556363       1.14064991      0.639999986    
        3924  -2.26634049       2.15443540      0.639999986    
        3926  -2.31170917       2.38871598      0.629999995    
        3928  -2.34214711       1.95202351      0.620000005    
        3930  -2.25892329       1.70907211      0.600000024    
        3932  -2.17757130       2.01706409      0.610000014    
        3934  -2.05772233       2.05925632      0.600000024    
        3936  -2.28761768       1.54567957      0.610000014    
        3938  -2.26604438       1.42755127      0.610000014    
        3940  -2.51308227      0.683456600      0.610000014    
        3942  -2.50433564       1.26538289      0.610000014    
        3944  -2.28532767       1.40640032      0.589999974    
        3946  -2.11192799       2.07232451      0.579999983    
        3948  -2.45322752       1.89974606      0.620000005    
        3950  -2.54188514       2.02048469      0.629999995    
        3952  -2.54349947       2.01174307      0.649999976    
        3954  -2.51830983       2.24838853      0.660000026    
        3956  -2.54051590       2.06462336      0.660000026    
        3958  -2.58946180       2.19465470      0.660000026    
        3960  -2.37429047       2.22268391      0.639999986    
        3962  -2.44670248       2.32575369      0.639999986    
        3964  -2.53070712       2.58088446      0.680000007    
        3966  -2.75309038       1.30879176      0.680000007    
        3968  -2.53220034       2.32810998      0.689999998    
        3970  -2.62506914       1.91894674      0.680000007    
        3972  -2.56743193       2.16547370      0.670000017    
        3974  -2.62195754       1.31186712      0.670000017    
        3976  -2.54668784       1.64079905      0.670000017    
        3978  -2.48756170       1.73248696      0.660000026    
        3980  -2.50264668       2.19779944      0.680000007    
        3982  -2.42138386       2.91557956      0.699999988    
        3984  -2.35719490       2.75453281      0.699999988    
        3986  -2.50388527       2.23899817      0.689999998    
        3988  -2.55931520       2.01726079      0.660000026    
        3990  -2.39261198       2.37397599      0.649999976    
        3992  -2.07564783       2.77173281      0.629999995    
        3994  -2.38600087       1.67447436      0.620000005    
        3996  -2.20679784       3.05011749      0.620000005    
        3998  -2.25875616       2.11365008      0.610000014    
        4000  -2.22700787       1.81275690      0.610000014    
        4002  -2.45366812       1.16717863      0.629999995    
        4004  -2.40723705       1.87885928      0.639999986    
        4006  -2.34880853       2.22365975      0.670000017    
        4008  -2.19116068       2.74318862      0.649999976    
        4010  -2.33143926       2.73328948      0.649999976    
        4012  -2.30495524       2.07769275      0.649999976    
        4014  -2.30063820       2.72468948      0.670000017    
        4016  -2.51925683       1.47672117      0.649999976    
        4018  -2.37570858       2.19134808      0.649999976    
        4020  -2.68290973       1.41037452      0.660000026    
        4022  -2.25134444       2.93318844      0.649999976    
        4024  -2.29058886       2.91524172      0.660000026    
        4026  -2.35798216       2.24231911      0.639999986    
        4028  -2.19050908       2.55767703      0.620000005    
        4030  -2.20516443       1.70729017      0.610000014    
        4032  -2.08722425       2.08555174      0.610000014    
        4034  -1.95126998       2.22001553      0.600000024    
        4036  -2.08864808       2.07211757      0.600000024    
        4038  -2.03975272       2.28091860      0.579999983    
        4040  -2.08299112       2.24677062      0.589999974    
        4042  -2.11303115       1.57709801      0.589999974    
        4044  -2.18145752       1.73322880      0.579999983    
        4046  -2.16148615       1.89967716      0.589999974    
        4048  -2.26407290       1.05291319      0.589999974    
        4050  -2.35298920       1.30913448      0.579999983    
        4052  -2.19242024       1.56893265      0.579999983    
        4054  -2.34825110       1.35081720      0.589999974    
        4056  -2.09916210       2.22303820      0.600000024    
        4058  -2.11630869       1.70878148      0.589999974    
        4060  -2.11986136       1.32582200      0.579999983    
        4062  -2.13595796       1.06619346      0.560000002    
        4064  -2.12697005       1.29552996      0.550000012    
        4066  -2.04828429       1.35850382      0.550000012    
        4068  -1.94488192       1.54452193      0.560000002    
        4070  -2.26270747      0.754304469      0.569999993    
        4072  -2.09475493       1.47897077      0.569999993    
        4074  -1.75115550       2.59951282      0.569999993    
        4076  -1.97195983       2.20690322      0.569999993    
        4078  -2.02313280       1.35378349      0.550000012    
        4080  -1.86785555       1.73468745      0.550000012    
        4082  -2.03220630      0.885052502      0.529999971    
        4084  -2.10439634      0.988056421      0.529999971    
        4086  -2.04828405      0.972135842      0.519999981    
        4088  -2.12071800       1.23486388      0.550000012    
        4090  -1.99589443       2.02735043      0.569999993    
        4092  -1.96253395       1.73953187      0.579999983    
        4094  -2.03997135       1.51542854      0.569999993    
        4096  -1.89357138       1.95008183      0.569999993    
        4098  -2.34782815      0.853560805      0.569999993    
        4100  -2.02210665       1.71056569      0.560000002    
        4102  -2.31202197      0.820504010      0.560000002    
        4104  -2.07213402       1.55190158      0.569999993    
        4106  -2.09456992       1.32576072      0.560000002    
        4108  -2.33103776       1.64660096      0.569999993    
        4110  -2.43366218       1.13745320      0.560000002    
        4112  -2.02585053       2.18093252      0.560000002    
        4114  -2.04906392       2.37872434      0.579999983    
        4116  -2.05689073       2.79763436      0.610000014    
        4118  -2.10811162       1.78726304      0.589999974    
        4120  -2.10654974       1.48130274      0.569999993    
        4122  -2.26892066      0.912037075      0.560000002    
        4124  -2.16202307      0.559607983      0.540000021    
        4126  -2.06928253      0.539595723      0.519999981    
        4128  -2.03831673      0.834633827      0.540000021    
        4130  -2.11654973       1.44046283      0.569999993    
        4132  -1.91581225       1.72354615      0.579999983    
        4134  -1.99160659       1.34508288      0.569999993    
        4136  -2.06583095       1.64842594      0.589999974    
        4138  -2.17537546       1.43870449      0.589999974    
        4140  -1.99956512       1.72335327      0.569999993    
        4142  -2.17096901      0.846467495      0.569999993    
        4144  -2.14058685       1.14407074      0.569999993    
        4146  -2.20837522       1.92459202      0.589999974    
        4148  -2.17486453       1.35898340      0.589999974    
        4150  -2.18253016       1.55757546      0.600000024    
        4152  -2.18530059       1.80576980      0.610000014    
        4154  -2.22581768       1.74874890      0.600000024    
        4156  -2.15343428       2.06406713      0.589999974    
        4158  -2.32899046       1.79710126      0.589999974    
        4160  -2.34084916       2.12945342      0.610000014    
        4162  -2.37563825       1.82590771      0.610000014    
        4164  -2.26649475       1.52317393      0.600000024    
        4166  -2.27500272       1.29688406      0.600000024    
        4168  -2.32967615       1.90617824      0.629999995    
        4170  -2.46867132       1.18266356      0.639999986    
        4172  -2.11882019       2.27422166      0.620000005    
        4174  -1.94050288       2.89781713      0.610000014    
        4176  -2.13115191       1.25639808      0.579999983    
        4178  -2.31163883      0.937436283      0.569999993    
        4180  -2.38094568       1.05881691      0.569999993    
        4182  -2.19549727       2.08877516      0.569999993    
        4184  -2.21092081       1.58466041      0.569999993    
        4186  -2.17834592       1.95309770      0.579999983    
        4188  -2.41389728      0.787295282      0.579999983    
        4190  -2.17833591      0.811898589      0.560000002    
        4192  -2.06482792       1.27728546      0.540000021    
        4194  -1.90714693       1.69439232      0.560000002    
        4196  -2.07104254       1.87409997      0.589999974    
        4198  -2.06347227       1.64368641      0.569999993    
        4200  -2.00388122       1.68573570      0.569999993    
        4202  -2.10887551       1.94943523      0.589999974    
        4204  -2.03767610       2.11279464      0.600000024    
        4206  -1.87815690       2.74145126      0.600000024    
        4208  -1.93926454       2.30890775      0.600000024    
        4210  -2.20479631       1.26404905      0.600000024    
        4212  -2.45280051       1.01611829      0.620000005    
        4214  -2.57414722       1.26859236      0.610000014    
        4216  -2.34729362       1.90115178      0.620000005    
        4218  -2.37277341       2.39512110      0.639999986    
        4220  -2.29410338       2.32424426      0.639999986    
        4222  -2.28729463       2.17639756      0.620000005    
        4224  -2.35817456       1.60978770      0.610000014    
        4226  -2.28544188       2.02830267      0.610000014    
        4228  -2.59105206      0.913344204      0.610000014    
        4230  -2.33465505       1.75881219      0.610000014    
        4232  -2.03767967       2.79829192      0.629999995    
        4234  -2.27554226       1.94836521      0.629999995    
        4236  -2.36496258       1.81603539      0.649999976    
        4238  -2.44746280       1.49193943      0.639999986    
        4240  -2.29951835       1.97226489      0.639999986    
        4242  -2.39630675       2.36624312      0.649999976    
        4244  -2.43681288       1.83362770      0.649999976    
        4246  -2.43571687       2.47117782      0.660000026    
        4248  -2.68139076       2.13997889      0.660000026    
        4250  -2.49244094       2.65259409      0.660000026    
        4252  -2.57933426       2.27687788      0.670000017    
        4254  -2.55757976       2.19156909      0.670000017    
        4256  -2.50460219       2.37893343      0.670000017    
        4258  -2.58639479       1.79718852      0.649999976    
        4260  -2.34822941       2.95584130      0.670000017    
        4262  -2.12274814       3.16080570      0.670000017    
        4264  -2.21759105       2.88243437      0.649999976    
        4266  -2.33351707       2.59876108      0.660000026    
        4268  -2.51486135       1.50227344      0.660000026    
        4270  -2.21346259       2.89892983      0.660000026    
        4272  -2.27596545       2.03454280      0.649999976    
        4274  -2.28234911       1.41540051      0.629999995    
        4276  -2.26080728       1.43328381      0.610000014    
        4278  -2.11339498       2.16143990      0.629999995    
        4280  -2.44200397      0.991698146      0.629999995    
        4282  -2.32753658       1.22913992      0.620000005    
        4284  -2.26526070       1.24657214      0.610000014    
        4286  -2.37755203       1.04858792      0.610000014    
        4288  -2.26927948       1.63640380      0.629999995    
        4290  -2.24847746       1.52283788      0.620000005    
        4292  -2.12237144       2.25015855      0.629999995    
        4294  -2.20443010       2.10471416      0.639999986    
        4296  -2.18670869       1.81324971      0.620000005    
        4298  -2.10093498       1.81240678      0.600000024    
        4300  -2.26445150       1.80455625      0.600000024    
        4302  -2.38925600      0.816142857      0.600000024    
        4304  -2.52055907      0.723592281      0.629999995    
        4306  -2.28592253       1.62457919      0.629999995    
        4308  -2.32273102       1.46126342      0.620000005    
        4310  -2.28337383       1.88448334      0.629999995    
        4312  -2.30758739       2.12493563      0.649999976    
        4314  -2.38306189       2.16569018      0.660000026    
        4316  -2.10760117       2.99620056      0.670000017    
        4318  -2.38981318       2.03361058      0.649999976    
        4320  -2.26458097       2.95136595      0.680000007    
        4322  -2.42194414       1.83278787      0.660000026    
        4324  -2.35534286       1.67573118      0.639999986    
        4326  -2.48678613       1.21074939      0.649999976    
        4328  -2.53378534      0.959919155      0.649999976    
        4330  -2.63466716      0.647796571      0.639999986    
        4332  -2.31560445       1.68745387      0.620000005    
        4334  -2.08396578       1.31888032      0.589999974    
        4336  -1.98502541       1.85128605      0.579999983    
        4338  -2.02441502       1.72570467      0.579999983    
        4340  -2.09365511       1.43190658      0.569999993    
        4342  -2.08943534       1.95209360      0.579999983    
        4344  -2.01292539       2.66395879      0.579999983    
        4346  -2.05130148       1.96670890      0.579999983    
        4348  -2.21702766       1.20303440      0.579999983    
        4350  -2.13167500       1.77638328      0.569999993    
        4352  -2.24541450       1.56490290      0.589999974    
        4354  -2.19226718       1.66537011      0.589999974    
        4356  -2.07596636       1.78764737      0.569999993    
        4358  -2.05855560       1.47755253      0.560000002    
        4360  -1.77962828       2.50265288      0.560000002    
        4362  -2.12275648       1.23483682      0.569999993    
        4364  -1.84700549       1.97485399      0.569999993    
        4366  -2.03642607       1.70877516      0.589999974    
        4368  -2.16681886       1.12860215      0.589999974    
        4370  -2.26373386       1.27513242      0.589999974    
        4372  -2.08159661       1.43880451      0.579999983    
        4374  -1.82409418       2.32335782      0.560000002    
        4376  -2.02653027       2.12898374      0.589999974    
        4378  -1.86692476       2.04761100      0.569999993    
        4380  -1.81449962       2.17228675      0.579999983    
        4382  -2.07834435       1.18792188      0.579999983    
        4384  -2.01788092       1.22308254      0.569999993    
        4386  -1.97558653       1.79355013      0.579999983    
        4388  -2.16779494       1.34875727      0.569999993    
        4390  -2.16772223      0.937144756      0.560000002    
        4392  -2.30618739      0.769300103      0.569999993    
        4394  -2.21573114       1.49952769      0.569999993    
        4396  -2.27407169       1.39285183      0.569999993    
        4398  -2.30595112      0.812674403      0.569999993    
        4400  -2.25911546      0.770966828      0.569999993    
        4402  -2.04619908       1.98166585      0.600000024    
        4404  -1.99332118       2.26418495      0.600000024    
        4406  -2.09674549       1.43768954      0.589999974    
        4408  -2.33359098       1.16747928      0.620000005    
        4410  -2.29037333       1.63986123      0.629999995    
        4412  -2.40149975       1.92904079      0.639999986    
        4414  -2.27825952       2.59155631      0.680000007    
        4416  -2.43822646       2.36518908      0.680000007    
        4418  -2.65275645       1.47864640      0.670000017    
        4420  -2.41134810       2.04408097      0.660000026    
        4422  -2.62689877       2.34937930      0.670000017    
        4424  -2.54419875       2.79438806      0.680000007    
        4426  -2.53364325       2.81826496      0.689999998    
        4428  -2.60911345       2.12937975      0.689999998    
        4430  -2.29186893       2.67621827      0.680000007    
        4432  -2.60987496       2.02640009      0.689999998    
        4434  -2.46762514       2.59461665      0.689999998    
        4436  -2.61383224       2.06168056      0.680000007    
        4438  -2.58319521       1.74128699      0.670000017    
        4440  -2.19830060       2.90623474      0.670000017    
        4442  -2.44795585       2.34673285      0.670000017    
        4444  -2.42128968       2.05654144      0.660000026    
        4446  -2.40703988       2.18726134      0.649999976    
        4448  -2.49054575       1.98373568      0.670000017    
        4450  -2.64449024       1.76135731      0.689999998    
        4452  -2.55185103       2.15333867      0.689999998    
        4454  -2.57622910       2.25419950      0.699999988    
        4456  -2.70000029       1.70657480      0.709999979    
        4458  -2.50800610       2.18778062      0.699999988    
        4460  -2.49282813       1.96730709      0.689999998    
        4462  -2.49835181       1.98316109      0.689999998    
        4464  -2.45208573       1.98114312      0.689999998    
        4466  -2.30292416       2.17206788      0.660000026    
        4468  -2.39443851       1.37660658      0.649999976    
        4470  -2.34588885       1.47324157      0.649999976    
        4472  -2.42448950       2.28061557      0.649999976    
        4474  -2.79575801       1.01180935      0.660000026    
        4476  -2.42355537       2.27833247      0.660000026    
        4478  -2.40079141       1.72825849      0.649999976    
        4480  -2.42909312       1.70664692      0.639999986    
        4482  -2.46926308       1.41987216      0.629999995    
        4484  -2.27699208       2.18854570      0.639999986    
        4486  -2.28786016       2.30403662      0.660000026    
        4488  -2.32980704       1.69688070      0.649999976    
        4490  -2.30791497       2.18473196      0.649999976    
        4492  -1.99630952       2.60282087      0.629999995    
        4494  -2.54962826      0.796158195      0.629999995    
        4496  -2.18897057       2.14975572      0.610000014    
        4498  -2.20340610       1.45049775      0.600000024    
        4500  -2.37204099       1.41166854      0.600000024    
        4502  -2.36235905       1.72278607      0.610000014    
        4504  -2.41381550       1.65217865      0.610000014    
        4506  -2.30177021       2.22208881      0.629999995    
        4508  -2.43347883       1.81908286      0.629999995    
        4510  -2.34906697       2.19150090      0.639999986    
        4512  -2.53738904       1.36636877      0.639999986    
        4514  -2.26175046       3.20592427      0.670000017    
        4516  -2.26145577       3.09799266      0.670000017    
        4518  -2.55947995       2.11557817      0.670000017    
        4520  -2.58382297       1.95273721      0.660000026    
        4522  -2.65989256      0.947170675      0.649999976    
        4524  -2.42446113       1.86032617      0.670000017    
        4526  -2.70560050      0.755236387      0.649999976    
        4528  -2.58573604       1.33735681      0.639999986    
        4530  -2.48033476       1.76255786      0.639999986    
        4532  -2.41044426       1.10160244      0.629999995    
        4534  -2.34457493       1.39430189      0.649999976    
        4536  -2.14576960       2.26132774      0.639999986    
        4538  -2.24696684       2.03491163      0.649999976    
        4540  -2.32310438       1.91744733      0.649999976    
        4542  -2.41630983       1.65542984      0.639999986    
        4544  -2.10200191       2.39287329      0.639999986    
        4546  -2.25618005       2.17696214      0.639999986    
        4548  -2.05194092       2.61038733      0.629999995    
        4550  -2.23586106       1.83860195      0.610000014    
        4552  -2.33001494       1.48367703      0.610000014    
        4554  -2.23889184       2.21045041      0.620000005    
        4556  -2.39679289       1.55549026      0.629999995    
        4558  -2.33520389       2.23589063      0.639999986    
        4560  -2.40346503       2.43810034      0.649999976    
        4562  -2.67492008       1.45289767      0.660000026    
        4564  -2.42375827       1.75833583      0.660000026    
        4566  -2.40722394       2.37594914      0.670000017    
        4568  -2.41131258       1.95607066      0.660000026    
        4570  -2.53097200       1.50706160      0.660000026    
        4572  -2.31796193       2.81340933      0.699999988    
        4574  -2.55760860       2.19319224      0.699999988    
        4576  -2.58801627       1.87376428      0.689999998    
        4578  -2.48953199       2.45487905      0.689999998    
        4580  -2.73607874       1.96542764      0.699999988    
        4582  -2.87383795       1.64937460      0.689999998    
        4584  -2.61540818       2.47903395      0.689999998    
        4586  -2.70133042       2.09217739      0.689999998    
        4588  -2.92820168       1.16435266      0.680000007    
        4590  -2.82922649       1.84921134      0.699999988    
        4592  -2.58263469       2.82863212      0.699999988    
        4594  -2.60209894       2.51511836      0.699999988    
        4596  -2.40259266       3.41322112      0.699999988    
        4598  -2.66323018       2.06703496      0.689999998    
        4600  -2.64921498       2.54291606      0.689999998    
        4602  -2.60205579       2.43925190      0.699999988    
        4604  -2.66569805       2.87060618      0.720000029    
        4606  -2.62375236       2.84235644      0.720000029    
        4608  -2.43074298       3.89730906      0.720000029    
        4610  -2.67049456       3.31981397      0.730000019    
        4612  -2.55958486       3.93803573      0.750000000    
        4614  -2.64076328       3.02474809      0.730000019    
        4616  -2.43642616       3.77134037      0.730000019    
        4618  -2.64740777       2.48138070      0.730000019    
        4620  -2.46579647       2.73042107      0.709999979    
        4622  -2.60453272       2.00324011      0.709999979    
        4624  -2.62233377       2.72576189      0.720000029    
        4626  -2.60853124       2.83896995      0.720000029    
        4628  -2.69467831       2.61886525      0.720000029    
        4630  -2.69324827       2.47136497      0.709999979    
        4632  -2.76403832       2.24004555      0.720000029    
        4634  -2.78147817       2.18487430      0.709999979    
        4636  -2.49620223       2.59427118      0.699999988    
        4638  -2.58486080       2.25343680      0.699999988    
        4640  -2.45513797       2.06159306      0.689999998    
        4642  -2.78890944       1.08841562      0.699999988    
        4644  -2.76503968       1.51896024      0.699999988    
        4646  -2.46044779       2.57410789      0.689999998    
        4648  -2.64035320       1.78147984      0.699999988    
        4650  -2.39958096       2.94507599      0.699999988    
        4652  -2.35617137       3.03513217      0.699999988    
        4654  -2.64998150       1.54433811      0.699999988    
        4656  -2.50886559       1.99215090      0.680000007    
        4658  -2.62979007       1.97598660      0.670000017    
        4660  -2.78164291       1.45779037      0.670000017    
        4662  -2.87069964       1.35508609      0.670000017    
        4664  -2.72920823       1.39448583      0.670000017    
        4666  -2.81410670       1.14432156      0.670000017    
        4668  -2.66532063       1.28050959      0.660000026    
        4670  -2.79522729      0.684871316      0.670000017    
        4672  -2.68157315       1.01145101      0.660000026    
        4674  -2.54305625       1.75417709      0.670000017    
        4676  -2.40628266       2.39739847      0.680000007    
        4678  -2.51860213       2.37190938      0.699999988    
        4680  -2.60636306       2.43606353      0.699999988    
        4682  -2.33062577       3.25123024      0.709999979    
        4684  -2.51733851       2.29567909      0.709999979    
        4686  -2.65576410       2.29448605      0.709999979    
        4688  -2.46471667       2.93705797      0.709999979    
        4690  -2.46400976       3.08712530      0.699999988    
        4692  -2.54255915       2.43815970      0.699999988    
        4694  -2.46769023       2.79728699      0.699999988    
        4696  -2.67997408       2.77679515      0.730000019    
        4698  -2.69859791       2.10445333      0.720000029    
        4700  -2.71226978       1.96560490      0.709999979    
        4702  -2.64829874       2.39452434      0.720000029    
        4704  -2.77320981       1.85933161      0.730000019    
        4706  -2.61867309       2.06845474      0.730000019    
        4708  -2.39446402       2.61059046      0.689999998    
        4710  -2.43302393       2.51317406      0.699999988    
        4712  -2.36941338       3.18719912      0.699999988    
        4714  -2.30709362       3.68346071      0.699999988    
        4716  -2.38001561       3.27916908      0.699999988    
        4718  -2.58920741       2.05632806      0.689999998    
        4720  -2.61216092       1.74453902      0.689999998    
        4722  -2.64505768       2.20537257      0.699999988    
        4724  -2.94003487      0.830272257      0.699999988    
        4726  -2.59341645       2.40976763      0.680000007    
        4728  -2.77154589       1.48706985      0.670000017    
        4730  -2.61614013       1.88515091      0.670000017    
        4732  -2.56277561       2.07492208      0.670000017    
        4734  -2.56805921       1.83596611      0.670000017    
        4736  -2.72053790       1.13364005      0.670000017    
        4738  -2.56779432       2.35931849      0.670000017    
        4740  -2.56697464       2.30180931      0.660000026    
        4742  -2.54465008       2.68913078      0.670000017    
        4744  -2.32488418       3.32121611      0.660000026    
        4746  -2.36517572       2.54778123      0.629999995    
        4748  -2.37881327       2.19678020      0.639999986    
        4750  -2.49335241       1.27432275      0.639999986    
        4752  -2.47729158       1.45911276      0.629999995    
        4754  -2.40752316       1.64363492      0.629999995    
        4756  -2.36644483       1.92110002      0.639999986    
        4758  -2.33121943       2.09100747      0.629999995    
        4760  -2.23662949       2.42522001      0.629999995    
        4762  -2.06394196       3.02949023      0.639999986    
        4764  -2.28990865       2.26193929      0.649999976    
        4766  -2.29377866       2.37875867      0.639999986    
        4768  -2.53366375       1.87502062      0.660000026    
        4770  -2.63472342       1.18759918      0.660000026    
        4772  -2.48402309       1.75820053      0.649999976    
        4774  -2.48841929       1.48254764      0.649999976    
        4776  -2.24171281       2.12804246      0.649999976    
        4778  -2.31727076       1.50403202      0.639999986    
        4780  -2.39995193      0.829040647      0.610000014    
        4782  -2.23616791       1.23909986      0.620000005    
        4784  -2.41986918      0.780795157      0.629999995    
        4786  -2.24329019       1.62241042      0.610000014    
        4788  -2.17721891       1.69860876      0.610000014    
        4790  -2.00583959       2.66876531      0.620000005    
        4792  -1.89878941       1.99819314      0.579999983    
        4794  -2.04684114       1.39008212      0.560000002    
        4796  -1.96678436       1.70781910      0.550000012    
        4798  -1.85576713       2.44815207      0.569999993    
        4800  -1.90791833       2.28166437      0.569999993    
        4802  -1.97754979       1.47846365      0.560000002    
        4804  -1.90616310       2.06883097      0.569999993    
        4806  -1.86894965       2.16328073      0.579999983    
        4808  -2.27505612       1.01444006      0.579999983    
        4810  -1.98900712       2.11272836      0.579999983    
        4812  -2.05449677       2.05005312      0.589999974    
        4814  -1.98691165       2.01088381      0.579999983    
        4816  -2.23797178       1.63803136      0.610000014    
        4818  -2.24849510       2.40189648      0.620000005    
        4820  -2.26292634       2.00992417      0.620000005    
        4822  -2.29947782       1.52237725      0.620000005    
        4824  -2.36260104       1.38211083      0.620000005    
        4826  -2.27708268       1.65154684      0.620000005    
        4828  -2.39648533       1.36993897      0.600000024    
        4830  -2.36216879       1.29361963      0.610000014    
        4832  -2.07189131       2.45164108      0.589999974    
        4834  -2.36055136       1.57233346      0.600000024    
        4836  -2.10124850       2.58877516      0.620000005    
        4838  -2.24848151       2.45157766      0.620000005    
        4840  -2.31401634       2.13271809      0.600000024    
        4842  -2.29336166       1.90718889      0.600000024    
        4844  -2.33319116       1.54386127      0.600000024    
        4846  -2.18279028       2.04354143      0.610000014    
        4848  -2.04920363       1.90185976      0.589999974    
        4850  -2.17441940       1.58030868      0.579999983    
        4852  -2.22716594       1.32974064      0.569999993    
        4854  -2.28329444       1.37573874      0.589999974    
        4856  -2.20997334       1.80833793      0.600000024    
        4858  -2.24702978       1.35987914      0.600000024    
        4860  -2.25274801       1.43677449      0.589999974    
        4862  -2.06065321       2.30239820      0.589999974    
        4864  -2.13965368       1.87886000      0.579999983    
        4866  -1.87379885       2.22681308      0.569999993    
        4868  -1.96320403       2.46677279      0.579999983    
        4870  -2.04895878       1.81106150      0.569999993    
        4872  -2.05144143       1.44352531      0.560000002    
        4874  -2.35251808      0.810760617      0.560000002    
        4876  -2.32815599      0.804549515      0.560000002    
        4878  -2.07037163       1.65548229      0.589999974    
        4880  -2.20629239       1.10108817      0.560000002    
        4882  -2.25091553      0.671443462      0.550000012    
        4884  -2.37447977      0.816380918      0.550000012    
        4886  -2.32691193      0.670958400      0.569999993    
        4888  -2.28397799      0.853550673      0.569999993    
        4890  -2.25477576      0.527270436      0.579999983    
        4892  -2.21344781       1.12490439      0.600000024    
        4894  -2.31643581      0.918959379      0.600000024    
        4896  -2.32394004       1.20666432      0.589999974    
        4898  -2.14166522       2.58824348      0.610000014    
        4900  -2.33568788       1.45807648      0.600000024    
        4902  -2.40199161       1.12430942      0.600000024    
        4904  -2.47118950       1.31120110      0.600000024    
        4906  -2.45429873       1.21047330      0.610000014    
        4908  -2.24117970       1.74820101      0.610000014    
        4910  -2.14804411       1.48961985      0.600000024    
        4912  -2.00152898       1.79465544      0.589999974    
        4914  -1.97406292       1.78503823      0.589999974    
        4916  -1.97558010       1.55725551      0.589999974    
        4918  -2.13313937       1.62988675      0.600000024    
        4920  -2.47248459      0.780969560      0.610000014    
        4922  -2.07807827       2.06852031      0.600000024    
        4924  -2.39372635       1.83586955      0.620000005    
        4926  -2.39584708       1.61357987      0.649999976    
        4928  -2.72527194      0.985465825      0.670000017    
        4930  -2.56749916       1.51827776      0.660000026    
        4932  -2.25556588       3.12533164      0.670000017    
        4934  -2.11227202       3.64874625      0.680000007    
        4936  -2.13675070       2.94014192      0.670000017    
        4938  -2.17267084       2.59864068      0.660000026    
        4940  -2.46315765       1.59149110      0.660000026    
        4942  -2.44911528       1.87508070      0.660000026    
        4944  -2.50664043       1.69634187      0.649999976    
        4946  -2.37138700       2.33762789      0.639999986    
        4948  -2.46134710       1.55593359      0.639999986    
        4950  -2.41211224       1.40744233      0.629999995    
        4952  -2.38787913       2.47962594      0.660000026    
        4954  -2.79990602       1.74405479      0.689999998    
        4956  -2.60214448       2.54638815      0.720000029    
        4958  -2.84683061       1.55596447      0.740000010    
        4960  -2.67680740       2.47371697      0.730000019    
        4962  -2.69791746       2.51361275      0.730000019    
        4964  -2.70099854       2.08481050      0.709999979    
        4966  -2.71758604       1.74566853      0.699999988    
        4968  -2.66209459       1.82808352      0.709999979    
        4970  -2.66289377       2.35860658      0.709999979    
        4972  -2.67784047       2.11089945      0.699999988    
        4974  -2.63260651       2.76101327      0.689999998    
        4976  -2.89692307       1.72001278      0.689999998    
        4978  -2.83837128       2.01101732      0.699999988    
        4980  -2.61481166       2.90977931      0.699999988    
        4982  -2.49797773       3.84807086      0.720000029    
        4984  -2.49094176       2.93252277      0.730000019    
        4986  -2.61108208       2.69211912      0.720000029    
        4988  -2.54319954       2.80482054      0.709999979    
        4990  -2.49184752       2.68415427      0.709999979    
        4992  -2.40515351       3.17439198      0.699999988    
        4994  -2.54316640       2.19650173      0.689999998    
        4996  -2.60336900       2.25071764      0.689999998    
        4998  -2.75778389       1.56808186      0.670000017    
        5000  -2.43810105       2.66119480      0.660000026    
        5002  -2.31733537       2.32502961      0.629999995    
        5004  -2.29952645       1.84953892      0.620000005    
        5006  -2.44226837       1.50263727      0.629999995    
        5008  -2.25411534       1.76774406      0.620000005    
        5010  -2.14183521       2.50033593      0.620000005    
        5012  -2.33217740       1.30461752      0.610000014    
        5014  -2.32371807       1.42423606      0.600000024    
        5016  -2.24779034       1.67103243      0.589999974    
        5018  -2.22377014       1.16817057      0.579999983    
        5020  -2.25167179      0.970772266      0.589999974    
        5022  -2.36789489       1.25668490      0.610000014    
        5024  -2.14152980       1.76915252      0.579999983    
        5026  -2.15620136       1.87485838      0.579999983    
        5028  -2.32919383       1.45732999      0.600000024    
        5030  -2.24328947       1.69775712      0.579999983    
        5032  -2.35387778       1.38209426      0.600000024    
        5034  -2.14686608       1.72848427      0.600000024    
        5036  -2.18665719       1.59775198      0.600000024    
        5038  -2.12490821       1.54386914      0.589999974    
        5040  -2.04825377       1.66962755      0.569999993    
        5042  -2.24988842      0.884583592      0.569999993    
        5044  -2.14147019       1.67327249      0.579999983    
        5046  -2.30634093       1.84458601      0.589999974    
        5048  -2.21394444       1.71836352      0.600000024    
        5050  -2.08195353       2.22549009      0.579999983    
        5052  -2.19913411       1.70795560      0.589999974    
        5054  -2.21729422       1.35967886      0.560000002    
        5056  -1.91399920       1.59068739      0.550000012    
        5058  -1.74203885       2.07889938      0.529999971    
        5060  -2.10930490       1.19166553      0.550000012    
        5062  -1.95452249       1.61445951      0.540000021    
        5064  -2.00424767       1.31926131      0.540000021    
        5066  -1.77754021       2.28496838      0.550000012    
        5068  -1.79990864       1.93020236      0.540000021    
        5070  -1.80924296       1.58394194      0.519999981    
        5072  -1.90474463       1.78432393      0.540000021    
        5074  -2.14802694       1.07850337      0.550000012    
        5076  -2.06665182       1.79714990      0.560000002    
        5078  -2.48362184      0.468519598      0.579999983    
        5080  -2.31416464      0.663902044      0.579999983    
        5082  -2.12207794       1.38159060      0.579999983    
        5084  -2.13192821       1.67281473      0.589999974    
        5086  -2.17598701       1.68971324      0.589999974    
        5088  -2.33544540       1.63276935      0.610000014    
        5090  -2.43972421       1.14057803      0.610000014    
        5092  -2.40409184       1.35026705      0.610000014    
        5094  -2.18533230       1.60311484      0.610000014    
        5096  -2.21058416       1.44185674      0.589999974    
        5098  -2.16037416       1.28743291      0.579999983    
        5100  -2.14550161       1.04939818      0.560000002    
        5102  -2.16246796       1.31401992      0.569999993    
        5104  -1.95299852       2.29013634      0.589999974    
        5106  -2.08208752       1.71900582      0.569999993    
        5108  -2.28925443       1.18214810      0.569999993    
        5110  -2.18169928       1.34177089      0.560000002    
        5112  -2.06810737       2.15435457      0.579999983    
        5114  -2.21040606       2.48460054      0.600000024    
        5116  -2.38735485       1.92512059      0.589999974    
        5118  -2.11981392       1.87514186      0.560000002    
        5120  -2.22231364       1.21564138      0.569999993    
        5122  -1.98269153       1.73519135      0.560000002    
        5124  -2.25839162      0.687067330      0.540000021    
        5126  -2.14460921       1.28642547      0.540000021    
        5128  -2.04662991       1.45056975      0.540000021    
        5130  -2.06167364       1.29226041      0.550000012    
        5132  -1.74003959       2.67438722      0.560000002    
        5134  -1.91673660       1.72564673      0.560000002    
        5136  -1.95272481       1.28544223      0.529999971    
        5138  -2.13098049      0.742378712      0.509999990    
        5140  -2.21311998       1.03860152      0.540000021    
        5142  -2.16872954       1.17128646      0.540000021    
        5144  -1.70172262       2.96991086      0.579999983    
        5146  -2.06609416       1.70875132      0.569999993    
        5148  -2.04217529       1.62231266      0.560000002    
        5150  -1.98256922       2.02415347      0.550000012    
        5152  -2.02149701       1.36874032      0.540000021    
        5154  -1.88457537       1.83729351      0.529999971    
        5156  -1.88663316       1.85013580      0.529999971    
        5158  -2.19056082       1.12772417      0.540000021    
        5160  -1.96926641       1.80163145      0.550000012    
        5162  -2.21453142       1.45661736      0.560000002    
        5164  -2.04581761       1.69959998      0.550000012    
        5166  -1.99908042       1.46624768      0.560000002    
        5168  -2.12324619      0.977356911      0.550000012    
        5170  -1.91921628       1.79075646      0.550000012    
        5172  -1.98529434       1.52045751      0.550000012    
        5174  -1.98697364      0.834182382      0.519999981    
        5176  -1.96136415      0.883193731      0.509999990    
        5178  -2.07565188      0.770011604      0.519999981    
        5180  -1.83931363       1.46383727      0.529999971    
        5182  -2.00655675      0.888217628      0.529999971    
        5184  -1.92796350       1.62259161      0.560000002    
        5186  -1.95168114       1.55750215      0.550000012    
        5188  -1.83066833       1.60761476      0.529999971    
        5190  -1.99879050       1.44822025      0.529999971    
        5192  -2.01479745       1.58029175      0.529999971    
        5194  -1.74846554       2.14342141      0.529999971    
        5196  -2.05200028       1.55486155      0.540000021    
        5198  -2.32338691       1.15007377      0.579999983    
        5200  -2.01038837       1.82821918      0.569999993    
        5202  -2.15559602       1.35842085      0.560000002    
        5204  -2.30434656       1.37375212      0.579999983    
        5206  -2.09791327       2.29449606      0.589999974    
        5208  -2.32262182       1.84422231      0.610000014    
        5210  -2.18609214       1.90776396      0.620000005    
        5212  -2.06516361       1.66317475      0.589999974    
        5214  -1.87495553       2.75897551      0.610000014    
        5216  -2.03281045       2.41222048      0.579999983    
        5218  -2.40014839       1.08866394      0.569999993    
        5220  -2.32020187      0.860256195      0.569999993    
        5222  -2.12714148       1.45143008      0.579999983    
        5224  -2.11858225       1.97618532      0.600000024    
        5226  -2.27644730       1.62799382      0.589999974    
        5228  -2.33522654       1.32219243      0.589999974    
        5230  -2.26726794       1.99370337      0.610000014    
        5232  -2.27758837       1.76231003      0.610000014    
        5234  -1.60835660       3.91623092      0.600000024    
        5236  -1.77905691       2.96932149      0.589999974    
        5238  -2.18987823       2.00953150      0.589999974    
        5240  -2.18544579       2.38035488      0.610000014    
        5242  -2.45453429       1.24527669      0.600000024    
        5244  -2.41357946       2.24524856      0.610000014    
        5246  -2.04109216       2.60781574      0.600000024    
        5248  -2.08330035       2.32307029      0.579999983    
        5250  -2.08406258       1.68014550      0.579999983    
        5252  -2.11064053       1.80854213      0.579999983    
        5254  -2.11967516       1.60105383      0.569999993    
        5256  -2.04919600       1.72803760      0.560000002    
        5258  -1.92391968       1.54615712      0.550000012    
        5260  -1.87441194       1.84568930      0.560000002    
        5262  -2.14396429       1.27726495      0.569999993    
        5264  -2.04385519       1.55477500      0.579999983    
        5266  -2.08029103       1.53322530      0.579999983    
        5268  -1.92954695       1.81059992      0.579999983    
        5270  -2.03759241       1.25134313      0.579999983    
        5272  -1.98073590       1.60780501      0.569999993    
        5274  -2.03638339       2.14765859      0.589999974    
        5276  -2.21029329       1.51863754      0.600000024    
        5278  -2.12854862       1.98443913      0.589999974    
        5280  -2.03623986       2.44019771      0.610000014    
        5282  -2.14339185       2.25746107      0.629999995    
        5284  -2.23972678       2.11723185      0.629999995    
        5286  -2.41701746       1.63394713      0.649999976    
        5288  -2.59927201       1.25875950      0.649999976    
        5290  -2.31348348       2.21703911      0.639999986    
        5292  -2.21276665       2.29126239      0.620000005    
        5294  -2.25433731       2.41866112      0.620000005    
        5296  -2.47621679      0.847883761      0.620000005    
        5298  -2.34969950       1.19362974      0.620000005    
        5300  -2.11787915       2.01134658      0.620000005    
        5302  -2.46894193       1.49979198      0.639999986    
        5304  -2.55196333       1.54150784      0.639999986    
        5306  -2.43950915       1.55382419      0.639999986    
        5308  -2.51946306       1.15858936      0.639999986    
        5310  -2.33740807       2.09519076      0.639999986    
        5312  -2.53107429       1.18247628      0.639999986    
        5314  -2.39140105       1.75604928      0.649999976    
        5316  -2.45017624       1.60199714      0.649999976    
        5318  -2.31786466       2.25534201      0.629999995    
        5320  -2.11095595       2.47147894      0.610000014    
        5322  -2.56755209       1.47976089      0.620000005    
        5324  -2.32669544       1.94022560      0.629999995    
        5326  -2.34613585       1.70015931      0.620000005    
        5328  -2.30208802       1.63292658      0.620000005    
        5330  -2.27525759       1.83674240      0.629999995    
        5332  -2.29081511       2.05484366      0.629999995    
        5334  -2.30154681       2.02471828      0.639999986    
        5336  -2.43535590       2.31062913      0.649999976    
        5338  -2.18620801       2.98732305      0.660000026    
        5340  -2.35440254       1.89148128      0.639999986    
        5342  -2.39622283       1.59609199      0.639999986    
        5344  -2.46389341       1.51952124      0.639999986    
        5346  -2.45580077       1.89037192      0.649999976    
        5348  -2.53435087       1.07488883      0.639999986    
        5350  -2.47934842       1.10408032      0.629999995    
        5352  -2.13137245       2.10718274      0.629999995    
        5354  -2.18172288       2.29126954      0.639999986    
        5356  -2.23796964       2.13746119      0.649999976    
        5358  -2.29940891       1.74458992      0.629999995    
        5360  -1.95330131       3.27156949      0.649999976    
        5362  -2.27698469       2.09952402      0.639999986    
        5364  -2.40606856       2.18383408      0.670000017    
        5366  -2.52917933       2.35923100      0.670000017    
        5368  -2.52787375       2.55180311      0.670000017    
        5370  -2.30600166       2.74568391      0.660000026    
        5372  -2.25372028       2.98418665      0.670000017    
        5374  -2.49210286       1.97055101      0.660000026    
        5376  -2.57208014       1.86008799      0.670000017    
        5378  -2.31743693       2.65325165      0.670000017    
        5380  -2.37574267       2.75520325      0.670000017    
        5382  -2.51271772       1.84315538      0.649999976    
        5384  -2.48314500       2.03957510      0.660000026    
        5386  -2.25551057       2.97445393      0.639999986    
        5388  -2.32259846       1.58056915      0.610000014    
        5390  -2.30468607       1.86805809      0.620000005    
        5392  -1.99066198       2.44809890      0.620000005    
        5394  -2.12328172       1.66158271      0.589999974    
        5396  -1.96089768       2.01041770      0.589999974    
        5398  -2.19349241      0.903513968      0.589999974    
        5400  -1.98441911       2.87605619      0.629999995    
        5402  -2.40379620       1.16773176      0.610000014    
        5404  -2.18836236       1.56240571      0.610000014    
        5406  -2.13712740       2.04535055      0.620000005    
        5408  -2.15870690       2.09976125      0.629999995    
        5410  -2.13378453       2.20973516      0.620000005    
        5412  -2.26804352       2.04314685      0.629999995    
        5414  -2.40074468       1.79235578      0.620000005    
        5416  -2.39881730       1.54548526      0.610000014    
        5418  -2.28013873       2.10898304      0.610000014    
        5420  -2.21715021       2.20604682      0.600000024    
        5422  -2.21835709       2.98005509      0.610000014    
        5424  -2.45839977       2.06166649      0.620000005    
        5426  -2.40891051       2.05640364      0.629999995    
        5428  -2.22983909       2.46523833      0.629999995    
        5430  -2.06114292       3.07007027      0.620000005    
        5432  -2.26126456       1.52565348      0.569999993    
        5434  -2.30050373       1.47147250      0.579999983    
        5436  -2.12010121       1.39177978      0.540000021    
        5438  -2.04993773       1.37091458      0.540000021    
        5440  -1.95601618       1.57547009      0.540000021    
        5442  -1.90388930       1.84265363      0.529999971    
        5444  -2.05107760       1.14854836      0.529999971    
        5446  -2.16881585      0.956973553      0.540000021    
        5448  -2.21248937       1.42487943      0.550000012    
        5450  -2.20468497       1.21161592      0.550000012    
        5452  -2.22139740       1.54817152      0.569999993    
        5454  -2.35526967       1.40456533      0.579999983    
        5456  -2.28673792       2.17430830      0.600000024    
        5458  -2.14616418       2.10982680      0.579999983    
        5460  -2.27768683       1.35960603      0.579999983    
        5462  -2.24955630       1.20365906      0.589999974    
        5464  -2.44096208      0.338894963      0.589999974    
        5466  -2.36763191      0.619627297      0.589999974    
        5468  -2.16325188       1.42459130      0.589999974    
        5470  -2.02983117       1.49406385      0.560000002    
        5472  -2.15642095      0.885036111      0.569999993    
        5474  -1.94298995       1.07085669      0.540000021    
        5476  -2.19755387      0.819319606      0.550000012    
        5478  -2.15207744      0.960885465      0.560000002    
        5480  -2.16922212       1.13768029      0.569999993    
        5482  -2.15467834       1.46374571      0.579999983    
        5484  -2.20476985       1.26982486      0.579999983    
        5486  -2.28736877      0.824740112      0.560000002    
        5488  -2.24532700       1.00140166      0.550000012    
        5490  -2.23884916       1.45306480      0.579999983    
        5492  -2.27418709       1.44485402      0.589999974    
        5494  -2.27395415       1.85143578      0.600000024    
        5496  -2.43472886       1.28840899      0.600000024    
        5498  -2.05803967       2.26491547      0.569999993    
        5500  -2.43957734       1.00101042      0.579999983    
        5502  -2.00768256       2.46454048      0.569999993    
        5504  -2.15658998       1.98003769      0.589999974    
        5506  -2.24629879       1.44806445      0.579999983    
        5508  -2.46091270       1.45232916      0.600000024    
        5510  -2.17466402       3.05937839      0.620000005    
        5512  -2.29420805       2.41519189      0.620000005    
        5514  -2.41724730       2.65073824      0.660000026    
        5516  -2.65131402       1.90271318      0.680000007    
        5518  -2.50876737       2.55436349      0.680000007    
        5520  -2.71004295       2.04005456      0.680000007    
        5522  -2.54442906       2.48954916      0.680000007    
        5524  -2.55303192       2.11231422      0.670000017    
        5526  -2.66227436       1.71802247      0.680000007    
        5528  -2.57003951       2.16825581      0.680000007    
        5530  -2.63727045       2.60603595      0.699999988    
        5532  -2.59656668       2.50299811      0.699999988    
        5534  -2.53069997       3.21846247      0.709999979    
        5536  -2.35672212       3.59089017      0.709999979    
        5538  -2.43554330       3.52472258      0.720000029    
        5540  -2.53609729       2.72360158      0.709999979    
        5542  -2.49565172       2.90691590      0.689999998    
        5544  -2.56239200       2.53691959      0.689999998    
        5546  -2.49144125       2.62758899      0.680000007    
        5548  -2.26178741       3.49522018      0.670000017    
        5550  -2.56101608       1.96817648      0.670000017    
        5552  -2.32019544       2.62682080      0.680000007    
        5554  -2.45526958       1.58118296      0.649999976    
        5556  -2.24153423       1.73345411      0.620000005    
        5558  -2.30943251       1.21231568      0.610000014    
        5560  -1.81409132       3.50615907      0.629999995    
        5562  -2.29266286       2.09827256      0.629999995    
        5564  -2.34148026       1.88441026      0.600000024    
        5566  -2.25921130       2.63188004      0.610000014    
        5568  -2.37179756       1.84790289      0.610000014    
        5570  -2.04027724       2.55418658      0.610000014    
        5572  -2.37732363       1.55462527      0.610000014    
        5574  -2.29632235       1.50992167      0.610000014    
        5576  -2.19102788       1.75331521      0.600000024    
        5578  -2.30196261       1.17513478      0.589999974    
        5580  -2.14690399       1.41589415      0.589999974    
        5582  -1.97494519       2.08291936      0.589999974    
        5584  -2.24851441       1.37554193      0.600000024    
        5586  -2.17978597       1.83910203      0.600000024    
        5588  -2.12354016       2.35418010      0.610000014    
        5590  -2.29868126       1.61144733      0.620000005    
        5592  -2.26567674       1.77903926      0.629999995    
        5594  -2.22220874       1.78287721      0.620000005    
        5596  -2.40303683      0.977387369      0.629999995    
        5598  -2.27871132       1.11784172      0.620000005    
        5600  -2.26347208       1.19608200      0.610000014    
        5602  -1.73312843       2.67003608      0.600000024    
        5604  -2.05723667       1.68577588      0.589999974    
        5606  -2.08844471       2.02713633      0.600000024    
        5608  -2.23619413       1.47713161      0.589999974    
        5610  -2.07938719       1.87733448      0.600000024    
        5612  -2.08028340       2.12699914      0.620000005    
        5614  -2.22169399       1.65354276      0.620000005    
        5616  -2.29823685       1.10101223      0.620000005    
        5618  -2.51251841      0.984917164      0.629999995    
        5620  -2.03861856       3.19260263      0.639999986    
        5622  -2.13442969       2.74309134      0.639999986    
        5624  -2.55565667      0.820792675      0.629999995    
        5626  -2.49685049       1.29360795      0.639999986    
        5628  -2.25270033       2.47253656      0.639999986    
        5630  -2.14000058       3.24756837      0.660000026    
        5632  -2.34199142       2.05057144      0.629999995    
        5634  -2.33642197       1.42098141      0.610000014    
        5636  -2.21969771       1.83954668      0.600000024    
        5638  -2.20469999       2.57129478      0.610000014    
        5640  -1.99917579       3.04094672      0.600000024    
        5642  -1.93655956       3.17726970      0.610000014    
        5644  -2.14689970       2.28635144      0.610000014    
        5646  -2.34723186       1.70526981      0.610000014    
        5648  -2.59574938       1.19840217      0.629999995    
        5650  -2.51340151       1.44337368      0.629999995    
        5652  -2.45504785       1.48140705      0.629999995    
        5654  -2.59591269       1.09007394      0.629999995    
        5656  -2.30624604       1.64298785      0.620000005    
        5658  -2.34795594       2.03462982      0.620000005    
        5660  -2.30869937       1.94339895      0.629999995    
        5662  -2.32689953       2.10856891      0.629999995    
        5664  -2.39992857       1.83525777      0.610000014    
        5666  -2.23180795       2.17223310      0.620000005    
        5668  -2.29620743       2.02952743      0.620000005    
        5670  -2.12168670       2.79133391      0.620000005    
        5672  -2.33188844       1.32851112      0.610000014    
        5674  -2.09856272       1.33223653      0.589999974    
        5676  -1.96307743       1.86578286      0.569999993    
        5678  -2.07754683       1.04633570      0.550000012    
        5680  -2.24436140      0.542493582      0.560000002    
        5682  -2.23273516      0.497421801      0.550000012    
        5684  -2.22308064      0.791775405      0.550000012    
        5686  -2.16348481      0.972289205      0.550000012    
        5688  -1.96276963       1.64831865      0.550000012    
        5690  -1.98206699       1.58186579      0.540000021    
        5692  -2.16369128       1.09842181      0.560000002    
        5694  -2.13751674       1.03224611      0.519999981    
        5696  -1.93129611       1.16664672      0.519999981    
        5698  -1.89207149       1.78442287      0.519999981    
        5700  -1.77902639       2.28895521      0.550000012    
        5702  -1.86499643       2.13427877      0.560000002    
        5704  -1.93697453       2.07120299      0.569999993    
        5706  -1.75115705       2.01970506      0.529999971    
        5708  -1.92734981       1.23313618      0.529999971    
        5710  -1.87481296       1.66424799      0.529999971    
        5712  -1.91915691       1.62448132      0.519999981    
        5714  -1.86934006       1.04021847      0.500000000    
        5716  -1.94950795      0.804853857      0.490000010    
        5718  -1.86174059       1.45199561      0.500000000    
        5720  -1.84960711      0.968005419      0.479999989    
        5722  -2.03027534       1.13809586      0.509999990    
        5724  -1.92648911       1.61162651      0.529999971    
        5726  -2.10606837       1.43894351      0.519999981    
        5728  -2.03536272       1.70291936      0.540000021    
        5730  -2.04761362       1.72348177      0.579999983    
        5732  -1.79635286       2.59183764      0.569999993    
        5734  -2.00074601       1.47092402      0.569999993    
        5736  -1.84720802       2.18001246      0.569999993    
        5738  -1.89849758       1.45291984      0.550000012    
        5740  -2.02363634       1.47738147      0.550000012    
        5742  -2.17373490      0.744289637      0.560000002    
        5744  -2.11526799      0.961475492      0.560000002    
        5746  -2.04269290       1.25242198      0.569999993    
        5748  -2.14274716       1.05834162      0.579999983    
        5750  -2.14026189       1.71699965      0.589999974    
        5752  -2.20838547       1.39692068      0.589999974    
        5754  -2.36080289       1.27731669      0.600000024    
        5756  -2.17371678       1.79104900      0.600000024    
        5758  -2.20729113       1.14941156      0.589999974    
        5760  -2.07817888       1.29649734      0.579999983    
        5762  -2.03451824       1.82717848      0.579999983    
        5764  -2.22612357       1.24475849      0.589999974    
        5766  -2.10156178       1.84724188      0.600000024    
        5768  -2.17211342       1.48318923      0.579999983    
        5770  -2.18040776       2.19788909      0.600000024    
        5772  -2.00387216       2.54803896      0.589999974    
        5774  -2.16457295       1.83266795      0.600000024    
        5776  -2.00466061       2.18831158      0.589999974    
        5778  -1.80352306       2.98301959      0.589999974    
        5780  -2.22412658       1.23108077      0.579999983    
        5782  -2.08896208       1.59340405      0.569999993    
        5784  -2.13168550       1.73427165      0.579999983    
        5786  -2.25780344       1.06148624      0.560000002    
        5788  -2.03869033       1.19964409      0.560000002    
        5790  -1.93661261       1.79283249      0.569999993    
        5792  -1.72203290       2.46468902      0.569999993    
        5794  -2.01637268       1.56774533      0.569999993    
        5796  -2.12871909       1.23521149      0.569999993    
        5798  -2.13912153       1.21560013      0.550000012    
        5800  -2.01226091       2.01242924      0.579999983    
        5802  -1.92783678       2.12371993      0.589999974    
        5804  -2.15473557       1.33556330      0.600000024    
        5806  -2.36441684      0.977124751      0.610000014    
        5808  -2.28304577       1.33363712      0.600000024    
        5810  -2.11240768       2.03350759      0.600000024    
        5812  -2.26058340       1.40325940      0.589999974    
        5814  -2.33849740      0.942846119      0.579999983    
        5816  -2.33472300      0.771342337      0.589999974    
        5818  -2.17513943       1.68853402      0.589999974    
        5820  -2.19850850       1.99759614      0.600000024    
        5822  -1.98195779       2.08840203      0.589999974    
        5824  -2.02214932       1.77819991      0.569999993    
        5826  -2.17045498       1.29978871      0.569999993    
        5828  -1.98280513       1.88696539      0.569999993    
        5830  -1.75187898       1.90292072      0.550000012    
        5832  -2.11180782      0.640438974      0.540000021    
        5834  -1.94431734       1.13781941      0.540000021    
        5836  -2.28489518       1.50083840      0.600000024    
        5838  -2.28992414       1.32302403      0.600000024    
        5840  -2.23882651       1.81458747      0.589999974    
        5842  -2.43854666       1.20462239      0.600000024    
        5844  -2.32086658       1.26708651      0.589999974    
        5846  -2.31808066       1.44360161      0.579999983    
        5848  -2.31658435       1.24309683      0.560000002    
        5850  -2.15243459       2.10552740      0.569999993    
        5852  -2.28684497       1.32085562      0.569999993    
        5854  -2.11538887       2.39947271      0.569999993    
        5856  -2.31046724       1.70947802      0.569999993    
        5858  -2.12695479      0.989904523      0.560000002    
        5860  -2.11249757       1.85956419      0.579999983    
        5862  -2.22957778       1.36992455      0.579999983    
        5864  -2.26748037      0.855361223      0.569999993    
        5866  -2.09982705       1.76900876      0.579999983    
        5868  -2.27635813       1.70440745      0.610000014    
        5870  -2.07833743       2.28075266      0.600000024    
        5872  -2.24015903       1.24812222      0.600000024    
        5874  -2.40495276       1.18515193      0.610000014    
        5876  -2.55586243      0.852641702      0.610000014    
        5878  -2.44731879       1.35222805      0.620000005    
        5880  -2.25656295       2.16999388      0.629999995    
        5882  -2.19345665       1.80681562      0.620000005    
        5884  -2.31805134       1.17871320      0.610000014    
        5886  -2.27097583       1.46466875      0.610000014    
        5888  -1.96490252       2.49990010      0.629999995    
        5890  -1.96018779       2.54524231      0.620000005    
        5892  -2.25739217       1.97435427      0.620000005    
        5894  -2.02390814       2.53988862      0.620000005    
        5896  -1.78456306       3.37004638      0.620000005    
        5898  -2.02863503       3.03586984      0.639999986    
        5900  -2.16157746       2.59134865      0.629999995    
        5902  -2.37074113       1.96153557      0.649999976    
        5904  -2.47019172       1.60864520      0.639999986    
        5906  -2.50403810       1.67716873      0.639999986    
        5908  -2.58055401       1.11145282      0.639999986    
        5910  -2.46315265       1.84113419      0.639999986    
        5912  -2.47779727       1.97588694      0.649999976    
        5914  -2.61682248       1.25801849      0.639999986    
        5916  -2.58629179      0.950702190      0.629999995    
        5918  -2.22234535       2.74235368      0.639999986    
        5920  -2.39529395       2.08979630      0.629999995    
        5922  -2.18730688       2.69051886      0.629999995    
        5924  -2.29712248       2.02815366      0.629999995    
        5926  -2.38382268       1.77036393      0.620000005    
        5928  -2.56260228       1.51449144      0.610000014    
        5930  -2.35154128       1.91547430      0.620000005    
        5932  -2.33225250       1.30234051      0.600000024    
        5934  -2.05937481       2.73359895      0.589999974    
        5936  -2.23624253       1.79432797      0.589999974    
        5938  -2.13080072       1.68383431      0.569999993    
        5940  -1.92718780       2.04129171      0.569999993    
        5942  -2.06453133       1.74362409      0.589999974    
        5944  -2.09206533       1.46647120      0.560000002    
        5946  -2.27196884       1.61487818      0.569999993    
        5948  -2.16077089       1.72339237      0.579999983    
        5950  -2.04012585       2.46860886      0.579999983    
        5952  -2.09214187       1.84726584      0.579999983    
        5954  -1.86595476       2.65368295      0.589999974    
        5956  -2.06135654       1.66262388      0.589999974    
        5958  -2.03151679       1.59302008      0.589999974    
        5960  -2.06193042       1.99004972      0.610000014    
        5962  -2.24511838       1.47144151      0.620000005    
        5964  -2.41598582       1.16567969      0.629999995    
        5966  -2.24986815       1.47367477      0.629999995    
        5968  -2.42368007       1.17368031      0.629999995    
        5970  -2.36369753       1.49274671      0.620000005    
        5972  -2.42189813       1.55483341      0.629999995    
        5974  -2.49409580       1.31370056      0.639999986    
        5976  -2.40686798       2.35877728      0.649999976    
        5978  -2.30784369       2.27285886      0.639999986    
        5980  -2.16716194       2.89803624      0.629999995    
        5982  -2.33374214       2.21787262      0.629999995    
        5984  -2.15352964       3.52857709      0.660000026    
        5986  -2.45150566       2.74145842      0.660000026    
        5988  -2.56600261       2.08833456      0.649999976    
        5990  -2.58305788       1.75249910      0.649999976    
        5992  -2.29812002       2.27622533      0.620000005    
        5994  -2.59836936       1.19972777      0.649999976    
        5996  -2.54888582       1.41728461      0.649999976    
        5998  -2.49271297       1.85500407      0.639999986    
        6000  -2.44315720       2.04247069      0.649999976    
        6002  -2.79443121      0.252312273      0.649999976    
        6004  -2.45650578       1.93228936      0.660000026    
        6006  -2.36901903       2.59001160      0.660000026    
        6008  -2.49217367       1.63976693      0.649999976    
        6010  -2.50223899       1.81963074      0.649999976    
        6012  -2.31153846       2.54428887      0.660000026    
        6014  -2.28668904       3.01085711      0.670000017    
        6016  -2.50179410       2.40670848      0.680000007    
        6018  -2.47295308       2.23675537      0.680000007    
        6020  -2.56510806       2.25570607      0.689999998    
        6022  -2.84950733       1.49241722      0.709999979    
        6024  -2.46410704       3.30987930      0.709999979    
        6026  -2.63900113       2.53645372      0.709999979    
        6028  -2.76965046       1.76211691      0.709999979    
        6030  -2.50335622       2.02992749      0.699999988    
        6032  -2.50603533       2.24076915      0.689999998    
        6034  -2.67359328       1.63543272      0.689999998    
        6036  -2.36903262       2.96099401      0.680000007    
        6038  -2.35650373       3.27316761      0.670000017    
        6040  -2.21981192       3.15751743      0.649999976    
        6042  -2.44569325       1.83956993      0.639999986    
        6044  -2.44694281       2.04158807      0.639999986    
        6046  -2.59740400       1.62445211      0.639999986    
        6048  -2.71488237       1.46932781      0.670000017    
        6050  -2.70560694       1.24494231      0.680000007    
        6052  -2.64460325       1.10773396      0.689999998    
        6054  -2.85128212       1.21408367      0.699999988    
        6056  -2.61632085       1.90216780      0.689999998    
        6058  -2.46181154       3.19283080      0.709999979    
        6060  -2.37378287       4.10673761      0.709999979    
        6062  -2.66636682       2.89908028      0.709999979    
        6064  -2.76048541       1.55824220      0.699999988    
        6066  -2.69594526       1.87219465      0.699999988    
        6068  -2.56104684       2.28608012      0.699999988    
        6070  -2.31278276       3.38395357      0.699999988    
        6072  -2.45030355       2.75153089      0.699999988    
        6074  -2.89689469      0.950046003      0.709999979    
        6076  -2.72144222       1.62169671      0.699999988    
        6078  -2.57735085       1.53195071      0.699999988    
        6080  -2.48145509       2.34337687      0.699999988    
        6082  -2.13708997       3.66666484      0.709999979    
        6084  -2.34850049       2.81608582      0.699999988    
        6086  -2.60222673       2.19650459      0.709999979    
        6088  -2.52022243       2.60882711      0.709999979    
        6090  -2.33618522       3.73603225      0.730000019    
        6092  -2.67737436       2.97885418      0.730000019    
        6094  -2.55206823       3.92727566      0.750000000    
        6096  -2.64601755       2.81327248      0.750000000    
        6098  -2.60854340       2.44150066      0.740000010    
        6100  -2.58393455       2.64339614      0.730000019    
        6102  -2.86099410       1.52385867      0.730000019    
        6104  -2.70297718       1.67506635      0.709999979    
        6106  -2.64112306       1.91024375      0.689999998    
        6108  -2.47879577       2.44366288      0.689999998    
        6110  -2.42515540       2.48404932      0.670000017    
        6112  -2.55373955       2.02916074      0.689999998    
        6114  -2.40704870       2.81177831      0.699999988    
        6116  -2.58698797       1.96997178      0.689999998    
        6118  -2.63472772       1.58703768      0.689999998    
        6120  -2.47927976       2.27995586      0.699999988    
        6122  -2.41415930       2.75052476      0.709999979    
        6124  -2.54999852       2.72275543      0.709999979    
        6126  -2.61239409       2.56743312      0.720000029    
        6128  -2.66949582       2.31039381      0.709999979    
        6130  -2.83024073       1.97719181      0.709999979    
        6132  -2.90890598       2.22002244      0.720000029    
        6134  -2.95054078       2.07784319      0.709999979    
        6136  -2.81637931       1.80742800      0.699999988    
        6138  -2.79082227       1.45623982      0.689999998    
        6140  -2.60682797       2.29722619      0.689999998    
        6142  -2.75315905       2.14839864      0.709999979    
        6144  -2.43015456       3.12097621      0.709999979    
        6146  -2.36595464       2.90601540      0.689999998    
        6148  -2.48022389       2.58846712      0.689999998    
        6150  -2.56030941       1.95258379      0.680000007    
        6152  -2.23588228       2.81835842      0.689999998    
        6154  -2.45351648       2.21329975      0.680000007    
        6156  -2.29077172       2.30180335      0.670000017    
        6158  -2.12387514       2.73742771      0.680000007    
        6160  -2.46945786       1.81326485      0.680000007    
        6162  -2.31222081       2.55704689      0.670000017    
        6164  -2.21526480       2.39626861      0.660000026    
        6166  -2.36851859       1.87007463      0.649999976    
        6168  -2.32051611       1.72397959      0.649999976    
        6170  -2.16540265       2.19598794      0.639999986    
        6172  -2.58079386      0.695354104      0.629999995    
        6174  -2.18714070       2.50003600      0.629999995    
        6176  -2.40658760       1.49930179      0.620000005    
        6178  -2.34553337       1.72544158      0.610000014    
        6180  -2.24964595       1.88280809      0.610000014    
        6182  -2.21549606       2.58220100      0.610000014    
        6184  -2.61679077      0.733167648      0.610000014    
        6186  -2.15917420       2.61380720      0.620000005    
        6188  -2.47729754       1.33203244      0.639999986    
        6190  -2.17310262       2.71867704      0.639999986    
        6192  -2.20201612       2.31673050      0.620000005    
        6194  -2.05570722       2.09209609      0.610000014    
        6196  -2.20314860       1.63721621      0.620000005    
        6198  -2.14117002       2.74861288      0.629999995    
        6200  -2.24512553       1.73247719      0.610000014    
        6202  -2.13026404       2.58093786      0.600000024    
        6204  -2.09742975       2.49674201      0.600000024    
        6206  -2.39946604       1.36240029      0.600000024    
        6208  -2.17708254       1.42399275      0.579999983    
        6210  -2.23859954       1.25844371      0.589999974    
        6212  -2.20548987       1.94626284      0.579999983    
        6214  -2.38200474       1.45504022      0.600000024    
        6216  -2.43168855       1.46847284      0.620000005    
        6218  -2.20588136       1.95786226      0.600000024    
        6220  -2.25769377       1.91053975      0.610000014    
        6222  -2.33755398       1.77103126      0.610000014    
        6224  -2.21111298      0.509456754      0.569999993    
        6226  -2.14841914      0.963168144      0.569999993    
        6228  -2.29785943      0.566523433      0.560000002    
        6230  -2.23433375      0.678196371      0.550000012    
        6232  -2.06590772      0.858269334      0.550000012    
        6234  -1.84186554       1.67041981      0.560000002    
        6236  -2.27991152      0.742659688      0.569999993    
        6238  -1.87508106       2.32050014      0.569999993    
        6240  -1.88034296       1.91497481      0.569999993    
        6242  -1.92035007       1.68968964      0.560000002    
        6244  -2.06683564       1.19505870      0.550000012    
        6246  -2.03930497       1.31711364      0.560000002    
        6248  -2.11317658       1.26147687      0.560000002    
        6250  -1.99250114       1.90924501      0.579999983    
        6252  -1.98649180       1.64128447      0.579999983    
        6254  -2.13244557       1.60953271      0.589999974    
        6256  -2.28013158       1.08536422      0.600000024    
        6258  -2.13169646       1.51952147      0.589999974    
        6260  -2.33658886      0.826691329      0.589999974    
        6262  -2.13864088       1.64207733      0.589999974    
        6264  -2.18702054       1.55490434      0.610000014    
        6266  -2.11984563       1.60867894      0.600000024    
        6268  -2.20222092       1.35561705      0.600000024    
        6270  -2.22680044       1.51997149      0.610000014    
        6272  -2.27845907       2.41292048      0.620000005    
        6274  -2.41425490       2.02489066      0.620000005    
        6276  -2.28693676       1.94810498      0.629999995    
        6278  -2.28877187       1.77924430      0.629999995    
        6280  -2.50947928      0.933489025      0.629999995    
        6282  -2.58481884       1.38663292      0.649999976    
        6284  -2.62037778      0.861443341      0.629999995    
        6286  -2.33417153       2.27716327      0.620000005    
        6288  -2.55438256       1.27005446      0.620000005    
        6290  -2.48610139       1.87419367      0.639999986    
        6292  -2.42897105       2.41783905      0.660000026    
        6294  -2.35237694       3.18424845      0.670000017    
        6296  -2.29408407       2.69630909      0.660000026    
        6298  -2.39261699       2.02199125      0.660000026    
        6300  -2.48867559       1.36331880      0.660000026    
        6302  -2.44640303       1.79786861      0.660000026    
        6304  -2.43094134       2.10772276      0.660000026    
        6306  -2.35152435       2.05233622      0.639999986    
        6308  -2.28565097       2.87603545      0.660000026    
        6310  -2.25209045       3.20956254      0.670000017    
        6312  -2.41897297       3.46460819      0.680000007    
        6314  -2.67913342       2.58044648      0.689999998    
        6316  -2.44085193       3.16560817      0.680000007    
        6318  -2.75826454       1.50135124      0.680000007    
        6320  -2.60085678       2.16133261      0.680000007    
        6322  -2.60414171       2.74382496      0.680000007    
        6324  -2.66359210       2.47484946      0.680000007    
        6326  -2.48681855       2.88168621      0.680000007    
        6328  -2.82344675       1.30305982      0.680000007    
        6330  -2.81594348       1.04621553      0.680000007    
        6332  -2.75069618       1.84500921      0.680000007    
        6334  -2.81192636       1.82702971      0.699999988    
        6336  -2.70912814       1.72737324      0.680000007    
        6338  -2.56932712       2.07911491      0.680000007    
        6340  -2.41365361       2.94072151      0.670000017    
        6342  -2.65847540       2.02443099      0.680000007    
        6344  -2.52688050       2.63138342      0.680000007    
        6346  -2.75954175       1.73468101      0.670000017    
        6348  -2.66071963       1.82276273      0.670000017    
        6350  -2.52392244       2.22485948      0.660000026    
        6352  -2.56716967       1.63421726      0.649999976    
        6354  -2.56883240       1.81281114      0.649999976    
        6356  -2.27459359       3.03736901      0.660000026    
        6358  -2.27150130       2.67925096      0.660000026    
        6360  -2.29244685       2.66457391      0.629999995    
        6362  -2.51287007       1.88589966      0.629999995    
        6364  -2.50412798       1.51400733      0.620000005    
        6366  -2.37674928       1.55932522      0.610000014    
        6368  -2.54550076       1.31907415      0.620000005    
        6370  -2.49167228       1.27138174      0.620000005    
        6372  -2.47662783       1.31004345      0.600000024    
        6374  -2.23866844       2.37937140      0.600000024    
        6376  -2.12048674       2.90418768      0.600000024    
        6378  -2.51495647       2.13209748      0.610000014    
        6380  -2.38805604       1.64789498      0.610000014    
        6382  -2.61826992      0.931836665      0.600000024    
        6384  -2.43106031       1.86758566      0.610000014    
        6386  -2.54146552       1.34740901      0.620000005    
        6388  -2.36607552       1.62860262      0.610000014    
        6390  -2.27019358       1.55829477      0.600000024    
        6392  -2.35503340       1.92777228      0.620000005    
        6394  -2.23835397       2.02387166      0.620000005    
        6396  -2.22014451       1.75272250      0.600000024    
        6398  -2.11673522       2.39675474      0.600000024    
        6400  -2.20886111       2.14485145      0.579999983    
        6402  -2.10999966       2.37224698      0.600000024    
        6404  -2.46962810       1.19172752      0.620000005    
        6406  -2.16294575       2.19101501      0.600000024    
        6408  -2.31068516       1.44752634      0.589999974    
        6410  -2.13243413       1.78511143      0.589999974    
        6412  -2.16413903       1.86881804      0.600000024    
        6414  -2.28204799       1.69741905      0.629999995    
        6416  -2.33770466       1.81847918      0.639999986    
        6418  -2.30569100       1.73406041      0.629999995    
        6420  -2.20084453       3.11215615      0.670000017    
        6422  -2.44808483       2.19599295      0.670000017    
        6424  -2.40722585       2.21941566      0.670000017    
        6426  -2.49121141       1.60460460      0.670000017    
        6428  -2.65707850       1.17116416      0.670000017    
        6430  -2.52498174       1.90323591      0.670000017    
        6432  -2.44937468       2.56082773      0.680000007    
        6434  -2.45556331       2.10797715      0.680000007    
        6436  -2.50286365       2.54571009      0.689999998    
        6438  -2.57141423       2.05389452      0.660000026    
        6440  -2.27028632       2.54099345      0.649999976    
        6442  -2.35648370       1.52564073      0.639999986    
        6444  -2.59570718       1.20035374      0.660000026    
        6446  -2.50707030       1.47705555      0.670000017    
        6448  -2.45530581       1.97329390      0.660000026    
        6450  -2.56609297       2.25238562      0.680000007    
        6452  -2.35479951       2.77962971      0.680000007    
        6454  -2.23334193       3.41877604      0.680000007    
        6456  -2.24837446       2.98453999      0.670000017    
        6458  -2.45958638       2.51748562      0.680000007    
        6460  -2.57704139       1.90770292      0.680000007    
        6462  -2.61424422       1.90943730      0.689999998    
        6464  -2.53889894       1.89111483      0.689999998    
        6466  -2.58082986       2.08028555      0.689999998    
        6468  -2.68244886       1.67380702      0.680000007    
        6470  -2.75790501       1.29027879      0.680000007    
        6472  -2.60839415       1.91162813      0.680000007    
        6474  -2.62177515       2.52013659      0.699999988    
        6476  -2.36654639       3.75132227      0.699999988    
        6478  -2.39890838       4.12830973      0.699999988    
        6480  -2.47738886       3.04342723      0.689999998    
        6482  -2.53359723       2.34576583      0.680000007    
        6484  -2.35361695       2.87233424      0.689999998    
        6486  -2.41140890       2.15747833      0.689999998    
        6488  -2.51318407       2.46136642      0.689999998    
        6490  -2.39572549       2.54425550      0.670000017    
        6492  -2.52062583       2.15022826      0.660000026    
        6494  -2.59997249       1.99264383      0.670000017    
        6496  -2.27294374       3.67812729      0.680000007    
        6498  -2.44745803       2.44529796      0.670000017    
        6500  -2.58161020       1.85781360      0.660000026    
        6502  -2.60936308       1.71194315      0.670000017    
        6504  -2.69108081       2.09420252      0.689999998    
        6506  -2.83183694       1.75847077      0.689999998    
        6508  -2.85082150       1.87116921      0.680000007    
        6510  -2.66266370       3.10032344      0.689999998    
        6512  -2.76753449       1.83377004      0.689999998    
        6514  -2.54649067       2.58037281      0.680000007    
        6516  -2.69550419       1.63133454      0.689999998    
        6518  -2.88967466       1.37536383      0.699999988    
        6520  -2.68237281       1.89932227      0.709999979    
        6522  -2.84605026       1.30244935      0.709999979    
        6524  -2.78886604       2.22236943      0.709999979    
        6526  -2.69625616       3.16446376      0.740000010    
        6528  -2.83971477       2.73726344      0.750000000    
        6530  -2.85714936       2.92697215      0.750000000    
        6532  -2.96926236       2.39955497      0.740000010    
        6534  -2.93036842       2.63627601      0.740000010    
        6536  -2.90971923       2.29078603      0.750000000    
        6538  -2.92751956       2.78674054      0.750000000    
        6540  -2.99584460       2.38306785      0.759999990    
        6542  -2.97690868       2.29114437      0.759999990    
        6544  -2.90916848       2.79635572      0.759999990    
        6546  -2.74767494       3.61552715      0.759999990    
        6548  -2.74493980       2.98617244      0.750000000    
        6550  -2.64750218       3.20050812      0.740000010    
        6552  -2.66683769       2.85023689      0.730000019    
        6554  -2.64314079       2.85902309      0.730000019    
        6556  -2.65627837       3.40798640      0.750000000    
        6558  -2.76758885       2.89799261      0.740000010    
        6560  -2.61838245       3.56010818      0.740000010    
        6562  -2.91853380       2.83470082      0.730000019    
        6564  -2.85694170       2.56906676      0.740000010    
        6566  -2.68106771       3.56292439      0.730000019    
        6568  -2.77430034       3.20346665      0.720000029    
        6570  -2.61272168       3.51128268      0.730000019    
        6572  -2.61412954       3.56098676      0.740000010    
        6574  -2.66499829       2.72750449      0.740000010    
        6576  -2.58135056       2.78304362      0.740000010    
        6578  -2.68639088       2.73788929      0.740000010    
        6580  -2.68234634       2.53879023      0.730000019    
        6582  -2.31962013       3.88921237      0.720000029    
        6584  -2.59342432       2.21659493      0.709999979    
        6586  -2.50499511       3.17883277      0.709999979    
        6588  -2.48541045       2.84962106      0.709999979    
        6590  -2.57467532       2.35322928      0.709999979    
        6592  -2.76167750       1.76304102      0.709999979    
        6594  -2.62524080       2.53246427      0.699999988    
        6596  -2.62309337       1.55298483      0.660000026    
        6598  -2.20611572       2.85034537      0.649999976    
        6600  -2.34808016       2.09717798      0.639999986    
        6602  -2.42135811       1.59217131      0.649999976    
        6604  -2.36655259       2.18590331      0.649999976    
        6606  -2.62342811       1.21048594      0.649999976    
        6608  -2.32949352       2.88756871      0.660000026    
        6610  -2.52879286       1.82314229      0.660000026    
        6612  -2.54587483       2.33510566      0.660000026    
        6614  -2.40361047       2.69351768      0.670000017    
        6616  -2.53240752       2.13890314      0.670000017    
        6618  -2.39424896       3.35399556      0.680000007    
        6620  -2.85585070       2.18696809      0.709999979    
        6622  -2.87184834       1.82465935      0.699999988    
        6624  -2.96474457       1.44228256      0.699999988    
        6626  -2.80853605       1.70932949      0.689999998    
        6628  -2.74780512       2.01612473      0.689999998    
        6630  -2.56826425       2.31250858      0.689999998    
        6632  -2.64599872       1.73247159      0.689999998    
        6634  -2.74684691       1.76433539      0.699999988    
        6636  -2.56925869       2.07821751      0.699999988    
        6638  -2.70961666       1.20728016      0.689999998    
        6640  -2.53036833       3.08279252      0.709999979    
        6642  -2.58583117       2.70530987      0.709999979    
        6644  -2.48967505       3.34121370      0.709999979    
        6646  -2.50719738       3.42323732      0.699999988    
        6648  -2.56869292       2.80371332      0.699999988    
        6650  -2.25406003       3.81004477      0.699999988    
        6652  -2.37022281       3.53550196      0.699999988    
        6654  -2.50693607       3.29092336      0.709999979    
        6656  -2.38260698       3.75840902      0.720000029    
        6658  -2.29566336       3.81803417      0.689999998    
        6660  -2.16075850       3.12828279      0.670000017    
        6662  -2.42616177       1.86902642      0.670000017    
        6664  -2.25974202       2.34949756      0.670000017    
        6666  -2.48045278       2.39670920      0.689999998    
        6668  -2.40069699       3.23789930      0.709999979    
        6670  -2.13593173       3.79286456      0.689999998    
        6672  -2.10794044       3.60743713      0.689999998    
        6674  -2.05416727       4.15839911      0.699999988    
        6676  -2.48342061       1.87667882      0.670000017    
        6678  -2.41092658       2.09341717      0.670000017    
        6680  -2.33255720       2.30665278      0.660000026    
        6682  -2.39992571       2.16441059      0.649999976    
        6684  -2.26379061       2.15108132      0.649999976    
        6686  -2.24487066       1.87290823      0.639999986    
        6688  -2.30783749       1.07670140      0.639999986    
        6690  -2.26498580       2.29562807      0.660000026    
        6692  -2.26667476       2.17394519      0.649999976    
        6694  -2.32841969       2.12739110      0.649999976    
        6696  -2.23824239       2.62150550      0.649999976    
        6698  -2.42112947       1.81512725      0.639999986    
        6700  -2.31218028       2.09246540      0.629999995    
        6702  -2.46297503       1.55558693      0.629999995    
        6704  -2.12318540       2.67786479      0.629999995    
        6706  -2.30318832       2.31347513      0.649999976    
        6708  -2.12483644       2.64382505      0.639999986    
        6710  -2.36050224       1.63199341      0.629999995    
        6712  -2.18223333       2.14171052      0.620000005    
        6714  -2.11843395       2.36970830      0.629999995    
        6716  -2.25051975       2.49674344      0.639999986    
        6718  -2.35637522       1.97560692      0.629999995    
        6720  -2.24984908       2.59351778      0.649999976    
        6722  -2.47388148       1.32024980      0.629999995    
        6724  -2.67817378      0.829108119      0.639999986    
        6726  -2.54382563       1.40318882      0.639999986    
        6728  -2.57789421       1.17982411      0.639999986    
        6730  -2.37475681       1.83576763      0.629999995    
        6732  -2.45947814       1.72050869      0.629999995    
        6734  -2.34251308       1.58881080      0.620000005    
        6736  -2.60225248       1.31697619      0.639999986    
        6738  -2.49907923       1.73335993      0.629999995    
        6740  -2.58451223      0.881840050      0.610000014    
        6742  -2.24809551       1.99925101      0.620000005    
        6744  -2.51939344       1.74404156      0.639999986    
        6746  -2.74354362       1.05018866      0.639999986    
        6748  -2.67312503       1.44624770      0.639999986    
        6750  -2.47651982       1.95417023      0.620000005    
        6752  -2.34838152       1.67002070      0.610000014    
        6754  -2.45029926       1.28092539      0.610000014    
        6756  -2.41761947       1.37718809      0.610000014    
        6758  -2.29316759       1.96296179      0.610000014    
        6760  -2.24996567       1.92994690      0.610000014    
        6762  -2.29794192       2.48807383      0.639999986    
        6764  -2.49501538       1.71375644      0.629999995    
        6766  -2.34644556       2.16559863      0.649999976    
        6768  -2.46877098       2.16777706      0.639999986    
        6770  -2.60013700       1.52974617      0.649999976    
        6772  -2.70952773       1.38307595      0.649999976    
        6774  -2.46860170       2.27809095      0.660000026    
        6776  -2.57731533       1.80512774      0.660000026    
        6778  -2.53069711       1.84418333      0.629999995    
        6780  -2.60112262       1.36067045      0.620000005    
        6782  -2.47029161       1.63497770      0.620000005    
        6784  -2.39118743       1.90890014      0.620000005    
        6786  -2.40334344       1.63760161      0.610000014    
        6788  -2.44372559       1.19212663      0.620000005    
        6790  -2.46706367       1.03592181      0.629999995    
        6792  -2.28341460       1.80980897      0.629999995    
        6794  -2.18694282       2.55526876      0.639999986    
        6796  -2.20839953       2.74947381      0.639999986    
        6798  -2.52138710       1.86595440      0.649999976    
        6800  -2.46400309       1.98493052      0.649999976    
        6802  -2.48339510       1.57065213      0.639999986    
        6804  -2.45600748       1.79107499      0.649999976    
        6806  -2.54289675       1.94729233      0.670000017    
        6808  -2.61358595       1.18805265      0.629999995    
        6810  -2.42641425       2.24818206      0.639999986    
        6812  -2.42925954       2.28404474      0.649999976    
        6814  -2.44028068       2.33606791      0.639999986    
        6816  -2.39623117       2.47007799      0.649999976    
        6818  -2.51380038       2.00516367      0.649999976    
        6820  -2.49737573       1.64330328      0.620000005    
        6822  -2.37167072       1.72091866      0.620000005    
        6824  -2.45201230       1.70707774      0.629999995    
        6826  -2.20693588       2.37966228      0.610000014    
        6828  -1.96883845       2.44759083      0.600000024    
        6830  -1.68661368       3.54008293      0.589999974    
        6832  -2.05097771       2.20302534      0.589999974    
        6834  -2.33552647       1.99086535      0.610000014    
        6836  -2.22939610       1.46018243      0.600000024    
        6838  -2.20089006       2.66051626      0.620000005    
        6840  -2.31275129       2.20881653      0.620000005    
        6842  -2.24307275       1.95164716      0.600000024    
        6844  -2.35186481       1.28733850      0.589999974    
        6846  -2.34269309       1.63383257      0.600000024    
        6848  -2.48994064       1.13812137      0.589999974    
        6850  -2.14503431       2.18156362      0.579999983    
        6852  -2.13180876       1.96385336      0.579999983    
        6854  -2.30772805       1.41434753      0.579999983    
        6856  -2.49798846      0.970290840      0.569999993    
        6858  -2.23213482       1.82363296      0.589999974    
        6860  -2.16071415       1.87235892      0.589999974    
        6862  -2.19786048       1.70317984      0.579999983    
        6864  -2.14410281       2.38399458      0.600000024    
        6866  -2.19815755       2.74256682      0.620000005    
        6868  -2.37165642       1.98438430      0.620000005    
        6870  -2.59101796       1.50912249      0.629999995    
        6872  -2.47787762       1.68524587      0.629999995    
        6874  -2.54506922       1.43881381      0.629999995    
        6876  -2.50382066       2.06640387      0.629999995    
        6878  -2.41033244       2.02213311      0.629999995    
        6880  -2.50799513       1.98252583      0.639999986    
        6882  -2.14765263       2.93029571      0.639999986    
        6884  -2.38415694       2.09840441      0.639999986    
        6886  -2.48927331       1.93595362      0.660000026    
        6888  -2.57363582       1.70741034      0.670000017    
        6890  -2.40759873       2.64762044      0.680000007    
        6892  -2.32335544       2.64696693      0.680000007    
        6894  -2.07635641       3.46202636      0.660000026    
        6896  -2.45482850       1.80851591      0.649999976    
        6898  -2.65891671       1.85433650      0.670000017    
        6900  -2.54180026       1.79110682      0.649999976    
        6902  -2.64912653      0.710496783      0.620000005    
        6904  -2.16805315       2.44869089      0.610000014    
        6906  -2.41667271       1.86357498      0.620000005    
        6908  -2.34238505       1.10427296      0.610000014    
        6910  -2.32042956       1.14628434      0.600000024    
        6912  -2.34878397       1.53896737      0.610000014    
        6914  -2.23590541       1.89284015      0.600000024    
        6916  -2.38278031       1.16507351      0.600000024    
        6918  -2.26227617       1.31701028      0.610000014    
        6920  -2.48594022      0.750500619      0.610000014    
        6922  -2.09518790       2.57491469      0.610000014    
        6924  -2.33158278       1.53609192      0.589999974    
        6926  -2.40886593       1.63135362      0.589999974    
        6928  -2.28741908       1.68947434      0.600000024    
        6930  -2.35247493       2.09691119      0.610000014    
        6932  -2.23940635       1.95244348      0.600000024    
        6934  -2.37357569       1.54387820      0.589999974    
        6936  -2.27598882       1.66184652      0.589999974    
        6938  -2.34625220       1.65867460      0.600000024    
        6940  -2.34439111       2.27194214      0.610000014    
        6942  -2.46134424       1.89308691      0.610000014    
        6944  -2.46160769      0.935556173      0.600000024    
        6946  -2.40782285       1.10058403      0.589999974    
        6948  -2.33609128       1.55998707      0.600000024    
        6950  -2.38628912       1.30269957      0.600000024    
        6952  -2.33062768       1.40997612      0.600000024    
        6954  -2.38965726       1.63357317      0.610000014    
        6956  -2.40782881       1.72264290      0.629999995    
        6958  -2.49632144       1.39033926      0.620000005    
        6960  -2.28024411       2.14426970      0.610000014    
        6962  -2.33196974       1.09706867      0.600000024    
        6964  -2.32267022       1.59872425      0.610000014    
        6966  -2.25957847       1.84524786      0.610000014    
        6968  -1.93746090       2.41074467      0.610000014    
        6970  -2.13511825       1.39581180      0.589999974    
        6972  -2.22767735       1.09867525      0.589999974    
        6974  -2.20684814       1.14385247      0.560000002    
        6976  -2.05512810      0.994696677      0.550000012    
        6978  -2.27859545      0.522729993      0.529999971    
        6980  -2.34332633       1.18923795      0.569999993    
        6982  -2.13306928       1.47539771      0.579999983    
        6984  -2.28955698       1.79857576      0.600000024    
        6986  -2.08254290       2.19533968      0.589999974    
        6988  -1.97623503       2.27388883      0.589999974    
        6990  -2.40005732       1.12414312      0.600000024    
        6992  -2.34530449       1.18803191      0.589999974    
        6994  -2.30936861       1.51884472      0.589999974    
        6996  -2.17184711       1.41108418      0.579999983    
        6998  -2.18645477       1.30579793      0.589999974    
        7000  -2.40823317      0.794646382      0.600000024    
        7002  -2.22047734       1.20002413      0.589999974    
        7004  -2.24894881       1.60274851      0.600000024    
        7006  -2.26244211       1.76737356      0.620000005    
        7008  -2.42664814       1.19586813      0.629999995    
        7010  -2.49346590       1.30982077      0.629999995    
        7012  -2.48321795       1.22717524      0.629999995    
        7014  -2.25899386       1.98517084      0.629999995    
        7016  -2.21487093       2.27350903      0.629999995    
        7018  -2.34892416       2.02203274      0.639999986    
        7020  -2.36790776       1.52738607      0.610000014    
        7022  -2.27950358       1.71831834      0.600000024    
        7024  -2.22725582       1.64944100      0.610000014    
        7026  -2.29579639       1.64977252      0.620000005    
        7028  -2.46040106      0.719025731      0.620000005    
        7030  -2.36473179       1.11933851      0.600000024    
        7032  -2.19020772       2.23538470      0.620000005    
        7034  -2.19033718       3.00302720      0.639999986    
        7036  -2.59497571       1.64842451      0.649999976    
        7038  -2.72721028       1.11088407      0.660000026    
        7040  -2.75378847      0.936759114      0.660000026    
        7042  -2.62518501      0.881111205      0.660000026    
        7044  -2.61865187       1.13906181      0.649999976    
        7046  -2.47700548       1.64988899      0.639999986    
        7048  -2.36446738       2.09866285      0.639999986    
        7050  -2.55795813       1.25736570      0.629999995    
        7052  -2.17731857       2.00173140      0.620000005    
        7054  -1.95258236       2.94661641      0.610000014    
        7056  -2.46606159       1.01241910      0.600000024    
        7058  -2.29892731       2.23840618      0.600000024    
        7060  -2.33273125       1.55351651      0.579999983    
        7062  -2.42115307       1.17587876      0.579999983    
        7064  -2.42556238       1.12783670      0.579999983    
        7066  -2.31750298       1.25356328      0.589999974    
        7068  -2.29451203       2.15603900      0.620000005    
        7070  -2.52128053      0.906386733      0.620000005    
        7072  -2.44481587       1.00913429      0.600000024    
        7074  -2.13202286       2.70321751      0.629999995    
        7076  -2.28279400       1.89741206      0.629999995    
        7078  -2.51324534       1.41841054      0.639999986    
        7080  -2.51874256       1.18509793      0.629999995    
        7082  -2.19500256       1.99689806      0.610000014    
        7084  -2.38350344       2.54205585      0.639999986    
        7086  -2.27742314       2.43741751      0.629999995    
        7088  -2.03696656       2.89350224      0.620000005    
        7090  -2.45004272       1.50838161      0.620000005    
        7092  -2.39055777       1.72460067      0.610000014    
        7094  -2.34386373       1.95941496      0.610000014    
        7096  -2.44002771       1.61198223      0.610000014    
        7098  -2.03228545       2.67055917      0.589999974    
        7100  -1.71628523       3.46307373      0.589999974    
        7102  -2.23083878       2.02652764      0.610000014    
        7104  -2.11323476       2.49455428      0.620000005    
        7106  -2.21683621       1.69714546      0.610000014    
        7108  -2.16217136       2.04591441      0.600000024    
        7110  -2.10210133       2.47848320      0.600000024    
        7112  -2.09399033       2.12396336      0.579999983    
        7114  -2.33173847       1.00154853      0.569999993    
        7116  -2.24293470      0.784439206      0.560000002    
        7118  -2.16653466       1.61068940      0.589999974    
        7120  -2.14463329       1.64154625      0.579999983    
        7122  -2.04997587       1.96291959      0.579999983    
        7124  -2.15800047       1.92657125      0.600000024    
        7126  -2.21692610       1.68032396      0.600000024    
        7128  -2.24891043       1.40689349      0.589999974    
        7130  -2.12423635       1.80614960      0.589999974    
        7132  -2.24122357      0.893000245      0.569999993    
        7134  -2.19515944       1.64697790      0.589999974    
        7136  -2.30473208       1.17037153      0.600000024    
        7138  -2.31119752       1.51026249      0.610000014    
        7140  -2.35564804       1.54776049      0.629999995    
        7142  -2.27432108       1.87850356      0.639999986    
        7144  -2.27875686       1.66733491      0.620000005    
        7146  -2.04571033       2.67763066      0.620000005    
        7148  -2.36821651       1.89973390      0.629999995    
        7150  -2.18863964       2.51822925      0.629999995    
        7152  -2.37041903       1.62848949      0.629999995    
        7154  -2.44544172       1.34028065      0.629999995    
        7156  -2.37810516       1.16578221      0.620000005    
        7158  -2.45680785       1.32675600      0.649999976    
        7160  -2.39263654       1.85477757      0.649999976    
        7162  -2.36469746       2.08006907      0.649999976    
        7164  -2.40375209       1.72888958      0.639999986    
        7166  -2.25527978       2.44456768      0.639999986    
        7168  -2.18792653       2.61031556      0.629999995    
        7170  -2.16585994       2.18837261      0.639999986    
        7172  -2.32599139       1.33331418      0.629999995    
        7174  -2.12497473       2.17171288      0.620000005    
        7176  -2.30182242       1.76553237      0.629999995    
        7178  -2.30260277       1.87863779      0.629999995    
        7180  -2.39074516       1.38171959      0.629999995    
        7182  -2.12958455       2.52095175      0.620000005    
        7184  -2.33295441       1.66755867      0.620000005    
        7186  -2.37490630       2.21753430      0.629999995    
        7188  -2.40273857       1.05732822      0.610000014    
        7190  -2.34538078       1.02428997      0.610000014    
        7192  -2.31850314       1.30602276      0.610000014    
        7194  -2.10271883       2.23369169      0.610000014    
        7196  -2.09093499       2.63584328      0.620000005    
        7198  -2.25333405       2.07047606      0.600000024    
        7200  -2.16475177       1.98125970      0.579999983    
        7202  -2.23439407       1.53077710      0.579999983    
        7204  -2.20612526       2.12027860      0.610000014    
        7206  -2.11282039       1.92267644      0.600000024    
        7208  -2.24896955       2.13169694      0.620000005    
        7210  -2.29458117       1.82471824      0.629999995    
        7212  -2.33773947       1.80251908      0.639999986    
        7214  -2.25134659       2.31623602      0.649999976    
        7216  -2.20940065       1.98669219      0.629999995    
        7218  -2.03796220       2.25578928      0.629999995    
        7220  -2.26631784       1.36441481      0.620000005    
        7222  -2.19544411       1.77991104      0.629999995    
        7224  -2.36851907       1.61970007      0.639999986    
        7226  -2.32414770       1.44271421      0.629999995    
        7228  -2.32986736       1.55225468      0.629999995    
        7230  -2.12041187       1.80539966      0.610000014    
        7232  -2.29355001       1.13181293      0.610000014    
        7234  -2.17996860       1.94908249      0.629999995    
        7236  -2.24526525       1.46261132      0.620000005    
        7238  -2.19593740       2.41742682      0.629999995    
        7240  -2.24015093       1.90918052      0.610000014    
        7242  -2.16756344       1.75537729      0.589999974    
        7244  -2.32387352       1.04264319      0.610000014    
        7246  -2.29703641       1.35682619      0.610000014    
        7248  -2.28651881       1.55669928      0.610000014    
        7250  -2.26436782       1.66843903      0.620000005    
        7252  -2.14765310       1.75137472      0.620000005    
        7254  -2.29986644       1.44304848      0.610000014    
        7256  -2.15889835       1.62706065      0.610000014    
        7258  -2.10381150       2.23968983      0.600000024    
        7260  -2.29446006       1.31306982      0.579999983    
        7262  -2.05857825       2.25658298      0.569999993    
        7264  -2.22963428       1.21255410      0.569999993    
        7266  -2.21463394       1.32187366      0.579999983    
        7268  -2.21461630       1.22452211      0.579999983    
        7270  -2.08001018       1.12523866      0.569999993    
        7272  -2.06532884       1.35924602      0.579999983    
        7274  -2.00344229       1.76105785      0.579999983    
        7276  -2.16515923       1.43823731      0.579999983    
        7278  -2.13890886       1.93894076      0.589999974    
        7280  -2.05580997       2.86402750      0.589999974    
        7282  -2.12727475       1.79346752      0.589999974    
        7284  -2.15111899       1.47287428      0.589999974    
        7286  -2.19876266       1.49128842      0.579999983    
        7288  -2.09126711       1.21534276      0.569999993    
        7290  -1.87201440       2.19817853      0.579999983    
        7292  -2.30323195       1.58369136      0.610000014    
        7294  -2.37662387       1.19414783      0.610000014    
        7296  -2.26357388       1.51641071      0.600000024    
        7298  -2.11188412       2.52370214      0.610000014    
        7300  -2.21864009       1.62333822      0.589999974    
        7302  -2.41970515      0.712353647      0.569999993    
        7304  -2.28768897       1.01083994      0.560000002    
        7306  -2.04858398       1.91245127      0.589999974    
        7308  -2.13546610       2.04119945      0.620000005    
        7310  -2.18716073       2.71189141      0.639999986    
        7312  -2.19279528       2.98986840      0.639999986    
        7314  -2.41731691       2.43513083      0.639999986    
        7316  -2.41833234       2.41049457      0.660000026    
        7318  -2.61643314       1.84348845      0.660000026    
        7320  -2.51477456       1.76219070      0.649999976    
        7322  -2.43363786       2.30999684      0.670000017    
        7324  -2.76763988       1.12184691      0.660000026    
        7326  -2.60204124       2.37064362      0.680000007    
        7328  -2.61313081       2.39218283      0.689999998    
        7330  -2.65116882       1.79282749      0.680000007    
        7332  -2.80718350       1.42222726      0.689999998    
        7334  -2.67112947       2.14583206      0.680000007    
        7336  -2.78518009       1.44341981      0.680000007    
        7338  -2.63704300       1.45609653      0.670000017    
        7340  -2.61672878       1.40187371      0.649999976    
        7342  -2.51908994       1.81836784      0.649999976    
        7344  -2.45441270       2.05223250      0.649999976    
        7346  -2.43119097       1.58671772      0.639999986    
        7348  -2.35011554       2.73825884      0.639999986    
        7350  -2.25402188       2.29242134      0.610000014    
        7352  -2.48096943       1.23409677      0.610000014    
        7354  -2.66150498      0.972339511      0.610000014    
        7356  -2.53483677       1.37563407      0.610000014    
        7358  -2.40273309       1.81034851      0.600000024    
        7360  -2.36303854       1.17122686      0.579999983    
        7362  -2.22166204       1.86546052      0.579999983    
        7364  -2.30485988       1.06939065      0.569999993    
        7366  -2.16358423       1.41295469      0.579999983    
        7368  -1.85277414       2.71270657      0.579999983    
        7370  -1.84116757       2.34577227      0.579999983    
        7372  -2.24154186       1.14239478      0.569999993    
        7374  -2.06536555       2.02185655      0.569999993    
        7376  -1.95361114       1.83063030      0.569999993    
        7378  -2.15979052       1.25913107      0.560000002    
        7380  -1.97875381       1.75194347      0.569999993    
        7382  -2.32710624      0.871492803      0.600000024    
        7384  -2.19491601       1.30400836      0.579999983    
        7386  -2.19818044       1.51562440      0.589999974    
        7388  -2.22927165       1.46489036      0.600000024    
        7390  -2.12781882       2.51608348      0.610000014    
        7392  -2.17018819       2.23118186      0.610000014    
        7394  -2.34710813       1.70698643      0.629999995    
        7396  -2.47017527       1.92703021      0.629999995    
        7398  -2.39863849       1.92904067      0.629999995    
        7400  -2.54392529       1.36445522      0.649999976    
        7402  -2.41354752       2.57687163      0.660000026    
        7404  -2.37585974       2.27706790      0.649999976    
        7406  -2.39181662       2.28375578      0.649999976    
        7408  -2.48048472       2.09326124      0.649999976    
        7410  -2.30466294       2.66286540      0.649999976    
        7412  -2.40659404       3.03993583      0.660000026    
        7414  -2.81957936       1.74920952      0.660000026    
        7416  -2.59961891       2.27721143      0.649999976    
        7418  -2.55862737       2.04830194      0.649999976    
        7420  -2.23727417       2.77856231      0.670000017    
        7422  -2.34062171       3.01073837      0.670000017    
        7424  -2.62915444       2.08724570      0.680000007    
        7426  -2.52113080       2.84314036      0.670000017    
        7428  -2.58108473       2.25875568      0.670000017    
        7430  -2.37009382       2.85393310      0.689999998    
        7432  -2.45356941       2.73356628      0.699999988    
        7434  -2.51434541       2.40069938      0.680000007    
        7436  -2.51818395       2.34968710      0.680000007    
        7438  -2.59336853       2.19712090      0.689999998    
        7440  -2.59995914       2.15871215      0.689999998    
        7442  -2.46663523       2.72059202      0.689999998    
        7444  -2.40993023       2.76187396      0.689999998    
        7446  -2.54107189       2.07157207      0.689999998    
        7448  -2.53907371       1.33085549      0.660000026    
        7450  -2.30635452       2.10114002      0.660000026    
        7452  -2.25307012       2.08503222      0.649999976    
        7454  -2.40297866       1.51745307      0.629999995    
        7456  -2.21465588       1.82500982      0.620000005    
        7458  -2.37823462       1.74146044      0.639999986    
        7460  -2.26678681       2.51188827      0.649999976    
        7462  -2.38324118       2.19321489      0.649999976    
        7464  -2.30875278       2.25342345      0.629999995    
        7466  -2.26464319       2.50488973      0.629999995    
        7468  -2.12143493       2.65583682      0.629999995    
        7470  -2.24493718       2.23842311      0.639999986    
        7472  -2.18522477       2.29693532      0.620000005    
        7474  -2.13102579       2.59187245      0.629999995    
        7476  -2.17268348       2.46829987      0.629999995    
        7478  -2.22410274       2.35992932      0.610000014    
        7480  -2.19701505       2.37651515      0.579999983    
        7482  -2.27621031       1.65088952      0.550000012    
        7484  -2.09268951       1.88175309      0.550000012    
        7486  -2.39112759      0.904228806      0.569999993    
        7488  -2.42075396      0.974348128      0.569999993    
        7490  -2.44381189       1.10806358      0.579999983    
        7492  -2.23861909       1.89054668      0.589999974    
        7494  -2.22900677       1.43585873      0.579999983    
        7496  -2.16542840      0.899002492      0.560000002    
        7498  -2.23814297      0.746249616      0.560000002    
        7500  -1.99772978       1.69855273      0.550000012    
        7502  -1.71673203       2.67504001      0.560000002    
        7504  -2.16141438       1.05765224      0.560000002    
        7506  -2.18072629       1.22643936      0.569999993    
        7508  -2.24779487      0.981285989      0.579999983    
        7510  -2.13037348       1.49425554      0.589999974    
        7512  -2.26551890       1.06019938      0.579999983    
        7514  -2.28021145       1.61875856      0.589999974    
        7516  -2.32693005       1.12965190      0.589999974    
        7518  -2.09189272       1.43591022      0.579999983    
        7520  -2.03833151       1.50133729      0.550000012    
        7522  -2.13417840       1.09059405      0.550000012    
        7524  -1.90078378       1.57897985      0.550000012    
        7526  -2.01560974       1.46325099      0.529999971    
        7528  -1.99421573       1.42087519      0.550000012    
        7530  -1.76836562       2.16596413      0.550000012    
        7532  -2.13826752       1.53666258      0.579999983    
        7534  -1.93168104       2.06714702      0.550000012    
        7536  -2.09623122      0.945864499      0.550000012    
        7538  -2.00551534       1.70553327      0.550000012    
        7540  -2.03995895       1.43190634      0.519999981    
        7542  -1.96955228       1.44621038      0.529999971    
        7544  -1.93769872       1.22457218      0.529999971    
        7546  -2.09746027       1.54720163      0.540000021    
        7548  -2.04997587       1.45284653      0.540000021    
        7550  -2.14610052       1.53783298      0.569999993    
        7552  -2.17923117       1.04577196      0.569999993    
        7554  -1.95775628      0.954551935      0.569999993    
        7556  -2.05686092       1.44491732      0.579999983    
        7558  -2.14518976       1.75836873      0.589999974    
        7560  -2.00489664       1.80582547      0.579999983    
        7562  -2.22767091       1.54596889      0.579999983    
        7564  -1.88917649       1.94952297      0.569999993    
        7566  -1.83868301       2.11218166      0.560000002    
        7568  -1.95547616       1.82979906      0.569999993    
        7570  -2.10848856       1.29692459      0.569999993    
        7572  -2.29835582      0.932239354      0.579999983    
        7574  -2.16067410       1.09521222      0.579999983    
        7576  -2.13985419       1.18651736      0.569999993    
        7578  -1.89822197       2.20965219      0.569999993    
        7580  -1.76837182       2.09813380      0.560000002    
        7582  -2.08781886       1.45235980      0.569999993    
        7584  -2.18289804      0.979304492      0.569999993    
        7586  -2.14086270       2.28156042      0.589999974    
        7588  -2.13928080       1.20799422      0.589999974    
        7590  -2.23703146       1.23063099      0.589999974    
        7592  -2.10926270       2.04641461      0.600000024    
        7594  -2.27941537       1.48904812      0.589999974    
        7596  -2.37850189       1.33300316      0.610000014    
        7598  -2.29330182       1.38658285      0.579999983    
        7600  -2.21094370       1.30782270      0.579999983    
        7602  -2.17090487       1.64640117      0.579999983    
        7604  -2.28091073       1.35634434      0.589999974    
        7606  -2.18707347       1.50883019      0.579999983    
        7608  -2.15140486       1.23942852      0.579999983    
        7610  -2.23381591      0.993817627      0.560000002    
        7612  -2.28869772       1.38182342      0.589999974    
        7614  -2.33121586       1.51025593      0.600000024    
        7616  -2.52309060      0.903557062      0.620000005    
        7618  -2.24177742       2.66089535      0.610000014    
        7620  -2.41108704       1.16186607      0.600000024    
        7622  -2.34754419       1.95919037      0.620000005    
        7624  -2.33078361       1.72745228      0.620000005    
        7626  -2.61924887      0.915251791      0.629999995    
        7628  -2.37443089       1.78344822      0.639999986    
        7630  -2.29133129       1.32888162      0.620000005    
        7632  -2.13656354       2.44060850      0.620000005    
        7634  -2.37269998       1.59713411      0.620000005    
        7636  -2.27707362       2.02137709      0.629999995    
        7638  -2.16690898       1.65410101      0.620000005    
        7640  -2.00963783       2.14997673      0.610000014    
        7642  -2.08793235       1.47950017      0.600000024    
        7644  -2.19807887       1.34565914      0.589999974    
        7646  -2.08731723       1.86084533      0.569999993    
        7648  -2.18378711       1.58802712      0.569999993    
        7650  -1.90100765       2.22228622      0.579999983    
        7652  -2.14933419       1.31188548      0.579999983    
        7654  -2.20466089       1.36572146      0.600000024    
        7656  -2.16550922       2.45487499      0.649999976    
        7658  -2.36186743       2.27959204      0.649999976    
        7660  -2.25330257       2.50333810      0.649999976    
        7662  -2.14672923       2.70491815      0.649999976    
        7664  -2.30269122       1.67100239      0.639999986    
        7666  -2.58079171       1.38432944      0.649999976    
        7668  -2.38412023       2.18597007      0.649999976    
        7670  -2.38287020       2.05230093      0.660000026    
        7672  -2.52179694       1.60993493      0.660000026    
        7674  -2.28118396       2.51465631      0.670000017    
        7676  -2.57823634       1.63786209      0.689999998    
        7678  -2.56759644       1.39575684      0.689999998    
        7680  -2.38574171       2.47476721      0.689999998    
        7682  -2.22528362       3.11807632      0.689999998    
        7684  -2.68330622       1.29152763      0.689999998    
        7686  -2.44904113       2.78075171      0.709999979    
        7688  -2.56285119       2.54222655      0.699999988    
        7690  -2.70709658       1.84085798      0.699999988    
        7692  -2.57041121       2.39283562      0.709999979    
        7694  -2.52236032       1.97118556      0.709999979    
        7696  -2.63499546       1.73224449      0.709999979    
        7698  -2.63101411       2.29813194      0.720000029    
        7700  -2.56183696       2.98210955      0.720000029    
        7702  -2.70129919       2.31099343      0.720000029    
        7704  -2.45494270       3.68113899      0.720000029    
        7706  -2.73646879       2.69720912      0.740000010    
        7708  -2.70142865       2.68685246      0.730000019    
        7710  -2.66665196       2.64379478      0.720000029    
        7712  -2.55393219       3.22633028      0.709999979    
        7714  -2.48401427       3.21258807      0.699999988    
        7716  -2.51328564       2.90826964      0.699999988    
        7718  -2.77394104       2.70009565      0.720000029    
        7720  -2.68037868       2.17485046      0.699999988    
        7722  -2.61673212       1.63117874      0.670000017    
        7724  -2.44250321       2.42000127      0.680000007    
        7726  -2.43346310       2.59082389      0.670000017    
        7728  -2.59344172       1.68567932      0.660000026    
        7730  -2.57165718       1.95062399      0.680000007    
        7732  -2.42255855       2.97445250      0.689999998    
        7734  -2.41702318       2.62545753      0.689999998    
        7736  -2.37844896       2.28492570      0.689999998    
        7738  -2.57075000       1.31774950      0.680000007    
        7740  -2.02411556       3.03132033      0.660000026    
        7742  -2.17502809       2.68626308      0.639999986    
        7744  -2.16467428       2.32587528      0.629999995    
        7746  -2.49934912       1.25906134      0.639999986    
        7748  -2.31980610       1.12182796      0.629999995    
        7750  -2.36586261       1.43865240      0.639999986    
        7752  -2.50792956      0.882779181      0.639999986    
        7754  -2.20358801       1.83611858      0.610000014    
        7756  -2.15245056       1.72983587      0.600000024    
        7758  -2.16160679       1.80156791      0.610000014    
        7760  -2.39831066       1.32495546      0.610000014    
        7762  -2.27195406       2.02051449      0.620000005    
        7764  -2.54193521      0.987993598      0.629999995    
        7766  -2.44870639       1.64509201      0.660000026    
        7768  -2.51647568       1.69313169      0.649999976    
        7770  -2.52665544       1.16380811      0.639999986    
        7772  -2.50221539       1.44528532      0.649999976    
        7774  -2.57196426       1.38635397      0.660000026    
        7776  -2.15126133       3.16205335      0.649999976    
        7778  -2.48615384       1.55631113      0.629999995    
        7780  -2.39558887       1.65513742      0.610000014    
        7782  -2.27473879       1.85622668      0.610000014    
        7784  -2.35498095       1.22746861      0.610000014    
        7786  -2.11518097       1.92475367      0.610000014    
        7788  -2.09198356       2.10730100      0.610000014    
        7790  -2.15604043       1.78957069      0.610000014    
        7792  -2.09830570       2.36516595      0.620000005    
        7794  -2.23837662       2.01276660      0.610000014    
        7796  -2.54165030       1.14449322      0.620000005    
        7798  -2.28631330       1.59346497      0.610000014    
        7800  -2.17955375       1.48931885      0.610000014    
        7802  -2.19028449       1.64716816      0.620000005    
        7804  -2.26822686       1.78740704      0.639999986    
        7806  -2.32247543       1.53465581      0.639999986    
        7808  -2.29840088       1.80846262      0.649999976    
        7810  -2.21103072       1.55747855      0.600000024    
        7812  -1.94223428       2.73487568      0.600000024    
        7814  -2.26739311       1.12822807      0.589999974    
        7816  -2.21380615       1.30258822      0.600000024    
        7818  -2.27828717       1.21378767      0.610000014    
        7820  -2.29832482       1.15560246      0.620000005    
        7822  -2.20902991       2.16147494      0.620000005    
        7824  -2.32961059       1.48141623      0.629999995    
        7826  -2.34775019       1.74047911      0.629999995    
        7828  -2.44281149       1.16952610      0.620000005    
        7830  -2.02695751       3.09294748      0.629999995    
        7832  -2.25179839       2.01132298      0.629999995    
        7834  -2.36768389       1.96117210      0.639999986    
        7836  -2.45025587       1.88960838      0.639999986    
        7838  -2.43512702       1.65218902      0.639999986    
        7840  -2.48468900       1.64436245      0.639999986    
        7842  -2.38171697       2.35666323      0.649999976    
        7844  -2.15937328       3.04014802      0.649999976    
        7846  -2.07654476       3.30016732      0.660000026    
        7848  -2.50044847       1.79991031      0.670000017    
        7850  -2.29002452       2.72981739      0.670000017    
        7852  -2.45663595       2.33491778      0.660000026    
        7854  -2.42788625       2.80296731      0.660000026    
        7856  -2.44063997       2.91636825      0.660000026    
        7858  -2.54406452       2.52237606      0.649999976    
        7860  -2.40921617       2.11250687      0.660000026    
        7862  -2.18018436       2.96261835      0.660000026    
        7864  -2.34801555       2.57301378      0.680000007    
        7866  -2.38143873       2.58056092      0.680000007    
        7868  -2.24316978       2.82655859      0.660000026    
        7870  -2.44017839       2.43945980      0.670000017    
        7872  -2.32662630       2.87087655      0.670000017    
        7874  -2.45094585       3.00153446      0.670000017    
        7876  -2.52365279       3.10768867      0.689999998    
        7878  -2.48448372       3.55862951      0.699999988    
        7880  -2.73867035       2.40429211      0.709999979    
        7882  -2.76113415       2.11885953      0.709999979    
        7884  -2.83464742       1.98832417      0.709999979    
        7886  -2.46617579       3.14292789      0.720000029    
        7888  -2.40107512       3.15984416      0.720000029    
        7890  -2.59399176       1.73694575      0.720000029    
        7892  -2.52284479       2.06369662      0.720000029    
        7894  -2.66214108       1.85285163      0.720000029    
        7896  -2.75553489       1.65288043      0.709999979    
        7898  -2.64312911       1.82327211      0.699999988    
        7900  -2.81728125       1.52719092      0.709999979    
        7902  -2.78204846       1.63272774      0.720000029    
        7904  -2.71551776       1.63247824      0.720000029    
        7906  -2.55997801       2.70261383      0.730000019    
        7908  -2.62313437       2.75605631      0.730000019    
        7910  -2.98381877       1.35848534      0.730000019    
        7912  -2.83082223       1.73196018      0.709999979    
        7914  -2.84225249       1.68212771      0.709999979    
        7916  -2.80425406       2.18939686      0.720000029    
        7918  -2.72873402       2.78922796      0.720000029    
        7920  -2.73590755       2.39730144      0.709999979    
        7922  -2.87934041       1.82236302      0.709999979    
        7924  -2.74911547       2.30795789      0.699999988    
        7926  -2.64548135       3.02407241      0.720000029    
        7928  -2.80000567       2.67393589      0.730000019    
        7930  -2.83012033       1.97811329      0.720000029    
        7932  -2.51121783       3.11695051      0.730000019    
        7934  -2.66604853       3.27003002      0.730000019    
        7936  -2.66828728       2.51712847      0.720000029    
        7938  -2.57882595       2.99329782      0.720000029    
        7940  -2.81262064       1.61757243      0.709999979    
        7942  -2.66329718       2.52429509      0.709999979    
        7944  -2.66052246       2.14088655      0.699999988    
        7946  -2.60438395       1.94031596      0.689999998    
        7948  -2.42216969       2.45154667      0.680000007    
        7950  -2.22173285       3.20610023      0.670000017    
        7952  -2.37942886       2.67557192      0.660000026    
        7954  -2.35259628       2.54157209      0.660000026    
        7956  -2.39016008       2.14113951      0.649999976    
        7958  -2.43613315       1.86957622      0.649999976    
        7960  -2.30254436       1.78011572      0.639999986    
        7962  -2.33117199       2.13267708      0.649999976    
        7964  -2.37139487       1.94817841      0.649999976    
        7966  -2.10728335       2.67245746      0.639999986    
        7968  -2.13250256       2.64309955      0.629999995    
        7970  -2.26215887       2.11428857      0.639999986    
        7972  -2.08427739       2.38974547      0.620000005    
        7974  -2.12003088       1.99408388      0.610000014    
        7976  -2.23344588       1.41138756      0.620000005    
        7978  -2.33395243       1.51358438      0.610000014    
        7980  -2.15113020       2.77593017      0.610000014    
        7982  -2.06287289       2.84580803      0.629999995    
        7984  -2.28984928       2.42442417      0.639999986    
        7986  -2.39543033       2.09764194      0.639999986    
        7988  -2.36628008       2.13109303      0.620000005    
        7990  -2.26384711       2.39068937      0.620000005    
        7992  -2.28685665       1.61700654      0.600000024    
        7994  -2.41035438      0.501995981      0.600000024    
        7996  -2.04431725       1.91947484      0.600000024    
        7998  -2.07809949       1.73244524      0.589999974    
        8000  -2.21195340       1.88675165      0.589999974    
        8002  -2.30697155       1.72629094      0.610000014    
        8004  -2.24706364       1.69197941      0.600000024    
        8006  -2.25634384       1.67851961      0.610000014    
        8008  -2.29958010       1.70438313      0.610000014    
        8010  -2.27292800       2.22601795      0.610000014    
        8012  -2.25367284       1.37801683      0.600000024    
        8014  -2.13618684       1.22909427      0.569999993    
        8016  -2.16157150       1.31724191      0.579999983    
        8018  -2.05324936       1.96096206      0.589999974    
        8020  -2.16294980       1.50489569      0.579999983    
        8022  -2.08317304       1.89379323      0.579999983    
        8024  -2.26616764       1.01998699      0.579999983    
        8026  -2.06568003       1.50818419      0.569999993    
        8028  -2.18832183       1.28855932      0.579999983    
        8030  -2.22227812       1.39562702      0.600000024    
        8032  -2.20862770       1.72991967      0.620000005    
        8034  -2.27837968       2.08130264      0.620000005    
        8036  -2.21335411       1.63557231      0.600000024    
        8038  -2.12541723       2.47452855      0.610000014    
        8040  -1.99274421       2.78533721      0.629999995    
        8042  -2.28194928      0.891862035      0.620000005    
        8044  -2.27203131       1.23035526      0.639999986    
        8046  -2.17221618       1.96132469      0.629999995    
        8048  -2.28793955       1.69007766      0.639999986    
        8050  -2.11734414       2.13590598      0.649999976    
        8052  -2.11315513       2.20263910      0.639999986    
        8054  -2.21185088       1.87670660      0.649999976    
        8056  -2.27347589       1.25654197      0.639999986    
        8058  -2.37841821       1.31214523      0.629999995    
        8060  -2.24579573       1.88966286      0.620000005    
        8062  -2.24112248       1.54800653      0.620000005    
        8064  -2.32763720       1.39189434      0.620000005    
        8066  -2.10956240       1.84522605      0.610000014    
        8068  -2.17324328       1.87988746      0.579999983    
        8070  -2.02123666       2.25251603      0.579999983    
        8072  -2.21591806       1.28807974      0.589999974    
        8074  -2.32115626       1.04779673      0.579999983    
        8076  -2.05179119       2.38746524      0.589999974    
        8078  -2.47224808       1.47658432      0.610000014    
        8080  -2.55269170       1.28611493      0.620000005    
        8082  -2.42866564       1.48666835      0.610000014    
        8084  -2.34279346       1.12376988      0.589999974    
        8086  -2.35365963      0.676899374      0.600000024    
        8088  -2.21940255       2.28694367      0.620000005    
        8090  -2.38041806       1.87646997      0.629999995    
        8092  -2.38510871       1.73096573      0.629999995    
        8094  -2.35269928       1.72915769      0.620000005    
        8096  -2.35462832       1.20435369      0.600000024    
        8098  -2.29626656       1.97839999      0.610000014    
        8100  -2.50791931       1.46091044      0.639999986    
        8102  -2.42581487       1.40406740      0.639999986    
        8104  -2.45606565       2.24285436      0.649999976    
        8106  -2.43844986       2.34962010      0.649999976    
        8108  -2.43260932       2.25051832      0.660000026    
        8110  -2.67361021       1.55941057      0.660000026    
        8112  -2.32366061       2.06958818      0.660000026    
        8114  -2.00267196       2.94864750      0.639999986    
        8116  -2.31215692       2.54957008      0.639999986    
        8118  -2.50171137       1.62038982      0.629999995    
        8120  -2.36388326       2.31786156      0.639999986    
        8122  -2.43280959       1.69426322      0.649999976    
        8124  -2.38508344       2.13595009      0.639999986    
        8126  -2.50809121       1.58043647      0.629999995    
        8128  -2.25190425       1.90497935      0.620000005    
        8130  -2.14578080       1.84727979      0.610000014    
        8132  -2.31297684       1.47711372      0.600000024    
        8134  -2.20780277       2.04519224      0.610000014    
        8136  -2.31786823       1.52098393      0.610000014    
        8138  -2.35301304       1.83323920      0.610000014    
        8140  -1.80706978       2.93930602      0.579999983    
        8142  -1.92573190       2.21201706      0.569999993    
        8144  -2.29792976       1.45219994      0.550000012    
        8146  -2.13897538       1.97490978      0.560000002    
        8148  -2.23772359       1.59645116      0.569999993    
        8150  -2.21770906       1.37101209      0.569999993    
        8152  -2.09957361       2.31560493      0.569999993    
        8154  -2.23689795       1.60083032      0.569999993    
        8156  -2.24205470       1.79258442      0.579999983    
        8158  -2.25839400       1.28182685      0.569999993    
        8160  -2.32122326       1.00371039      0.579999983    
        8162  -2.21241093       1.45929074      0.569999993    
        8164  -2.16483760       1.79480469      0.560000002    
        8166  -2.17696977       1.18075120      0.560000002    
        8168  -2.01529837       1.27530837      0.550000012    
        8170  -1.96956015       1.16439044      0.540000021    
        8172  -1.97942984       1.26298141      0.540000021    
        8174  -2.05687881       1.61837530      0.550000012    
        8176  -1.89343989       1.71166611      0.529999971    
        8178  -1.66372597       1.89533985      0.490000010    
        8180  -1.97947001      0.643031240      0.500000000    
        8182  -1.68924713       1.82671273      0.529999971    
        8184  -1.84500384       2.22141814      0.550000012    
        8186  -2.05323648       1.75885534      0.560000002    
        8188  -2.33557773       1.07781684      0.579999983    
        8190  -2.30964112      0.925537109      0.550000012    
        8192  -2.15652299       1.81791246      0.550000012    
        8194  -2.23670530       2.01380873      0.579999983    
        8196  -2.02438927       2.28647137      0.579999983    
        8198  -2.22389722       1.70560205      0.569999993    
        8200  -2.17387486       1.70088851      0.560000002    
        8202  -2.20274138      0.959442377      0.569999993    
        8204  -2.19787550       1.01404631      0.550000012    
        8206  -2.23959064      0.607927978      0.560000002    
        8208  -2.12746382      0.480052322      0.540000021    
        8210  -2.10439515      0.594127178      0.550000012    
        8212  -2.01758790       1.83934855      0.560000002    
        8214  -1.65899861       2.82035756      0.550000012    
        8216  -2.06486869       1.89596772      0.579999983    
        8218  -2.09164381       2.34270239      0.600000024    
        8220  -2.29348087       2.04230094      0.610000014    
        8222  -2.38340020       1.41540635      0.600000024    
        8224  -2.35751462       2.13356400      0.610000014    
        8226  -2.31434870       1.83008754      0.600000024    
        8228  -2.34002304       1.22077477      0.600000024    
        8230  -2.33261061       1.52405703      0.600000024    
        8232  -2.17224932       2.11950064      0.600000024    
        8234  -2.33251905       1.81940651      0.589999974    
        8236  -2.24766421       1.39002562      0.589999974    
        8238  -2.11711407       1.72742438      0.589999974    
        8240  -2.32939935       1.77688611      0.610000014    
        8242  -2.38985777       1.78083360      0.629999995    
        8244  -2.31826735       1.60715830      0.620000005    
        8246  -2.25942731       2.17733574      0.620000005    
        8248  -2.26393485       1.40060592      0.610000014    
        8250  -2.43059707      0.604420543      0.620000005    
        8252  -2.18634677       1.62692761      0.629999995    
        8254  -2.48170590      0.397841543      0.610000014    
        8256  -2.27871823       1.85633755      0.620000005    
        8258  -2.40568113       1.08559191      0.620000005    
        8260  -2.33283567       1.49346936      0.610000014    
        8262  -2.15748382       2.15763807      0.610000014    
        8264  -2.10695481       2.37621784      0.620000005    
        8266  -2.26601672       1.90597892      0.620000005    
        8268  -2.17647219       2.04394531      0.620000005    
        8270  -2.26311350       2.01976776      0.620000005    
        8272  -2.42116165       1.69910765      0.639999986    
        8274  -2.36835718       1.53338373      0.639999986    
        8276  -2.35231972       2.16036701      0.660000026    
        8278  -2.12112784       2.21206307      0.629999995    
        8280  -2.23126817       1.43304801      0.620000005    
        8282  -2.36834216       1.10523987      0.620000005    
        8284  -2.28340077       1.41006017      0.600000024    
        8286  -2.19322085       1.73252606      0.610000014    
        8288  -2.28698969       1.33851933      0.600000024    
        8290  -2.23007226       2.70266223      0.620000005    
        8292  -2.19439983       2.49236774      0.610000014    
        8294  -2.28826857       2.01463771      0.600000024    
        8296  -2.39990759       1.55369949      0.600000024    
        8298  -2.12887049       2.20006323      0.589999974    
        8300  -1.85231495       2.93251896      0.579999983    
        8302  -2.29850197       1.65796876      0.600000024    
        8304  -2.32103062       1.57851005      0.610000014    
        8306  -2.43467093       1.50263786      0.620000005    
        8308  -2.14920974       2.17240477      0.610000014    
        8310  -2.25227118       1.96983385      0.610000014    
        8312  -2.41862297       1.71606600      0.620000005    
        8314  -2.26961279       1.96455944      0.610000014    
        8316  -2.36424661       1.69017231      0.610000014    
        8318  -2.56016970       1.35145092      0.639999986    
        8320  -2.39401150       2.38715744      0.649999976    
        8322  -2.43710923       2.47575879      0.649999976    
        8324  -2.58895040       2.66804218      0.689999998    
        8326  -2.57700825       2.20069361      0.670000017    
        8328  -2.59596682       2.71052241      0.680000007    
        8330  -2.72216630       1.89768982      0.680000007    
        8332  -2.58482862       2.58318210      0.699999988    
        8334  -2.61393189       2.15214944      0.699999988    
        8336  -2.53099322       2.25068521      0.670000017    
        8338  -2.49285555       2.90945721      0.680000007    
        8340  -2.46268249       2.06432986      0.680000007    
        8342  -2.45626593       1.64079142      0.649999976    
        8344  -2.32386971       1.91557980      0.639999986    
        8346  -2.20457458       1.91152382      0.629999995    
        8348  -2.14409924       2.33849764      0.620000005    
        8350  -1.87731063       2.71417928      0.600000024    
        8352  -2.03936863       2.16755557      0.610000014    
        8354  -2.14967465       1.89848661      0.610000014    
        8356  -2.04752064       2.41603327      0.620000005    
        8358  -2.25169253       1.16843879      0.600000024    
        8360  -2.03493309       2.32016373      0.610000014    
        8362  -2.02880526       2.90631104      0.629999995    
        8364  -2.06157255       2.67824578      0.620000005    
        8366  -1.92939436       3.03428054      0.610000014    
        8368  -2.11335063       2.55448103      0.620000005    
        8370  -2.36520386       1.81918514      0.629999995    
        8372  -2.08725095       2.39588165      0.610000014    
        8374  -2.24881244       1.67302740      0.620000005    
        8376  -2.27815485       1.73805785      0.600000024    
        8378  -2.34957623       1.85878921      0.610000014    
        8380  -2.21440554       2.66824007      0.620000005    
        8382  -2.39292121       2.00056744      0.620000005    
        8384  -2.31780243       1.95960426      0.620000005    
        8386  -2.32260060       1.79211283      0.610000014    
        8388  -2.35539293       1.85404623      0.610000014    
        8390  -2.55979848       1.14283693      0.610000014    
        8392  -2.40274739       1.07458043      0.600000024    
        8394  -2.22302246       1.82674003      0.569999993    
        8396  -2.15936112       1.30444813      0.550000012    
        8398  -2.08503556       1.50030684      0.560000002    
        8400  -1.97422361       1.95361996      0.569999993    
        8402  -1.77094674       1.90701866      0.550000012    
        8404  -1.81172347       1.46307945      0.529999971    
        8406  -1.87236881       1.39340699      0.529999971    
        8408  -1.65368223       1.95399082      0.540000021    
        8410  -1.95296240       1.65132344      0.550000012    
        8412  -2.11299729       1.45587218      0.560000002    
        8414  -2.33103633      0.992921710      0.579999983    
        8416  -2.38462400      0.766479313      0.569999993    
        8418  -2.13473654       1.60515022      0.589999974    
        8420  -2.34407544       1.25579298      0.589999974    
        8422  -2.15181661       1.88540053      0.589999974    
        8424  -2.11620045       2.18551993      0.600000024    
        8426  -2.22183537       1.72137523      0.589999974    
        8428  -2.17582750       2.14297366      0.610000014    
        8430  -2.36281800       1.09027338      0.589999974    
        8432  -2.21900702       1.73284709      0.600000024    
        8434  -2.18812346       1.87062895      0.579999983    
        8436  -2.19483614       2.21627498      0.589999974    
        8438  -2.01787710       3.01818419      0.620000005    
        8440  -2.34075332       1.58397758      0.610000014    
        8442  -2.38607788       1.18152678      0.610000014    
        8444  -2.21957874       1.85932636      0.620000005    
        8446  -2.33072639       1.66648638      0.610000014    
        8448  -2.20043159       1.80808640      0.610000014    
        8450  -2.09160757       1.80048585      0.600000024    
        8452  -2.22593069       1.15026069      0.600000024    
        8454  -2.15620589      0.810001194      0.589999974    
        8456  -2.08863640       1.13204706      0.569999993    
        8458  -2.25882554      0.803881347      0.560000002    
        8460  -1.96734893       1.54988253      0.560000002    
        8462  -1.91437781       2.14418721      0.550000012    
        8464  -1.78477001       1.96323442      0.540000021    
        8466  -2.02241611       1.95481682      0.589999974    
        8468  -2.32318068       1.48873043      0.610000014    
        8470  -2.12765074       1.80707753      0.600000024    
        8472  -2.17864466       1.41671669      0.589999974    
        8474  -2.04812741       1.63330889      0.589999974    
        8476  -1.99570143       2.43194032      0.610000014    
        8478  -2.24306178       1.81524920      0.610000014    
        8480  -2.21466637       1.69642472      0.620000005    
        8482  -2.22759151       1.50167775      0.600000024    
        8484  -2.45635891       1.35050523      0.620000005    
        8486  -2.26825571       1.37354481      0.600000024    
        8488  -2.13927674       1.49359238      0.579999983    
        8490  -2.35387182       1.20642161      0.589999974    
        8492  -2.23349810       2.29377079      0.620000005    
        8494  -2.21861959       2.69897962      0.629999995    
        8496  -2.48566341       1.57771623      0.620000005    
        8498  -2.25805378       1.93188238      0.600000024    
        8500  -2.23515153       1.70376182      0.620000005    
        8502  -2.23510432       1.12539089      0.620000005    
        8504  -2.31330371       2.21308684      0.660000026    
        8506  -2.30229950       1.65179038      0.639999986    
        8508  -2.17989421       1.79335582      0.629999995    
        8510  -2.28094578       1.76178765      0.620000005    
        8512  -2.03874207       2.31078243      0.610000014    
        8514  -2.01287794       2.37159729      0.600000024    
        8516  -2.26043701       1.57649279      0.600000024    
        8518  -2.28471327       1.58635795      0.620000005    
        8520  -2.13339257       2.48871922      0.620000005    
        8522  -2.34839153       1.48001707      0.610000014    
        8524  -2.27655816       1.37556648      0.620000005    
        8526  -2.00419521       2.38205504      0.610000014    
        8528  -2.26155329       1.52729249      0.610000014    
        8530  -2.37339902      0.721880615      0.600000024    
        8532  -2.22981596       1.26322305      0.610000014    
        8534  -2.17841578       1.35351634      0.589999974    
        8536  -2.18281126      0.959646225      0.579999983    
        8538  -2.00639319       1.64790380      0.569999993    
        8540  -2.02882504       1.54527223      0.569999993    
        8542  -2.01778984       1.30827057      0.550000012    
        8544  -2.04015183       1.21118474      0.540000021    
        8546  -1.94879866      0.987450898      0.529999971    
        8548  -2.13268733      0.987988114      0.540000021    
        8550  -2.07632208       1.08246148      0.540000021    
        8552  -2.13173079       1.03901863      0.550000012    
        8554  -2.09822822       1.37293541      0.569999993    
        8556  -2.13208270       1.07302046      0.569999993    
        8558  -1.84984934       1.99568665      0.560000002    
        8560  -1.95457780       1.75663960      0.560000002    
        8562  -1.96330750       2.01489043      0.569999993    
        8564  -2.10719085       1.91274941      0.579999983    
        8566  -1.92406166       2.11061311      0.569999993    
        8568  -2.17006421       1.72711492      0.579999983    
        8570  -1.95534205       2.07781482      0.589999974    
        8572  -2.16694069       1.60890591      0.589999974    
        8574  -2.17407465       2.17528009      0.600000024    
        8576  -2.23288131       2.27078843      0.600000024    
        8578  -2.29250431       2.07483387      0.600000024    
        8580  -2.30722833       1.60606027      0.610000014    
        8582  -2.28053927       2.39508104      0.620000005    
        8584  -2.38456774       2.08080721      0.639999986    
        8586  -2.44417500       2.20391560      0.660000026    
        8588  -2.46780467       1.85496223      0.670000017    
        8590  -2.68043661       1.00828588      0.680000007    
        8592  -2.59206223       2.12730122      0.689999998    
        8594  -2.70668387       1.05579746      0.670000017    
        8596  -2.59480000       2.19520330      0.689999998    
        8598  -2.38613486       2.77969599      0.689999998    
        8600  -2.69862247       1.78129232      0.689999998    
        8602  -2.54532719       2.03252268      0.680000007    
        8604  -2.59401870       1.65373063      0.670000017    
        8606  -2.51689744       2.32424998      0.680000007    
        8608  -2.57499480       1.61706400      0.689999998    
        8610  -2.54056239       1.72041857      0.680000007    
        8612  -2.73882604       1.02659678      0.680000007    
        8614  -2.49328732       2.24371362      0.680000007    
        8616  -2.39591169       2.36277318      0.670000017    
        8618  -2.40719080       2.28589201      0.670000017    
        8620  -2.49332547       1.92522347      0.660000026    
        8622  -2.42787933       1.55443251      0.629999995    
        8624  -2.33769989       1.68836319      0.610000014    
        8626  -2.62042022      0.915345550      0.620000005    
        8628  -2.28091240       1.22106004      0.600000024    
        8630  -2.29721284       1.84378350      0.600000024    
        8632  -2.08937812       2.43097568      0.610000014    
        8634  -2.23406267       2.37490273      0.620000005    
        8636  -2.01959658       2.57065606      0.589999974    
        8638  -2.28773022       1.63672018      0.579999983    
        8640  -2.03642368       1.48905754      0.569999993    
        8642  -2.19502473       1.04805720      0.579999983    
        8644  -2.23892188       1.56664777      0.589999974    
        8646  -2.42985415       1.36997879      0.589999974    
        8648  -2.40834522       1.35972524      0.579999983    
        8650  -2.27613974       1.61882257      0.579999983    
        8652  -2.22871971       1.43912029      0.569999993    
        8654  -2.18739200       1.79453039      0.569999993    
        8656  -2.05107903       2.05762386      0.569999993    
        8658  -2.11860585       1.81546044      0.569999993    
        8660  -2.19865918       1.77782559      0.579999983    
        8662  -2.28300214       1.92891145      0.600000024    
        8664  -2.21096897       2.11806631      0.600000024    
        8666  -2.42519212       1.89649415      0.620000005    
        8668  -2.26957536       2.28774261      0.600000024    
        8670  -2.14322114       3.06973958      0.620000005    
        8672  -1.99494648       2.85025573      0.600000024    
        8674  -2.10566115       1.97099423      0.610000014    
        8676  -2.13289547       1.33424997      0.610000014    
        8678  -2.29900599       1.11764586      0.610000014    
        8680  -2.18505669       1.78812265      0.610000014    
        8682  -2.39564681      0.921633959      0.600000024    
        8684  -2.26876259       1.87265527      0.600000024    
        8686  -2.50488615      0.950564563      0.589999974    
        8688  -2.31638503       1.73738694      0.569999993    
        8690  -2.12872124       1.69790912      0.589999974    
        8692  -2.09666777       1.85722649      0.579999983    
        8694  -2.18144178       1.66160309      0.569999993    
        8696  -2.19952345       1.23946786      0.579999983    
        8698  -2.22614455       1.15999222      0.600000024    
        8700  -2.17403674       1.51406860      0.600000024    
        8702  -2.16956520       1.68493629      0.610000014    
        8704  -2.08001137       2.03923535      0.579999983    
        8706  -1.95914841       2.55047297      0.579999983    
        8708  -2.16961861       1.56796360      0.579999983    
        8710  -2.18083739       1.48721385      0.589999974    
        8712  -2.09614229       1.70310819      0.579999983    
        8714  -2.22421479       1.65370381      0.589999974    
        8716  -2.08502293       1.82255590      0.600000024    
        8718  -2.25936484      0.983712733      0.589999974    
        8720  -2.27433157       1.28546798      0.589999974    
        8722  -2.30565190       1.26335919      0.579999983    
        8724  -2.24674845       1.07822239      0.579999983    
        8726  -2.34747624       1.14345229      0.589999974    
        8728  -2.32290196      0.979144394      0.589999974    
        8730  -2.23545957      0.890375137      0.569999993    
        8732  -2.06832504       1.30524158      0.569999993    
        8734  -1.95371485       2.16173339      0.579999983    
        8736  -2.10286498       2.01008248      0.589999974    
        8738  -1.92908227       2.05718541      0.579999983    
        8740  -2.10670877       1.58218098      0.579999983    
        8742  -2.15330386       1.51057875      0.569999993    
        8744  -2.02566791       1.75236642      0.560000002    
        8746  -2.11727190       1.49552476      0.579999983    
        8748  -2.17089462       1.46519232      0.579999983    
        8750  -2.27307677       1.16105282      0.579999983    
        8752  -2.16394830       1.36888409      0.569999993    
        8754  -1.99442601       2.44606185      0.600000024    
        8756  -2.00898767       1.88548636      0.589999974    
        8758  -2.27694702       1.12014973      0.579999983    
        8760  -2.39586806       1.02494776      0.589999974    
        8762  -2.17604566       1.74265218      0.579999983    
        8764  -2.13563371       1.91564333      0.579999983    
        8766  -1.91831243       2.85028052      0.579999983    
        8768  -2.05111241       2.35930419      0.579999983    
        8770  -2.09492564       2.72474909      0.600000024    
        8772  -2.01022625       2.74364018      0.610000014    
        8774  -2.10651898       2.66956639      0.610000014    
        8776  -2.30529499       1.86427820      0.600000024    
        8778  -2.31140399       1.44019210      0.589999974    
        8780  -2.08561754       2.45202875      0.579999983    
        8782  -2.05194855       2.87774396      0.579999983    
        8784  -2.21416235       2.37963510      0.579999983    
        8786  -2.18189502       1.54218590      0.560000002    
        8788  -2.10757232       1.42688823      0.560000002    
        8790  -2.04366231       2.06862760      0.569999993    
        8792  -2.18304873       2.06016421      0.569999993    
        8794  -2.28661013       1.05661500      0.550000012    
        8796  -2.07533264       1.80730033      0.560000002    
        8798  -1.85748506       2.32504106      0.540000021    
        8800  -2.00231266       1.03736627      0.529999971    
        8802  -2.13584638       1.32505715      0.540000021    
        8804  -2.00492501       2.12125540      0.550000012    
        8806  -1.92715442       2.03211212      0.540000021    
        8808  -2.23102593       1.24565887      0.550000012    
        8810  -2.20561910       1.33067977      0.560000002    
        8812  -2.32512164       1.20958364      0.569999993    
        8814  -2.24973226       1.35967326      0.569999993    
        8816  -2.35648084       1.24519777      0.600000024    
        8818  -2.20334840       1.75578547      0.589999974    
        8820  -2.20377064       1.85485077      0.589999974    
        8822  -2.25737762       2.01364255      0.600000024    
        8824  -2.41959977       1.35920048      0.610000014    
        8826  -2.26818943       2.03058195      0.610000014    
        8828  -2.28344917       1.63549078      0.600000024    
        8830  -2.45398784       1.40333331      0.610000014    
        8832  -2.52105260       1.55567789      0.610000014    
        8834  -2.25593853       1.70471811      0.600000024    
        8836  -2.40015411       1.28354144      0.620000005    
        8838  -2.27528954       2.16174197      0.629999995    
        8840  -2.36270452       2.03973508      0.629999995    
        8842  -2.35020614       2.33601093      0.629999995    
        8844  -2.25478721       2.25650525      0.620000005    
        8846  -2.47871661       1.15481937      0.620000005    
        8848  -2.34362173       1.92953992      0.620000005    
        8850  -2.24521995       1.60691214      0.600000024    
        8852  -2.24191928       1.90373516      0.620000005    
        8854  -2.32237864       1.75423026      0.610000014    
        8856  -2.23344994       1.62210333      0.589999974    
        8858  -2.15246916       1.68903911      0.589999974    
        8860  -2.29933429       1.25557995      0.589999974    
        8862  -2.17913270       1.52345192      0.620000005    
        8864  -2.27762508      0.808084428      0.600000024    
        8866  -2.33099604       1.18010223      0.610000014    
        8868  -2.33487272       1.84493971      0.629999995    
        8870  -2.28841758       2.10571957      0.629999995    
        8872  -1.97469676       3.65133810      0.660000026    
        8874  -2.36116695       2.42735243      0.649999976    
        8876  -2.32528615       2.52585173      0.639999986    
        8878  -2.47707891       1.98288202      0.660000026    
        8880  -2.50307727       2.01099610      0.649999976    
        8882  -2.60062003       1.43069339      0.660000026    
        8884  -2.53277683       1.68220174      0.649999976    
        8886  -2.47991562       2.01989102      0.649999976    
        8888  -2.65929461       1.11970568      0.639999986    
        8890  -2.49175382       1.41919959      0.639999986    
        8892  -2.37854576       1.52318895      0.629999995    
        8894  -2.20246339       2.45233989      0.639999986    
        8896  -2.50106978       1.56955159      0.620000005    
        8898  -2.39737797       1.09126186      0.600000024    
        8900  -2.32976103       1.23022234      0.589999974    
        8902  -2.06340814       1.60059714      0.589999974    
        8904  -2.15281677       1.03758681      0.579999983    
        8906  -2.22352314       1.09176576      0.579999983    
        8908  -2.44323754      0.751913488      0.579999983    
        8910  -2.29719734       1.19460666      0.589999974    
        8912  -2.21373725       1.33561850      0.560000002    
        8914  -2.12761950       1.32321286      0.540000021    
        8916  -2.12807369       1.43181849      0.550000012    
        8918  -1.80636168       2.39936113      0.550000012    
        8920  -2.13680029       1.65945697      0.579999983    
        8922  -1.98133576       1.95814204      0.569999993    
        8924  -2.15503144       2.09588385      0.579999983    
        8926  -2.11458659       2.33291411      0.589999974    
        8928  -2.36258984       1.33503270      0.600000024    
        8930  -2.42713809      0.973536551      0.600000024    
        8932  -2.05310416       1.88624656      0.579999983    
        8934  -2.26662636       1.64163494      0.579999983    
        8936  -2.17790890       1.51913691      0.569999993    
        8938  -2.19908118       1.28310299      0.579999983    
        8940  -2.14969349       1.80830467      0.579999983    
        8942  -2.38089943      0.866730392      0.589999974    
        8944  -2.20846629       1.38250554      0.579999983    
        8946  -2.23964953       1.08554006      0.569999993    
        8948  -2.20124984       1.55135822      0.579999983    
        8950  -2.64078379      0.426450878      0.589999974    
        8952  -2.39822555      0.996942222      0.589999974    
        8954  -2.25415707       1.51629257      0.600000024    
        8956  -2.29574013       1.97616065      0.620000005    
        8958  -2.27182341       1.98842132      0.629999995    
        8960  -2.14778686       2.03562427      0.620000005    
        8962  -2.26456857       1.73284388      0.620000005    
        8964  -2.25259900       1.67132330      0.610000014    
        8966  -2.30279803       2.35249734      0.639999986    
        8968  -2.52055144       1.49457824      0.639999986    
        8970  -2.63856339       1.27315128      0.639999986    
        8972  -2.47264457       1.90268958      0.629999995    
        8974  -2.50271368       1.61847746      0.620000005    
        8976  -2.46355104       1.83411896      0.629999995    
        8978  -2.19946980       2.41610861      0.629999995    
        8980  -2.22566891       1.74133694      0.620000005    
        8982  -2.10568500       2.36374068      0.610000014    
        8984  -2.37224865       1.70218134      0.629999995    
        8986  -2.27061105       1.67986083      0.600000024    
        8988  -2.00588107       2.18265843      0.579999983    
        8990  -2.21270967       1.50479901      0.569999993    
        8992  -2.25779510       2.12442136      0.569999993    
        8994  -2.39419937       1.78769088      0.589999974    
        8996  -2.40198660       1.51478648      0.579999983    
        8998  -2.18918228       2.31412196      0.589999974    
        9000  -2.54819584       1.42518032      0.600000024    
        9002  -2.46945691       1.54109788      0.610000014    
        9004  -2.42945957       1.72503459      0.600000024    
        9006  -2.52231312       1.81929266      0.600000024    
        9008  -2.39017749       2.31688070      0.629999995    
        9010  -2.39093590       2.34722757      0.629999995    
        9012  -2.38628888       2.05190659      0.629999995    
        9014  -2.56765223      0.845217764      0.629999995    
        9016  -2.56183958       1.63651466      0.639999986    
        9018  -2.49510026       2.19288063      0.649999976    
        9020  -2.70622730       1.68219054      0.649999976    
        9022  -2.62622452       2.22660279      0.660000026    
        9024  -2.63658667       2.16790676      0.639999986    
        9026  -2.47894955       1.81354260      0.639999986    
        9028  -2.33398986       1.43120372      0.629999995    
        9030  -2.45762801       1.68520200      0.629999995    
        9032  -2.43164539       1.16721404      0.610000014    
        9034  -2.35787559       1.42467439      0.600000024    
        9036  -2.02430582       2.28568864      0.610000014    
        9038  -2.41586709       1.00945807      0.610000014    
        9040  -2.37252402       1.15660226      0.610000014    
        9042  -2.35308766       1.44290316      0.620000005    
        9044  -2.46433353       1.18304062      0.629999995    
        9046  -2.47731185       1.17935383      0.629999995    
        9048  -2.49060488       1.46645546      0.639999986    
        9050  -2.75400496      0.592174828      0.639999986    
        9052  -2.61135674       1.98288536      0.649999976    
        9054  -2.69483256       1.28099835      0.670000017    
        9056  -2.58947539       1.70273912      0.670000017    
        9058  -2.38248849       2.39753938      0.670000017    
        9060  -2.43490005       1.67004979      0.649999976    
        9062  -2.42734218       1.56024873      0.649999976    
        9064  -2.25926614       1.74269068      0.639999986    
        9066  -2.09970117       2.72598267      0.639999986    
        9068  -2.10801959       2.76659226      0.639999986    
        9070  -2.35960388       1.43177783      0.649999976    
        9072  -2.18986726       2.31203628      0.649999976    
        9074  -2.03510523       2.49303174      0.629999995    
        9076  -2.01041746       2.15795231      0.610000014    
        9078  -2.21820831       2.02633238      0.629999995    
        9080  -2.39745045      0.754129112      0.610000014    
        9082  -2.12750387       1.82768929      0.600000024    
        9084  -2.38915133       1.54913294      0.639999986    
        9086  -2.26665068       2.80324364      0.649999976    
        9088  -2.54414606       2.06999707      0.660000026    
        9090  -2.43699861       1.96538937      0.649999976    
        9092  -2.21137619       2.90552044      0.639999986    
        9094  -2.41269541       2.85116911      0.649999976    
        9096  -2.59251499       2.43984795      0.670000017    
        9098  -2.70636392       1.82729471      0.670000017    
        9100  -2.71385813       2.10859394      0.689999998    
        9102  -2.62515616       2.29233027      0.689999998    
        9104  -2.33391237       2.45740700      0.660000026    
        9106  -2.50137687       1.83460176      0.680000007    
        9108  -2.38634086       2.29792643      0.689999998    
        9110  -2.33702636       2.76611352      0.699999988    
        9112  -2.36267757       2.14066577      0.660000026    
        9114  -2.43164277       2.00058103      0.680000007    
        9116  -2.32687068       2.30206466      0.680000007    
        9118  -2.43302846       1.99605393      0.670000017    
        9120  -2.56390095       1.59245718      0.660000026    
        9122  -2.43461204       1.94345677      0.649999976    
        9124  -2.25873470       2.14844775      0.649999976    
        9126  -2.22436023       2.01113296      0.639999986    
        9128  -2.46917129       1.11482704      0.639999986    
        9130  -2.52895284       1.62486911      0.660000026    
        9132  -2.60868835       1.42320299      0.680000007    
        9134  -2.60373306       1.60987437      0.689999998    
        9136  -2.49245095       2.76790500      0.689999998    
        9138  -2.38625050       3.65423703      0.689999998    
        9140  -2.43904352       2.94718051      0.680000007    
        9142  -2.47431588       2.53623557      0.670000017    
        9144  -2.26938677       2.58318305      0.660000026    
        9146  -2.53861809       1.96067154      0.649999976    
        9148  -2.57407308       1.50106621      0.620000005    
        9150  -2.24294186       2.62843847      0.620000005    
        9152  -2.21984243       2.54462314      0.620000005    
        9154  -1.99787724       2.71627378      0.610000014    
        9156  -2.23679280       2.39149570      0.610000014    
        9158  -2.06532764       2.41540670      0.569999993    
        9160  -2.21618676       1.92323768      0.589999974    
        9162  -2.28112006       1.68499434      0.589999974    
        9164  -2.16308880       1.69354296      0.589999974    
        9166  -2.42265868       1.35901451      0.610000014    
        9168  -2.30996013       1.90222681      0.620000005    
        9170  -2.15373015       1.54811311      0.579999983    
        9172  -2.32231545       1.43775105      0.600000024    
        9174  -2.33595109       1.34806359      0.589999974    
        9176  -2.26805425       1.94301140      0.610000014    
        9178  -2.30333638       2.03594995      0.620000005    
        9180  -2.41001058       1.64584863      0.620000005    
        9182  -2.22985148       2.21656752      0.610000014    
        9184  -2.19460535       2.39713049      0.629999995    
        9186  -2.07066059       2.63928413      0.600000024    
        9188  -2.31885839       1.39250326      0.600000024    
        9190  -2.25181198       1.56806552      0.610000014    
        9192  -2.19978523       1.64512742      0.610000014    
        9194  -2.09831357       2.16885233      0.620000005    
        9196  -2.24455190       1.92758620      0.620000005    
        9198  -2.16213560       1.40843320      0.610000014    
        9200  -2.12545681       1.32461083      0.610000014    
        9202  -2.08143997       1.44379091      0.600000024    
        9204  -2.25067878      0.993558705      0.600000024    
        9206  -2.19465446       1.36692595      0.600000024    
        9208  -2.24001026       1.47564816      0.589999974    
        9210  -1.87666237       2.11310172      0.579999983    
        9212  -1.79582834       2.63495612      0.589999974    
        9214  -2.08879161       2.21656084      0.600000024    
        9216  -2.19032431       2.16357636      0.610000014    
        9218  -2.39920712       1.39026392      0.610000014    
        9220  -2.27684879       1.39698839      0.579999983    
        9222  -2.17923665       1.72757781      0.579999983    
        9224  -2.44729495       1.86781728      0.610000014    
        9226  -2.34444976       1.60262787      0.589999974    
        9228  -2.31651425       1.20711756      0.589999974    
        9230  -2.17012787       1.46374786      0.589999974    
        9232  -2.41537476      0.636738777      0.579999983    
        9234  -2.18845654       1.64619946      0.589999974    
        9236  -2.23808885      0.857713878      0.579999983    
        9238  -2.05742955       1.68787241      0.589999974    
        9240  -2.14439392       1.83294404      0.589999974    
        9242  -2.14099622       1.59747362      0.589999974    
        9244  -2.18636107       1.10813093      0.579999983    
        9246  -2.22489858       1.29953957      0.579999983    
        9248  -2.12791562       1.68467319      0.579999983    
        9250  -2.03702736       1.85782897      0.579999983    
        9252  -2.05953503       2.40826297      0.579999983    
        9254  -2.29807353       1.59495926      0.610000014    
        9256  -2.33441114       1.98918831      0.629999995    
        9258  -2.50211358       1.38920581      0.639999986    
        9260  -2.48599529       1.78187609      0.649999976    
        9262  -2.47617269       1.94724369      0.660000026    
        9264  -2.55115318       2.12485337      0.670000017    
        9266  -2.54366755       2.17186284      0.670000017    
        9268  -2.49430037       2.48216057      0.670000017    
        9270  -2.62477946       2.32963228      0.680000007    
        9272  -2.83181477       1.80911636      0.689999998    
        9274  -2.82661247       2.23111033      0.709999979    
        9276  -2.68186641       2.63077855      0.709999979    
        9278  -2.73502898       2.23777246      0.730000019    
        9280  -2.52270913       3.37252164      0.730000019    
        9282  -2.56250906       2.61741424      0.699999988    
        9284  -2.55341530       2.63444495      0.699999988    
        9286  -2.75222206       1.63261318      0.709999979    
        9288  -2.45419884       2.93569231      0.709999979    
        9290  -2.45002317       3.14871168      0.709999979    
        9292  -2.39488077       2.83525848      0.699999988    
        9294  -2.39779210       2.40677118      0.680000007    
        9296  -2.54200029       1.98767447      0.689999998    
        9298  -2.49778986       2.61114097      0.699999988    
        9300  -2.45893049       3.03579116      0.709999979    
        9302  -2.49994278       2.31804562      0.689999998    
        9304  -2.57572985       2.02709293      0.689999998    
        9306  -2.40350485       2.47775960      0.680000007    
        9308  -2.38354707       2.90831137      0.689999998    
        9310  -2.46382928       2.59638405      0.680000007    
        9312  -2.35977578       3.27627277      0.699999988    
        9314  -2.66123939       2.07637334      0.699999988    
        9316  -2.37785292       2.38331509      0.680000007    
        9318  -2.38631511       2.18915510      0.680000007    
        9320  -2.34884763       2.43756628      0.680000007    
        9322  -2.56278038       2.25981808      0.680000007    
        9324  -2.57031441       2.01683378      0.689999998    
        9326  -2.58139801       2.40818548      0.680000007    
        9328  -2.56072593       2.20946312      0.680000007    
        9330  -2.31402493       2.98861408      0.670000017    
        9332  -2.39786959       2.53615999      0.649999976    
        9334  -2.43746161       2.41371059      0.660000026    
        9336  -2.60814643       1.40872157      0.649999976    
        9338  -2.72503686       1.38129354      0.660000026    
        9340  -2.39112401       2.30669522      0.660000026    
        9342  -2.59589267       1.72630513      0.649999976    
        9344  -2.67082596       1.46763742      0.660000026    
        9346  -2.48716331       2.15182781      0.649999976    
        9348  -2.58019114       1.43040276      0.649999976    
        9350  -2.52474666       1.39082801      0.649999976    
        9352  -2.60711336       1.60883033      0.649999976    
        9354  -2.53652668       2.13392806      0.670000017    
        9356  -2.37733674       2.58115149      0.670000017    
        9358  -2.40988612       2.31415367      0.649999976    
        9360  -2.47193933       2.39414358      0.660000026    
        9362  -2.75093842      0.938571393      0.670000017    
        9364  -2.27249002       2.27597833      0.649999976    
        9366  -2.47168493       1.90258265      0.670000017    
        9368  -2.40383792       1.94934201      0.660000026    
        9370  -2.41085696       2.24479532      0.660000026    
        9372  -2.34879780       2.18622494      0.649999976    
        9374  -2.37926435       1.84746051      0.639999986    
        9376  -2.60143042       1.53459430      0.649999976    
        9378  -2.43220234       1.96777070      0.639999986    
        9380  -2.51054215       1.59696615      0.639999986    
        9382  -2.60266232       1.75266755      0.649999976    
        9384  -2.53352237       2.19189572      0.649999976    
        9386  -2.52988648       2.04797053      0.649999976    
        9388  -2.64418054       1.54576647      0.649999976    
        9390  -2.50343370       2.11895370      0.660000026    
        9392  -2.66826200       1.15243757      0.660000026    
        9394  -2.51185656       1.59963250      0.649999976    
        9396  -2.55595708       1.41636145      0.639999986    
        9398  -2.74283981       1.39660406      0.660000026    
        9400  -2.54575324       1.68454289      0.649999976    
        9402  -2.52420306       2.02219844      0.660000026    
        9404  -2.48292589       1.51059949      0.639999986    
        9406  -2.35592246       2.27974582      0.649999976    
        9408  -2.28370118       1.85795307      0.639999986    
        9410  -2.08777261       2.02510905      0.620000005    
        9412  -2.54189587      0.872350633      0.629999995    
        9414  -2.53266311       1.01602387      0.620000005    
        9416  -2.46880698       1.44683468      0.610000014    
        9418  -2.39445853       1.21089029      0.589999974    
        9420  -2.47520518      0.904936373      0.589999974    
        9422  -2.58056569       1.10580373      0.600000024    
        9424  -2.26806593       1.83879006      0.600000024    
        9426  -2.35706091       1.75749910      0.620000005    
        9428  -2.37698293       1.80873823      0.620000005    
        9430  -2.24422503       1.81708443      0.620000005    
        9432  -2.20136070       2.25075603      0.620000005    
        9434  -2.26438189       2.16769886      0.639999986    
        9436  -2.29689217       2.20814204      0.639999986    
        9438  -2.44958544       1.81580198      0.629999995    
        9440  -2.60447645       1.70143962      0.620000005    
        9442  -2.58357382       1.35690677      0.629999995    
        9444  -2.52464700       1.11599874      0.629999995    
        9446  -2.32425570       1.58859563      0.639999986    
        9448  -2.44606495       1.53197908      0.639999986    
        9450  -2.48484564       1.62926233      0.639999986    
        9452  -2.31313968       2.23876452      0.639999986    
        9454  -2.41955185       1.72783852      0.610000014    
        9456  -2.37461448       1.43515313      0.600000024    
        9458  -2.23881340       1.71282411      0.569999993    
        9460  -2.23642445       1.51200187      0.569999993    
        9462  -2.00328350       1.99563813      0.560000002    
        9464  -2.30730939       1.18800795      0.560000002    
        9466  -2.25557327       1.34729743      0.560000002    
        9468  -2.06823444       1.96246755      0.540000021    
        9470  -1.82048607       2.95524311      0.560000002    
        9472  -2.26391578       1.43700480      0.569999993    
        9474  -2.12779593       1.32591391      0.560000002    
        9476  -2.07503128       1.60004914      0.569999993    
        9478  -2.32239747       1.45045137      0.579999983    
        9480  -2.18491411       2.00084591      0.600000024    
        9482  -2.13696408       1.48898983      0.600000024    
        9484  -2.02419543       2.54184055      0.620000005    
        9486  -1.95447648       2.91979575      0.620000005    
        9488  -2.26152158       1.66697502      0.610000014    
        9490  -2.12066627       1.60355175      0.569999993    
        9492  -2.11021543       1.78659546      0.579999983    
        9494  -2.12590671       1.90857315      0.569999993    
        9496  -2.25846529       1.19612169      0.579999983    
        9498  -2.47837329       1.04209399      0.589999974    
        9500  -2.45919776       1.18573940      0.589999974    
        9502  -2.42270994       1.21529460      0.600000024    
        9504  -2.29725170       1.59530044      0.610000014    
        9506  -2.41338515       1.56445515      0.620000005    
        9508  -2.26381874       2.11983919      0.629999995    
        9510  -2.44697785       1.28183436      0.620000005    
        9512  -2.37608480       1.78217185      0.620000005    
        9514  -2.25688839       2.52177405      0.629999995    
        9516  -2.19443965       2.61119795      0.629999995    
        9518  -2.06008267       2.66342282      0.629999995    
        9520  -2.26562715       2.00280595      0.610000014    
        9522  -2.32637358       1.58220136      0.600000024    
        9524  -2.46023083       1.36221015      0.600000024    
        9526  -2.37972593       1.55048382      0.620000005    
        9528  -2.27869534       2.13183403      0.620000005    
        9530  -1.99625373       2.94555688      0.610000014    
        9532  -2.32243872       1.76106608      0.610000014    
        9534  -2.18956232       2.53725600      0.610000014    
        9536  -2.32539916       1.53829646      0.589999974    
        9538  -2.42977977      0.908307016      0.579999983    
        9540  -2.38939691       1.12625921      0.579999983    
        9542  -2.23347569       1.57784927      0.569999993    
        9544  -2.13853312       1.39749467      0.579999983    
        9546  -2.05936265       1.71889246      0.579999983    
        9548  -1.98569822       2.00231385      0.569999993    
        9550  -2.14531231       1.59143472      0.569999993    
        9552  -2.11378932       1.54179585      0.569999993    
        9554  -1.93251407       2.31004190      0.579999983    
        9556  -2.10912299       1.98675931      0.610000014    
        9558  -2.27837110       1.34137893      0.610000014    
        9560  -1.91021287       2.88315487      0.610000014    
        9562  -2.32491159       1.95306385      0.620000005    
        9564  -2.11973023       2.65561390      0.620000005    
        9566  -2.41643167       1.53791738      0.629999995    
        9568  -2.41233301       1.37523723      0.629999995    
        9570  -2.42461085       1.62818086      0.639999986    
        9572  -2.39869618       1.90926790      0.629999995    
        9574  -2.28163123       2.27065873      0.620000005    
        9576  -2.34584904       1.46595156      0.620000005    
        9578  -2.37623191       1.85727191      0.620000005    
        9580  -2.25406790       1.94386697      0.610000014    
        9582  -2.24760747       2.36686707      0.629999995    
        9584  -2.18705034       2.18663359      0.620000005    
        9586  -2.13058591       2.04295540      0.620000005    
        9588  -2.30491662       1.90219545      0.629999995    
        9590  -2.30283189       2.16894221      0.629999995    
        9592  -2.32049942       2.04463077      0.639999986    
        9594  -2.33416843       1.97432458      0.639999986    
        9596  -2.51971579       1.10723639      0.639999986    
        9598  -2.41584373       1.53166378      0.639999986    
        9600  -2.30695963       1.61372435      0.629999995    
        9602  -2.27866530       2.08374524      0.639999986    
        9604  -2.18574953       2.11431003      0.620000005    
        9606  -2.42563868       1.80924654      0.620000005    
        9608  -2.46677017      0.878107607      0.610000014    
        9610  -2.58131576      0.769242167      0.620000005    
        9612  -2.47943854       1.25739527      0.610000014    
        9614  -2.43529248       1.73384583      0.620000005    
        9616  -2.19013286       2.32388854      0.610000014    
        9618  -2.47000194       1.02205706      0.589999974    
        9620  -2.44808197      0.897899985      0.610000014    
        9622  -2.30665803       1.26910996      0.600000024    
        9624  -2.26526570       1.54055595      0.610000014    
        9626  -2.45824003      0.770123005      0.610000014    
        9628  -2.42600679      0.787376285      0.620000005    
        9630  -2.32954812       1.22930837      0.629999995    
        9632  -2.33998537       1.34948134      0.639999986    
        9634  -2.24342537       1.83926022      0.639999986    
        9636  -2.46824241       1.14374244      0.649999976    
        9638  -2.42553210       1.50590396      0.639999986    
        9640  -2.40559387       1.53089547      0.639999986    
        9642  -2.48950219       1.72687161      0.649999976    
        9644  -2.35771418       2.25798130      0.660000026    
        9646  -2.47880244       1.81555927      0.680000007    
        9648  -2.53098917       1.80783939      0.680000007    
        9650  -2.72734928       1.22486985      0.680000007    
        9652  -2.68070173       1.46561718      0.670000017    
        9654  -2.44254994       2.52631021      0.670000017    
        9656  -2.42162418       2.35907245      0.660000026    
        9658  -2.44182205       1.96201026      0.660000026    
        9660  -2.16708112       2.83735895      0.649999976    
        9662  -2.38161826       1.64377642      0.629999995    
        9664  -2.27750874       1.99334264      0.639999986    
        9666  -2.25452542       2.14373469      0.639999986    
        9668  -2.21947932       2.44097662      0.639999986    
        9670  -2.53718495       1.55655766      0.639999986    
        9672  -2.58464456       1.54204226      0.639999986    
        9674  -2.29055762       2.31462216      0.620000005    
        9676  -2.32933640       1.71721399      0.589999974    
        9678  -2.36491013       1.90256882      0.610000014    
        9680  -2.43820500       1.82025170      0.620000005    
        9682  -2.42783999       1.61353910      0.620000005    
        9684  -2.36379981       1.68192589      0.610000014    
        9686  -2.49049497       1.62123799      0.610000014    
        9688  -2.49186563       1.17381918      0.600000024    
        9690  -2.48194313       1.27968633      0.620000005    
        9692  -2.49785590       1.07689273      0.620000005    
        9694  -2.50330973       1.20763469      0.620000005    
        9696  -2.28406549       2.42026639      0.620000005    
        9698  -2.44736934       1.61242008      0.610000014    
        9700  -2.45635080       1.18419993      0.620000005    
        9702  -2.20450974       2.40363574      0.629999995    
        9704  -2.36317492       1.66077054      0.620000005    
        9706  -2.35718298       2.02701592      0.629999995    
        9708  -2.40971732       2.16829371      0.620000005    
        9710  -2.52339792       1.32546401      0.620000005    
        9712  -2.28727746       2.06445646      0.629999995    
        9714  -2.13989782       2.32599282      0.610000014    
        9716  -2.43509007       1.59035277      0.620000005    
        9718  -2.52449203       1.44757736      0.620000005    
        9720  -2.22771478       2.44102144      0.629999995    
        9722  -2.37595010       1.57747495      0.639999986    
        9724  -2.51866961       1.42280328      0.649999976    
        9726  -2.49709678       1.77446938      0.639999986    
        9728  -2.42248917       2.22705722      0.649999976    
        9730  -2.68664432       1.32144499      0.660000026    
        9732  -2.55986357       1.76439142      0.660000026    
        9734  -2.48973632       2.37477064      0.660000026    
        9736  -2.56922531       2.56457424      0.660000026    
        9738  -2.63769364       1.90498936      0.660000026    
        9740  -2.53344321       2.06125212      0.649999976    
        9742  -2.42268348       1.67904377      0.629999995    
        9744  -2.36787248       1.65803230      0.620000005    
        9746  -2.39754057       1.60084057      0.620000005    
        9748  -2.22102022       1.52450776      0.610000014    
        9750  -2.32427216       1.51215863      0.620000005    
        9752  -2.19119430       1.36771154      0.589999974    
        9754  -2.28316593       1.47524059      0.579999983    
        9756  -2.43839931      0.838906169      0.589999974    
        9758  -2.42659783       1.01033437      0.610000014    
        9760  -2.28625274       1.23256207      0.589999974    
        9762  -2.03458214       2.47447085      0.600000024    
        9764  -2.13695550       2.29212379      0.600000024    
        9766  -2.33924460       1.56386781      0.600000024    
        9768  -2.13331342       1.57680237      0.600000024    
        9770  -2.25716114       1.54070652      0.610000014    
        9772  -2.23463225       1.93109024      0.620000005    
        9774  -2.00681615       2.82874322      0.629999995    
        9776  -2.16824484       2.37369156      0.610000014    
        9778  -2.31594133       1.97248507      0.620000005    
        9780  -2.27841997       2.34786797      0.620000005    
        9782  -2.14267945       2.16025710      0.620000005    
        9784  -1.98905265       2.87533164      0.629999995    
        9786  -2.21166277       1.99649417      0.620000005    
        9788  -2.42822123       1.19408119      0.610000014    
        9790  -2.26869845       2.00820971      0.620000005    
        9792  -1.95318663       2.64786911      0.579999983    
        9794  -2.06122327       2.32839656      0.600000024    
        9796  -1.98566890       2.84546018      0.610000014    
        9798  -2.41364670       1.33703375      0.600000024    
        9800  -2.23219728       1.77918339      0.579999983    
        9802  -2.08615112       2.84310603      0.569999993    
        9804  -2.42854667       1.16794062      0.560000002    
        9806  -2.10040069       2.58494425      0.579999983    
        9808  -2.06617332       1.75315523      0.560000002    
        9810  -2.03175831       2.03731608      0.579999983    
        9812  -2.21342397       1.50089788      0.579999983    
        9814  -2.48858404      0.689982772      0.589999974    
        9816  -2.50329542       1.60741782      0.629999995    
        9818  -2.55120659       2.22491622      0.649999976    
        9820  -2.63631582       1.89358532      0.670000017    
        9822  -2.77999544       1.41519666      0.680000007    
        9824  -2.55848813       2.56224942      0.680000007    
        9826  -2.65309739       2.08518791      0.660000026    
        9828  -2.50506949       2.38854861      0.660000026    
        9830  -2.49879694       2.91660380      0.670000017    
        9832  -2.57975316       2.28488994      0.670000017    
        9834  -2.83979869       1.88034880      0.680000007    
        9836  -2.74657750       2.12070394      0.689999998    
        9838  -2.74020004       2.29353786      0.699999988    
        9840  -2.74597049       2.19860601      0.699999988    
        9842  -2.70040154       3.10212541      0.699999988    
        9844  -2.62091994       3.71374846      0.709999979    
        9846  -2.64570189       3.32934356      0.699999988    
        9848  -2.63474345       3.31183767      0.720000029    
        9850  -2.92914653       1.79836595      0.720000029    
        9852  -2.78403544       2.56547832      0.720000029    
        9854  -2.99553847       1.84518421      0.720000029    
        9856  -2.75186181       3.10723281      0.720000029    
        9858  -2.52967739       3.29246831      0.709999979    
        9860  -2.70155573       2.28962803      0.709999979    
        9862  -2.71043897       2.56758475      0.699999988    
        9864  -2.78464985       1.88148975      0.680000007    
        9866  -2.58722949       2.76179385      0.709999979    
        9868  -2.47193861       3.37838697      0.709999979    
        9870  -2.68141365       1.98191071      0.699999988    
        9872  -2.70284247       1.64665568      0.689999998    
        9874  -2.74663758       1.02205038      0.680000007    
        9876  -2.31462431       2.82787299      0.689999998    
        9878  -2.55131984       2.46321201      0.689999998    
        9880  -2.23669815       3.33824134      0.680000007    
        9882  -2.51296735       1.95008671      0.670000017    
        9884  -2.24639654       2.53861141      0.660000026    
        9886  -2.59748101       1.70224237      0.660000026    
        9888  -2.21749067       3.02541041      0.670000017    
        9890  -2.52704477       1.62567246      0.639999986    
        9892  -2.40959692       1.62654114      0.629999995    
        9894  -2.57544422       1.26344299      0.639999986    
        9896  -2.11402583       2.69379139      0.649999976    
        9898  -2.33607626       2.58243561      0.660000026    
        9900  -2.53553128       1.97122335      0.660000026    
        9902  -2.38254237       2.95404720      0.670000017    
        9904  -2.39387918       2.79815722      0.660000026    
        9906  -2.38177824       2.79974651      0.660000026    
        9908  -2.41577315       2.35563540      0.649999976    
        9910  -2.47929668       1.62929094      0.639999986    
        9912  -2.41110396       1.65479946      0.629999995    
        9914  -2.37911677       1.52810621      0.629999995    
        9916  -2.30742455       1.66678941      0.620000005    
        9918  -2.56730580       1.18303871      0.620000005    
        9920  -2.59105825       1.07289922      0.610000014    
        9922  -2.38931990       1.62433290      0.610000014    
        9924  -2.35096121       1.68835759      0.600000024    
        9926  -2.40998793       1.95030868      0.620000005    
        9928  -2.27892470       2.63213515      0.620000005    
        9930  -2.47948337       1.60423589      0.629999995    
        9932  -2.19389820       2.72154737      0.629999995    
        9934  -2.41058779       2.18003821      0.639999986    
        9936  -2.46504951       1.63970768      0.639999986    
        9938  -2.59012413       1.65184033      0.660000026    
        9940  -2.58847094      0.911880851      0.660000026    
        9942  -2.49832463       1.52018821      0.660000026    
        9944  -2.47142768       1.82692862      0.680000007    
        9946  -2.66074419       1.43693030      0.680000007    
        9948  -2.46954846       2.43299413      0.689999998    
        9950  -2.65779781       1.71400821      0.680000007    
        9952  -2.56946373       1.69736111      0.680000007    
        9954  -2.60911918       1.79886651      0.670000017    
        9956  -2.63388157       1.81440556      0.680000007    
        9958  -2.39913154       2.73402619      0.649999976    
        9960  -2.20729685       3.35037684      0.649999976    
        9962  -2.01282334       4.26716328      0.649999976    
        9964  -2.19270110       2.89660835      0.649999976    
        9966  -2.53658748       1.49445057      0.639999986    
        9968  -2.63247395       1.53607559      0.649999976    
        9970  -2.21474099       2.91779733      0.639999986    
        9972  -2.41057754       1.93526113      0.629999995    
        9974  -2.56246877      0.983957410      0.620000005    
        9976  -2.24365091       2.10553741      0.610000014    
        9978  -2.35026288       1.44637334      0.610000014    
        9980  -2.37251449       1.55646884      0.600000024    
        9982  -2.32930660       1.74255264      0.610000014    
        9984  -2.31667161       1.76274717      0.620000005    
        9986  -2.22148752       1.67182219      0.610000014    
        9988  -2.09143567       1.75239801      0.589999974    
        9990  -2.07684779       1.73251891      0.589999974    
        9992  -2.14946604       1.67101777      0.589999974    
        9994  -2.11457133       1.72709751      0.579999983    
        9996  -2.14804983       2.18152952      0.600000024    
        9998  -1.85569644       2.94361424      0.579999983    
       10000  -2.33520317      0.942232609      0.579999983    
