           2   1.69406712       3.98010463E-02   1.99999996E-02
           4   1.69525003       3.98483351E-02   1.99999996E-02
           6  -2.15518754E-02   8.68787467E-02   5.00000007E-02
           8   0.00000000       0.00000000       0.00000000    
          10   3.39618611       1.99620351E-02   9.99999978E-03
          12   1.33383894      0.358820707       5.00000007E-02
          14   1.69525003       3.98483351E-02   1.99999996E-02
          16   3.39618611       1.99620351E-02   9.99999978E-03
          18   0.00000000       0.00000000       0.00000000    
          20   1.69525003       3.98483351E-02   1.99999996E-02
          22   1.68680048       3.95117924E-02   1.99999996E-02
          24   5.25268316E-02  0.110240281       5.99999987E-02
          26  0.808713317       7.67668262E-02   3.99999991E-02
          28   1.69226420       3.97290811E-02   1.99999996E-02
          30  0.842343450       4.95284423E-02   2.99999993E-02
          32   1.68254912       3.93435657E-02   1.99999996E-02
          34   1.68406165       3.94033305E-02   1.99999996E-02
          36   0.00000000       0.00000000       0.00000000    
          38   1.68664038       3.95054407E-02   1.99999996E-02
          40   3.39618611       1.99620351E-02   9.99999978E-03
          42  0.775232553       5.95403351E-02   2.99999993E-02
          44   1.10836732       5.85564934E-02   2.99999993E-02
          46  0.410421044      0.154187009       5.99999987E-02
          48   1.69391286       3.97948846E-02   1.99999996E-02
          50   0.00000000       0.00000000       0.00000000    
          52   3.39618611       1.99620351E-02   9.99999978E-03
          54   1.57819438       3.54778543E-02   1.99999996E-02
          56   3.39618611       1.99620351E-02   9.99999978E-03
          58   1.00114644       5.29981367E-02   2.99999993E-02
          60  0.708601594       5.77235445E-02   2.99999993E-02
          62  0.838863671       7.91478828E-02   3.99999991E-02
          64  0.559301496       8.91803280E-02   5.00000007E-02
          66  0.758881509       7.33465776E-02   3.99999991E-02
          68  0.829049945       4.68445718E-02   2.99999993E-02
          70   1.69348788       3.97779085E-02   1.99999996E-02
          72  0.654795527      0.110186964       3.99999991E-02
          74  0.413804442      0.122418381       3.99999991E-02
          76   1.06258309       5.58760837E-02   2.99999993E-02
          78   1.66691589       3.87314968E-02   1.99999996E-02
          80   1.69525003       3.98483351E-02   1.99999996E-02
          82   1.47076631       3.21970098E-02   1.99999996E-02
          84  0.767429411       7.39148408E-02   3.99999991E-02
          86  0.847832322       4.97772098E-02   2.99999993E-02
          88   3.39618611       1.99620351E-02   9.99999978E-03
          90   0.00000000       0.00000000       0.00000000    
          92  0.633941114       4.46547084E-02   2.99999993E-02
          94  0.943848729       5.00025153E-02   2.99999993E-02
          96   1.12288070       5.94116747E-02   2.99999993E-02
          98   3.39618611       1.99620351E-02   9.99999978E-03
         100   1.69525003       3.98483351E-02   1.99999996E-02
         102   1.11246300       5.87903075E-02   2.99999993E-02
         104   0.00000000       0.00000000       0.00000000    
         106   1.01387632      0.118855976       2.99999993E-02
         108  0.974294484       5.11149801E-02   2.99999993E-02
         110  0.401514322      0.102357335       5.99999987E-02
         112   0.00000000       0.00000000       0.00000000    
         114  0.460238308       8.42572227E-02   5.00000007E-02
         116   3.39618611       1.99620351E-02   9.99999978E-03
         118   1.69525003       3.98483351E-02   1.99999996E-02
         120   1.69349837       3.97783294E-02   1.99999996E-02
         122   0.00000000       0.00000000       0.00000000    
         124  0.611165643       6.29512072E-02   3.99999991E-02
         126   3.39618611       1.99620351E-02   9.99999978E-03
         128   1.67460573       3.90312672E-02   1.99999996E-02
         130   0.00000000       0.00000000       0.00000000    
         132   1.05830884       5.57411723E-02   2.99999993E-02
         134  -7.34587610E-02  0.121295333       7.00000003E-02
         136  0.298226953      0.121284522       5.99999987E-02
         138  0.797837257       7.59730265E-02   3.99999991E-02
         140   3.39618611       1.99620351E-02   9.99999978E-03
         142  0.835198760       7.88552985E-02   3.99999991E-02
         144  0.693073511       6.93972334E-02   3.99999991E-02
         146   1.00984812       5.33873513E-02   2.99999993E-02
         148   1.69525003       3.98483351E-02   1.99999996E-02
         150  0.675503314       6.94397315E-02   3.99999991E-02
         152  0.526998520       8.03591385E-02   3.99999991E-02
         154   1.69221938       3.97272930E-02   1.99999996E-02
         156   0.00000000       0.00000000       0.00000000    
         158  0.440229505       8.12037587E-02   5.00000007E-02
         160   1.69525003       3.98483351E-02   1.99999996E-02
         162   1.11982894       5.92299365E-02   2.99999993E-02
         164   1.65202379       3.81583609E-02   1.99999996E-02
         166  0.782708168       7.49192610E-02   3.99999991E-02
         168   0.00000000       0.00000000       0.00000000    
         170   3.39618611       1.99620351E-02   9.99999978E-03
         172   1.12572956       5.95822111E-02   2.99999993E-02
         174   1.12097836       5.92977293E-02   2.99999993E-02
         176   1.11869919       5.91625758E-02   2.99999993E-02
         178   3.39618611       1.99620351E-02   9.99999978E-03
         180   1.12506855       5.95425665E-02   2.99999993E-02
         182   3.39618611       1.99620351E-02   9.99999978E-03
         184  0.825016201      0.183613762       3.99999991E-02
         186  0.674407542       6.86104074E-02   3.99999991E-02
         188   3.39618611       1.99620351E-02   9.99999978E-03
         190   0.00000000       0.00000000       0.00000000    
         192   1.69525003       3.98483351E-02   1.99999996E-02
         194   0.00000000       0.00000000       0.00000000    
         196   1.69525003       3.98483351E-02   1.99999996E-02
         198  0.357339561       7.78282210E-02   5.00000007E-02
         200  0.226819515      0.100263916       5.99999987E-02
         202   3.39618611       1.99620351E-02   9.99999978E-03
         204   1.69525003       3.98483351E-02   1.99999996E-02
         206   3.39618611       1.99620351E-02   9.99999978E-03
         208  0.383066148      0.101296216       5.99999987E-02
         210   0.00000000       0.00000000       0.00000000    
         212   1.65931726       3.84378172E-02   1.99999996E-02
         214   3.39618611       1.99620351E-02   9.99999978E-03
         216   3.39618611       1.99620351E-02   9.99999978E-03
         218   0.00000000       0.00000000       0.00000000    
         220   1.68065643       3.92689146E-02   1.99999996E-02
         222  0.503837109       8.37529227E-02   5.00000007E-02
         224  0.578900158       6.66242987E-02   3.99999991E-02
         226   1.11832035       5.91388568E-02   2.99999993E-02
         228   1.07850289       5.68500794E-02   2.99999993E-02
         230   3.39618611       1.99620351E-02   9.99999978E-03
         232   1.69282889       3.97516042E-02   1.99999996E-02
         234  0.644378304       9.65014249E-02   5.00000007E-02
         236   3.39618611       1.99620351E-02   9.99999978E-03
         238   0.00000000       0.00000000       0.00000000    
         240   3.39618611       1.99620351E-02   9.99999978E-03
         242  0.970280349      0.110124342       2.99999993E-02
         244  0.832725465       5.00476100E-02   2.99999993E-02
         246   1.69220328       3.97266522E-02   1.99999996E-02
         248   3.39618611       1.99620351E-02   9.99999978E-03
         250   1.07912886       5.68470061E-02   2.99999993E-02
         252   1.69216383       3.97250764E-02   1.99999996E-02
         254  0.635117531       9.56066623E-02   5.00000007E-02
         256   1.01486778       5.36009744E-02   2.99999993E-02
         258   0.00000000       0.00000000       0.00000000    
         260  0.830232322       7.84609914E-02   3.99999991E-02
         262  0.382944167      0.126139477       7.00000003E-02
         264   3.39618611       1.99620351E-02   9.99999978E-03
         266   1.69094729       3.96765992E-02   1.99999996E-02
         268   1.64807761       3.80081721E-02   1.99999996E-02
         270   0.00000000       0.00000000       0.00000000    
         272   0.00000000       0.00000000       0.00000000    
         274   1.09575534       5.78056686E-02   2.99999993E-02
         276   0.00000000       0.00000000       0.00000000    
         278  0.977231562      0.111368567       2.99999993E-02
         280   1.38814056       3.04350685E-02   1.99999996E-02
         282  0.659928977       5.69898486E-02   2.99999993E-02
         284   1.69525003       3.98483351E-02   1.99999996E-02
         286   1.69525003       3.98483351E-02   1.99999996E-02
         288  0.803950250       7.64504895E-02   3.99999991E-02
         290   1.67640221       3.91016640E-02   1.99999996E-02
         292  0.827007174       7.82108381E-02   3.99999991E-02
         294   1.69525003       3.98483351E-02   1.99999996E-02
         296  0.811403811       7.69845545E-02   3.99999991E-02
         298   1.69525003       3.98483351E-02   1.99999996E-02
         300  0.821959436       7.78051391E-02   3.99999991E-02
         302   3.39618611       1.99620351E-02   9.99999978E-03
         304  0.677770674       6.84925839E-02   3.99999991E-02
         306  0.706280053       6.92295432E-02   3.99999991E-02
         308   1.12353563       5.94508238E-02   2.99999993E-02
         310  0.769505024       7.39855766E-02   3.99999991E-02
         312  0.526303947       8.64157751E-02   5.00000007E-02
         314  0.713673472      0.135367230       3.99999991E-02
         316   3.39618611       1.99620351E-02   9.99999978E-03
         318  0.607849538       9.29547772E-02   5.00000007E-02
         320   1.10313046       5.82409054E-02   2.99999993E-02
         322   1.12278104       5.94056323E-02   2.99999993E-02
         324  0.799166024       7.60364234E-02   3.99999991E-02
         326   1.12057757       5.92743158E-02   2.99999993E-02
         328  0.614771724       6.76246062E-02   3.99999991E-02
         330   0.00000000       0.00000000       0.00000000    
         332   1.01096249       5.34381568E-02   2.99999993E-02
         334   1.11997080       5.92377335E-02   2.99999993E-02
         336   3.39618611       1.99620351E-02   9.99999978E-03
         338   0.00000000       0.00000000       0.00000000    
         340   3.39618611       1.99620351E-02   9.99999978E-03
         342   0.00000000       0.00000000       0.00000000    
         344   3.39618611       1.99620351E-02   9.99999978E-03
         346   1.69525003       3.98483351E-02   1.99999996E-02
         348   1.69525003       3.98483351E-02   1.99999996E-02
         350   3.39618611       1.99620351E-02   9.99999978E-03
         352   1.11272466       5.88065684E-02   2.99999993E-02
         354   1.69322479       3.97674069E-02   1.99999996E-02
         356   1.12331271       5.94375506E-02   2.99999993E-02
         358   0.00000000       0.00000000       0.00000000    
         360  0.829990447       7.84405619E-02   3.99999991E-02
         362  0.445871204      0.108119011       5.00000007E-02
         364   3.39618611       1.99620351E-02   9.99999978E-03
         366   3.39618611       1.99620351E-02   9.99999978E-03
         368  0.409071922      0.102679782       5.99999987E-02
         370   1.19789517       3.71505953E-02   1.99999996E-02
         372   1.69525003       3.98483351E-02   1.99999996E-02
         374   1.05346823       5.53478561E-02   2.99999993E-02
         376   1.11627364       5.90190627E-02   2.99999993E-02
         378  0.913506985       4.94683012E-02   2.99999993E-02
         380   1.09622526       5.78386262E-02   2.99999993E-02
         382  0.307246566       9.95508507E-02   5.99999987E-02
         384   1.12032390       5.92584759E-02   2.99999993E-02
         386   1.69525003       3.98483351E-02   1.99999996E-02
         388   3.39618611       1.99620351E-02   9.99999978E-03
         390  0.588533163       7.72406086E-02   3.99999991E-02
         392   3.39618611       1.99620351E-02   9.99999978E-03
         394   1.12149465       5.93290292E-02   2.99999993E-02
         396  0.625559270       6.69159517E-02   3.99999991E-02
         398   1.57325196       3.53090949E-02   1.99999996E-02
         400   3.39618611       1.99620351E-02   9.99999978E-03
         402   1.69404280       3.98000740E-02   1.99999996E-02
         404   1.69142854       3.96957658E-02   1.99999996E-02
         406   1.10205257       5.81831113E-02   2.99999993E-02
         408  0.832159638       7.86132365E-02   3.99999991E-02
         410   1.68771505       3.95480804E-02   1.99999996E-02
         412   1.69525003       3.98483351E-02   1.99999996E-02
         414  0.664815128       6.66226149E-02   3.99999991E-02
         416   1.56656229       3.50830480E-02   1.99999996E-02
         418   1.68897629       3.95981781E-02   1.99999996E-02
         420  0.533211529       6.19201921E-02   3.99999991E-02
         422  0.666762829       6.91563189E-02   3.99999991E-02
         424  0.907510102       4.98964936E-02   2.99999993E-02
         426  0.556011796       7.35080540E-02   3.99999991E-02
         428   1.69338202       3.97736877E-02   1.99999996E-02
         430   3.39618611       1.99620351E-02   9.99999978E-03
         432   3.39618611       1.99620351E-02   9.99999978E-03
         434   0.00000000       0.00000000       0.00000000    
         436  0.506617486      0.156145230       5.00000007E-02
         438   3.39618611       1.99620351E-02   9.99999978E-03
         440  0.490304321       8.53570551E-02   5.00000007E-02
         442  0.475211114       8.31253529E-02   5.00000007E-02
         444   3.39618611       1.99620351E-02   9.99999978E-03
         446  0.774998605       7.43090361E-02   3.99999991E-02
         448   0.00000000       0.00000000       0.00000000    
         450  0.964166820       5.13438769E-02   2.99999993E-02
         452  0.490790963       6.31082729E-02   3.99999991E-02
         454   0.00000000       0.00000000       0.00000000    
         456   1.68905199       3.96011882E-02   1.99999996E-02
         458   1.69396174       3.97968329E-02   1.99999996E-02
         460  0.660604775       9.81016681E-02   5.00000007E-02
         462   1.11229861       5.87807335E-02   2.99999993E-02
         464   1.68759000       3.95431183E-02   1.99999996E-02
         466   3.39618611       1.99620351E-02   9.99999978E-03
         468   1.67793620       3.91618833E-02   1.99999996E-02
         470  0.118997067      0.132875547       5.99999987E-02
         472   3.67418379E-02   6.75143972E-02   5.00000007E-02
         474  0.200858399      0.108930029       7.00000003E-02
         476  0.852862775       4.94773909E-02   2.99999993E-02
         478  0.892853796      0.255027294       5.00000007E-02
         480   3.39618611       1.99620351E-02   9.99999978E-03
         482   1.69378352       3.97897139E-02   1.99999996E-02
         484   3.39618611       1.99620351E-02   9.99999978E-03
         486   1.69525003       3.98483351E-02   1.99999996E-02
         488  0.820593715       5.09289615E-02   2.99999993E-02
         490   1.10264754       5.82108274E-02   2.99999993E-02
         492   0.00000000       0.00000000       0.00000000    
         494   3.39618611       1.99620351E-02   9.99999978E-03
         496   1.54325759       3.43179330E-02   1.99999996E-02
         498   1.68928325       3.96103784E-02   1.99999996E-02
         500   3.39618611       1.99620351E-02   9.99999978E-03
         502   1.69525003       3.98483351E-02   1.99999996E-02
         504   3.39618611       1.99620351E-02   9.99999978E-03
         506   1.69525003       3.98483351E-02   1.99999996E-02
         508  0.824268997       7.79940858E-02   3.99999991E-02
         510   3.39618611       1.99620351E-02   9.99999978E-03
         512   1.12324166       5.94332032E-02   2.99999993E-02
         514   1.66793251       3.87709811E-02   1.99999996E-02
         516   3.39618611       1.99620351E-02   9.99999978E-03
         518  0.582563043       6.42225519E-02   3.99999991E-02
         520   1.61819494       3.68950181E-02   1.99999996E-02
         522   1.46992230       3.21750045E-02   1.99999996E-02
         524  0.167550594       6.93470240E-02   3.99999991E-02
         526  0.588705719       6.82238564E-02   3.99999991E-02
         528   1.68988121       3.96341607E-02   1.99999996E-02
         530  0.948643029       5.08979969E-02   2.99999993E-02
         532   1.11201620       5.87696880E-02   2.99999993E-02
         534   1.69525003       3.98483351E-02   1.99999996E-02
         536  0.818609178       7.40827695E-02   2.99999993E-02
         538  0.674069881       6.86664656E-02   3.99999991E-02
         540  0.648990095       9.69515294E-02   5.00000007E-02
         542   1.12524688       5.95532469E-02   2.99999993E-02
         544   1.68790030       3.95554341E-02   1.99999996E-02
         546  0.582503259       9.06536579E-02   5.00000007E-02
         548   0.00000000       0.00000000       0.00000000    
         550  0.772176087       7.41965771E-02   3.99999991E-02
         552   1.11512184       5.89492545E-02   2.99999993E-02
         554  0.231610090      0.146431819       5.00000007E-02
         556  0.791612566       7.54437745E-02   3.99999991E-02
         558   1.69525003       3.98483351E-02   1.99999996E-02
         560  0.516534805       8.80510882E-02   5.00000007E-02
         562   3.39618611       1.99620351E-02   9.99999978E-03
         564   1.12085521       5.92907034E-02   2.99999993E-02
         566   1.12042654       5.92651963E-02   2.99999993E-02
         568   3.39618611       1.99620351E-02   9.99999978E-03
         570  0.608705759       9.33022052E-02   5.00000007E-02
         572   1.60596013       3.64522487E-02   1.99999996E-02
         574   3.39618611       1.99620351E-02   9.99999978E-03
         576   1.69525003       3.98483351E-02   1.99999996E-02
         578  0.602076411       9.27035064E-02   5.00000007E-02
         580   1.54342794       3.43233943E-02   1.99999996E-02
         582  0.741606712       7.20103160E-02   3.99999991E-02
         584   1.33530891       2.98825856E-02   1.99999996E-02
         586   1.69095719       3.96769904E-02   1.99999996E-02
         588   3.39618611       1.99620351E-02   9.99999978E-03
         590   3.39618611       1.99620351E-02   9.99999978E-03
         592   3.39618611       1.99620351E-02   9.99999978E-03
         594   1.69525003       3.98483351E-02   1.99999996E-02
         596  0.310899973      0.125304520       5.99999987E-02
         598  0.708211660       6.99336082E-02   3.99999991E-02
         600   0.00000000       0.00000000       0.00000000    
         602  0.425742835       5.72151244E-02   3.99999991E-02
         604  0.191694722      0.101090491       5.99999987E-02
         606   1.63447785       3.74961719E-02   1.99999996E-02
         608  0.745504260       7.20801577E-02   3.99999991E-02
         610   0.00000000       0.00000000       0.00000000    
         612   1.68252134       3.93424667E-02   1.99999996E-02
         614   1.12599123       5.95978834E-02   2.99999993E-02
         616   0.00000000       0.00000000       0.00000000    
         618  0.589261353       7.41024166E-02   3.99999991E-02
         620   1.69525003       3.98483351E-02   1.99999996E-02
         622   3.39618611       1.99620351E-02   9.99999978E-03
         624  0.939413667       5.06770201E-02   2.99999993E-02
         626   1.69525003       3.98483351E-02   1.99999996E-02
         628   8.36951584E-02   9.65676531E-02   5.99999987E-02
         630   5.88539392E-02   9.14631337E-02   7.00000003E-02
         632   1.12349820       5.94486296E-02   2.99999993E-02
         634   3.39618611       1.99620351E-02   9.99999978E-03
         636   1.66238904       3.85562330E-02   1.99999996E-02
         638  0.613991976       9.37380120E-02   5.00000007E-02
         640  0.629372358      0.171005100       5.00000007E-02
         642   1.64680362       3.79598401E-02   1.99999996E-02
         644   0.00000000       0.00000000       0.00000000    
         646  0.218740046       8.15228149E-02   5.00000007E-02
         648   1.68679440       3.95115502E-02   1.99999996E-02
         650   1.69525003       3.98483351E-02   1.99999996E-02
         652   3.39618611       1.99620351E-02   9.99999978E-03
         654   3.39618611       1.99620351E-02   9.99999978E-03
         656   1.66302025       3.85806151E-02   1.99999996E-02
         658  0.380199730       9.89351198E-02   5.99999987E-02
         660  0.836880624       7.89895952E-02   3.99999991E-02
         662   1.69301212       3.97589207E-02   1.99999996E-02
         664   3.39618611       1.99620351E-02   9.99999978E-03
         666   3.39618611       1.99620351E-02   9.99999978E-03
         668   1.69232917       3.97316702E-02   1.99999996E-02
         670   1.08678877       5.73128425E-02   2.99999993E-02
         672  0.566742241       8.93939510E-02   5.00000007E-02
         674  0.540620089       5.94865642E-02   3.99999991E-02
         676  0.560150087      0.110857226       3.99999991E-02
         678   3.39618611       1.99620351E-02   9.99999978E-03
         680   1.69362199       3.97832654E-02   1.99999996E-02
         682  0.311174870       9.82838422E-02   5.99999987E-02
         684   3.39618611       1.99620351E-02   9.99999978E-03
         686  0.641673446       9.62588564E-02   5.00000007E-02
         688  0.510228634       8.55157375E-02   5.00000007E-02
         690   1.69525003       3.98483351E-02   1.99999996E-02
         692  0.654137254       6.64154887E-02   3.99999991E-02
         694   1.63240242       3.74188200E-02   1.99999996E-02
         696   1.69525003       3.98483351E-02   1.99999996E-02
         698   3.39618611       1.99620351E-02   9.99999978E-03
         700   1.69525003       3.98483351E-02   1.99999996E-02
         702   1.69306374       3.97609808E-02   1.99999996E-02
         704   3.39618611       1.99620351E-02   9.99999978E-03
         706   1.07094395       5.64456880E-02   2.99999993E-02
         708   3.39618611       1.99620351E-02   9.99999978E-03
         710   1.12243485       5.93850762E-02   2.99999993E-02
         712   3.39618611       1.99620351E-02   9.99999978E-03
         714   3.39618611       1.99620351E-02   9.99999978E-03
         716   1.03453040       5.43055721E-02   2.99999993E-02
         718   1.08380914       5.71470521E-02   2.99999993E-02
         720   3.39618611       1.99620351E-02   9.99999978E-03
         722   3.39618611       1.99620351E-02   9.99999978E-03
         724   0.00000000       0.00000000       0.00000000    
         726  0.664613247       6.67039603E-02   3.99999991E-02
         728   0.00000000       0.00000000       0.00000000    
         730   1.66762829      0.229394138       2.99999993E-02
         732  0.782799661       7.47801736E-02   3.99999991E-02
         734   1.69354427       3.97801623E-02   1.99999996E-02
         736   1.57134509       3.52443792E-02   1.99999996E-02
         738   1.07860136       5.68683222E-02   2.99999993E-02
         740   1.68991470       3.96354906E-02   1.99999996E-02
         742   1.11393404       5.88822514E-02   2.99999993E-02
         744   1.69153607       3.97000499E-02   1.99999996E-02
         746   3.39618611       1.99620351E-02   9.99999978E-03
         748   1.68825483       3.95695120E-02   1.99999996E-02
         750   3.39618611       1.99620351E-02   9.99999978E-03
         752  0.590566695       7.57048205E-02   3.99999991E-02
         754   1.68932235       3.96119356E-02   1.99999996E-02
         756  0.767818928       7.35952556E-02   3.99999991E-02
         758   1.12403238       5.94805107E-02   2.99999993E-02
         760   1.68732345       3.95325348E-02   1.99999996E-02
         762  0.423204541      0.102900311       5.00000007E-02
         764   3.39618611       1.99620351E-02   9.99999978E-03
         766   3.39618611       1.99620351E-02   9.99999978E-03
         768   1.11457086       5.89197129E-02   2.99999993E-02
         770  0.796512425       7.58796707E-02   3.99999991E-02
         772  0.814138830       7.71974623E-02   3.99999991E-02
         774   3.39618611       1.99620351E-02   9.99999978E-03
         776  0.797372222       5.58896288E-02   2.99999993E-02
         778  0.811780393       7.70273730E-02   3.99999991E-02
         780   1.12187207       5.93510941E-02   2.99999993E-02
         782   3.39618611       1.99620351E-02   9.99999978E-03
         784   1.69525003       3.98483351E-02   1.99999996E-02
         786   3.39618611       1.99620351E-02   9.99999978E-03
         788   0.00000000       0.00000000       0.00000000    
         790   1.09294713       5.76569214E-02   2.99999993E-02
         792   0.00000000       0.00000000       0.00000000    
         794  0.789733350       7.53631964E-02   3.99999991E-02
         796   1.11271262       5.88065162E-02   2.99999993E-02
         798   3.39618611       1.99620351E-02   9.99999978E-03
         800   1.68877745       3.95902731E-02   1.99999996E-02
         802  0.749203622       7.24762529E-02   3.99999991E-02
         804   1.57376587       3.53265740E-02   1.99999996E-02
         806   1.69035947       3.96531932E-02   1.99999996E-02
         808   1.12416434       5.94884120E-02   2.99999993E-02
         810   3.39618611       1.99620351E-02   9.99999978E-03
         812  0.608476043       6.33652806E-02   3.99999991E-02
         814   0.00000000       0.00000000       0.00000000    
         816   3.39618611       1.99620351E-02   9.99999978E-03
         818   0.00000000       0.00000000       0.00000000    
         820   3.39618611       1.99620351E-02   9.99999978E-03
         822  0.736932874       7.14130029E-02   3.99999991E-02
         824   1.67197275       3.89283374E-02   1.99999996E-02
         826   0.00000000       0.00000000       0.00000000    
         828   0.00000000       0.00000000       0.00000000    
         830  0.985415459       5.22293448E-02   2.99999993E-02
         832   3.39618611       1.99620351E-02   9.99999978E-03
         834   1.03811526       5.45225665E-02   2.99999993E-02
         836   3.39618611       1.99620351E-02   9.99999978E-03
         838   3.39618611       1.99620351E-02   9.99999978E-03
         840   1.12471819       5.95215745E-02   2.99999993E-02
         842   0.00000000       0.00000000       0.00000000    
         844   3.39618611       1.99620351E-02   9.99999978E-03
         846  0.840729475       7.92968273E-02   3.99999991E-02
         848   3.39618611       1.99620351E-02   9.99999978E-03
         850   1.10743880       5.84989823E-02   2.99999993E-02
         852   1.69152689       3.96996886E-02   1.99999996E-02
         854   1.69235265       3.97326089E-02   1.99999996E-02
         856  0.232792899      0.155604914       9.00000036E-02
         858  0.829564154       7.84073770E-02   3.99999991E-02
         860  0.791276157       6.14811778E-02   2.99999993E-02
         862   3.39618611       1.99620351E-02   9.99999978E-03
         864   3.39618611       1.99620351E-02   9.99999978E-03
         866   1.69525003       3.98483351E-02   1.99999996E-02
         868  0.674435079       6.95227981E-02   3.99999991E-02
         870   1.63791573       3.76247689E-02   1.99999996E-02
         872   1.68300843       3.93617041E-02   1.99999996E-02
         874   3.39618611       1.99620351E-02   9.99999978E-03
         876   3.39618611       1.99620351E-02   9.99999978E-03
         878   1.65799248       3.83868814E-02   1.99999996E-02
         880  0.763258159       6.50327802E-02   2.99999993E-02
         882  0.223168671      0.130168706       7.99999982E-02
         884   1.10311711       5.82448132E-02   2.99999993E-02
         886  0.622833252       6.89185783E-02   3.99999991E-02
         888  0.560864389       7.81554058E-02   3.99999991E-02
         890  0.489175647      0.110929996       5.99999987E-02
         892  0.142362729      0.121200338       7.99999982E-02
         894   1.10943997       5.86190335E-02   2.99999993E-02
         896  0.321045905      0.101340838       5.99999987E-02
         898  0.615757406      0.190049186       5.00000007E-02
         900   1.38813758       3.04350220E-02   1.99999996E-02
         902   3.39618611       1.99620351E-02   9.99999978E-03
         904   0.00000000       0.00000000       0.00000000    
         906   1.69525003       3.98483351E-02   1.99999996E-02
         908  0.829528987       7.84053504E-02   3.99999991E-02
         910   1.69384015       3.97919789E-02   1.99999996E-02
         912  0.126929134      0.115398288       7.00000003E-02
         914   1.12623489       5.96124865E-02   2.99999993E-02
         916   1.69385540       3.97925898E-02   1.99999996E-02
         918   1.69114578       3.96845043E-02   1.99999996E-02
         920   1.69525003       3.98483351E-02   1.99999996E-02
         922   3.39618611       1.99620351E-02   9.99999978E-03
         924   1.69525003       3.98483351E-02   1.99999996E-02
         926   1.69383514       3.97917777E-02   1.99999996E-02
         928   1.10336483       5.82510084E-02   2.99999993E-02
         930  0.751575708       7.29385540E-02   3.99999991E-02
         932   3.39618611       1.99620351E-02   9.99999978E-03
         934   3.39618611       1.99620351E-02   9.99999978E-03
         936  0.793643415       6.33664355E-02   2.99999993E-02
         938   0.00000000       0.00000000       0.00000000    
         940   3.39618611       1.99620351E-02   9.99999978E-03
         942  0.990390420       5.25363162E-02   2.99999993E-02
         944  0.832467496       7.86384717E-02   3.99999991E-02
         946   0.00000000       0.00000000       0.00000000    
         948  0.294795275      0.167552203       5.99999987E-02
         950   1.69525003       3.98483351E-02   1.99999996E-02
         952   1.69525003       3.98483351E-02   1.99999996E-02
         954   3.39618611       1.99620351E-02   9.99999978E-03
         956  0.586867690       9.09300372E-02   5.00000007E-02
         958   1.11303735       5.88252656E-02   2.99999993E-02
         960  0.873542666       4.93949950E-02   2.99999993E-02
         962  0.378205955       7.58047327E-02   5.00000007E-02
         964   0.00000000       0.00000000       0.00000000    
         966   3.39618611       1.99620351E-02   9.99999978E-03
         968   3.39618611       1.99620351E-02   9.99999978E-03
         970   3.39618611       1.99620351E-02   9.99999978E-03
         972  0.757583261       5.33376075E-02   2.99999993E-02
         974   1.06795835       5.62797040E-02   2.99999993E-02
         976   1.69525003       3.98483351E-02   1.99999996E-02
         978   3.39618611       1.99620351E-02   9.99999978E-03
         980   3.39618611       1.99620351E-02   9.99999978E-03
         982   1.69525003       3.98483351E-02   1.99999996E-02
         984  0.164878890      0.183131397       7.99999982E-02
         986   3.39618611       1.99620351E-02   9.99999978E-03
         988   1.68109238       3.92860956E-02   1.99999996E-02
         990   1.12600148       5.95985018E-02   2.99999993E-02
         992   1.63128102       3.73771116E-02   1.99999996E-02
         994   0.00000000       0.00000000       0.00000000    
         996   3.39618611       1.99620351E-02   9.99999978E-03
         998   3.39618611       1.99620351E-02   9.99999978E-03
        1000  0.720177174       7.03297481E-02   3.99999991E-02
        1002   1.52428603       3.37225609E-02   1.99999996E-02
        1004   1.69123876       3.96882072E-02   1.99999996E-02
        1006   1.69261670       3.97431403E-02   1.99999996E-02
        1008  0.828939855       7.83592388E-02   3.99999991E-02
        1010   3.39618611       1.99620351E-02   9.99999978E-03
        1012  0.203587502      0.108784199       7.00000003E-02
        1014   3.39618611       1.99620351E-02   9.99999978E-03
        1016  0.791212678       7.54386783E-02   3.99999991E-02
        1018   1.12206316       5.93629777E-02   2.99999993E-02
        1020   1.68013382       3.92483249E-02   1.99999996E-02
        1022   3.39618611       1.99620351E-02   9.99999978E-03
        1024   1.09056270       5.75354099E-02   2.99999993E-02
        1026   0.00000000       0.00000000       0.00000000    
        1028   3.39618611       1.99620351E-02   9.99999978E-03
        1030  0.519198537       8.48794878E-02   5.00000007E-02
        1032  0.376572728       7.33806491E-02   5.00000007E-02
        1034  0.751383364       7.27001503E-02   3.99999991E-02
        1036   3.39618611       1.99620351E-02   9.99999978E-03
        1038  0.792495847       7.55299479E-02   3.99999991E-02
        1040   1.69364619       3.97842303E-02   1.99999996E-02
        1042   0.00000000       0.00000000       0.00000000    
        1044  0.416978508      0.102492861       5.00000007E-02
        1046   1.12027299       5.92554435E-02   2.99999993E-02
        1048   1.12513983       5.95469140E-02   2.99999993E-02
        1050   3.39618611       1.99620351E-02   9.99999978E-03
        1052   3.39618611       1.99620351E-02   9.99999978E-03
        1054   0.00000000       0.00000000       0.00000000    
        1056   1.69228125       3.97297554E-02   1.99999996E-02
        1058   1.62665892       3.72058526E-02   1.99999996E-02
        1060   1.69330180       3.97704840E-02   1.99999996E-02
        1062   3.39618611       1.99620351E-02   9.99999978E-03
        1064  0.789104998       7.52901062E-02   3.99999991E-02
        1066   3.39618611       1.99620351E-02   9.99999978E-03
        1068   3.39618611       1.99620351E-02   9.99999978E-03
        1070   3.39618611       1.99620351E-02   9.99999978E-03
        1072   3.39618611       1.99620351E-02   9.99999978E-03
        1074   1.67252791       3.89500149E-02   1.99999996E-02
        1076  0.815429330       7.73078054E-02   3.99999991E-02
        1078   3.39618611       1.99620351E-02   9.99999978E-03
        1080  0.795323253       5.70435338E-02   2.99999993E-02
        1082  0.256737202       9.22656283E-02   5.99999987E-02
        1084   1.69392431       3.97953391E-02   1.99999996E-02
        1086   1.12287223       5.94111010E-02   2.99999993E-02
        1088   1.68418217       3.94080952E-02   1.99999996E-02
        1090  0.737936020       7.11331815E-02   2.99999993E-02
        1092   1.10159850       5.81487715E-02   2.99999993E-02
        1094   3.39618611       1.99620351E-02   9.99999978E-03
        1096   3.39618611       1.99620351E-02   9.99999978E-03
        1098  0.835036099       7.88438693E-02   3.99999991E-02
        1100   1.12073970       5.92835508E-02   2.99999993E-02
        1102   1.11814678       5.91307543E-02   2.99999993E-02
        1104  0.642832994       9.63489488E-02   5.00000007E-02
        1106 -0.328619450      0.132197365      0.100000001    
        1108  0.331553400      0.118392587       5.00000007E-02
        1110   3.39618611       1.99620351E-02   9.99999978E-03
        1112  0.483794868       8.76730606E-02   5.00000007E-02
        1114   1.69421661       3.98070216E-02   1.99999996E-02
        1116   1.12506378       5.95422797E-02   2.99999993E-02
        1118   3.39618611       1.99620351E-02   9.99999978E-03
        1120   3.39618611       1.99620351E-02   9.99999978E-03
        1122   1.69229245       3.97302099E-02   1.99999996E-02
        1124   1.09346032       5.76667301E-02   2.99999993E-02
        1126  0.571053803       8.95905420E-02   5.00000007E-02
        1128  0.827639759       7.82557204E-02   3.99999991E-02
        1130   3.39618611       1.99620351E-02   9.99999978E-03
        1132  0.642682314       6.57497793E-02   3.99999991E-02
        1134   0.00000000       0.00000000       0.00000000    
        1136   1.12425840       5.94942085E-02   2.99999993E-02
        1138   3.39618611       1.99620351E-02   9.99999978E-03
        1140  0.798859119       7.60449469E-02   3.99999991E-02
        1142   3.39618611       1.99620351E-02   9.99999978E-03
        1144  0.793676436       5.95637113E-02   2.99999993E-02
        1146  0.690895140       6.84393346E-02   3.99999991E-02
        1148   1.11101532       5.87083064E-02   2.99999993E-02
        1150  0.556341112       8.93241316E-02   5.00000007E-02
        1152  0.421170890      0.107076086       5.00000007E-02
        1154   1.07956231       5.69213256E-02   2.99999993E-02
        1156   3.39618611       1.99620351E-02   9.99999978E-03
        1158  0.997459173       5.27654067E-02   2.99999993E-02
        1160   1.12422323       5.94919659E-02   2.99999993E-02
        1162   1.69317722       3.97655107E-02   1.99999996E-02
        1164   1.12194693       5.93558364E-02   2.99999993E-02
        1166   1.61721301       3.68591957E-02   1.99999996E-02
        1168   1.12287104       5.94111681E-02   2.99999993E-02
        1170   1.69417155       3.98052149E-02   1.99999996E-02
        1172   1.11305130       5.88273183E-02   2.99999993E-02
        1174   1.07082140       5.64431138E-02   2.99999993E-02
        1176  0.239971504      0.133961856       7.99999982E-02
        1178   1.67459416       3.90308127E-02   1.99999996E-02
        1180   3.39618611       1.99620351E-02   9.99999978E-03
        1182   1.69525003       3.98483351E-02   1.99999996E-02
        1184  0.813734055       7.71572813E-02   3.99999991E-02
        1186   0.00000000       0.00000000       0.00000000    
        1188   1.12214017       5.93671873E-02   2.99999993E-02
        1190   3.39618611       1.99620351E-02   9.99999978E-03
        1192  0.853393197       4.59175669E-02   2.99999993E-02
        1194   1.09516883       5.77788651E-02   2.99999993E-02
        1196   1.09917319       5.80251589E-02   2.99999993E-02
        1198  0.730507851       7.15812668E-02   3.99999991E-02
        1200   1.69240296       3.97346132E-02   1.99999996E-02
        1202   1.11432302       5.89040853E-02   2.99999993E-02
        1204  0.454469174       9.50884819E-02   5.00000007E-02
        1206   1.68907225       3.96019928E-02   1.99999996E-02
        1208  0.647816241       9.68453586E-02   5.00000007E-02
        1210   1.10097229       5.81207722E-02   2.99999993E-02
        1212   3.39618611       1.99620351E-02   9.99999978E-03
        1214   0.00000000       0.00000000       0.00000000    
        1216  0.808711708       7.67732039E-02   3.99999991E-02
        1218   1.11938560       5.92030920E-02   2.99999993E-02
        1220  0.757754743       7.29779378E-02   3.99999991E-02
        1222   1.69525003       3.98483351E-02   1.99999996E-02
        1224  0.484648436       6.60476834E-02   3.99999991E-02
        1226  0.795261323       7.57369027E-02   3.99999991E-02
        1228   3.39618611       1.99620351E-02   9.99999978E-03
        1230   0.00000000       0.00000000       0.00000000    
        1232   1.69408154       3.98016237E-02   1.99999996E-02
        1234   3.39618611       1.99620351E-02   9.99999978E-03
        1236  0.615921974       9.38661173E-02   5.00000007E-02
        1238   1.65733433       3.83616053E-02   1.99999996E-02
        1240  0.617953658       7.05565587E-02   3.99999991E-02
        1242   3.39618611       1.99620351E-02   9.99999978E-03
        1244  0.784784734       7.49470219E-02   3.99999991E-02
        1246   1.12099731       5.92993759E-02   2.99999993E-02
        1248   1.68435419       3.94149013E-02   1.99999996E-02
        1250  0.437185615       8.19438472E-02   5.00000007E-02
        1252   1.69403207       3.97996455E-02   1.99999996E-02
        1254   1.12289250       5.94123341E-02   2.99999993E-02
        1256  0.964299023       5.14984764E-02   2.99999993E-02
        1258  0.523577452      0.114910677       5.99999987E-02
        1260   0.00000000       0.00000000       0.00000000    
        1262   1.68598104       3.94793116E-02   1.99999996E-02
        1264   1.11996305       5.92374764E-02   2.99999993E-02
        1266  0.831162572       7.85353482E-02   3.99999991E-02
        1268   3.39618611       1.99620351E-02   9.99999978E-03
        1270   1.11708641       5.90680465E-02   2.99999993E-02
        1272  0.297561467       7.31897503E-02   5.00000007E-02
        1274  0.249100685       7.58225024E-02   5.00000007E-02
        1276   1.12543321       5.95644712E-02   2.99999993E-02
        1278   0.00000000       0.00000000       0.00000000    
        1280   1.69525003       3.98483351E-02   1.99999996E-02
        1282  0.959742188       5.12881167E-02   2.99999993E-02
        1284  0.608883500       6.94933087E-02   3.99999991E-02
        1286   1.41683757       8.42038915E-02   1.99999996E-02
        1288   1.44888067       3.16498764E-02   1.99999996E-02
        1290  0.370627463      0.125443637       7.00000003E-02
        1292   1.69401431       3.97989340E-02   1.99999996E-02
        1294   1.07614172       5.66926003E-02   2.99999993E-02
        1296   1.12195003       5.93562201E-02   2.99999993E-02
        1298   1.69525003       3.98483351E-02   1.99999996E-02
        1300   1.11312675       5.88331968E-02   2.99999993E-02
        1302   0.00000000       0.00000000       0.00000000    
        1304   1.69339812       3.97743247E-02   1.99999996E-02
        1306  0.616729200       6.88211098E-02   3.99999991E-02
        1308   3.39618611       1.99620351E-02   9.99999978E-03
        1310  0.836333811       7.89462849E-02   3.99999991E-02
        1312  0.812976360       7.71000087E-02   3.99999991E-02
        1314   3.39618611       1.99620351E-02   9.99999978E-03
        1316   0.00000000       0.00000000       0.00000000    
        1318   3.39618611       1.99620351E-02   9.99999978E-03
        1320  0.687746942       6.96463808E-02   3.99999991E-02
        1322   1.65256584       3.81790474E-02   1.99999996E-02
        1324   1.12574005       5.95828444E-02   2.99999993E-02
        1326   1.68761981       3.95442992E-02   1.99999996E-02
        1328   1.69525003       3.98483351E-02   1.99999996E-02
        1330   0.00000000       0.00000000       0.00000000    
        1332   1.11453521       5.89165278E-02   2.99999993E-02
        1334   3.39618611       1.99620351E-02   9.99999978E-03
        1336  0.622317493       6.36012480E-02   3.99999991E-02
        1338   3.39618611       1.99620351E-02   9.99999978E-03
        1340   1.68784475       3.95532288E-02   1.99999996E-02
        1342  0.488496274      0.111015305       5.99999987E-02
        1344  0.783546388       7.49275237E-02   3.99999991E-02
        1346   1.12481773       5.95275387E-02   2.99999993E-02
        1348  0.582997620       6.83573261E-02   3.99999991E-02
        1350   3.39618611       1.99620351E-02   9.99999978E-03
        1352   3.39618611       1.99620351E-02   9.99999978E-03
        1354   0.00000000       0.00000000       0.00000000    
        1356  0.609625936      0.322736919       7.00000003E-02
        1358  0.290594399      0.101127014       5.99999987E-02
        1360   0.00000000       0.00000000       0.00000000    
        1362   3.39618611       1.99620351E-02   9.99999978E-03
        1364   0.00000000       0.00000000       0.00000000    
        1366   3.39618611       1.99620351E-02   9.99999978E-03
        1368   1.12377572       5.94651401E-02   2.99999993E-02
        1370   1.10511971       5.83574213E-02   2.99999993E-02
        1372   3.39618611       1.99620351E-02   9.99999978E-03
        1374   3.39618611       1.99620351E-02   9.99999978E-03
        1376   1.11425054       5.88972382E-02   2.99999993E-02
        1378   1.68887639       3.95942070E-02   1.99999996E-02
        1380   3.39618611       1.99620351E-02   9.99999978E-03
        1382   1.23495722       5.42971082E-02   1.99999996E-02
        1384   1.69525003       3.98483351E-02   1.99999996E-02
        1386   1.69525003       3.98483351E-02   1.99999996E-02
        1388  0.828569770       7.83288926E-02   3.99999991E-02
        1390  0.198731452       9.46667194E-02   5.99999987E-02
        1392  0.213114113       9.63291675E-02   5.99999987E-02
        1394  0.603447735       9.27873999E-02   5.00000007E-02
        1396   1.68438554       3.94161381E-02   1.99999996E-02
        1398  0.486576796       8.58454481E-02   5.00000007E-02
        1400  0.650259495       9.70797911E-02   5.00000007E-02
        1402   0.00000000       0.00000000       0.00000000    
        1404  0.803574920       7.64021799E-02   3.99999991E-02
        1406   3.39618611       1.99620351E-02   9.99999978E-03
        1408   3.39618611       1.99620351E-02   9.99999978E-03
        1410   1.11509717       5.89496158E-02   2.99999993E-02
        1412  0.824879229       7.80378133E-02   3.99999991E-02
        1414  0.568937123       7.76877999E-02   3.99999991E-02
        1416  0.502445161       5.86596616E-02   3.99999991E-02
        1418  0.328366905       9.89788175E-02   5.99999987E-02
        1420  0.871818662       4.96245287E-02   2.99999993E-02
        1422  0.772717893       7.41072670E-02   3.99999991E-02
        1424   1.12358379       5.94539233E-02   2.99999993E-02
        1426   1.69525003       3.98483351E-02   1.99999996E-02
        1428   1.69420648       3.98066118E-02   1.99999996E-02
        1430   1.31918812       2.98485179E-02   1.99999996E-02
        1432  0.222130671      0.230616808       7.00000003E-02
        1434  0.374161601       7.96051994E-02   5.00000007E-02
        1436   1.69413662       3.98038216E-02   1.99999996E-02
        1438  0.749449790      0.144886464       3.99999991E-02
        1440   1.10884392       5.85762709E-02   2.99999993E-02
        1442   3.39618611       1.99620351E-02   9.99999978E-03
        1444   3.39618611       1.99620351E-02   9.99999978E-03
        1446   1.69198227       3.97178382E-02   1.99999996E-02
        1448  0.783712387       7.49657527E-02   3.99999991E-02
        1450   3.39618611       1.99620351E-02   9.99999978E-03
        1452   1.64409661       3.78573909E-02   1.99999996E-02
        1454   1.69525003       3.98483351E-02   1.99999996E-02
        1456   1.69417191       3.98052298E-02   1.99999996E-02
        1458   1.02121222       5.35335392E-02   2.99999993E-02
        1460   1.12077451       5.92854992E-02   2.99999993E-02
        1462  0.809370220       7.68398270E-02   3.99999991E-02
        1464  0.455310017      0.102881856       5.00000007E-02
        1466   3.39618611       1.99620351E-02   9.99999978E-03
        1468   0.00000000       0.00000000       0.00000000    
        1470  0.513730705       8.78040865E-02   5.00000007E-02
        1472  0.839529812       5.03255241E-02   2.99999993E-02
        1474   3.39618611       1.99620351E-02   9.99999978E-03
        1476   1.12538421       5.95615357E-02   2.99999993E-02
        1478  0.973663807       5.09592742E-02   2.99999993E-02
        1480   0.00000000       0.00000000       0.00000000    
        1482   3.39618611       1.99620351E-02   9.99999978E-03
        1484  0.615705192       9.37264264E-02   5.00000007E-02
        1486  0.523377061       8.70322138E-02   5.00000007E-02
        1488  0.423992962      0.104522839       5.99999987E-02
        1490  0.608274162      0.119415492       3.99999991E-02
        1492   1.59919679       3.62109169E-02   1.99999996E-02
        1494   1.11981666       5.92288636E-02   2.99999993E-02
        1496  0.521985412       8.60676616E-02   5.00000007E-02
        1498   0.00000000       0.00000000       0.00000000    
        1500   3.39618611       1.99620351E-02   9.99999978E-03
        1502   3.39618611       1.99620351E-02   9.99999978E-03
        1504  0.583200753       9.08573419E-02   5.00000007E-02
        1506  0.738974869       7.16586486E-02   3.99999991E-02
        1508  0.723011076       7.10764676E-02   3.99999991E-02
        1510   3.39618611       1.99620351E-02   9.99999978E-03
        1512  0.604421437       9.26907137E-02   5.00000007E-02
        1514   1.04502082       5.50862253E-02   2.99999993E-02
        1516   1.69525003       3.98483351E-02   1.99999996E-02
        1518  0.592613041       9.18992683E-02   3.99999991E-02
        1520  0.684355199       6.96135089E-02   3.99999991E-02
        1522  0.446505636      0.106362417       5.99999987E-02
        1524  0.492632657       8.59054103E-02   5.00000007E-02
        1526  0.821076214       5.14784716E-02   2.99999993E-02
        1528   1.69121850       3.96873988E-02   1.99999996E-02
        1530   3.39618611       1.99620351E-02   9.99999978E-03
        1532   1.69525003       3.98483351E-02   1.99999996E-02
        1534   1.69525003       3.98483351E-02   1.99999996E-02
        1536  0.638354480       9.59203839E-02   5.00000007E-02
        1538  0.207760066       8.84136185E-02   5.00000007E-02
        1540   1.68002975       3.92442271E-02   1.99999996E-02
        1542   1.12259853       5.93945943E-02   2.99999993E-02
        1544  0.863439977       4.88877222E-02   2.99999993E-02
        1546  0.896968484      0.180271223       3.99999991E-02
        1548   1.69525003       3.98483351E-02   1.99999996E-02
        1550  0.827080607       5.05832136E-02   2.99999993E-02
        1552   3.39618611       1.99620351E-02   9.99999978E-03
        1554  0.610086203       9.32632312E-02   5.00000007E-02
        1556  0.920626640       4.99176942E-02   2.99999993E-02
        1558   1.69525003       3.98483351E-02   1.99999996E-02
        1560   3.39618611       1.99620351E-02   9.99999978E-03
        1562  0.966899097       5.15404902E-02   2.99999993E-02
        1564   1.10895717       5.85855804E-02   2.99999993E-02
        1566   0.00000000       0.00000000       0.00000000    
        1568  0.592525840       9.53821316E-02   3.99999991E-02
        1570   3.39618611       1.99620351E-02   9.99999978E-03
        1572   1.69107831       3.96818146E-02   1.99999996E-02
        1574   0.00000000       0.00000000       0.00000000    
        1576   3.39618611       1.99620351E-02   9.99999978E-03
        1578  0.630107760       6.70832768E-02   3.99999991E-02
        1580  0.894969761       4.97639328E-02   2.99999993E-02
        1582   3.39618611       1.99620351E-02   9.99999978E-03
        1584   1.69116545       3.96852829E-02   1.99999996E-02
        1586   1.66833031       3.87864411E-02   1.99999996E-02
        1588   1.69525003       3.98483351E-02   1.99999996E-02
        1590   0.00000000       0.00000000       0.00000000    
        1592   0.00000000       0.00000000       0.00000000    
        1594   3.39618611       1.99620351E-02   9.99999978E-03
        1596   1.67652535       3.91064920E-02   1.99999996E-02
        1598   1.69525003       3.98483351E-02   1.99999996E-02
        1600   1.69525003       3.98483351E-02   1.99999996E-02
        1602   0.00000000       0.00000000       0.00000000    
        1604  0.416554213      0.104934976       5.00000007E-02
        1606   3.39618611       1.99620351E-02   9.99999978E-03
        1608  0.548676968       8.75401422E-02   5.00000007E-02
        1610   1.23774326       3.15868258E-02   1.99999996E-02
        1612  0.466106683       6.27835467E-02   3.99999991E-02
        1614  0.551668823       6.09757230E-02   3.99999991E-02
        1616   3.39618611       1.99620351E-02   9.99999978E-03
        1618   0.00000000       0.00000000       0.00000000    
        1620   3.39618611       1.99620351E-02   9.99999978E-03
        1622   3.39618611       1.99620351E-02   9.99999978E-03
        1624   3.39618611       1.99620351E-02   9.99999978E-03
        1626   1.08222413       5.70650548E-02   2.99999993E-02
        1628   0.00000000       0.00000000       0.00000000    
        1630   1.57313359       3.53050716E-02   1.99999996E-02
        1632  0.831856847       7.85901919E-02   3.99999991E-02
        1634   3.39618611       1.99620351E-02   9.99999978E-03
        1636   0.00000000       0.00000000       0.00000000    
        1638  0.706586480       6.99394271E-02   3.99999991E-02
        1640   3.39618611       1.99620351E-02   9.99999978E-03
        1642   3.39618611       1.99620351E-02   9.99999978E-03
        1644  0.629928410       6.85388222E-02   3.99999991E-02
        1646  0.569505632       6.65885061E-02   3.99999991E-02
        1648   1.60626268       3.64631042E-02   1.99999996E-02
        1650   1.69268179       3.97457331E-02   1.99999996E-02
        1652   1.12210250       5.93649633E-02   2.99999993E-02
        1654  0.552595258       8.83883163E-02   5.00000007E-02
        1656   3.39618611       1.99620351E-02   9.99999978E-03
        1658  0.775585115       7.43781999E-02   3.99999991E-02
        1660   3.39618611       1.99620351E-02   9.99999978E-03
        1662   1.12038493       5.92628047E-02   2.99999993E-02
        1664   1.21835291       3.30983661E-02   1.99999996E-02
        1666  0.648645639       6.91623911E-02   3.99999991E-02
        1668  0.793187618       7.56537467E-02   3.99999991E-02
        1670   3.39618611       1.99620351E-02   9.99999978E-03
        1672  0.443410367       8.27241391E-02   5.00000007E-02
        1674  0.562018275       9.02160481E-02   3.99999991E-02
        1676   1.12225676       5.93741387E-02   2.99999993E-02
        1678  0.363704503       5.28016053E-02   3.99999991E-02
        1680   0.00000000       0.00000000       0.00000000    
        1682   3.39618611       1.99620351E-02   9.99999978E-03
        1684   3.39618611       1.99620351E-02   9.99999978E-03
        1686  0.673996150       6.78577423E-02   3.99999991E-02
        1688   3.39618611       1.99620351E-02   9.99999978E-03
        1690   0.00000000       0.00000000       0.00000000    
        1692   1.69230652       3.97307687E-02   1.99999996E-02
        1694   1.12216902       5.93688637E-02   2.99999993E-02
        1696   0.00000000       0.00000000       0.00000000    
        1698  0.463600725      0.110018097       5.00000007E-02
        1700   0.00000000       0.00000000       0.00000000    
        1702  0.853247225       4.95204888E-02   2.99999993E-02
        1704  0.279973865       8.76006633E-02   5.00000007E-02
        1706  0.166959435       9.17634815E-02   5.99999987E-02
        1708  0.739447474      0.148584396       3.99999991E-02
        1710   3.39618611       1.99620351E-02   9.99999978E-03
        1712   3.39618611       1.99620351E-02   9.99999978E-03
        1714   1.22252572       3.26878987E-02   1.99999996E-02
        1716  0.630468726       9.51228216E-02   5.00000007E-02
        1718  0.719773054      0.130622596       3.99999991E-02
        1720   3.39618611       1.99620351E-02   9.99999978E-03
        1722   1.12390721       5.94732352E-02   2.99999993E-02
        1724  0.616996884       6.31631538E-02   3.99999991E-02
        1726  -9.66323465E-02  0.180460036       7.99999982E-02
        1728   3.39618611       1.99620351E-02   9.99999978E-03
        1730  0.584718168       9.07930881E-02   5.00000007E-02
        1732  0.798702598       7.59829581E-02   3.99999991E-02
        1734   1.69227386       3.97294648E-02   1.99999996E-02
        1736  0.560120881       8.86881575E-02   5.00000007E-02
        1738  0.830434978       7.84772187E-02   3.99999991E-02
        1740   1.69170046       3.97066064E-02   1.99999996E-02
        1742   1.05982709       5.57115003E-02   2.99999993E-02
        1744  0.624189734       6.99740201E-02   3.99999991E-02
        1746  0.828286350       7.83063471E-02   3.99999991E-02
        1748   3.39618611       1.99620351E-02   9.99999978E-03
        1750   1.07933199       5.68810403E-02   2.99999993E-02
        1752   1.06513381       5.61127141E-02   2.99999993E-02
        1754  0.321609825      0.185373798       7.00000003E-02
        1756   1.11502969       5.89451268E-02   2.99999993E-02
        1758  0.619822383       9.41512883E-02   5.00000007E-02
        1760   3.39618611       1.99620351E-02   9.99999978E-03
        1762  0.916619658       5.01195267E-02   2.99999993E-02
        1764   3.39618611       1.99620351E-02   9.99999978E-03
        1766   0.00000000       0.00000000       0.00000000    
        1768   3.39618611       1.99620351E-02   9.99999978E-03
        1770  0.391590357       8.36521834E-02   5.00000007E-02
        1772   3.39618611       1.99620351E-02   9.99999978E-03
        1774   1.11339879       5.88452667E-02   2.99999993E-02
        1776   1.11931372       5.91983534E-02   2.99999993E-02
        1778  0.805764794       7.65379593E-02   3.99999991E-02
        1780  0.826727808       7.81851783E-02   3.99999991E-02
        1782   3.39618611       1.99620351E-02   9.99999978E-03
        1784   3.39618611       1.99620351E-02   9.99999978E-03
        1786  0.437311858       6.74192160E-02   2.99999993E-02
        1788   3.39618611       1.99620351E-02   9.99999978E-03
        1790   1.68615782       3.94863114E-02   1.99999996E-02
        1792  0.502079725      0.112497248       5.99999987E-02
        1794  0.291882306       9.55272093E-02   5.99999987E-02
        1796   1.68013978       3.92485633E-02   1.99999996E-02
        1798   1.69208312       3.97218578E-02   1.99999996E-02
        1800   3.39618611       1.99620351E-02   9.99999978E-03
        1802  0.628071070       9.49540511E-02   5.00000007E-02
        1804   1.68479228       3.94322351E-02   1.99999996E-02
        1806  0.833149731       7.86921158E-02   3.99999991E-02
        1808  0.811809242       7.70061761E-02   3.99999991E-02
        1810  0.530443311       8.82237628E-02   5.00000007E-02
        1812   1.69264913       3.97444330E-02   1.99999996E-02
        1814   1.12206912       5.93632422E-02   2.99999993E-02
        1816   0.00000000       0.00000000       0.00000000    
        1818   1.69525003       3.98483351E-02   1.99999996E-02
        1820  0.494163036       6.63038865E-02   3.99999991E-02
        1822   1.69525003       3.98483351E-02   1.99999996E-02
        1824   1.69525003       3.98483351E-02   1.99999996E-02
        1826   0.00000000       0.00000000       0.00000000    
        1828  0.623728037      0.150275365       3.99999991E-02
        1830   1.69525003       3.98483351E-02   1.99999996E-02
        1832   3.39618611       1.99620351E-02   9.99999978E-03
        1834   3.39618611       1.99620351E-02   9.99999978E-03
        1836   3.39618611       1.99620351E-02   9.99999978E-03
        1838   3.39618611       1.99620351E-02   9.99999978E-03
        1840   1.69376421       3.97889465E-02   1.99999996E-02
        1842   1.51807356      0.210636616       2.99999993E-02
        1844   1.69335949       3.97727825E-02   1.99999996E-02
        1846   1.10975003       5.86307570E-02   2.99999993E-02
        1848   0.00000000       0.00000000       0.00000000    
        1850  0.917180479       9.99160260E-02   2.99999993E-02
        1852   1.68666840       3.95065509E-02   1.99999996E-02
        1854   0.00000000       0.00000000       0.00000000    
        1856   3.39618611       1.99620351E-02   9.99999978E-03
        1858  0.801439643       7.61989653E-02   3.99999991E-02
        1860   3.39618611       1.99620351E-02   9.99999978E-03
        1862   3.39618611       1.99620351E-02   9.99999978E-03
        1864   1.07851696       5.68587705E-02   2.99999993E-02
        1866   1.69525003       3.98483351E-02   1.99999996E-02
        1868  0.618914783       9.41048265E-02   5.00000007E-02
        1870   1.69332445       3.97713818E-02   1.99999996E-02
        1872  0.208991036      0.107064389       7.00000003E-02
        1874   1.66177809       3.85326445E-02   1.99999996E-02
        1876   1.06613851       5.61488084E-02   2.99999993E-02
        1878   0.00000000       0.00000000       0.00000000    
        1880  0.837469101       7.90364668E-02   3.99999991E-02
        1882   3.39618611       1.99620351E-02   9.99999978E-03
        1884   0.00000000       0.00000000       0.00000000    
        1886   1.69525003       3.98483351E-02   1.99999996E-02
        1888  0.748807609       7.24447593E-02   3.99999991E-02
        1890   3.39618611       1.99620351E-02   9.99999978E-03
        1892   3.39618611       1.99620351E-02   9.99999978E-03
        1894   1.69525003       3.98483351E-02   1.99999996E-02
        1896   1.03395450       5.45242317E-02   2.99999993E-02
        1898  0.625335455       9.47249159E-02   5.00000007E-02
        1900  0.803104401       7.63377398E-02   3.99999991E-02
        1902   1.69525003       3.98483351E-02   1.99999996E-02
        1904   1.69525003       3.98483351E-02   1.99999996E-02
        1906   1.12103796       5.93018718E-02   2.99999993E-02
        1908   0.00000000       0.00000000       0.00000000    
        1910   3.39618611       1.99620351E-02   9.99999978E-03
        1912   1.69525003       3.98483351E-02   1.99999996E-02
        1914   3.39618611       1.99620351E-02   9.99999978E-03
        1916   1.68183374       3.93153317E-02   1.99999996E-02
        1918   1.02001929       5.38468622E-02   2.99999993E-02
        1920   3.39618611       1.99620351E-02   9.99999978E-03
        1922  0.340272427       9.79972854E-02   5.99999987E-02
        1924  0.856751978       4.98277955E-02   2.99999993E-02
        1926   1.12271619       5.94017878E-02   2.99999993E-02
        1928   1.12301981       5.94202764E-02   2.99999993E-02
        1930  0.647431970       6.84038028E-02   3.99999991E-02
        1932   0.00000000       0.00000000       0.00000000    
        1934   1.30084217       2.99137905E-02   1.99999996E-02
        1936  0.948626041      0.106534474       2.99999993E-02
        1938   1.69525003       3.98483351E-02   1.99999996E-02
        1940   1.06500006       5.61245866E-02   2.99999993E-02
        1942   1.69362164       3.97832505E-02   1.99999996E-02
        1944   3.39618611       1.99620351E-02   9.99999978E-03
        1946   3.39618611       1.99620351E-02   9.99999978E-03
        1948  0.450672269       6.34902418E-02   3.99999991E-02
        1950   3.39618611       1.99620351E-02   9.99999978E-03
        1952  0.738535643       7.19288066E-02   3.99999991E-02
        1954   0.00000000       0.00000000       0.00000000    
        1956   3.39618611       1.99620351E-02   9.99999978E-03
        1958  0.791192830       6.09448291E-02   2.99999993E-02
        1960   3.39618611       1.99620351E-02   9.99999978E-03
        1962   3.39618611       1.99620351E-02   9.99999978E-03
        1964   0.00000000       0.00000000       0.00000000    
        1966   3.39618611       1.99620351E-02   9.99999978E-03
        1968   3.39618611       1.99620351E-02   9.99999978E-03
        1970   1.63578737       3.75450887E-02   1.99999996E-02
        1972  0.539552808       5.87496422E-02   3.99999991E-02
        1974  0.583481789       9.74964425E-02   2.99999993E-02
        1976   1.12314355       5.94273694E-02   2.99999993E-02
        1978   1.08974719       5.74824959E-02   2.99999993E-02
        1980   1.69525003       3.98483351E-02   1.99999996E-02
        1982  0.465180337      0.121314660       5.00000007E-02
        1984   1.63124597       3.73758078E-02   1.99999996E-02
        1986   3.39618611       1.99620351E-02   9.99999978E-03
        1988  0.827801228       7.82710612E-02   3.99999991E-02
        1990  0.801998198       7.62549788E-02   3.99999991E-02
        1992  0.784875691       7.49689415E-02   3.99999991E-02
        1994   1.69525003       3.98483351E-02   1.99999996E-02
        1996   1.69525003       3.98483351E-02   1.99999996E-02
        1998  0.590400994       6.88705593E-02   3.99999991E-02
        2000  0.834657550       7.88124725E-02   3.99999991E-02
        2002   3.39618611       1.99620351E-02   9.99999978E-03
        2004  0.746707737       7.21262544E-02   3.99999991E-02
        2006  0.486527652       5.57435155E-02   3.99999991E-02
        2008  0.610053718       9.33016166E-02   5.00000007E-02
        2010   0.00000000       0.00000000       0.00000000    
        2012   1.07092273       5.63959070E-02   2.99999993E-02
        2014   3.39618611       1.99620351E-02   9.99999978E-03
        2016   1.11527550       5.89603595E-02   2.99999993E-02
        2018   0.00000000       0.00000000       0.00000000    
        2020  0.531410873       8.83702412E-02   5.00000007E-02
        2022  0.436752409       8.15324932E-02   5.00000007E-02
        2024  0.974597692       5.18473797E-02   2.99999993E-02
        2026   1.69393611       3.97958122E-02   1.99999996E-02
        2028  0.802397192       7.62905180E-02   3.99999991E-02
        2030  0.794033945       6.10153675E-02   2.99999993E-02
        2032  0.804672837       7.64494017E-02   3.99999991E-02
        2034   0.00000000       0.00000000       0.00000000    
        2036   1.11438167       5.89085780E-02   2.99999993E-02
        2038   0.00000000       0.00000000       0.00000000    
        2040   3.39618611       1.99620351E-02   9.99999978E-03
        2042   1.00636995       5.32116108E-02   2.99999993E-02
        2044   3.39618611       1.99620351E-02   9.99999978E-03
        2046  0.837728560       5.04036807E-02   2.99999993E-02
        2048  0.210745111       9.45505127E-02   5.00000007E-02
        2050   1.69274008       3.97480614E-02   1.99999996E-02
        2052   1.69060552       3.96629907E-02   1.99999996E-02
        2054  0.865036726       4.95210066E-02   2.99999993E-02
        2056   3.39618611       1.99620351E-02   9.99999978E-03
        2058   3.39618611       1.99620351E-02   9.99999978E-03
        2060  0.770635366       7.38503337E-02   3.99999991E-02
        2062   1.53174531       3.39535549E-02   1.99999996E-02
        2064   1.69525003       3.98483351E-02   1.99999996E-02
        2066   3.39618611       1.99620351E-02   9.99999978E-03
        2068  0.641265690       3.59928422E-02   2.99999993E-02
        2070   3.39618611       1.99620351E-02   9.99999978E-03
        2072   3.39618611       1.99620351E-02   9.99999978E-03
        2074   3.39618611       1.99620351E-02   9.99999978E-03
        2076   3.39618611       1.99620351E-02   9.99999978E-03
        2078  0.750796795       7.23368749E-02   3.99999991E-02
        2080   3.39618611       1.99620351E-02   9.99999978E-03
        2082   1.59353459       3.60108130E-02   1.99999996E-02
        2084   1.65643454       3.83270755E-02   1.99999996E-02
        2086   1.69337547       3.97734232E-02   1.99999996E-02
        2088   1.36432481       7.66345710E-02   1.99999996E-02
        2090  0.263743639       7.10562393E-02   5.00000007E-02
        2092   1.11035633       5.86672649E-02   2.99999993E-02
        2094   1.69525003       3.98483351E-02   1.99999996E-02
        2096  0.332098573      0.144352913       5.99999987E-02
        2098   3.39618611       1.99620351E-02   9.99999978E-03
        2100   3.39618611       1.99620351E-02   9.99999978E-03
        2102   1.68895030       3.95971425E-02   1.99999996E-02
        2104  0.146471471       5.13276830E-02   3.99999991E-02
        2106   1.68065119       3.92687097E-02   1.99999996E-02
        2108   0.00000000       0.00000000       0.00000000    
        2110   3.39618611       1.99620351E-02   9.99999978E-03
        2112   3.39618611       1.99620351E-02   9.99999978E-03
        2114   1.30435574       2.98915505E-02   1.99999996E-02
        2116   1.69176328       3.97091061E-02   1.99999996E-02
        2118   1.68668401       3.95071730E-02   1.99999996E-02
        2120   1.68988669       3.96343768E-02   1.99999996E-02
        2122   3.39618611       1.99620351E-02   9.99999978E-03
        2124   1.12491298       5.95332421E-02   2.99999993E-02
        2126  0.780965090       7.46746734E-02   3.99999991E-02
        2128   1.69525003       3.98483351E-02   1.99999996E-02
        2130   0.00000000       0.00000000       0.00000000    
        2132  0.679480076       6.73442930E-02   3.99999991E-02
        2134   1.69525003       3.98483351E-02   1.99999996E-02
        2136  0.735422492       7.15631023E-02   3.99999991E-02
        2138  0.828906834       7.83562809E-02   3.99999991E-02
        2140   0.00000000       0.00000000       0.00000000    
        2142   1.11463881       5.89209124E-02   2.99999993E-02
        2144   1.12500548       5.95387891E-02   2.99999993E-02
        2146   3.39618611       1.99620351E-02   9.99999978E-03
        2148  0.813988328       7.71952271E-02   3.99999991E-02
        2150  0.812807977       7.71030113E-02   3.99999991E-02
        2152  0.821692050       4.84510288E-02   2.99999993E-02
        2154  0.579465806       9.09797698E-02   5.00000007E-02
        2156  0.346052647       9.59807113E-02   5.99999987E-02
        2158   3.39618611       1.99620351E-02   9.99999978E-03
        2160   3.39618611       1.99620351E-02   9.99999978E-03
        2162   1.69376493       3.97889763E-02   1.99999996E-02
        2164   0.00000000       0.00000000       0.00000000    
        2166   3.39618611       1.99620351E-02   9.99999978E-03
        2168   0.00000000       0.00000000       0.00000000    
        2170   0.00000000       0.00000000       0.00000000    
        2172   0.00000000       0.00000000       0.00000000    
        2174   1.68085396       3.92766967E-02   1.99999996E-02
        2176   1.12334025       5.94391376E-02   2.99999993E-02
        2178  0.802145481       7.63059631E-02   3.99999991E-02
        2180   1.35699821       3.00374944E-02   1.99999996E-02
        2182  0.777541101       7.45482370E-02   3.99999991E-02
        2184  0.738600016       7.15669021E-02   3.99999991E-02
        2186   1.12092435       5.92948683E-02   2.99999993E-02
        2188   3.39618611       1.99620351E-02   9.99999978E-03
        2190   3.39618611       1.99620351E-02   9.99999978E-03
        2192  0.404035598       8.33244324E-02   5.00000007E-02
        2194   1.69357347       3.97813283E-02   1.99999996E-02
        2196   1.09772182       5.79198748E-02   2.99999993E-02
        2198  0.440093279       3.63910869E-02   2.99999993E-02
        2200   1.65879261       3.84176373E-02   1.99999996E-02
        2202  0.823872626       7.79597685E-02   3.99999991E-02
        2204  0.371773154      0.196998864       7.00000003E-02
        2206   3.39618611       1.99620351E-02   9.99999978E-03
        2208   1.69272828       3.97475921E-02   1.99999996E-02
        2210   3.39618611       1.99620351E-02   9.99999978E-03
        2212   3.39618611       1.99620351E-02   9.99999978E-03
        2214   1.69525003       3.98483351E-02   1.99999996E-02
        2216  0.784525394       7.49146417E-02   3.99999991E-02
        2218  0.834150970       7.87721723E-02   3.99999991E-02
        2220   3.39618611       1.99620351E-02   9.99999978E-03
        2222   1.00921977       5.32463454E-02   2.99999993E-02
        2224   3.39618611       1.99620351E-02   9.99999978E-03
        2226  0.640550375       9.61504057E-02   5.00000007E-02
        2228  -1.59603730E-03   9.68023166E-02   5.00000007E-02
        2230   0.00000000       0.00000000       0.00000000    
        2232   3.39618611       1.99620351E-02   9.99999978E-03
        2234  0.714024961       7.08586499E-02   3.99999991E-02
        2236  0.122839019       6.75433427E-02   5.00000007E-02
        2238   1.06085253       5.58493286E-02   2.99999993E-02
        2240  0.826074243       7.81316012E-02   3.99999991E-02
        2242   3.39618611       1.99620351E-02   9.99999978E-03
        2244   3.39618611       1.99620351E-02   9.99999978E-03
        2246   3.39618611       1.99620351E-02   9.99999978E-03
        2248   0.00000000       0.00000000       0.00000000    
        2250  0.799777985       7.61236548E-02   3.99999991E-02
        2252   0.00000000       0.00000000       0.00000000    
        2254   1.10004461       5.80718331E-02   2.99999993E-02
        2256   3.39618611       1.99620351E-02   9.99999978E-03
        2258  0.753534377       7.27993026E-02   3.99999991E-02
        2260   3.39618611       1.99620351E-02   9.99999978E-03
        2262   1.03013897       5.43443747E-02   2.99999993E-02
        2264  0.534550130       6.04040548E-02   3.99999991E-02
        2266  0.321704626      0.121778272       7.00000003E-02
        2268  0.276225656      0.128692225       7.00000003E-02
        2270   0.00000000       0.00000000       0.00000000    
        2272   1.69525003       3.98483351E-02   1.99999996E-02
        2274  0.667767525       6.81377426E-02   3.99999991E-02
        2276   3.39618611       1.99620351E-02   9.99999978E-03
        2278   3.39618611       1.99620351E-02   9.99999978E-03
        2280   3.39618611       1.99620351E-02   9.99999978E-03
        2282   1.12041199       5.92641309E-02   2.99999993E-02
        2284   1.66095150       3.85007635E-02   1.99999996E-02
        2286  0.133448243      0.146449506       7.00000003E-02
        2288   1.66769040       3.87615710E-02   1.99999996E-02
        2290   1.69525003       3.98483351E-02   1.99999996E-02
        2292   1.11882877       5.91711402E-02   2.99999993E-02
        2294   1.07844257       5.68556078E-02   2.99999993E-02
        2296  0.727254033       7.10383952E-02   3.99999991E-02
        2298   1.03327584       5.44886887E-02   2.99999993E-02
        2300   1.68606842       3.94827686E-02   1.99999996E-02
        2302  0.623551190       9.45542753E-02   5.00000007E-02
        2304   1.68380773       3.93932909E-02   1.99999996E-02
        2306   1.69525003       3.98483351E-02   1.99999996E-02
        2308   1.38627791       3.04063018E-02   1.99999996E-02
        2310   1.67826807       3.91749255E-02   1.99999996E-02
        2312   1.11603737       5.90046570E-02   2.99999993E-02
        2314   1.12228179       5.93756102E-02   2.99999993E-02
        2316  0.767228663       7.36391768E-02   3.99999991E-02
        2318   1.11924362       5.91940023E-02   2.99999993E-02
        2320   3.39618611       1.99620351E-02   9.99999978E-03
        2322   0.00000000       0.00000000       0.00000000    
        2324  0.439251453      0.105699137       5.99999987E-02
        2326   1.11702585       5.90626039E-02   2.99999993E-02
        2328   1.11720085       5.90748079E-02   2.99999993E-02
        2330   1.69397962       3.97975519E-02   1.99999996E-02
        2332   1.11511159       5.89491501E-02   2.99999993E-02
        2334   1.11636412       5.90220392E-02   2.99999993E-02
        2336   1.35614467       3.00293174E-02   1.99999996E-02
        2338   1.68093836       3.92800234E-02   1.99999996E-02
        2340   0.00000000       0.00000000       0.00000000    
        2342   1.12398088       5.94774447E-02   2.99999993E-02
        2344  0.647880971       6.92141950E-02   3.99999991E-02
        2346  0.700167120       7.01724589E-02   3.99999991E-02
        2348   1.69219303       3.97262424E-02   1.99999996E-02
        2350   3.39618611       1.99620351E-02   9.99999978E-03
        2352   1.24618077       5.66890910E-02   1.99999996E-02
        2354   1.63143313       3.73827629E-02   1.99999996E-02
        2356   3.39618611       1.99620351E-02   9.99999978E-03
        2358   1.11470389       5.89249879E-02   2.99999993E-02
        2360   1.08727562       5.73350340E-02   2.99999993E-02
        2362   1.12376630       5.94648197E-02   2.99999993E-02
        2364  0.886772275       4.95205969E-02   2.99999993E-02
        2366  0.608332872       9.30538476E-02   5.00000007E-02
        2368  0.974296391       5.18888533E-02   2.99999993E-02
        2370  0.581072986      0.153642282       5.00000007E-02
        2372   1.69525003       3.98483351E-02   1.99999996E-02
        2374  0.658059061       5.22144847E-02   2.99999993E-02
        2376   1.69338655       3.97738628E-02   1.99999996E-02
        2378  0.746895313       7.22031072E-02   3.99999991E-02
        2380   1.10159647       5.81643768E-02   2.99999993E-02
        2382   1.22087693      0.156553030       2.99999993E-02
        2384   1.02634156       5.40588833E-02   2.99999993E-02
        2386  -9.72882435E-02  0.178326726       7.00000003E-02
        2388   3.39618611       1.99620351E-02   9.99999978E-03
        2390  0.603412092       7.03667998E-02   3.99999991E-02
        2392   1.69157672       3.97016704E-02   1.99999996E-02
        2394  0.815072536       7.72853717E-02   3.99999991E-02
        2396   3.39618611       1.99620351E-02   9.99999978E-03
        2398   1.69413829       3.98038886E-02   1.99999996E-02
        2400   3.39618611       1.99620351E-02   9.99999978E-03
        2402   3.39618611       1.99620351E-02   9.99999978E-03
        2404   1.05169332       5.52375801E-02   2.99999993E-02
        2406   1.19836581       4.32551540E-02   1.99999996E-02
        2408  0.812110722       7.23714456E-02   2.99999993E-02
        2410   1.11915171       5.91902807E-02   2.99999993E-02
        2412   1.68913305       3.96044068E-02   1.99999996E-02
        2414   1.69420099       3.98063958E-02   1.99999996E-02
        2416   1.10810471       5.85366040E-02   2.99999993E-02
        2418   1.69376278       3.97888906E-02   1.99999996E-02
        2420   1.69332802       3.97715271E-02   1.99999996E-02
        2422   1.69415057       3.98043804E-02   1.99999996E-02
        2424  0.978748918       5.14001809E-02   2.99999993E-02
        2426  0.844256103       5.00655249E-02   2.99999993E-02
        2428   3.39618611       1.99620351E-02   9.99999978E-03
        2430  0.799289465       7.60620981E-02   3.99999991E-02
        2432  0.915591896       9.88979042E-02   2.99999993E-02
        2434   3.39618611       1.99620351E-02   9.99999978E-03
        2436   1.69525003       3.98483351E-02   1.99999996E-02
        2438   3.39618611       1.99620351E-02   9.99999978E-03
        2440  0.583633661       6.22266345E-02   3.99999991E-02
        2442  0.522990584       8.55598748E-02   5.00000007E-02
        2444   1.11521351       5.89532964E-02   2.99999993E-02
        2446   1.10731518       5.84870428E-02   2.99999993E-02
        2448   1.69525003       3.98483351E-02   1.99999996E-02
        2450  0.824129224       7.79816657E-02   3.99999991E-02
        2452  0.759322703       7.32657462E-02   3.99999991E-02
        2454  0.208595440      0.151333615       7.00000003E-02
        2456  0.360068828       8.07604566E-02   5.00000007E-02
        2458  0.777450740       7.44030997E-02   3.99999991E-02
        2460   1.64968526       3.80692743E-02   1.99999996E-02
        2462  0.367895633      0.124525033       5.00000007E-02
        2464   0.00000000       0.00000000       0.00000000    
        2466   1.69400346       3.97985019E-02   1.99999996E-02
        2468   3.39618611       1.99620351E-02   9.99999978E-03
        2470   0.00000000       0.00000000       0.00000000    
        2472   1.66652942       3.87164988E-02   1.99999996E-02
        2474   1.58243847       3.56239341E-02   1.99999996E-02
        2476  0.775291443       7.42808133E-02   3.99999991E-02
        2478   3.39618611       1.99620351E-02   9.99999978E-03
        2480   3.39618611       1.99620351E-02   9.99999978E-03
        2482   3.39618611       1.99620351E-02   9.99999978E-03
        2484   3.39618611       1.99620351E-02   9.99999978E-03
        2486   1.09725821       5.79155684E-02   2.99999993E-02
        2488   1.67969787       3.92311625E-02   1.99999996E-02
        2490  0.922216296       5.02443537E-02   2.99999993E-02
        2492   1.07069635       5.64020276E-02   2.99999993E-02
        2494   1.07936287       5.68956472E-02   2.99999993E-02
        2496   1.69282901       3.97516079E-02   1.99999996E-02
        2498   1.62188208       3.70299779E-02   1.99999996E-02
        2500   1.69406128       3.98008153E-02   1.99999996E-02
        2502  0.754649878       7.27238655E-02   3.99999991E-02
        2504   3.39618611       1.99620351E-02   9.99999978E-03
        2506   3.39618611       1.99620351E-02   9.99999978E-03
        2508  0.783435285       7.49739483E-02   3.99999991E-02
        2510  0.512821853       8.65078047E-02   3.99999991E-02
        2512   3.39618611       1.99620351E-02   9.99999978E-03
        2514   1.65481055       3.82648557E-02   1.99999996E-02
        2516   3.39618611       1.99620351E-02   9.99999978E-03
        2518   1.27843583       6.28186613E-02   1.99999996E-02
        2520  0.340624541      0.144732311       5.99999987E-02
        2522   1.60242200       3.63256894E-02   1.99999996E-02
        2524  0.757230520       7.27762431E-02   3.99999991E-02
        2526   1.69525003       3.98483351E-02   1.99999996E-02
        2528   1.68283725       3.93549427E-02   1.99999996E-02
        2530  0.687740922       6.90325946E-02   3.99999991E-02
        2532  0.897855341       4.97983359E-02   2.99999993E-02
        2534   1.41329503       8.37067738E-02   1.99999996E-02
        2536   0.00000000       0.00000000       0.00000000    
        2538   1.09733582       5.78990243E-02   2.99999993E-02
        2540   1.54904115       3.45044620E-02   1.99999996E-02
        2542   0.00000000       0.00000000       0.00000000    
        2544  0.613880813       9.36513990E-02   5.00000007E-02
        2546   3.39618611       1.99620351E-02   9.99999978E-03
        2548   3.39618611       1.99620351E-02   9.99999978E-03
        2550   3.39618611       1.99620351E-02   9.99999978E-03
        2552  0.833851218       7.87481442E-02   3.99999991E-02
        2554  0.798838377       5.52999079E-02   2.99999993E-02
        2556   1.69525003       3.98483351E-02   1.99999996E-02
        2558  0.156209439      0.165790781       7.00000003E-02
        2560  0.832947671       7.86762387E-02   3.99999991E-02
        2562   1.09993565       5.80635630E-02   2.99999993E-02
        2564   1.00312936       5.30385710E-02   2.99999993E-02
        2566   1.67564154       3.90718393E-02   1.99999996E-02
        2568  0.668120861       6.89507574E-02   3.99999991E-02
        2570   1.69396949       3.97971459E-02   1.99999996E-02
        2572   0.00000000       0.00000000       0.00000000    
        2574   0.00000000       0.00000000       0.00000000    
        2576   3.39618611       1.99620351E-02   9.99999978E-03
        2578   1.69379056       3.97899970E-02   1.99999996E-02
        2580   1.69525003       3.98483351E-02   1.99999996E-02
        2582   1.69125950       3.96890305E-02   1.99999996E-02
        2584   1.69525003       3.98483351E-02   1.99999996E-02
        2586   1.09053290       5.75243011E-02   2.99999993E-02
        2588   3.39618611       1.99620351E-02   9.99999978E-03
        2590  0.416901678       7.90829957E-02   5.00000007E-02
        2592   1.12589598       5.95921800E-02   2.99999993E-02
        2594  0.824155390       7.79843852E-02   3.99999991E-02
        2596   1.69525003       3.98483351E-02   1.99999996E-02
        2598   1.69525003       3.98483351E-02   1.99999996E-02
        2600  0.540731549       8.83913338E-02   5.00000007E-02
        2602  0.985294998       5.21523356E-02   2.99999993E-02
        2604   3.39618611       1.99620351E-02   9.99999978E-03
        2606   1.68900001       3.95991169E-02   1.99999996E-02
        2608   1.03895807       5.47548421E-02   2.99999993E-02
        2610  0.901943445       4.95684557E-02   2.99999993E-02
        2612   3.39618611       1.99620351E-02   9.99999978E-03
        2614   1.69525003       3.98483351E-02   1.99999996E-02
        2616   0.00000000       0.00000000       0.00000000    
        2618   3.39618611       1.99620351E-02   9.99999978E-03
        2620   3.39618611       1.99620351E-02   9.99999978E-03
        2622   1.69525003       3.98483351E-02   1.99999996E-02
        2624  0.253717571       9.55154300E-02   3.99999991E-02
        2626   1.69410992       3.98027562E-02   1.99999996E-02
        2628  0.827999294       7.82853812E-02   3.99999991E-02
        2630  0.137745559      0.114402011       7.00000003E-02
        2632   3.39618611       1.99620351E-02   9.99999978E-03
        2634   1.64795697       3.80035937E-02   1.99999996E-02
        2636   1.69392824       3.97954993E-02   1.99999996E-02
        2638   1.66337633       3.85943763E-02   1.99999996E-02
        2640   3.39618611       1.99620351E-02   9.99999978E-03
        2642   3.39618611       1.99620351E-02   9.99999978E-03
        2644  0.411621124      0.130563036       5.00000007E-02
        2646   1.68999135       3.96385416E-02   1.99999996E-02
        2648  0.592691541       6.89590052E-02   3.99999991E-02
        2650   0.00000000       0.00000000       0.00000000    
        2652  0.811891496       7.87410215E-02   2.99999993E-02
        2654   1.69348860       3.97779420E-02   1.99999996E-02
        2656  0.689562917       6.96202070E-02   3.99999991E-02
        2658  0.586893380       6.20053932E-02   3.99999991E-02
        2660  0.613834262       6.91913441E-02   3.99999991E-02
        2662   1.10790730       5.85251264E-02   2.99999993E-02
        2664   1.69525003       3.98483351E-02   1.99999996E-02
        2666   3.39618611       1.99620351E-02   9.99999978E-03
        2668   3.39618611       1.99620351E-02   9.99999978E-03
        2670   1.68467498       3.94275934E-02   1.99999996E-02
        2672   1.66673315       3.87244001E-02   1.99999996E-02
        2674  0.800246179       7.61996657E-02   3.99999991E-02
        2676  0.422676623      0.106423281       5.99999987E-02
        2678   1.69525003       3.98483351E-02   1.99999996E-02
        2680   1.12189555       5.93526475E-02   2.99999993E-02
        2682   1.69525003       3.98483351E-02   1.99999996E-02
        2684  0.240344137      0.107108064       5.99999987E-02
        2686   1.53577781       3.40801217E-02   1.99999996E-02
        2688  0.741661072       7.17291087E-02   3.99999991E-02
        2690   1.11605692       5.90060391E-02   2.99999993E-02
        2692   1.53493798       3.40536647E-02   1.99999996E-02
        2694  0.810869157       7.69436657E-02   3.99999991E-02
        2696  0.937774360       5.06292023E-02   2.99999993E-02
        2698   1.10847616       5.85569069E-02   2.99999993E-02
        2700   3.39618611       1.99620351E-02   9.99999978E-03
        2702   3.39618611       1.99620351E-02   9.99999978E-03
        2704  0.787580371      0.147332013       3.99999991E-02
        2706  0.836322546       5.03829904E-02   2.99999993E-02
        2708  0.401407778       7.79024512E-02   5.00000007E-02
        2710   3.39618611       1.99620351E-02   9.99999978E-03
        2712   1.09259570       5.76259904E-02   2.99999993E-02
        2714   3.39618611       1.99620351E-02   9.99999978E-03
        2716   1.26953304       3.03732716E-02   1.99999996E-02
        2718   3.39618611       1.99620351E-02   9.99999978E-03
        2720  0.580794454       7.52067044E-02   3.99999991E-02
        2722  0.523215353       7.52920285E-02   3.99999991E-02
        2724  0.646495581       9.67148319E-02   5.00000007E-02
        2726  0.776770771       7.43222237E-02   3.99999991E-02
        2728  0.610216260       9.32906345E-02   5.00000007E-02
        2730   1.67768800       3.91521342E-02   1.99999996E-02
        2732   3.39618611       1.99620351E-02   9.99999978E-03
        2734   1.69395006       3.97963673E-02   1.99999996E-02
        2736   1.68881035       3.95915806E-02   1.99999996E-02
        2738   3.39618611       1.99620351E-02   9.99999978E-03
        2740  0.657946110       9.78370607E-02   5.00000007E-02
        2742   3.39618611       1.99620351E-02   9.99999978E-03
        2744   1.11183119       5.87565750E-02   2.99999993E-02
        2746   3.39618611       1.99620351E-02   9.99999978E-03
        2748   1.09749305       5.79192229E-02   2.99999993E-02
        2750  0.609364748       9.32577848E-02   5.00000007E-02
        2752   1.69525003       3.98483351E-02   1.99999996E-02
        2754   1.12145710       5.93266524E-02   2.99999993E-02
        2756  0.414609551      0.161144763       5.99999987E-02
        2758   1.68470502       3.94287817E-02   1.99999996E-02
        2760  0.708933949       6.98938966E-02   3.99999991E-02
        2762  0.899848223       4.97777313E-02   2.99999993E-02
        2764   1.60946000       3.65781002E-02   1.99999996E-02
        2766  0.477321595      0.132862329       5.00000007E-02
        2768   1.67679286       3.91169898E-02   1.99999996E-02
        2770   0.00000000       0.00000000       0.00000000    
        2772   1.07995832       5.69399521E-02   2.99999993E-02
        2774   3.39618611       1.99620351E-02   9.99999978E-03
        2776  0.307286769       9.83209014E-02   5.99999987E-02
        2778  0.257177085       9.18725282E-02   5.99999987E-02
        2780   0.00000000       0.00000000       0.00000000    
        2782   1.09583306       5.78248352E-02   2.99999993E-02
        2784   1.10782218       5.85152470E-02   2.99999993E-02
        2786   3.39618611       1.99620351E-02   9.99999978E-03
        2788  0.779455781       7.45394602E-02   3.99999991E-02
        2790  0.791784525       7.54588544E-02   3.99999991E-02
        2792  0.545777857       8.77747238E-02   5.00000007E-02
        2794   1.69347656       3.97774577E-02   1.99999996E-02
        2796  0.279715329       9.09427255E-02   5.99999987E-02
        2798  0.800998390       7.62297586E-02   3.99999991E-02
        2800   1.11863852       5.91589473E-02   2.99999993E-02
        2802   1.69338906       3.97739634E-02   1.99999996E-02
        2804   3.39618611       1.99620351E-02   9.99999978E-03
        2806   3.39618611       1.99620351E-02   9.99999978E-03
        2808  0.234063983       7.45775849E-02   5.00000007E-02
        2810   3.39618611       1.99620351E-02   9.99999978E-03
        2812   1.69403434       3.97997387E-02   1.99999996E-02
        2814  0.833893001       7.87515417E-02   3.99999991E-02
        2816  0.586839736       6.56932816E-02   3.99999991E-02
        2818  0.298506856      0.140480280       7.99999982E-02
        2820  0.431211501      0.104869753       5.99999987E-02
        2822  0.204010978       9.86062810E-02   5.00000007E-02
        2824   3.39618611       1.99620351E-02   9.99999978E-03
        2826   1.12428820       5.94959930E-02   2.99999993E-02
        2828 -0.159617662      0.173056245       7.99999982E-02
        2830   1.12325835       5.94345033E-02   2.99999993E-02
        2832   1.07717490       5.67898378E-02   2.99999993E-02
        2834  0.792721927       7.55676925E-02   3.99999991E-02
        2836   1.69525003       3.98483351E-02   1.99999996E-02
        2838   1.20160401       4.48658392E-02   1.99999996E-02
        2840   1.66850138       3.87930945E-02   1.99999996E-02
        2842   1.69389331       3.97941023E-02   1.99999996E-02
        2844  0.602235973       9.27309990E-02   5.00000007E-02
        2846  0.826206565       5.08296601E-02   2.99999993E-02
        2848   1.69137597       3.96936722E-02   1.99999996E-02
        2850  0.443395704      0.106921084       5.99999987E-02
        2852   1.69336867       3.97731513E-02   1.99999996E-02
        2854  0.626756251       9.48460549E-02   5.00000007E-02
        2856   3.39618611       1.99620351E-02   9.99999978E-03
        2858   1.69123340       3.96879949E-02   1.99999996E-02
        2860   0.00000000       0.00000000       0.00000000    
        2862   1.69295132       3.97564918E-02   1.99999996E-02
        2864   1.69233167       3.97317708E-02   1.99999996E-02
        2866   1.12442255       5.95038719E-02   2.99999993E-02
        2868  0.995971501       5.24951890E-02   2.99999993E-02
        2870   1.69525003       3.98483351E-02   1.99999996E-02
        2872   3.39618611       1.99620351E-02   9.99999978E-03
        2874   3.39618611       1.99620351E-02   9.99999978E-03
        2876  0.582887053       8.98369476E-02   3.99999991E-02
        2878  0.615700781       6.89829290E-02   3.99999991E-02
        2880  0.597672045       6.45807981E-02   3.99999991E-02
        2882   1.69525003       3.98483351E-02   1.99999996E-02
        2884  0.712810516       6.95984215E-02   3.99999991E-02
        2886   1.68673837       3.95093299E-02   1.99999996E-02
        2888  0.828191876       7.82969519E-02   3.99999991E-02
        2890   1.06716347       5.62171750E-02   2.99999993E-02
        2892   1.66489232       3.86530384E-02   1.99999996E-02
        2894  0.802772522       7.62948468E-02   3.99999991E-02
        2896   1.69525003       3.98483351E-02   1.99999996E-02
        2898  0.419993848      0.105332829       5.99999987E-02
        2900   1.69525003       3.98483351E-02   1.99999996E-02
        2902  0.338765860       9.88688841E-02   5.99999987E-02
        2904   1.63646662       3.75704989E-02   1.99999996E-02
        2906   3.39618611       1.99620351E-02   9.99999978E-03
        2908   3.39618611       1.99620351E-02   9.99999978E-03
        2910   0.00000000       0.00000000       0.00000000    
        2912   1.10538113       5.83733171E-02   2.99999993E-02
        2914   3.39618611       1.99620351E-02   9.99999978E-03
        2916  0.738737822       7.19925091E-02   3.99999991E-02
        2918   1.69525003       3.98483351E-02   1.99999996E-02
        2920  0.302588671      0.109385893       5.99999987E-02
        2922  0.414767653      0.103724964       5.99999987E-02
        2924   1.68763769       3.95450071E-02   1.99999996E-02
        2926   3.39618611       1.99620351E-02   9.99999978E-03
        2928   1.69324124       3.97680625E-02   1.99999996E-02
        2930   1.12015676       5.92487045E-02   2.99999993E-02
        2932   1.67316580       3.89749408E-02   1.99999996E-02
        2934  0.699876130       6.97462857E-02   3.99999991E-02
        2936  0.770553529       7.40124658E-02   3.99999991E-02
        2938  0.626493514       9.47673842E-02   5.00000007E-02
        2940   1.69525003       3.98483351E-02   1.99999996E-02
        2942  0.966830909       5.15690781E-02   2.99999993E-02
        2944  0.782913446       7.49209374E-02   3.99999991E-02
        2946   1.69411933       3.98031287E-02   1.99999996E-02
        2948   1.12307227       5.94229996E-02   2.99999993E-02
        2950  0.511471510       6.85289353E-02   3.99999991E-02
        2952   0.00000000       0.00000000       0.00000000    
        2954  0.491681367       8.55405405E-02   5.00000007E-02
        2956   3.39618611       1.99620351E-02   9.99999978E-03
        2958   3.39618611       1.99620351E-02   9.99999978E-03
        2960   3.39618611       1.99620351E-02   9.99999978E-03
        2962   3.39618611       1.99620351E-02   9.99999978E-03
        2964   1.69525003       3.98483351E-02   1.99999996E-02
        2966  0.624022841       6.86011240E-02   3.99999991E-02
        2968   3.39618611       1.99620351E-02   9.99999978E-03
        2970   1.68902838       3.96002457E-02   1.99999996E-02
        2972   1.06084967       5.58573343E-02   2.99999993E-02
        2974   1.12622285       5.96117638E-02   2.99999993E-02
        2976  0.670009136       6.69278353E-02   3.99999991E-02
        2978   1.11068726       5.86901382E-02   2.99999993E-02
        2980   1.11304164       5.88298291E-02   2.99999993E-02
        2982   1.69189000       3.97141576E-02   1.99999996E-02
        2984   0.00000000       0.00000000       0.00000000    
        2986   0.00000000       0.00000000       0.00000000    
        2988   1.69525003       3.98483351E-02   1.99999996E-02
        2990   3.39618611       1.99620351E-02   9.99999978E-03
        2992   1.63126576       3.73765416E-02   1.99999996E-02
        2994   3.39618611       1.99620351E-02   9.99999978E-03
        2996  0.805097878       5.33346869E-02   2.99999993E-02
        2998   1.69393182       3.97956409E-02   1.99999996E-02
        3000  0.660358250       6.63117170E-02   3.99999991E-02
        3002   1.69099247       3.96783948E-02   1.99999996E-02
        3004   0.00000000       0.00000000       0.00000000    
        3006   1.64444101       3.78704108E-02   1.99999996E-02
        3008  0.477594435       8.54288042E-02   5.00000007E-02
        3010  0.585379958       9.09267366E-02   5.00000007E-02
        3012   1.12214482       5.93677573E-02   2.99999993E-02
        3014   3.39618611       1.99620351E-02   9.99999978E-03
        3016  0.813581526       7.71419629E-02   3.99999991E-02
        3018   1.11626494       5.90182133E-02   2.99999993E-02
        3020  0.839551568       7.92027712E-02   3.99999991E-02
        3022   1.08697200       5.73273227E-02   2.99999993E-02
        3024   1.69418609       3.98057997E-02   1.99999996E-02
        3026   1.10631526       5.84263243E-02   2.99999993E-02
        3028   1.12542701       5.95640987E-02   2.99999993E-02
        3030  0.723769069       7.07194060E-02   3.99999991E-02
        3032  0.219289482       7.79527500E-02   5.00000007E-02
        3034  0.624923944       9.46094841E-02   5.00000007E-02
        3036  0.485918432      0.122100189       5.00000007E-02
        3038   1.09982336       5.80624528E-02   2.99999993E-02
        3040   1.69113994       3.96842733E-02   1.99999996E-02
        3042   3.39618611       1.99620351E-02   9.99999978E-03
        3044   1.10385668       5.82947619E-02   2.99999993E-02
        3046   3.39618611       1.99620351E-02   9.99999978E-03
        3048   1.69525003       3.98483351E-02   1.99999996E-02
        3050  0.194585443      0.114342600       7.00000003E-02
        3052   0.00000000       0.00000000       0.00000000    
        3054  0.797362030       7.59600177E-02   3.99999991E-02
        3056   1.69402564       3.97993885E-02   1.99999996E-02
        3058  0.417147994       7.94835091E-02   5.00000007E-02
        3060  0.941710472       5.07432520E-02   2.99999993E-02
        3062  0.337946206       9.50919464E-02   5.99999987E-02
        3064  0.114159130      0.137349084       7.00000003E-02
        3066  0.495507777       8.80554691E-02   5.00000007E-02
        3068   1.12465489       5.95177859E-02   2.99999993E-02
        3070   3.39618611       1.99620351E-02   9.99999978E-03
        3072   1.56619298       3.50706503E-02   1.99999996E-02
        3074  0.839741349       4.93747331E-02   2.99999993E-02
        3076  0.954039693       5.10905087E-02   2.99999993E-02
        3078   1.12030554       5.92587404E-02   2.99999993E-02
        3080   3.39618611       1.99620351E-02   9.99999978E-03
        3082  0.560967028       8.87848958E-02   5.00000007E-02
        3084   3.39618611       1.99620351E-02   9.99999978E-03
        3086  0.591971993       9.15554017E-02   5.00000007E-02
        3088  0.694349766       6.83739781E-02   3.99999991E-02
        3090   0.00000000       0.00000000       0.00000000    
        3092   1.12481499       5.95273785E-02   2.99999993E-02
        3094   3.39618611       1.99620351E-02   9.99999978E-03
        3096  0.821040928       7.77432546E-02   3.99999991E-02
        3098   1.11445320       5.89091554E-02   2.99999993E-02
        3100   1.12456524       5.95124178E-02   2.99999993E-02
        3102   3.39618611       1.99620351E-02   9.99999978E-03
        3104  0.429430783      0.104402155       5.99999987E-02
        3106  0.513637781      0.171352834       3.99999991E-02
        3108  0.866948724       4.96196263E-02   2.99999993E-02
        3110   1.12345719       5.94463646E-02   2.99999993E-02
        3112   1.59338236       3.60054560E-02   1.99999996E-02
        3114   1.10618091       5.84232584E-02   2.99999993E-02
        3116   1.57564855       3.53907421E-02   1.99999996E-02
        3118   3.39618611       1.99620351E-02   9.99999978E-03
        3120   1.69525003       3.98483351E-02   1.99999996E-02
        3122   1.11598969       5.90033047E-02   2.99999993E-02
        3124  0.369943708       9.99012068E-02   5.99999987E-02
        3126   3.39618611       1.99620351E-02   9.99999978E-03
        3128  0.766161442       7.35475048E-02   3.99999991E-02
        3130   1.12085843       5.92907928E-02   2.99999993E-02
        3132   3.39618611       1.99620351E-02   9.99999978E-03
        3134   1.11809587       5.91266863E-02   2.99999993E-02
        3136  0.654613614       6.71752393E-02   3.99999991E-02
        3138   1.12327123       5.94348609E-02   2.99999993E-02
        3140   0.00000000       0.00000000       0.00000000    
        3142   1.52212346       3.36563624E-02   1.99999996E-02
        3144   3.39618611       1.99620351E-02   9.99999978E-03
        3146   1.12329793       5.94368689E-02   2.99999993E-02
        3148   1.10345817       5.82600050E-02   2.99999993E-02
        3150   3.39618611       1.99620351E-02   9.99999978E-03
        3152  0.456722081       6.19750060E-02   3.99999991E-02
        3154   4.66964804E-02  0.134652317       9.00000036E-02
        3156  0.621303916       9.42665935E-02   5.00000007E-02
        3158   3.39618611       1.99620351E-02   9.99999978E-03
        3160   3.39618611       1.99620351E-02   9.99999978E-03
        3162   1.69525003       3.98483351E-02   1.99999996E-02
        3164   1.68308818       3.93648557E-02   1.99999996E-02
        3166   1.69525003       3.98483351E-02   1.99999996E-02
        3168   1.68671215       3.95082869E-02   1.99999996E-02
        3170  0.589732885       7.77197555E-02   3.99999991E-02
        3172   1.11380637       5.88709787E-02   2.99999993E-02
        3174   1.69225407       3.97286750E-02   1.99999996E-02
        3176  0.404398799      0.102348529       5.99999987E-02
        3178   1.69525003       3.98483351E-02   1.99999996E-02
        3180   0.00000000       0.00000000       0.00000000    
        3182   1.12303591       5.94212338E-02   2.99999993E-02
        3184   1.01310182       5.34765869E-02   2.99999993E-02
        3186   0.00000000       0.00000000       0.00000000    
        3188  0.831950068       7.85963684E-02   3.99999991E-02
        3190   3.39618611       1.99620351E-02   9.99999978E-03
        3192  0.204244822      0.173044741       5.99999987E-02
        3194  0.825251758       7.80723393E-02   3.99999991E-02
        3196  0.350728542       7.59399682E-02   5.00000007E-02
        3198  0.151105493      0.125045002       7.00000003E-02
        3200  0.795845211       5.52066229E-02   2.99999993E-02
        3202   1.09585011       5.78322485E-02   2.99999993E-02
        3204   1.37342882       3.02243624E-02   1.99999996E-02
        3206   1.11093819       5.87010086E-02   2.99999993E-02
        3208  0.993234396       5.25949746E-02   2.99999993E-02
        3210  0.363733411      0.100044936       5.99999987E-02
        3212  0.600920558       9.22672525E-02   5.00000007E-02
        3214  0.994554698       5.25169633E-02   2.99999993E-02
        3216  0.529031634       7.39360228E-02   3.99999991E-02
        3218  0.766588330      0.310603142       5.99999987E-02
        3220   3.39618611       1.99620351E-02   9.99999978E-03
        3222   1.12439740       5.95023744E-02   2.99999993E-02
        3224   1.69399846       3.97983044E-02   1.99999996E-02
        3226   3.39618611       1.99620351E-02   9.99999978E-03
        3228   1.69328892       3.97699662E-02   1.99999996E-02
        3230   3.39618611       1.99620351E-02   9.99999978E-03
        3232   1.69525003       3.98483351E-02   1.99999996E-02
        3234   1.06834638       5.62458560E-02   2.99999993E-02
        3236   3.39618611       1.99620351E-02   9.99999978E-03
        3238   1.66187358       3.85363325E-02   1.99999996E-02
        3240   1.38758349       3.04264035E-02   1.99999996E-02
        3242  0.723196805       7.11264387E-02   3.99999991E-02
        3244   3.39618611       1.99620351E-02   9.99999978E-03
        3246   0.00000000       0.00000000       0.00000000    
        3248  0.322091609      0.106229179       5.00000007E-02
        3250  0.630114079       9.51163322E-02   5.00000007E-02
        3252   0.00000000       0.00000000       0.00000000    
        3254   1.08726418       5.73438257E-02   2.99999993E-02
        3256   1.68947852       3.96181419E-02   1.99999996E-02
        3258   3.39618611       1.99620351E-02   9.99999978E-03
        3260   1.12312889       5.94263598E-02   2.99999993E-02
        3262   1.69133985       3.96922342E-02   1.99999996E-02
        3264  0.559587479      0.155707926       5.00000007E-02
        3266   1.69221091       3.97269540E-02   1.99999996E-02
        3268   0.00000000       0.00000000       0.00000000    
        3270   1.69525003       3.98483351E-02   1.99999996E-02
        3272   1.11666524       5.90407066E-02   2.99999993E-02
        3274  0.645012975       6.75689429E-02   3.99999991E-02
        3276   3.39618611       1.99620351E-02   9.99999978E-03
        3278  0.951239109       5.06841838E-02   2.99999993E-02
        3280  0.813058555       7.71170482E-02   3.99999991E-02
        3282   1.03941333       5.47562838E-02   2.99999993E-02
        3284  0.596953213       9.20186341E-02   5.00000007E-02
        3286   3.39618611       1.99620351E-02   9.99999978E-03
        3288  0.827974617       7.82812685E-02   3.99999991E-02
        3290   1.69525003       3.98483351E-02   1.99999996E-02
        3292   1.10681593       5.84638566E-02   2.99999993E-02
        3294  0.945189238      0.104808547       2.99999993E-02
        3296   3.39618611       1.99620351E-02   9.99999978E-03
        3298   3.39618611       1.99620351E-02   9.99999978E-03
        3300  0.503119171      0.112498336       5.99999987E-02
        3302  0.641224742       9.62024778E-02   5.00000007E-02
        3304   1.67638624       3.91010381E-02   1.99999996E-02
        3306   1.10464931       5.83298840E-02   2.99999993E-02
        3308  0.656243145       6.80720657E-02   3.99999991E-02
        3310   1.12034857       5.92608154E-02   2.99999993E-02
        3312   3.39618611       1.99620351E-02   9.99999978E-03
        3314   0.00000000       0.00000000       0.00000000    
        3316   1.69237602       3.97335365E-02   1.99999996E-02
        3318  0.633383930       9.54405516E-02   5.00000007E-02
        3320   3.39618611       1.99620351E-02   9.99999978E-03
        3322  0.333988190      0.151770055       5.99999987E-02
        3324  0.834445179      0.159372345       3.99999991E-02
        3326  0.490915120       8.42345133E-02   5.00000007E-02
        3328   1.69525003       3.98483351E-02   1.99999996E-02
        3330  0.607259929       9.29293111E-02   5.00000007E-02
        3332   3.39618611       1.99620351E-02   9.99999978E-03
        3334   1.08780253       5.73503971E-02   2.99999993E-02
        3336   1.04200709       5.47699966E-02   2.99999993E-02
        3338  0.747923732       6.14318699E-02   2.99999993E-02
        3340   1.12095988       5.92968166E-02   2.99999993E-02
        3342   0.00000000       0.00000000       0.00000000    
        3344   1.62524986       3.71538550E-02   1.99999996E-02
        3346   3.39618611       1.99620351E-02   9.99999978E-03
        3348   1.10980749       5.86359352E-02   2.99999993E-02
        3350   1.02380228       5.39974533E-02   2.99999993E-02
        3352   1.69525003       3.98483351E-02   1.99999996E-02
        3354   1.59576988       3.60895917E-02   1.99999996E-02
        3356   6.24525510E-02  0.141797721       9.00000036E-02
        3358   1.69525003       3.98483351E-02   1.99999996E-02
        3360   3.39618611       1.99620351E-02   9.99999978E-03
        3362   1.69525003       3.98483351E-02   1.99999996E-02
        3364  0.359914601      0.100252211       5.99999987E-02
        3366  0.464751989       6.66925684E-02   3.99999991E-02
        3368   1.69082642       3.96717861E-02   1.99999996E-02
        3370   1.69525003       3.98483351E-02   1.99999996E-02
        3372   1.05038249       5.53611107E-02   2.99999993E-02
        3374   0.00000000       0.00000000       0.00000000    
        3376  0.262313843       8.93612429E-02   5.99999987E-02
        3378  0.938790560      0.103641696       2.99999993E-02
        3380   1.69027627       3.96498814E-02   1.99999996E-02
        3382  0.209170863       6.30242676E-02   5.00000007E-02
        3384   0.00000000       0.00000000       0.00000000    
        3386   3.39618611       1.99620351E-02   9.99999978E-03
        3388   3.39618611       1.99620351E-02   9.99999978E-03
        3390   0.00000000       0.00000000       0.00000000    
        3392  0.803298056       5.36810309E-02   2.99999993E-02
        3394  0.808798015       7.67732710E-02   3.99999991E-02
        3396  0.534329534       6.81552961E-02   3.99999991E-02
        3398   1.69220793       3.97268347E-02   1.99999996E-02
        3400   3.39618611       1.99620351E-02   9.99999978E-03
        3402   3.39618611       1.99620351E-02   9.99999978E-03
        3404   1.12099886       5.92999384E-02   2.99999993E-02
        3406  0.552612543       5.17925248E-02   2.99999993E-02
        3408   1.12438774       5.95017374E-02   2.99999993E-02
        3410   1.69328964       3.97699960E-02   1.99999996E-02
        3412   1.65724933       3.83583382E-02   1.99999996E-02
        3414   1.09194720       5.75950630E-02   2.99999993E-02
        3416  0.981104076       5.18374965E-02   2.99999993E-02
        3418  0.998355210       5.26750423E-02   2.99999993E-02
        3420   1.07888103       5.68608008E-02   2.99999993E-02
        3422   3.39618611       1.99620351E-02   9.99999978E-03
        3424   1.69276869       3.97492014E-02   1.99999996E-02
        3426  0.246696264       7.74897933E-02   5.00000007E-02
        3428   1.69525003       3.98483351E-02   1.99999996E-02
        3430   0.00000000       0.00000000       0.00000000    
        3432  0.117682733       9.20909941E-02   5.99999987E-02
        3434   1.63708520       3.75936516E-02   1.99999996E-02
        3436   3.39618611       1.99620351E-02   9.99999978E-03
        3438  0.828314722       7.83082023E-02   3.99999991E-02
        3440   1.69258404       3.97418365E-02   1.99999996E-02
        3442   1.69421995       3.98071520E-02   1.99999996E-02
        3444  0.807169378       7.66596273E-02   3.99999991E-02
        3446   3.39618611       1.99620351E-02   9.99999978E-03
        3448  0.400561988       9.11113322E-02   5.00000007E-02
        3450   1.66646552       3.87140214E-02   1.99999996E-02
        3452   1.69525003       3.98483351E-02   1.99999996E-02
        3454   1.69525003       3.98483351E-02   1.99999996E-02
        3456   3.39618611       1.99620351E-02   9.99999978E-03
        3458   1.12576187       5.95841482E-02   2.99999993E-02
        3460  0.826290071       7.81527609E-02   3.99999991E-02
        3462  0.717011511       7.07870871E-02   3.99999991E-02
        3464   3.39618611       1.99620351E-02   9.99999978E-03
        3466   1.10113931       5.81226870E-02   2.99999993E-02
        3468   1.69525003       3.98483351E-02   1.99999996E-02
        3470   1.69156754       3.97013053E-02   1.99999996E-02
        3472   0.00000000       0.00000000       0.00000000    
        3474   1.69525003       3.98483351E-02   1.99999996E-02
        3476  0.829068363       7.83741474E-02   3.99999991E-02
        3478   3.39618611       1.99620351E-02   9.99999978E-03
        3480  0.822119057       7.78216645E-02   3.99999991E-02
        3482   1.12046731       5.92674054E-02   2.99999993E-02
        3484   1.69298732       3.97579260E-02   1.99999996E-02
        3486  0.545908749       8.82087648E-02   5.00000007E-02
        3488  0.606625795       7.07141832E-02   3.99999991E-02
        3490   3.39618611       1.99620351E-02   9.99999978E-03
        3492   3.39618611       1.99620351E-02   9.99999978E-03
        3494   1.08275032       5.70979156E-02   2.99999993E-02
        3496  0.688233316       6.81539550E-02   3.99999991E-02
        3498   1.07748771       5.67985959E-02   2.99999993E-02
        3500   1.12251675       5.93896918E-02   2.99999993E-02
        3502   3.39618611       1.99620351E-02   9.99999978E-03
        3504   0.00000000       0.00000000       0.00000000    
        3506   0.00000000       0.00000000       0.00000000    
        3508   3.39618611       1.99620351E-02   9.99999978E-03
        3510   1.09481180       5.77711016E-02   2.99999993E-02
        3512   1.06440771      0.128195658       2.99999993E-02
        3514   1.69525003       3.98483351E-02   1.99999996E-02
        3516   1.69525003       3.98483351E-02   1.99999996E-02
        3518   1.68942821       3.96161452E-02   1.99999996E-02
        3520   1.09047282       5.74930161E-02   2.99999993E-02
        3522   3.39618611       1.99620351E-02   9.99999978E-03
        3524   1.10300648       5.82377799E-02   2.99999993E-02
        3526   1.69525003       3.98483351E-02   1.99999996E-02
        3528  0.834420741       7.87937939E-02   3.99999991E-02
        3530  0.804635286       7.64643624E-02   3.99999991E-02
        3532   3.39618611       1.99620351E-02   9.99999978E-03
        3534  0.554782569       6.77808896E-02   3.99999991E-02
        3536   0.00000000       0.00000000       0.00000000    
        3538  0.965492845       5.14064468E-02   2.99999993E-02
        3540   3.39618611       1.99620351E-02   9.99999978E-03
        3542   3.39618611       1.99620351E-02   9.99999978E-03
        3544  0.932184398      0.102064647       2.99999993E-02
        3546   3.39618611       1.99620351E-02   9.99999978E-03
        3548  0.824357748       5.08203804E-02   2.99999993E-02
        3550   3.39618611       1.99620351E-02   9.99999978E-03
        3552   3.39618611       1.99620351E-02   9.99999978E-03
        3554   1.69525003       3.98483351E-02   1.99999996E-02
        3556   0.00000000       0.00000000       0.00000000    
        3558   0.00000000       0.00000000       0.00000000    
        3560  0.808470190       7.67666772E-02   3.99999991E-02
        3562   1.69124472       3.96884419E-02   1.99999996E-02
        3564   3.39618611       1.99620351E-02   9.99999978E-03
        3566   1.69126320       3.96891795E-02   1.99999996E-02
        3568   1.69139457       3.96944135E-02   1.99999996E-02
        3570   1.11870730       5.91628700E-02   2.99999993E-02
        3572   1.10607600       5.84161058E-02   2.99999993E-02
        3574   3.39618611       1.99620351E-02   9.99999978E-03
        3576   1.69525003       3.98483351E-02   1.99999996E-02
        3578   1.34963036       2.99722683E-02   1.99999996E-02
        3580   3.39618611       1.99620351E-02   9.99999978E-03
        3582  0.354272068       9.85217765E-02   5.99999987E-02
        3584   1.07611072       5.67051396E-02   2.99999993E-02
        3586   1.69380379       3.97905298E-02   1.99999996E-02
        3588  0.973422766       5.18553145E-02   2.99999993E-02
        3590  0.620314717       6.92849159E-02   3.99999991E-02
        3592  0.807937026       7.01358020E-02   2.99999993E-02
        3594   1.08961976       5.74795045E-02   2.99999993E-02
        3596   3.39618611       1.99620351E-02   9.99999978E-03
        3598   3.39618611       1.99620351E-02   9.99999978E-03
        3600  0.818597853       7.75607973E-02   3.99999991E-02
        3602   1.52226281       3.36606167E-02   1.99999996E-02
        3604   3.39618611       1.99620351E-02   9.99999978E-03
        3606   3.39618611       1.99620351E-02   9.99999978E-03
        3608   1.51681077       3.34952548E-02   1.99999996E-02
        3610   1.11223567       5.87775894E-02   2.99999993E-02
        3612   3.39618611       1.99620351E-02   9.99999978E-03
        3614   3.39618611       1.99620351E-02   9.99999978E-03
        3616  0.404156774       5.89736253E-02   3.99999991E-02
        3618  0.827662528       5.09646796E-02   2.99999993E-02
        3620   1.12307823       5.94233200E-02   2.99999993E-02
        3622   1.69525003       3.98483351E-02   1.99999996E-02
        3624  0.487949252       8.33373517E-02   5.00000007E-02
        3626  0.635312736       9.56456736E-02   5.00000007E-02
        3628   3.39618611       1.99620351E-02   9.99999978E-03
        3630  0.827136934       7.82211125E-02   3.99999991E-02
        3632   3.39618611       1.99620351E-02   9.99999978E-03
        3634  0.785281897       7.50185922E-02   3.99999991E-02
        3636   0.00000000       0.00000000       0.00000000    
        3638  0.474428296      0.122631982       5.00000007E-02
        3640   3.39618611       1.99620351E-02   9.99999978E-03
        3642  0.605060995       9.26907286E-02   5.00000007E-02
        3644   1.11876869       5.91662228E-02   2.99999993E-02
        3646  0.765148818       7.34896213E-02   3.99999991E-02
        3648  0.387043148       7.97041059E-02   5.00000007E-02
        3650   3.39618611       1.99620351E-02   9.99999978E-03
        3652   1.06782007       5.62809817E-02   2.99999993E-02
        3654   1.69525003       3.98483351E-02   1.99999996E-02
        3656  0.835793436       7.89030641E-02   3.99999991E-02
        3658  0.390126050      0.102337316       5.99999987E-02
        3660   1.69293344       3.97557802E-02   1.99999996E-02
        3662   1.65589857       3.83065268E-02   1.99999996E-02
        3664  0.526011944       8.43695849E-02   3.99999991E-02
        3666   3.39618611       1.99620351E-02   9.99999978E-03
        3668   1.12423134       5.94925955E-02   2.99999993E-02
        3670  0.955831766       5.07584289E-02   2.99999993E-02
        3672   1.07610440       5.67103960E-02   2.99999993E-02
        3674   1.69525003       3.98483351E-02   1.99999996E-02
        3676   1.69525003       3.98483351E-02   1.99999996E-02
        3678  0.151609629       9.82538462E-02   5.99999987E-02
        3680  0.520688534       8.54370072E-02   5.00000007E-02
        3682   1.11148083       5.87351918E-02   2.99999993E-02
        3684   3.39618611       1.99620351E-02   9.99999978E-03
        3686   1.00374341       5.29450774E-02   2.99999993E-02
        3688   3.39618611       1.99620351E-02   9.99999978E-03
        3690   1.11274111       5.88075295E-02   2.99999993E-02
        3692   1.12532222       5.95578291E-02   2.99999993E-02
        3694  0.666379869       6.85707852E-02   3.99999991E-02
        3696   1.69345212       3.97764854E-02   1.99999996E-02
        3698  0.836946964       7.89953619E-02   3.99999991E-02
        3700   1.52867424       3.38579565E-02   1.99999996E-02
        3702   1.69164538       3.97044085E-02   1.99999996E-02
        3704   3.39618611       1.99620351E-02   9.99999978E-03
        3706   1.69313073       3.97636518E-02   1.99999996E-02
        3708   1.67557347       3.90691720E-02   1.99999996E-02
        3710   1.12407780       5.94834201E-02   2.99999993E-02
        3712   3.39618611       1.99620351E-02   9.99999978E-03
        3714  0.319440573       7.90688619E-02   5.00000007E-02
        3716  0.838584542       7.91255385E-02   3.99999991E-02
        3718   1.58044493       3.55551876E-02   1.99999996E-02
        3720   1.08422160       5.71316443E-02   2.99999993E-02
        3722   1.69525003       3.98483351E-02   1.99999996E-02
        3724   0.00000000       0.00000000       0.00000000    
        3726  0.835038483       7.95940757E-02   2.99999993E-02
        3728   1.10228491       5.81989400E-02   2.99999993E-02
        3730  0.668586373       6.83054924E-02   3.99999991E-02
        3732   1.33478570       2.98803076E-02   1.99999996E-02
        3734   1.11538565       5.89654595E-02   2.99999993E-02
        3736   1.04009414       5.48068285E-02   2.99999993E-02
        3738  0.779021263       7.45239705E-02   3.99999991E-02
        3740  0.819710374       7.76393488E-02   3.99999991E-02
        3742   1.11619115       5.90126514E-02   2.99999993E-02
        3744   3.39618611       1.99620351E-02   9.99999978E-03
        3746  0.721854627       7.08166510E-02   3.99999991E-02
        3748   1.69375622       3.97886261E-02   1.99999996E-02
        3750   3.39618611       1.99620351E-02   9.99999978E-03
        3752   1.72260385E-02  0.165477127       9.00000036E-02
        3754   1.69352138       3.97792459E-02   1.99999996E-02
        3756   3.39618611       1.99620351E-02   9.99999978E-03
        3758   3.39618611       1.99620351E-02   9.99999978E-03
        3760   1.10388362       5.82884587E-02   2.99999993E-02
        3762   1.11036611       5.86731136E-02   2.99999993E-02
        3764  0.215206623       7.28466213E-02   5.00000007E-02
        3766  0.359491259       8.32425803E-02   5.00000007E-02
        3768   1.69525003       3.98483351E-02   1.99999996E-02
        3770  0.874564171       4.85562757E-02   2.99999993E-02
        3772   1.12530398       5.95567338E-02   2.99999993E-02
        3774  0.585038006       9.08694118E-02   5.00000007E-02
        3776  0.555851996       7.16153160E-02   3.99999991E-02
        3778  0.324619263       6.25030994E-02   3.99999991E-02
        3780  0.338627487      0.119392015       5.99999987E-02
        3782   1.46369374       3.20147909E-02   1.99999996E-02
        3784  0.566549420       8.06222558E-02   3.99999991E-02
        3786   1.69525003       3.98483351E-02   1.99999996E-02
        3788   1.12198758       5.93587644E-02   2.99999993E-02
        3790  0.635137320       9.56124738E-02   5.00000007E-02
        3792   3.39618611       1.99620351E-02   9.99999978E-03
        3794   1.69525003       3.98483351E-02   1.99999996E-02
        3796  0.835145175       7.88513571E-02   3.99999991E-02
        3798  0.492891997       8.26932862E-02   5.00000007E-02
        3800  0.580084503       9.02723968E-02   5.00000007E-02
        3802   1.12174559       5.93443550E-02   2.99999993E-02
        3804  0.840748727       4.99894805E-02   2.99999993E-02
        3806  0.780846655       7.46383816E-02   3.99999991E-02
        3808  0.481527746       9.01909769E-02   5.00000007E-02
        3810   3.39618611       1.99620351E-02   9.99999978E-03
        3812   3.39618611       1.99620351E-02   9.99999978E-03
        3814  0.295781821       7.72120059E-02   5.00000007E-02
        3816   3.39618611       1.99620351E-02   9.99999978E-03
        3818   3.39618611       1.99620351E-02   9.99999978E-03
        3820   1.11858630       5.91551736E-02   2.99999993E-02
        3822   1.12467158       5.95187843E-02   2.99999993E-02
        3824  0.520036578      0.114487164       5.99999987E-02
        3826   1.11265790       5.88063896E-02   2.99999993E-02
        3828   1.00357115       5.26384339E-02   2.99999993E-02
        3830   1.45003414       3.16774473E-02   1.99999996E-02
        3832  0.861311913      0.167659298       3.99999991E-02
        3834   3.39618611       1.99620351E-02   9.99999978E-03
        3836   1.69207621       3.97215821E-02   1.99999996E-02
        3838 -0.162591934       6.60782680E-02   5.99999987E-02
        3840   3.39618611       1.99620351E-02   9.99999978E-03
        3842  0.724231541       7.12291002E-02   3.99999991E-02
        3844   3.39618611       1.99620351E-02   9.99999978E-03
        3846  0.496841103       8.65957141E-02   5.00000007E-02
        3848  0.795538843       8.56505632E-02   2.99999993E-02
        3850   1.09185469       5.75831868E-02   2.99999993E-02
        3852   1.12387097       5.94708957E-02   2.99999993E-02
        3854   3.39618611       1.99620351E-02   9.99999978E-03
        3856   3.39618611       1.99620351E-02   9.99999978E-03
        3858  0.614075780       9.37001184E-02   5.00000007E-02
        3860  0.576151431       9.00417790E-02   5.00000007E-02
        3862   1.12512434       5.95459081E-02   2.99999993E-02
        3864   3.39618611       1.99620351E-02   9.99999978E-03
        3866   3.39618611       1.99620351E-02   9.99999978E-03
        3868   0.00000000       0.00000000       0.00000000    
        3870  0.680036843       3.93340923E-02   2.99999993E-02
        3872  0.629307926       6.73833266E-02   3.99999991E-02
        3874   3.39618611       1.99620351E-02   9.99999978E-03
        3876   1.66988957       3.88471186E-02   1.99999996E-02
        3878   0.00000000       0.00000000       0.00000000    
        3880   1.60663664      0.219682023       2.99999993E-02
        3882   3.39618611       1.99620351E-02   9.99999978E-03
        3884   1.09893036       5.80044836E-02   2.99999993E-02
        3886   1.68481660       3.94331962E-02   1.99999996E-02
        3888   3.39618611       1.99620351E-02   9.99999978E-03
        3890   3.39618611       1.99620351E-02   9.99999978E-03
        3892   1.66228640       3.85522656E-02   1.99999996E-02
        3894   1.68715870       3.95260006E-02   1.99999996E-02
        3896   1.69211149       3.97229902E-02   1.99999996E-02
        3898   1.31129444       6.84021264E-02   1.99999996E-02
        3900   1.11770582       5.91027029E-02   2.99999993E-02
        3902  0.788224280       5.83012402E-02   2.99999993E-02
        3904  0.505634069       5.73415533E-02   3.99999991E-02
        3906   1.66181278       3.85339856E-02   1.99999996E-02
        3908  0.451326638       8.26047584E-02   5.00000007E-02
        3910   3.39618611       1.99620351E-02   9.99999978E-03
        3912   1.69525003       3.98483351E-02   1.99999996E-02
        3914   3.39618611       1.99620351E-02   9.99999978E-03
        3916   0.00000000       0.00000000       0.00000000    
        3918  0.128092006       7.93271959E-02   5.00000007E-02
        3920   1.69412553       3.98033783E-02   1.99999996E-02
        3922   1.00220120       5.28335869E-02   2.99999993E-02
        3924   3.39618611       1.99620351E-02   9.99999978E-03
        3926   1.04458559       5.50640821E-02   2.99999993E-02
        3928   0.00000000       0.00000000       0.00000000    
        3930   3.39618611       1.99620351E-02   9.99999978E-03
        3932  0.543028414       8.78791437E-02   5.00000007E-02
        3934   1.68522918       3.94495279E-02   1.99999996E-02
        3936   1.69108582       3.96821126E-02   1.99999996E-02
        3938   3.39618611       1.99620351E-02   9.99999978E-03
        3940   0.00000000       0.00000000       0.00000000    
        3942  0.611837268       6.98646531E-02   3.99999991E-02
        3944   3.39618611       1.99620351E-02   9.99999978E-03
        3946  0.953151524       5.10851219E-02   2.99999993E-02
        3948   1.05136788       5.53708859E-02   2.99999993E-02
        3950  0.855990648       4.97438200E-02   2.99999993E-02
        3952   1.62502122       3.71454284E-02   1.99999996E-02
        3954   6.00700937E-02   9.54585373E-02   7.00000003E-02
        3956   3.39618611       1.99620351E-02   9.99999978E-03
        3958   1.69405508       3.98005620E-02   1.99999996E-02
        3960  0.463478118       8.62561166E-02   5.00000007E-02
        3962  0.700586140       6.94630072E-02   3.99999991E-02
        3964   1.69525003       3.98483351E-02   1.99999996E-02
        3966  0.662254274       6.64221346E-02   3.99999991E-02
        3968  0.488068551      0.127717540       5.00000007E-02
        3970  0.623952925       9.45963711E-02   5.00000007E-02
        3972  -6.82590827E-02  0.106874533       7.00000003E-02
        3974   1.11872196       5.91642745E-02   2.99999993E-02
        3976   3.39618611       1.99620351E-02   9.99999978E-03
        3978  0.381553233       9.96918082E-02   5.99999987E-02
        3980   1.69341922       3.97751704E-02   1.99999996E-02
        3982  0.541074574       8.72175843E-02   5.00000007E-02
        3984   0.00000000       0.00000000       0.00000000    
        3986   1.69525003       3.98483351E-02   1.99999996E-02
        3988   3.39618611       1.99620351E-02   9.99999978E-03
        3990  0.632215023       6.87128901E-02   3.99999991E-02
        3992  0.626954317       9.48146135E-02   5.00000007E-02
        3994   3.39618611       1.99620351E-02   9.99999978E-03
        3996  0.682951510       3.95101197E-02   2.99999993E-02
        3998   1.09935033       5.80141433E-02   2.99999993E-02
        4000  0.733232915       7.16290921E-02   3.99999991E-02
        4002   1.19548464       4.07334939E-02   1.99999996E-02
        4004   1.69525003       3.98483351E-02   1.99999996E-02
        4006   3.39618611       1.99620351E-02   9.99999978E-03
        4008  0.920818090       4.99814637E-02   2.99999993E-02
        4010   1.66924489       3.88220176E-02   1.99999996E-02
        4012   1.08163977       5.70152998E-02   2.99999993E-02
        4014  0.812206507       7.70466700E-02   3.99999991E-02
        4016  0.622364819       6.76003695E-02   3.99999991E-02
        4018   3.39618611       1.99620351E-02   9.99999978E-03
        4020   3.39618611       1.99620351E-02   9.99999978E-03
        4022  0.775454342       7.41970688E-02   3.99999991E-02
        4024   1.10425675       5.83052039E-02   2.99999993E-02
        4026  0.300180733       6.52498156E-02   3.99999991E-02
        4028   1.12408316       5.94835579E-02   2.99999993E-02
        4030   1.69525003       3.98483351E-02   1.99999996E-02
        4032   3.39618611       1.99620351E-02   9.99999978E-03
        4034  0.812923908       7.71189183E-02   3.99999991E-02
        4036  0.352654159       9.93033275E-02   5.99999987E-02
        4038   1.11217666       5.87777235E-02   2.99999993E-02
        4040   3.39618611       1.99620351E-02   9.99999978E-03
        4042   3.39618611       1.99620351E-02   9.99999978E-03
        4044  0.494311661       6.12336621E-02   3.99999991E-02
        4046  0.239279315      0.105615534       5.99999987E-02
        4048   1.12342417       5.94443940E-02   2.99999993E-02
        4050  0.444207937       7.99846500E-02   5.00000007E-02
        4052   3.39618611       1.99620351E-02   9.99999978E-03
        4054   3.39618611       1.99620351E-02   9.99999978E-03
        4056   3.39618611       1.99620351E-02   9.99999978E-03
        4058   0.00000000       0.00000000       0.00000000    
        4060  0.387982249       9.09652188E-02   5.00000007E-02
        4062   3.39618611       1.99620351E-02   9.99999978E-03
        4064   1.53946686       3.41969207E-02   1.99999996E-02
        4066   1.11021304       5.86572587E-02   2.99999993E-02
        4068   3.39618611       1.99620351E-02   9.99999978E-03
        4070   1.12141538       5.93242235E-02   2.99999993E-02
        4072   1.69239020       3.97341028E-02   1.99999996E-02
        4074   1.12376451       5.94647154E-02   2.99999993E-02
        4076  0.939160109       5.04306965E-02   2.99999993E-02
        4078   1.11432803       5.89022562E-02   2.99999993E-02
        4080   3.39618611       1.99620351E-02   9.99999978E-03
        4082   1.69393933       3.97959426E-02   1.99999996E-02
        4084   3.39618611       1.99620351E-02   9.99999978E-03
        4086   1.09453654       5.77359125E-02   2.99999993E-02
        4088   3.39618611       1.99620351E-02   9.99999978E-03
        4090  0.581904411       7.82199427E-02   2.99999993E-02
        4092   1.69525003       3.98483351E-02   1.99999996E-02
        4094  0.335067719      0.100596562       5.00000007E-02
        4096  0.796869397       7.58658648E-02   3.99999991E-02
        4098  0.310044259       4.93590645E-02   3.99999991E-02
        4100   1.69525003       3.98483351E-02   1.99999996E-02
        4102  0.752031863       7.28704110E-02   3.99999991E-02
        4104   3.39618611       1.99620351E-02   9.99999978E-03
        4106  0.748089492       7.23043606E-02   3.99999991E-02
        4108  0.675606370      0.215315461       5.00000007E-02
        4110   3.92763391E-02  0.129807279       7.99999982E-02
        4112  0.162841842      0.127849594       7.99999982E-02
        4114  0.698738456       6.97888955E-02   3.99999991E-02
        4116   1.12166321       5.93388826E-02   2.99999993E-02
        4118   1.10425115       5.83112985E-02   2.99999993E-02
        4120   0.00000000       0.00000000       0.00000000    
        4122   3.39618611       1.99620351E-02   9.99999978E-03
        4124   1.69341946       3.97751816E-02   1.99999996E-02
        4126  0.775703907       4.23819609E-02   2.99999993E-02
        4128   1.11723137       5.90759516E-02   2.99999993E-02
        4130   3.39618611       1.99620351E-02   9.99999978E-03
        4132   1.69525003       3.98483351E-02   1.99999996E-02
        4134   0.00000000       0.00000000       0.00000000    
        4136   1.69324028       3.97680253E-02   1.99999996E-02
        4138   3.39618611       1.99620351E-02   9.99999978E-03
        4140   1.10119987       5.81386238E-02   2.99999993E-02
        4142   1.69525003       3.98483351E-02   1.99999996E-02
        4144   0.00000000       0.00000000       0.00000000    
        4146  0.805511773       5.24036847E-02   2.99999993E-02
        4148   1.66205144       3.85431983E-02   1.99999996E-02
        4150   0.00000000       0.00000000       0.00000000    
        4152  0.698173642       6.93294778E-02   3.99999991E-02
        4154   3.39618611       1.99620351E-02   9.99999978E-03
        4156  0.807070792       7.66484216E-02   3.99999991E-02
        4158   1.69248271       3.97377945E-02   1.99999996E-02
        4160  0.593043387       9.16666090E-02   5.00000007E-02
        4162   1.07774746       5.67955784E-02   2.99999993E-02
        4164   1.69525003       3.98483351E-02   1.99999996E-02
        4166   3.39618611       1.99620351E-02   9.99999978E-03
        4168  0.795819521       7.57848322E-02   3.99999991E-02
        4170  0.802519619       7.63519630E-02   3.99999991E-02
        4172  0.826992512       7.82061815E-02   3.99999991E-02
        4174   3.39618611       1.99620351E-02   9.99999978E-03
        4176   0.00000000       0.00000000       0.00000000    
        4178   3.39618611       1.99620351E-02   9.99999978E-03
        4180   1.10293913       5.82251139E-02   2.99999993E-02
        4182   3.39618611       1.99620351E-02   9.99999978E-03
        4184  0.795478284       7.57175535E-02   3.99999991E-02
        4186   1.68279934       3.93534452E-02   1.99999996E-02
        4188  0.428499460      0.173995957       5.99999987E-02
        4190   3.39618611       1.99620351E-02   9.99999978E-03
        4192   1.03201997       5.43899164E-02   2.99999993E-02
        4194   1.12415850       5.94880953E-02   2.99999993E-02
        4196  0.592620790       6.48912713E-02   3.99999991E-02
        4198   1.68829489       3.95711027E-02   1.99999996E-02
        4200   1.11933851       5.91999926E-02   2.99999993E-02
        4202   3.39618611       1.99620351E-02   9.99999978E-03
        4204  0.793647408       7.57015869E-02   3.99999991E-02
        4206   1.08593225       5.72673418E-02   2.99999993E-02
        4208   1.69525003       3.98483351E-02   1.99999996E-02
        4210  0.683810532      0.129124969       3.99999991E-02
        4212   3.39618611       1.99620351E-02   9.99999978E-03
        4214   3.39618611       1.99620351E-02   9.99999978E-03
        4216   1.12384117       5.94692864E-02   2.99999993E-02
        4218   1.07559609       5.66722341E-02   2.99999993E-02
        4220   1.02147567       5.39146028E-02   2.99999993E-02
        4222   1.11790025       5.91155402E-02   2.99999993E-02
        4224   0.00000000       0.00000000       0.00000000    
        4226   3.39618611       1.99620351E-02   9.99999978E-03
        4228  0.487162054      0.148741812       5.00000007E-02
        4230   0.00000000       0.00000000       0.00000000    
        4232   1.12048638       5.92690855E-02   2.99999993E-02
        4234   1.69525003       3.98483351E-02   1.99999996E-02
        4236  0.856024981       4.66807298E-02   2.99999993E-02
        4238   3.39618611       1.99620351E-02   9.99999978E-03
        4240   3.39618611       1.99620351E-02   9.99999978E-03
        4242   3.39618611       1.99620351E-02   9.99999978E-03
        4244   1.21010602       4.79316600E-02   1.99999996E-02
        4246   3.39618611       1.99620351E-02   9.99999978E-03
        4248  0.796485364       7.58419782E-02   3.99999991E-02
        4250  0.722570777       7.10860640E-02   3.99999991E-02
        4252   1.69525003       3.98483351E-02   1.99999996E-02
        4254  0.626840889      0.109075017       3.99999991E-02
        4256   3.39618611       1.99620351E-02   9.99999978E-03
        4258  0.824555874       7.80140683E-02   3.99999991E-02
        4260   1.68917334       3.96060087E-02   1.99999996E-02
        4262   1.69239175       3.97341698E-02   1.99999996E-02
        4264  0.787242949       6.11937307E-02   2.99999993E-02
        4266   1.67592382       3.90829034E-02   1.99999996E-02
        4268  0.833107710       7.86884278E-02   3.99999991E-02
        4270   1.69397736       3.97974588E-02   1.99999996E-02
        4272  0.878542781       4.93747890E-02   2.99999993E-02
        4274  0.809533000       7.68752694E-02   3.99999991E-02
        4276   1.07619071       5.67358173E-02   2.99999993E-02
        4278   3.39618611       1.99620351E-02   9.99999978E-03
        4280   1.69019532       3.96466590E-02   1.99999996E-02
        4282  0.479784071      0.149659872       5.00000007E-02
        4284  0.893895328      0.102276921       2.99999993E-02
        4286   1.69390857       3.97947133E-02   1.99999996E-02
        4288   0.00000000       0.00000000       0.00000000    
        4290   1.69116342       3.96852084E-02   1.99999996E-02
        4292   3.39618611       1.99620351E-02   9.99999978E-03
        4294   1.69081044       3.96711454E-02   1.99999996E-02
        4296  0.607821703       6.36492074E-02   3.99999991E-02
        4298   1.69525003       3.98483351E-02   1.99999996E-02
        4300  0.755396128       7.30820596E-02   3.99999991E-02
        4302  0.465251565      0.108263001       5.99999987E-02
        4304   1.67390013       3.90036553E-02   1.99999996E-02
        4306   1.64528668       3.79023887E-02   1.99999996E-02
        4308   3.39618611       1.99620351E-02   9.99999978E-03
        4310  0.800208390       5.44534847E-02   2.99999993E-02
        4312   1.48485684       3.25744450E-02   1.99999996E-02
        4314  0.862371981       8.75937641E-02   2.99999993E-02
        4316   1.69525003       3.98483351E-02   1.99999996E-02
        4318   3.39618611       1.99620351E-02   9.99999978E-03
        4320   1.40513277       3.07232291E-02   1.99999996E-02
        4322   1.10882699       5.85782826E-02   2.99999993E-02
        4324  0.753973722       7.26877302E-02   3.99999991E-02
        4326   1.68990183       3.96349840E-02   1.99999996E-02
        4328   1.69233441       3.97318825E-02   1.99999996E-02
        4330   1.02612686       5.37753254E-02   2.99999993E-02
        4332   1.27311122       6.18618838E-02   1.99999996E-02
        4334   1.11007035       5.86558320E-02   2.99999993E-02
        4336  0.250401020       8.82506594E-02   3.99999991E-02
        4338  0.183374584      0.126882538       7.99999982E-02
        4340   0.00000000       0.00000000       0.00000000    
        4342  0.779321849       7.46225715E-02   3.99999991E-02
        4344   1.69060516       3.96629721E-02   1.99999996E-02
        4346   0.00000000       0.00000000       0.00000000    
        4348   1.69199657       3.97184081E-02   1.99999996E-02
        4350   1.69391394       3.97949293E-02   1.99999996E-02
        4352   3.39618611       1.99620351E-02   9.99999978E-03
        4354   1.68754196       3.95412110E-02   1.99999996E-02
        4356   1.19530618       4.02766690E-02   1.99999996E-02
        4358   1.31894636       2.98486091E-02   1.99999996E-02
        4360  0.652976990       9.73455980E-02   5.00000007E-02
        4362   1.48531651       3.25870700E-02   1.99999996E-02
        4364   1.68990111       3.96349542E-02   1.99999996E-02
        4366   1.69525003       3.98483351E-02   1.99999996E-02
        4368   3.39618611       1.99620351E-02   9.99999978E-03
        4370  0.678244054       6.81308731E-02   3.99999991E-02
        4372  0.870043278       4.95190993E-02   2.99999993E-02
        4374  0.817362905       7.74631575E-02   3.99999991E-02
        4376   3.39618611       1.99620351E-02   9.99999978E-03
        4378   0.00000000       0.00000000       0.00000000    
        4380   3.39618611       1.99620351E-02   9.99999978E-03
        4382   1.69525003       3.98483351E-02   1.99999996E-02
        4384   1.59089124       3.59180085E-02   1.99999996E-02
        4386   1.69525003       3.98483351E-02   1.99999996E-02
        4388  0.520989835       7.97319934E-02   3.99999991E-02
        4390   1.69525003       3.98483351E-02   1.99999996E-02
        4392   3.39618611       1.99620351E-02   9.99999978E-03
        4394   3.39618611       1.99620351E-02   9.99999978E-03
        4396   1.67000914       3.88517715E-02   1.99999996E-02
        4398   1.69525003       3.98483351E-02   1.99999996E-02
        4400   1.12116826       5.93096204E-02   2.99999993E-02
        4402  0.800977349       6.64557591E-02   2.99999993E-02
        4404  0.248490736       9.66054425E-02   5.99999987E-02
        4406   0.00000000       0.00000000       0.00000000    
        4408  0.756316423       7.30262026E-02   3.99999991E-02
        4410   1.11504364       5.89448623E-02   2.99999993E-02
        4412   1.69229412       3.97302732E-02   1.99999996E-02
        4414   1.69525003       3.98483351E-02   1.99999996E-02
        4416  0.847735107       4.98175249E-02   2.99999993E-02
        4418   1.12133312       5.93192577E-02   2.99999993E-02
        4420   3.39618611       1.99620351E-02   9.99999978E-03
        4422   1.64832449       3.80175486E-02   1.99999996E-02
        4424   3.39618611       1.99620351E-02   9.99999978E-03
        4426   1.10672736       5.84548526E-02   2.99999993E-02
        4428  0.821567893       7.77878463E-02   3.99999991E-02
        4430   1.68870711       3.95874791E-02   1.99999996E-02
        4432  0.833462059       7.87170008E-02   3.99999991E-02
        4434   1.12240839       5.93832172E-02   2.99999993E-02
        4436  0.290059745       7.91307092E-02   5.00000007E-02
        4438   3.39618611       1.99620351E-02   9.99999978E-03
        4440  0.602707088       9.26024094E-02   5.00000007E-02
        4442   0.00000000       0.00000000       0.00000000    
        4444  0.801919043       7.62521774E-02   3.99999991E-02
        4446  0.800127923       4.79171872E-02   2.99999993E-02
        4448   3.39618611       1.99620351E-02   9.99999978E-03
        4450   1.10783589       5.85189201E-02   2.99999993E-02
        4452  0.204034179      0.117530823       7.00000003E-02
        4454  0.626061678      0.260738999       5.00000007E-02
        4456   3.39618611       1.99620351E-02   9.99999978E-03
        4458   1.11612475       5.90102188E-02   2.99999993E-02
        4460   1.41756403       8.43056142E-02   1.99999996E-02
        4462  0.548565924       7.16199428E-02   3.99999991E-02
        4464   1.67902374       3.92046347E-02   1.99999996E-02
        4466   1.69525003       3.98483351E-02   1.99999996E-02
        4468   1.11353242       5.88559210E-02   2.99999993E-02
        4470   1.08240104       5.70663363E-02   2.99999993E-02
        4472   1.64501071       3.78919505E-02   1.99999996E-02
        4474   3.39618611       1.99620351E-02   9.99999978E-03
        4476   1.68671334       3.95083353E-02   1.99999996E-02
        4478   1.69194651       3.97164151E-02   1.99999996E-02
        4480  0.629312217       9.51319262E-02   5.00000007E-02
        4482   3.39618611       1.99620351E-02   9.99999978E-03
        4484  0.677852094       6.91758543E-02   3.99999991E-02
        4486  0.575215161       9.06649381E-02   5.00000007E-02
        4488   1.65650833       3.83299068E-02   1.99999996E-02
        4490   3.39618611       1.99620351E-02   9.99999978E-03
        4492   0.00000000       0.00000000       0.00000000    
        4494   1.12561142       5.95751368E-02   2.99999993E-02
        4496   1.68785644       3.95536907E-02   1.99999996E-02
        4498  0.834714592       7.86190331E-02   2.99999993E-02
        4500   1.12080050       5.92871420E-02   2.99999993E-02
        4502  0.807763636       7.66999871E-02   3.99999991E-02
        4504   0.00000000       0.00000000       0.00000000    
        4506  0.525513470       8.83554444E-02   5.00000007E-02
        4508   1.69525003       3.98483351E-02   1.99999996E-02
        4510  0.839423060       7.91925043E-02   3.99999991E-02
        4512   1.69367981       3.97855714E-02   1.99999996E-02
        4514  0.457689911      0.108019106       5.99999987E-02
        4516   1.69097495       3.96776982E-02   1.99999996E-02
        4518   1.68051803       3.92634608E-02   1.99999996E-02
        4520   1.69264233       3.97441611E-02   1.99999996E-02
        4522  0.718583882       7.02853054E-02   3.99999991E-02
        4524  0.746247172       7.25907981E-02   3.99999991E-02
        4526   1.11213696       5.87742217E-02   2.99999993E-02
        4528  0.677803814       6.84548244E-02   3.99999991E-02
        4530   1.69035506       3.96530181E-02   1.99999996E-02
        4532   1.12143683       5.93259819E-02   2.99999993E-02
        4534  0.700263977       4.91511412E-02   2.99999993E-02
        4536   1.69026279       3.96493413E-02   1.99999996E-02
        4538   0.00000000       0.00000000       0.00000000    
        4540   1.12421739       5.94917648E-02   2.99999993E-02
        4542  0.781615257       7.48327672E-02   3.99999991E-02
        4544  0.695812166       6.90812841E-02   3.99999991E-02
        4546   1.68977618       3.96299809E-02   1.99999996E-02
        4548   3.39618611       1.99620351E-02   9.99999978E-03
        4550   1.59583521       3.60919014E-02   1.99999996E-02
        4552   1.69525003       3.98483351E-02   1.99999996E-02
        4554  0.497893363       8.51758942E-02   5.00000007E-02
        4556   0.00000000       0.00000000       0.00000000    
        4558   0.00000000       0.00000000       0.00000000    
        4560   1.69525003       3.98483351E-02   1.99999996E-02
        4562   1.69525003       3.98483351E-02   1.99999996E-02
        4564   1.33440387       7.20825791E-02   1.99999996E-02
        4566   1.62332618       3.70830260E-02   1.99999996E-02
        4568  0.282678813      0.185276330       7.00000003E-02
        4570  0.234495074      0.152654201       7.00000003E-02
        4572  0.256703019      0.106988125       5.99999987E-02
        4574   1.69525003       3.98483351E-02   1.99999996E-02
        4576   1.69525003       3.98483351E-02   1.99999996E-02
        4578   1.84937215      0.259804726       2.99999993E-02
        4580   1.69178271       3.97098847E-02   1.99999996E-02
        4582   1.12286901       5.94108962E-02   2.99999993E-02
        4584  0.264669538      0.104609512       5.99999987E-02
        4586   3.39618611       1.99620351E-02   9.99999978E-03
        4588   1.05254745       5.53768799E-02   2.99999993E-02
        4590   1.12247789       5.93873747E-02   2.99999993E-02
        4592  0.625878870       9.47571769E-02   5.00000007E-02
        4594   1.69240749       3.97347957E-02   1.99999996E-02
        4596  0.518822432       8.51444900E-02   5.00000007E-02
        4598  0.822147191       7.78185502E-02   3.99999991E-02
        4600   1.07274437       5.64597771E-02   2.99999993E-02
        4602  0.507824063       6.18286766E-02   3.99999991E-02
        4604   1.69525003       3.98483351E-02   1.99999996E-02
        4606  0.960711658      0.108402662       2.99999993E-02
        4608   1.12062466       5.92765920E-02   2.99999993E-02
        4610   1.67514575       3.90524156E-02   1.99999996E-02
        4612   3.39618611       1.99620351E-02   9.99999978E-03
        4614   1.69390357       3.97945084E-02   1.99999996E-02
        4616  0.411216229      0.174732924       5.00000007E-02
        4618   1.69395781       3.97966802E-02   1.99999996E-02
        4620   3.39618611       1.99620351E-02   9.99999978E-03
        4622  0.191711724       4.95342501E-02   3.99999991E-02
        4624   1.04519725       5.50952107E-02   2.99999993E-02
        4626  0.836004794       7.89206550E-02   3.99999991E-02
        4628   3.39618611       1.99620351E-02   9.99999978E-03
        4630   0.00000000       0.00000000       0.00000000    
        4632  0.469675362       8.95260125E-02   5.00000007E-02
        4634   1.61366093       3.67300212E-02   1.99999996E-02
        4636   3.39618611       1.99620351E-02   9.99999978E-03
        4638   0.00000000       0.00000000       0.00000000    
        4640  0.787358284       7.51678050E-02   3.99999991E-02
        4642   3.39618611       1.99620351E-02   9.99999978E-03
        4644  0.186275497      0.110368609       5.00000007E-02
        4646  0.744202912       7.19045848E-02   3.99999991E-02
        4648  0.759903669       7.34387562E-02   3.99999991E-02
        4650  0.880261242       4.96625751E-02   2.99999993E-02
        4652   1.69525003       3.98483351E-02   1.99999996E-02
        4654   1.12415695       5.94879054E-02   2.99999993E-02
        4656   0.00000000       0.00000000       0.00000000    
        4658   3.39618611       1.99620351E-02   9.99999978E-03
        4660   3.39618611       1.99620351E-02   9.99999978E-03
        4662  0.251475275      0.112167098       5.99999987E-02
        4664   3.39618611       1.99620351E-02   9.99999978E-03
        4666   0.00000000       0.00000000       0.00000000    
        4668   1.67416501       3.90140153E-02   1.99999996E-02
        4670   3.39618611       1.99620351E-02   9.99999978E-03
        4672  0.504601359      0.112705596       5.99999987E-02
        4674   3.39618611       1.99620351E-02   9.99999978E-03
        4676   1.69419253       3.98060530E-02   1.99999996E-02
        4678   1.69305456       3.97606082E-02   1.99999996E-02
        4680   1.12372291       5.94619960E-02   2.99999993E-02
        4682   0.00000000       0.00000000       0.00000000    
        4684   1.68484640       3.94343771E-02   1.99999996E-02
        4686   1.12331533       5.94374985E-02   2.99999993E-02
        4688   1.69525003       3.98483351E-02   1.99999996E-02
        4690   3.39618611       1.99620351E-02   9.99999978E-03
        4692   1.11420524       5.88945970E-02   2.99999993E-02
        4694  0.742653906       7.24068508E-02   3.99999991E-02
        4696   1.11400735       5.88854589E-02   2.99999993E-02
        4698   1.69265652       3.97447310E-02   1.99999996E-02
        4700   1.10564935       5.83885275E-02   2.99999993E-02
        4702   1.69525003       3.98483351E-02   1.99999996E-02
        4704  0.630560756       9.52394903E-02   5.00000007E-02
        4706   1.11792457       5.91164418E-02   2.99999993E-02
        4708   1.12334049       5.94390035E-02   2.99999993E-02
        4710   3.39618611       1.99620351E-02   9.99999978E-03
        4712  0.807770252       7.66941160E-02   3.99999991E-02
        4714  0.451490223       8.12628046E-02   5.00000007E-02
        4716   1.68824065       3.95689495E-02   1.99999996E-02
        4718   1.60681784       3.64830308E-02   1.99999996E-02
        4720   0.00000000       0.00000000       0.00000000    
        4722  0.737071335       7.16521293E-02   3.99999991E-02
        4724   3.39618611       1.99620351E-02   9.99999978E-03
        4726   3.39618611       1.99620351E-02   9.99999978E-03
        4728  0.837488592       7.90379941E-02   3.99999991E-02
        4730   1.11502659       5.89438677E-02   2.99999993E-02
        4732   1.07029927      0.276244372       3.99999991E-02
        4734   3.39618611       1.99620351E-02   9.99999978E-03
        4736   3.39618611       1.99620351E-02   9.99999978E-03
        4738   1.69260550       3.97426896E-02   1.99999996E-02
        4740   0.00000000       0.00000000       0.00000000    
        4742   1.12423968       5.94929606E-02   2.99999993E-02
        4744   1.69525003       3.98483351E-02   1.99999996E-02
        4746   1.55689204       3.47612500E-02   1.99999996E-02
        4748   1.12085402       5.92905022E-02   2.99999993E-02
        4750  0.395645112       7.64607638E-02   5.00000007E-02
        4752   1.12220466       5.93713112E-02   2.99999993E-02
        4754   3.39618611       1.99620351E-02   9.99999978E-03
        4756   3.39618611       1.99620351E-02   9.99999978E-03
        4758  0.781744599       7.46810287E-02   3.99999991E-02
        4760  0.490481943       8.62642378E-02   5.00000007E-02
        4762  0.926066458      0.112287961       2.99999993E-02
        4764   3.39618611       1.99620351E-02   9.99999978E-03
        4766  0.823787808       7.79587254E-02   3.99999991E-02
        4768   1.10841644       5.85540012E-02   2.99999993E-02
        4770  0.497809649      0.111955002       5.99999987E-02
        4772   1.69422281       3.98072675E-02   1.99999996E-02
        4774   0.00000000       0.00000000       0.00000000    
        4776  0.220113665      0.133958250       5.99999987E-02
        4778   3.39618611       1.99620351E-02   9.99999978E-03
        4780  0.699282646      0.154676601       3.99999991E-02
        4782   1.69173646       3.97080407E-02   1.99999996E-02
        4784   1.69065273       3.96648645E-02   1.99999996E-02
        4786   3.39618611       1.99620351E-02   9.99999978E-03
        4788   1.10897517       5.85885718E-02   2.99999993E-02
        4790   0.00000000       0.00000000       0.00000000    
        4792  0.283824831      0.177169591       5.99999987E-02
        4794   3.39618611       1.99620351E-02   9.99999978E-03
        4796   1.69525003       3.98483351E-02   1.99999996E-02
        4798   3.39618611       1.99620351E-02   9.99999978E-03
        4800  0.251894951       9.69461054E-02   3.99999991E-02
        4802  0.864819467       8.95031616E-02   2.99999993E-02
        4804   1.66169882       3.85295860E-02   1.99999996E-02
        4806  0.319153756      0.104530424       5.00000007E-02
        4808   3.39618611       1.99620351E-02   9.99999978E-03
        4810  0.775967360       5.29422127E-02   2.99999993E-02
        4812   1.69270933       3.97468358E-02   1.99999996E-02
        4814   3.39618611       1.99620351E-02   9.99999978E-03
        4816  0.740834773       7.18276724E-02   3.99999991E-02
        4818  0.730478227       5.58731742E-02   2.99999993E-02
        4820   1.69178677       3.97100449E-02   1.99999996E-02
        4822  0.159583524      0.129392713       7.99999982E-02
        4824  0.319256961       7.75716975E-02   5.00000007E-02
        4826   1.32620013       2.98538692E-02   1.99999996E-02
        4828   3.39618611       1.99620351E-02   9.99999978E-03
        4830   1.12553144       5.95703460E-02   2.99999993E-02
        4832   1.57477748       3.53610255E-02   1.99999996E-02
        4834   1.69068527       3.96661609E-02   1.99999996E-02
        4836   3.39618611       1.99620351E-02   9.99999978E-03
        4838  0.806338251       4.34504524E-02   2.99999993E-02
        4840   1.69392669       3.97954360E-02   1.99999996E-02
        4842   1.45782474E-02   8.95874724E-02   7.00000003E-02
        4844  0.608487010       9.31858271E-02   5.00000007E-02
        4846  0.716492772       7.09022358E-02   3.99999991E-02
        4848   1.68960035       3.96229886E-02   1.99999996E-02
        4850  0.744601250       7.19028115E-02   3.99999991E-02
        4852   0.00000000       0.00000000       0.00000000    
        4854   3.39618611       1.99620351E-02   9.99999978E-03
        4856  0.901353300       4.96804938E-02   2.99999993E-02
        4858   3.39618611       1.99620351E-02   9.99999978E-03
        4860  0.539205432       8.70461315E-02   5.00000007E-02
        4862   1.14430332      0.344584107       5.00000007E-02
        4864  0.561091661      0.152674347       5.00000007E-02
        4866   1.02348447       5.40042147E-02   2.99999993E-02
        4868   1.69525003       3.98483351E-02   1.99999996E-02
        4870   1.63953018       3.76853533E-02   1.99999996E-02
        4872   3.39618611       1.99620351E-02   9.99999978E-03
        4874   1.46283305       3.19929607E-02   1.99999996E-02
        4876  0.616134942       9.37770978E-02   5.00000007E-02
        4878   1.69525003       3.98483351E-02   1.99999996E-02
        4880   3.39618611       1.99620351E-02   9.99999978E-03
        4882   1.12072945       5.92829064E-02   2.99999993E-02
        4884   3.39618611       1.99620351E-02   9.99999978E-03
        4886   1.65379643       3.82260606E-02   1.99999996E-02
        4888  0.834286213       7.87834600E-02   3.99999991E-02
        4890   1.12109888       5.93052655E-02   2.99999993E-02
        4892   1.65616930       3.83169092E-02   1.99999996E-02
        4894   1.69525003       3.98483351E-02   1.99999996E-02
        4896   1.11995637       5.92366457E-02   2.99999993E-02
        4898   1.69197631       3.97175997E-02   1.99999996E-02
        4900  0.827503622       7.82450289E-02   3.99999991E-02
        4902   3.39618611       1.99620351E-02   9.99999978E-03
        4904   3.39618611       1.99620351E-02   9.99999978E-03
        4906   3.39618611       1.99620351E-02   9.99999978E-03
        4908  0.826465964       7.81647339E-02   3.99999991E-02
        4910   1.69382679       3.97914462E-02   1.99999996E-02
        4912   1.68764842       3.95454317E-02   1.99999996E-02
        4914   1.65114856       3.81249897E-02   1.99999996E-02
        4916   3.39618611       1.99620351E-02   9.99999978E-03
        4918  0.779951572       7.47293308E-02   3.99999991E-02
        4920   3.39618611       1.99620351E-02   9.99999978E-03
        4922   1.12094653       5.92960343E-02   2.99999993E-02
        4924   1.11567652       5.89823090E-02   2.99999993E-02
        4926   3.39618611       1.99620351E-02   9.99999978E-03
        4928   1.69525003       3.98483351E-02   1.99999996E-02
        4930  0.551145256       8.79636034E-02   5.00000007E-02
        4932  0.936950624       4.92186584E-02   2.99999993E-02
        4934  0.774124742       7.41556212E-02   3.99999991E-02
        4936   1.21128249       3.39682736E-02   1.99999996E-02
        4938   0.00000000       0.00000000       0.00000000    
        4940   1.69378328       3.97897065E-02   1.99999996E-02
        4942   1.06524348       5.61426692E-02   2.99999993E-02
        4944  0.548317969       8.80068690E-02   5.00000007E-02
        4946   1.69307303       3.97613496E-02   1.99999996E-02
        4948   0.00000000       0.00000000       0.00000000    
        4950   0.00000000       0.00000000       0.00000000    
        4952   1.10021234       5.80722317E-02   2.99999993E-02
        4954   0.00000000       0.00000000       0.00000000    
        4956   1.10850942       5.85546456E-02   2.99999993E-02
        4958   3.39618611       1.99620351E-02   9.99999978E-03
        4960  0.246828184      0.134865344       7.99999982E-02
        4962  0.724073350       7.06017911E-02   3.99999991E-02
        4964   0.00000000       0.00000000       0.00000000    
        4966   1.11497140       5.89419007E-02   2.99999993E-02
        4968   0.00000000       0.00000000       0.00000000    
        4970   1.05741370       5.56320883E-02   2.99999993E-02
        4972   1.68859029       3.95828374E-02   1.99999996E-02
        4974   0.00000000       0.00000000       0.00000000    
        4976   3.39618611       1.99620351E-02   9.99999978E-03
        4978   1.69335449       3.97725850E-02   1.99999996E-02
        4980   1.69328463       3.97697985E-02   1.99999996E-02
        4982   1.67022228       3.88600752E-02   1.99999996E-02
        4984   1.11588693       5.89960106E-02   2.99999993E-02
        4986   1.10124707       5.81416078E-02   2.99999993E-02
        4988   1.69525003       3.98483351E-02   1.99999996E-02
        4990   1.06983376       5.63847721E-02   2.99999993E-02
        4992   3.39618611       1.99620351E-02   9.99999978E-03
        4994   1.68567145       3.94670442E-02   1.99999996E-02
        4996  0.717113018       7.09873587E-02   3.99999991E-02
        4998  0.797775507       7.60039613E-02   3.99999991E-02
        5000  0.820865154       7.77269974E-02   3.99999991E-02
        5002   1.68839216       3.95749658E-02   1.99999996E-02
        5004  0.957533836      0.338045925       5.99999987E-02
        5006  0.482006639      0.175157577       5.99999987E-02
        5008   1.10853291       5.85661381E-02   2.99999993E-02
        5010   3.39618611       1.99620351E-02   9.99999978E-03
        5012   1.05304039       5.53523339E-02   2.99999993E-02
        5014  0.123491980      0.300884247      0.100000001    
        5016  0.606349349       9.70636606E-02   3.99999991E-02
        5018  0.249098003      0.117003091       7.00000003E-02
        5020  0.837143660       7.90110752E-02   3.99999991E-02
        5022   1.68880808       3.95914912E-02   1.99999996E-02
        5024   0.00000000       0.00000000       0.00000000    
        5026  0.616305232       9.37822983E-02   5.00000007E-02
        5028   1.69355452       3.97805683E-02   1.99999996E-02
        5030   1.68090916       3.92788723E-02   1.99999996E-02
        5032  0.605722308       6.30675554E-02   3.99999991E-02
        5034  0.794454753       6.16876967E-02   2.99999993E-02
        5036  0.455181152       8.91521648E-02   5.00000007E-02
        5038   1.39172566       8.06407109E-02   1.99999996E-02
        5040   1.62555039       3.71649340E-02   1.99999996E-02
        5042   1.11502314       5.89429140E-02   2.99999993E-02
        5044  0.641167164       6.63441122E-02   3.99999991E-02
        5046  0.274190009      0.157429546       7.00000003E-02
        5048  0.408412457      0.175034076       5.99999987E-02
        5050  0.810060680       7.69141838E-02   3.99999991E-02
        5052  0.941476643       5.05520888E-02   2.99999993E-02
        5054  0.945829928       5.07495925E-02   2.99999993E-02
        5056   1.10940671       5.86149208E-02   2.99999993E-02
        5058   1.12277949       5.94056770E-02   2.99999993E-02
        5060  0.451054364      0.106810883       5.99999987E-02
        5062   3.39618611       1.99620351E-02   9.99999978E-03
        5064   0.00000000       0.00000000       0.00000000    
        5066   3.39618611       1.99620351E-02   9.99999978E-03
        5068  0.595495641       6.59059286E-02   3.99999991E-02
        5070  0.809332192       7.68119469E-02   3.99999991E-02
        5072   0.00000000       0.00000000       0.00000000    
        5074   3.39618611       1.99620351E-02   9.99999978E-03
        5076  0.489144742       8.48453715E-02   5.00000007E-02
        5078   0.00000000       0.00000000       0.00000000    
        5080  0.827608407       7.82539323E-02   3.99999991E-02
        5082  0.809715390       7.68855289E-02   3.99999991E-02
        5084   3.39618611       1.99620351E-02   9.99999978E-03
        5086  0.802063167       7.62687400E-02   3.99999991E-02
        5088   3.39618611       1.99620351E-02   9.99999978E-03
        5090   1.12173450       5.93431368E-02   2.99999993E-02
        5092   1.69525003       3.98483351E-02   1.99999996E-02
        5094  0.849893272       8.36944208E-02   2.99999993E-02
        5096   1.12262785       5.93963563E-02   2.99999993E-02
        5098  0.639594316       9.60598588E-02   5.00000007E-02
        5100  0.830536008       7.84844905E-02   3.99999991E-02
        5102   1.12102807       5.93009703E-02   2.99999993E-02
        5104  0.780654430       7.47953206E-02   3.99999991E-02
        5106   3.39618611       1.99620351E-02   9.99999978E-03
        5108   3.39618611       1.99620351E-02   9.99999978E-03
        5110   3.39618611       1.99620351E-02   9.99999978E-03
        5112   1.12163293       5.93368560E-02   2.99999993E-02
        5114   1.69525003       3.98483351E-02   1.99999996E-02
        5116   1.69320571       3.97666432E-02   1.99999996E-02
        5118   1.65166748       3.81447747E-02   1.99999996E-02
        5120   3.39618611       1.99620351E-02   9.99999978E-03
        5122   1.08543646       5.72393984E-02   2.99999993E-02
        5124   1.46785498       3.21213976E-02   1.99999996E-02
        5126   0.00000000       0.00000000       0.00000000    
        5128   1.09167659       5.75923659E-02   2.99999993E-02
        5130  0.690783441       6.94179162E-02   3.99999991E-02
        5132   1.12228560       5.93760684E-02   2.99999993E-02
        5134   3.39618611       1.99620351E-02   9.99999978E-03
        5136   1.69525003       3.98483351E-02   1.99999996E-02
        5138   3.39618611       1.99620351E-02   9.99999978E-03
        5140   1.12236726       5.93813807E-02   2.99999993E-02
        5142   3.39618611       1.99620351E-02   9.99999978E-03
        5144  0.560748637      0.315209091       7.00000003E-02
        5146  0.508677006      0.137448877       5.00000007E-02
        5148  0.967072964       5.14789596E-02   2.99999993E-02
        5150   1.05608976       5.56062572E-02   2.99999993E-02
        5152   1.03567159       5.46164364E-02   2.99999993E-02
        5154  0.590985000       7.41226003E-02   3.99999991E-02
        5156   1.12405050       5.94815947E-02   2.99999993E-02
        5158   1.01069605       5.31102046E-02   2.99999993E-02
        5160   1.63602531       3.75539847E-02   1.99999996E-02
        5162  0.693009555       6.95151985E-02   3.99999991E-02
        5164   3.39618611       1.99620351E-02   9.99999978E-03
        5166  0.556352496       6.74009696E-02   3.99999991E-02
        5168   1.69525003       3.98483351E-02   1.99999996E-02
        5170   1.69525003       3.98483351E-02   1.99999996E-02
        5172   1.08413088       5.71718626E-02   2.99999993E-02
        5174   3.39618611       1.99620351E-02   9.99999978E-03
        5176   1.66285717       3.85743156E-02   1.99999996E-02
        5178  0.393502176       6.24483004E-02   3.99999991E-02
        5180   3.39618611       1.99620351E-02   9.99999978E-03
        5182   1.12425339       5.94939068E-02   2.99999993E-02
        5184  0.811586082       5.19576631E-02   2.99999993E-02
        5186  0.771913350       7.41095245E-02   3.99999991E-02
        5188  0.833297968       7.87041485E-02   3.99999991E-02
        5190  0.649029851       6.57872632E-02   3.99999991E-02
        5192   1.69413173       3.98036242E-02   1.99999996E-02
        5194  0.491115183       8.29729214E-02   5.00000007E-02
        5196   1.58104599       3.55758891E-02   1.99999996E-02
        5198   1.69525003       3.98483351E-02   1.99999996E-02
        5200  0.740322948       7.21178129E-02   3.99999991E-02
        5202  0.540832460       8.77203047E-02   5.00000007E-02
        5204   3.39618611       1.99620351E-02   9.99999978E-03
        5206   1.69525003       3.98483351E-02   1.99999996E-02
        5208   1.69525003       3.98483351E-02   1.99999996E-02
        5210   3.39618611       1.99620351E-02   9.99999978E-03
        5212  0.454660803       9.04557258E-02   5.00000007E-02
        5214   3.39618611       1.99620351E-02   9.99999978E-03
        5216   1.69288898       3.97540033E-02   1.99999996E-02
        5218   0.00000000       0.00000000       0.00000000    
        5220   1.12185383       5.93504384E-02   2.99999993E-02
        5222   1.69525003       3.98483351E-02   1.99999996E-02
        5224   3.39618611       1.99620351E-02   9.99999978E-03
        5226   1.67861497       3.91885601E-02   1.99999996E-02
        5228   1.02595353       5.41032776E-02   2.99999993E-02
        5230   1.12598050       5.95972463E-02   2.99999993E-02
        5232   1.68983221       3.96322086E-02   1.99999996E-02
        5234   1.67945898       3.92217599E-02   1.99999996E-02
        5236  0.471998841      0.109454505       5.99999987E-02
        5238  0.380116493      0.111794084       5.99999987E-02
        5240   1.69362819       3.97835113E-02   1.99999996E-02
        5242   1.69525003       3.98483351E-02   1.99999996E-02
        5244   3.39618611       1.99620351E-02   9.99999978E-03
        5246   1.11737347       5.90828620E-02   2.99999993E-02
        5248   3.39618611       1.99620351E-02   9.99999978E-03
        5250   1.10470319       5.83401732E-02   2.99999993E-02
        5252  0.794018209       7.57326111E-02   3.99999991E-02
        5254   1.69368136       3.97856347E-02   1.99999996E-02
        5256   1.64908445       3.80464271E-02   1.99999996E-02
        5258   0.00000000       0.00000000       0.00000000    
        5260  0.523050904       8.58509541E-02   5.00000007E-02
        5262   0.00000000       0.00000000       0.00000000    
        5264   0.00000000       0.00000000       0.00000000    
        5266  0.514522135       6.85940236E-02   3.99999991E-02
        5268   7.77074546E-02  0.194376513       5.99999987E-02
        5270   1.69525003       3.98483351E-02   1.99999996E-02
        5272   1.69409537       3.98021713E-02   1.99999996E-02
        5274  0.644365966       5.42526431E-02   2.99999993E-02
        5276   1.69395852       3.97967063E-02   1.99999996E-02
        5278   1.69177330       3.97095047E-02   1.99999996E-02
        5280  0.835265577       7.88615644E-02   3.99999991E-02
        5282  0.792815626       7.56022483E-02   3.99999991E-02
        5284   1.09917927       5.80145605E-02   2.99999993E-02
        5286   3.39618611       1.99620351E-02   9.99999978E-03
        5288   1.69011247       3.96433659E-02   1.99999996E-02
        5290   3.39618611       1.99620351E-02   9.99999978E-03
        5292   1.12126756       5.93151301E-02   2.99999993E-02
        5294   3.39618611       1.99620351E-02   9.99999978E-03
        5296  0.489114195       8.68057907E-02   5.00000007E-02
        5298   3.39618611       1.99620351E-02   9.99999978E-03
        5300   3.39618611       1.99620351E-02   9.99999978E-03
        5302   1.69525003       3.98483351E-02   1.99999996E-02
        5304  0.694721282       6.86009973E-02   3.99999991E-02
        5306   1.11002803       5.86490296E-02   2.99999993E-02
        5308   1.69525003       3.98483351E-02   1.99999996E-02
        5310   3.39618611       1.99620351E-02   9.99999978E-03
        5312  0.666362703      0.131629407       2.99999993E-02
        5314   1.66801095       3.87740247E-02   1.99999996E-02
        5316   1.12036085       5.92608526E-02   2.99999993E-02
        5318  0.591678560       8.36409107E-02   3.99999991E-02
        5320  0.815987527       7.73421749E-02   3.99999991E-02
        5322   1.69388247       3.97936665E-02   1.99999996E-02
        5324   1.11607087       5.90056367E-02   2.99999993E-02
        5326   1.68135321       3.92963812E-02   1.99999996E-02
        5328   1.69525003       3.98483351E-02   1.99999996E-02
        5330  0.804599762       7.64643997E-02   3.99999991E-02
        5332   1.32384503       2.98503749E-02   1.99999996E-02
        5334   1.12603045       5.96002303E-02   2.99999993E-02
        5336   1.69525003       3.98483351E-02   1.99999996E-02
        5338  0.676833630       6.79040477E-02   3.99999991E-02
        5340   0.00000000       0.00000000       0.00000000    
        5342   1.12455380       5.95117435E-02   2.99999993E-02
        5344  0.831307471       7.85496011E-02   3.99999991E-02
        5346  0.794578135       7.57003203E-02   3.99999991E-02
        5348   1.12112880       5.93076609E-02   2.99999993E-02
        5350   1.62558949       3.71663757E-02   1.99999996E-02
        5352  0.810416102       5.15209287E-02   2.99999993E-02
        5354   0.00000000       0.00000000       0.00000000    
        5356   1.64980507       3.80738340E-02   1.99999996E-02
        5358   1.69332361       3.97713520E-02   1.99999996E-02
        5360  0.817896962       7.75015429E-02   3.99999991E-02
        5362  0.697270393       6.87253922E-02   3.99999991E-02
        5364   3.39618611       1.99620351E-02   9.99999978E-03
        5366  0.965178668       5.15279844E-02   2.99999993E-02
        5368   1.69525003       3.98483351E-02   1.99999996E-02
        5370   1.69525003       3.98483351E-02   1.99999996E-02
        5372   1.69525003       3.98483351E-02   1.99999996E-02
        5374   1.69525003       3.98483351E-02   1.99999996E-02
        5376   1.69525003       3.98483351E-02   1.99999996E-02
        5378   3.39618611       1.99620351E-02   9.99999978E-03
        5380  0.526860595       8.62025246E-02   5.00000007E-02
        5382   1.69168544       3.97060066E-02   1.99999996E-02
        5384   3.39618611       1.99620351E-02   9.99999978E-03
        5386   3.39618611       1.99620351E-02   9.99999978E-03
        5388   0.00000000       0.00000000       0.00000000    
        5390   1.69227421       3.97294760E-02   1.99999996E-02
        5392  0.433994174      0.107829593       3.99999991E-02
        5394   1.11957312       5.92145622E-02   2.99999993E-02
        5396  0.692125022       6.99848309E-02   3.99999991E-02
        5398   3.39618611       1.99620351E-02   9.99999978E-03
        5400  0.245197505      0.114830412       5.00000007E-02
        5402   3.39618611       1.99620351E-02   9.99999978E-03
        5404   1.12463224       5.95165528E-02   2.99999993E-02
        5406   1.69525003       3.98483351E-02   1.99999996E-02
        5408   0.00000000       0.00000000       0.00000000    
        5410   3.39618611       1.99620351E-02   9.99999978E-03
        5412   1.22747374       3.22716385E-02   1.99999996E-02
        5414  0.748057246       7.24469945E-02   3.99999991E-02
        5416   1.69364786       3.97843011E-02   1.99999996E-02
        5418  0.811812878       7.70317912E-02   3.99999991E-02
        5420   1.69047654       3.96578498E-02   1.99999996E-02
        5422   1.68641925       3.94966789E-02   1.99999996E-02
        5424   1.07799494       5.68041317E-02   2.99999993E-02
        5426   3.39618611       1.99620351E-02   9.99999978E-03
        5428   3.39618611       1.99620351E-02   9.99999978E-03
        5430   1.11191857       5.87586686E-02   2.99999993E-02
        5432   1.02558160       5.41237220E-02   2.99999993E-02
        5434  0.698676348       6.96690381E-02   3.99999991E-02
        5436   1.69525003       3.98483351E-02   1.99999996E-02
        5438   3.39618611       1.99620351E-02   9.99999978E-03
        5440   0.00000000       0.00000000       0.00000000    
        5442   1.69044673       3.96566652E-02   1.99999996E-02
        5444   1.68952036       3.96198072E-02   1.99999996E-02
        5446  0.779329419       7.45878667E-02   3.99999991E-02
        5448  0.323593527      0.104724661       5.99999987E-02
        5450   3.39618611       1.99620351E-02   9.99999978E-03
        5452   0.00000000       0.00000000       0.00000000    
        5454  0.698017240       6.82452396E-02   3.99999991E-02
        5456   1.68157053       3.93049493E-02   1.99999996E-02
        5458   3.39618611       1.99620351E-02   9.99999978E-03
        5460   1.69525003       3.98483351E-02   1.99999996E-02
        5462   1.69307446       3.97614054E-02   1.99999996E-02
        5464   0.00000000       0.00000000       0.00000000    
        5466  0.959407330       5.12431934E-02   2.99999993E-02
        5468  0.240367085      0.124688871       7.00000003E-02
        5470   1.04768765       5.52138872E-02   2.99999993E-02
        5472  0.804013610       7.64361098E-02   3.99999991E-02
        5474   1.12122107       5.93124926E-02   2.99999993E-02
        5476   3.39618611       1.99620351E-02   9.99999978E-03
        5478   3.39618611       1.99620351E-02   9.99999978E-03
        5480   1.69525003       3.98483351E-02   1.99999996E-02
        5482   1.12303519       5.94209395E-02   2.99999993E-02
        5484  0.791805863       7.55492523E-02   3.99999991E-02
        5486   1.69258261       3.97417769E-02   1.99999996E-02
        5488   0.00000000       0.00000000       0.00000000    
        5490   3.39618611       1.99620351E-02   9.99999978E-03
        5492   3.39618611       1.99620351E-02   9.99999978E-03
        5494  0.521681547       6.12757355E-02   3.99999991E-02
        5496   1.12625325       5.96135892E-02   2.99999993E-02
        5498   0.00000000       0.00000000       0.00000000    
        5500  0.881531119       9.11424831E-02   2.99999993E-02
        5502  0.660357952       6.82033375E-02   3.99999991E-02
        5504   3.39618611       1.99620351E-02   9.99999978E-03
        5506   1.11991572       5.92355989E-02   2.99999993E-02
        5508   0.00000000       0.00000000       0.00000000    
        5510   1.60285771       3.63412388E-02   1.99999996E-02
        5512   1.12495971       5.95361367E-02   2.99999993E-02
        5514   1.12502098       5.95397130E-02   2.99999993E-02
        5516   1.68408024       3.94040644E-02   1.99999996E-02
        5518  0.752660394       7.28980154E-02   3.99999991E-02
        5520   1.57178259      0.214250445       2.99999993E-02
        5522   3.39618611       1.99620351E-02   9.99999978E-03
        5524   3.39618611       1.99620351E-02   9.99999978E-03
        5526  0.803182602       5.36199063E-02   2.99999993E-02
        5528   0.00000000       0.00000000       0.00000000    
        5530   1.12064123       5.92776872E-02   2.99999993E-02
        5532  0.752946258       7.29573965E-02   3.99999991E-02
        5534   3.39618611       1.99620351E-02   9.99999978E-03
        5536   3.39618611       1.99620351E-02   9.99999978E-03
        5538  0.665441990       6.79085255E-02   3.99999991E-02
        5540   1.69525003       3.98483351E-02   1.99999996E-02
        5542   0.00000000       0.00000000       0.00000000    
        5544   1.69414675       3.98042277E-02   1.99999996E-02
        5546  0.827585220       7.82509595E-02   3.99999991E-02
        5548   1.04729199       5.51474802E-02   2.99999993E-02
        5550  0.726919532       7.07245320E-02   3.99999991E-02
        5552   1.69525003       3.98483351E-02   1.99999996E-02
        5554   1.12196124       5.93571924E-02   2.99999993E-02
        5556   0.00000000       0.00000000       0.00000000    
        5558   1.69525003       3.98483351E-02   1.99999996E-02
        5560   0.00000000       0.00000000       0.00000000    
        5562  0.420647472      0.104192533       5.99999987E-02
        5564   1.12526953       5.95546030E-02   2.99999993E-02
        5566  0.314709216      0.121586002       5.99999987E-02
        5568  0.656202018       9.76638645E-02   5.00000007E-02
        5570  0.661327839       9.81732234E-02   5.00000007E-02
        5572  0.663147569       6.72385097E-02   3.99999991E-02
        5574  0.132092491      0.118648849       5.99999987E-02
        5576   1.11329722       5.88401072E-02   2.99999993E-02
        5578  0.137281120      0.117606319       7.99999982E-02
        5580  0.635428548       9.56226513E-02   5.00000007E-02
        5582   1.69089091       3.96743529E-02   1.99999996E-02
        5584   1.11121798       5.87189272E-02   2.99999993E-02
        5586  0.310316712      0.119569764       7.00000003E-02
        5588   3.39618611       1.99620351E-02   9.99999978E-03
        5590  0.759114563       7.33439028E-02   3.99999991E-02
        5592   1.62647057       3.71988937E-02   1.99999996E-02
        5594   3.39618611       1.99620351E-02   9.99999978E-03
        5596   1.00515366       5.27718477E-02   2.99999993E-02
        5598   1.68359983       3.93850729E-02   1.99999996E-02
        5600   1.69267642       3.97455245E-02   1.99999996E-02
        5602  0.685770333       6.97741956E-02   3.99999991E-02
        5604   3.39618611       1.99620351E-02   9.99999978E-03
        5606   3.39618611       1.99620351E-02   9.99999978E-03
        5608   1.69332123       3.97712588E-02   1.99999996E-02
        5610   1.11442387       5.89077510E-02   2.99999993E-02
        5612   1.67038488       3.88664082E-02   1.99999996E-02
        5614   0.00000000       0.00000000       0.00000000    
        5616   0.00000000       0.00000000       0.00000000    
        5618   1.69068122       3.96659970E-02   1.99999996E-02
        5620   1.58733416       3.57937515E-02   1.99999996E-02
        5622   0.00000000       0.00000000       0.00000000    
        5624  0.766249776       7.34628662E-02   3.99999991E-02
        5626   1.69295108       3.97564843E-02   1.99999996E-02
        5628   3.39618611       1.99620351E-02   9.99999978E-03
        5630   0.00000000       0.00000000       0.00000000    
        5632  0.326145887      0.102200389       5.99999987E-02
        5634   1.69525003       3.98483351E-02   1.99999996E-02
        5636  0.906984448       4.98742051E-02   2.99999993E-02
        5638   1.68803453       3.95607613E-02   1.99999996E-02
        5640   0.00000000       0.00000000       0.00000000    
        5642   1.69525003       3.98483351E-02   1.99999996E-02
        5644  0.635722756       6.90230727E-02   3.99999991E-02
        5646   1.69525003       3.98483351E-02   1.99999996E-02
        5648   3.39618611       1.99620351E-02   9.99999978E-03
        5650  0.818419397       7.75265172E-02   3.99999991E-02
        5652   0.00000000       0.00000000       0.00000000    
        5654   0.00000000       0.00000000       0.00000000    
        5656   1.12515831       5.95480204E-02   2.99999993E-02
        5658   1.69179356       3.97103131E-02   1.99999996E-02
        5660   3.39618611       1.99620351E-02   9.99999978E-03
        5662   3.39618611       1.99620351E-02   9.99999978E-03
        5664   0.00000000       0.00000000       0.00000000    
        5666   1.69402456       3.97993475E-02   1.99999996E-02
        5668  0.803647757       7.63746798E-02   3.99999991E-02
        5670   1.69068682       3.96662205E-02   1.99999996E-02
        5672   1.69290662       3.97547111E-02   1.99999996E-02
        5674   1.47749722       3.23749743E-02   1.99999996E-02
        5676  0.313613743      0.162575528       5.99999987E-02
        5678  0.328179121       7.60961547E-02   5.00000007E-02
        5680  0.759038985       7.30068833E-02   3.99999991E-02
        5682  0.364270926       8.54060724E-02   5.00000007E-02
        5684   1.01900280       5.37984036E-02   2.99999993E-02
        5686   1.12361073       5.94553091E-02   2.99999993E-02
        5688   1.69322693       3.97674926E-02   1.99999996E-02
        5690   3.39618611       1.99620351E-02   9.99999978E-03
        5692  0.834760070       7.88206533E-02   3.99999991E-02
        5694   0.00000000       0.00000000       0.00000000    
        5696  0.767062485       7.37990513E-02   3.99999991E-02
        5698  0.412067026      0.103023298       5.99999987E-02
        5700   1.67512131       3.90514545E-02   1.99999996E-02
        5702  0.604030371       9.57370549E-02   3.99999991E-02
        5704   0.00000000       0.00000000       0.00000000    
        5706   3.39618611       1.99620351E-02   9.99999978E-03
        5708   3.39618611       1.99620351E-02   9.99999978E-03
        5710   0.00000000       0.00000000       0.00000000    
        5712   3.39618611       1.99620351E-02   9.99999978E-03
        5714  0.679960251      0.249657124       5.99999987E-02
        5716  0.644250393       9.64794606E-02   5.00000007E-02
        5718   0.00000000       0.00000000       0.00000000    
        5720  0.249233916      0.234832734       7.00000003E-02
        5722   1.09652293       5.78735918E-02   2.99999993E-02
        5724  0.720611453      0.130285084       3.99999991E-02
        5726   3.39618611       1.99620351E-02   9.99999978E-03
        5728   3.39618611       1.99620351E-02   9.99999978E-03
        5730  0.642152786       9.63001549E-02   5.00000007E-02
        5732   1.12627602       5.96149489E-02   2.99999993E-02
        5734  0.426480234      0.103208952       5.00000007E-02
        5736   1.68943906       3.96165736E-02   1.99999996E-02
        5738   1.10763884       5.85046038E-02   2.99999993E-02
        5740   1.12451589       5.95095977E-02   2.99999993E-02
        5742   2.00797653      0.284766644       2.99999993E-02
        5744   3.39618611       1.99620351E-02   9.99999978E-03
        5746   1.11454666       5.89149818E-02   2.99999993E-02
        5748   1.69404697       3.98002379E-02   1.99999996E-02
        5750  0.694684148       6.96152076E-02   3.99999991E-02
        5752   0.00000000       0.00000000       0.00000000    
        5754   3.39618611       1.99620351E-02   9.99999978E-03
        5756   1.11047530       5.86768575E-02   2.99999993E-02
        5758  0.783706605       7.49854669E-02   3.99999991E-02
        5760  0.815488338       7.73075074E-02   3.99999991E-02
        5762   1.69399929       3.97983380E-02   1.99999996E-02
        5764  0.337615848       8.74902606E-02   5.00000007E-02
        5766   1.06090593       5.58104962E-02   2.99999993E-02
        5768  0.580490232       9.05855373E-02   5.00000007E-02
        5770   3.39618611       1.99620351E-02   9.99999978E-03
        5772   1.08627331       5.72741181E-02   2.99999993E-02
        5774   1.68686521       3.95143591E-02   1.99999996E-02
        5776  0.820776701       7.77227655E-02   3.99999991E-02
        5778   1.40286529       3.06822024E-02   1.99999996E-02
        5780  0.614926696       9.37098637E-02   5.00000007E-02
        5782  0.365053743      0.125215471       7.00000003E-02
        5784   0.00000000       0.00000000       0.00000000    
        5786   1.69409072       3.98019888E-02   1.99999996E-02
        5788   1.68814075       3.95649821E-02   1.99999996E-02
        5790  0.491465449       8.50685984E-02   5.00000007E-02
        5792   1.08557391       5.72127029E-02   2.99999993E-02
        5794  0.286981642       9.38236266E-02   5.99999987E-02
        5796   3.39618611       1.99620351E-02   9.99999978E-03
        5798   1.69525003       3.98483351E-02   1.99999996E-02
        5800   1.10362267       5.82735837E-02   2.99999993E-02
        5802   1.12242925       5.93847297E-02   2.99999993E-02
        5804   1.19535673       3.92728075E-02   1.99999996E-02
        5806   3.39618611       1.99620351E-02   9.99999978E-03
        5808   0.00000000       0.00000000       0.00000000    
        5810   1.68217313       3.93287241E-02   1.99999996E-02
        5812   1.69324887       3.97683717E-02   1.99999996E-02
        5814   1.12632251       5.96177354E-02   2.99999993E-02
        5816  0.469024092       8.31079483E-02   5.00000007E-02
        5818  0.388772219      0.100449897       5.99999987E-02
        5820   3.39618611       1.99620351E-02   9.99999978E-03
        5822   3.39618611       1.99620351E-02   9.99999978E-03
        5824  0.395782828       7.35294595E-02   5.00000007E-02
        5826  0.408197522       6.08853959E-02   3.99999991E-02
        5828   3.39618611       1.99620351E-02   9.99999978E-03
        5830   1.63866615       3.76529172E-02   1.99999996E-02
        5832  0.823921263       7.79617056E-02   3.99999991E-02
        5834   3.39618611       1.99620351E-02   9.99999978E-03
        5836   1.12596905       5.95965572E-02   2.99999993E-02
        5838   1.12417376       5.94891571E-02   2.99999993E-02
        5840  0.800761521       4.27041724E-02   2.99999993E-02
        5842  0.546986699       8.82000998E-02   5.00000007E-02
        5844   1.10864162       5.85620590E-02   2.99999993E-02
        5846  0.834492505       7.87992552E-02   3.99999991E-02
        5848   1.07643926       5.67109250E-02   2.99999993E-02
        5850   3.39618611       1.99620351E-02   9.99999978E-03
        5852   1.69525003       3.98483351E-02   1.99999996E-02
        5854  0.957317114       5.11297174E-02   2.99999993E-02
        5856   1.69366419       3.97849530E-02   1.99999996E-02
        5858   1.69416571       3.98049839E-02   1.99999996E-02
        5860  0.288168073      0.137033448       7.00000003E-02
        5862   1.10135794       5.81457354E-02   2.99999993E-02
        5864   1.10144937       5.81483319E-02   2.99999993E-02
        5866  0.878616691       4.83218282E-02   2.99999993E-02
        5868   1.69389224       3.97940613E-02   1.99999996E-02
        5870  0.795355797       7.57340789E-02   3.99999991E-02
        5872   3.39618611       1.99620351E-02   9.99999978E-03
        5874   3.39618611       1.99620351E-02   9.99999978E-03
        5876   3.39618611       1.99620351E-02   9.99999978E-03
        5878   0.00000000       0.00000000       0.00000000    
        5880  0.582509160       7.20124319E-02   2.99999993E-02
        5882   1.07310057       5.65210916E-02   2.99999993E-02
        5884   1.12557054       5.95726408E-02   2.99999993E-02
        5886   1.69328535       3.97698246E-02   1.99999996E-02
        5888   3.39618611       1.99620351E-02   9.99999978E-03
        5890  0.389739186      0.102338836       5.99999987E-02
        5892   3.39618611       1.99620351E-02   9.99999978E-03
        5894  0.577523708       9.07038748E-02   5.00000007E-02
        5896   3.39618611       1.99620351E-02   9.99999978E-03
        5898   0.00000000       0.00000000       0.00000000    
        5900   1.09384143       5.76971136E-02   2.99999993E-02
        5902   1.10852718       5.85575663E-02   2.99999993E-02
        5904   1.69525003       3.98483351E-02   1.99999996E-02
        5906  0.793828964       7.55950436E-02   3.99999991E-02
        5908  0.362544954      0.136695713       5.99999987E-02
        5910  0.693181872       6.87988922E-02   3.99999991E-02
        5912   3.39618611       1.99620351E-02   9.99999978E-03
        5914  0.629415274       6.90007955E-02   3.99999991E-02
        5916  0.794802964       6.21215664E-02   2.99999993E-02
        5918   0.00000000       0.00000000       0.00000000    
        5920   3.39618611       1.99620351E-02   9.99999978E-03
        5922  0.308471829       8.05558339E-02   5.00000007E-02
        5924   3.39618611       1.99620351E-02   9.99999978E-03
        5926   1.69525003       3.98483351E-02   1.99999996E-02
        5928   1.11680973       5.90501167E-02   2.99999993E-02
        5930   3.39618611       1.99620351E-02   9.99999978E-03
        5932   1.69266284       3.97449769E-02   1.99999996E-02
        5934  0.227594867      0.124212392       5.99999987E-02
        5936   3.39618611       1.99620351E-02   9.99999978E-03
        5938   0.00000000       0.00000000       0.00000000    
        5940   1.69525003       3.98483351E-02   1.99999996E-02
        5942   1.69525003       3.98483351E-02   1.99999996E-02
        5944   0.00000000       0.00000000       0.00000000    
        5946   0.00000000       0.00000000       0.00000000    
        5948   1.67391860       3.90043780E-02   1.99999996E-02
        5950   1.10023880       5.80689795E-02   2.99999993E-02
        5952   0.00000000       0.00000000       0.00000000    
        5954  0.392194152      0.102035969       5.99999987E-02
        5956   1.69370151       3.97864431E-02   1.99999996E-02
        5958  0.517607808       5.99919744E-02   3.99999991E-02
        5960   1.12407207       5.94830774E-02   2.99999993E-02
        5962   1.44816852       3.16329263E-02   1.99999996E-02
        5964   1.65802896       3.83882821E-02   1.99999996E-02
        5966   3.39618611       1.99620351E-02   9.99999978E-03
        5968   1.69525003       3.98483351E-02   1.99999996E-02
        5970   1.62529111       3.71553712E-02   1.99999996E-02
        5972   1.69525003       3.98483351E-02   1.99999996E-02
        5974  0.265986621      0.129242137       7.00000003E-02
        5976  0.576402247      0.150696218       5.00000007E-02
        5978   0.00000000       0.00000000       0.00000000    
        5980   1.69525003       3.98483351E-02   1.99999996E-02
        5982   3.39618611       1.99620351E-02   9.99999978E-03
        5984  0.633590877       6.92352057E-02   3.99999991E-02
        5986   1.11784816       5.91112375E-02   2.99999993E-02
        5988   1.68581271       3.94726396E-02   1.99999996E-02
        5990   1.68821239       3.95678245E-02   1.99999996E-02
        5992   1.69525003       3.98483351E-02   1.99999996E-02
        5994  0.896037579       4.97413650E-02   2.99999993E-02
        5996   3.39618611       1.99620351E-02   9.99999978E-03
        5998   3.39618611       1.99620351E-02   9.99999978E-03
        6000   3.39618611       1.99620351E-02   9.99999978E-03
        6002   1.69346070       3.97768244E-02   1.99999996E-02
        6004   1.09529698       5.78008965E-02   2.99999993E-02
        6006   0.00000000       0.00000000       0.00000000    
        6008   1.12275767       5.94042353E-02   2.99999993E-02
        6010   1.43056786       3.12326066E-02   1.99999996E-02
        6012   1.10255420       5.82195632E-02   2.99999993E-02
        6014  0.562452018       4.77701463E-02   2.99999993E-02
        6016   1.11674166       5.90455309E-02   2.99999993E-02
        6018   1.69525003       3.98483351E-02   1.99999996E-02
        6020   0.00000000       0.00000000       0.00000000    
        6022   1.68922067       3.96078937E-02   1.99999996E-02
        6024   0.00000000       0.00000000       0.00000000    
        6026   1.69115126       3.96847203E-02   1.99999996E-02
        6028   3.39618611       1.99620351E-02   9.99999978E-03
        6030   1.63270867       3.74302194E-02   1.99999996E-02
        6032   1.69165444       3.97047698E-02   1.99999996E-02
        6034  0.882823706       4.95355912E-02   2.99999993E-02
        6036  0.556560814      0.170420587       5.00000007E-02
        6038   7.76048899E-02  0.103420004       7.00000003E-02
        6040   1.69288754       3.97539474E-02   1.99999996E-02
        6042   3.39618611       1.99620351E-02   9.99999978E-03
        6044   1.69184899       3.97125222E-02   1.99999996E-02
        6046   0.00000000       0.00000000       0.00000000    
        6048   3.39618611       1.99620351E-02   9.99999978E-03
        6050   3.39618611       1.99620351E-02   9.99999978E-03
        6052   1.12357724       5.94533272E-02   2.99999993E-02
        6054   0.00000000       0.00000000       0.00000000    
        6056  0.837986469       7.90778324E-02   3.99999991E-02
        6058  0.555561185       7.42027611E-02   3.99999991E-02
        6060   3.39618611       1.99620351E-02   9.99999978E-03
        6062   1.69280529       3.97506617E-02   1.99999996E-02
        6064   3.39618611       1.99620351E-02   9.99999978E-03
        6066  0.991539359       5.25845848E-02   2.99999993E-02
        6068   1.11644709       5.90270273E-02   2.99999993E-02
        6070   1.36797071       3.01562846E-02   1.99999996E-02
        6072  0.972343326       5.17620035E-02   2.99999993E-02
        6074   0.00000000       0.00000000       0.00000000    
        6076   0.00000000       0.00000000       0.00000000    
        6078   3.39618611       1.99620351E-02   9.99999978E-03
        6080   1.11841321       5.91453053E-02   2.99999993E-02
        6082   0.00000000       0.00000000       0.00000000    
        6084   3.39618611       1.99620351E-02   9.99999978E-03
        6086   0.00000000       0.00000000       0.00000000    
        6088   1.11281157       5.88111505E-02   2.99999993E-02
        6090   1.60117865       3.62813771E-02   1.99999996E-02
        6092   1.69525003       3.98483351E-02   1.99999996E-02
        6094   1.12467659       5.95191009E-02   2.99999993E-02
        6096   4.99766059E-02  0.117735520       5.99999987E-02
        6098   1.68531954       3.94531079E-02   1.99999996E-02
        6100  0.817320526       7.74492621E-02   3.99999991E-02
        6102  0.812131047       7.70276561E-02   3.99999991E-02
        6104   1.66949427       3.88317257E-02   1.99999996E-02
        6106  0.854269922       4.79608849E-02   2.99999993E-02
        6108  0.567547321       4.95823920E-02   2.99999993E-02
        6110  0.565906882       8.65362585E-02   3.99999991E-02
        6112   1.69360161       3.97824496E-02   1.99999996E-02
        6114  0.799512386       7.60676488E-02   3.99999991E-02
        6116   1.69525003       3.98483351E-02   1.99999996E-02
        6118   1.09686494       5.78843169E-02   2.99999993E-02
        6120   1.69189942       3.97145376E-02   1.99999996E-02
        6122   1.36404133       3.01108956E-02   1.99999996E-02
        6124   1.69525003       3.98483351E-02   1.99999996E-02
        6126  0.309126079      0.119796053       7.00000003E-02
        6128   7.79506639E-02  0.123790815       5.99999987E-02
        6130  0.368410379      0.108390041       5.00000007E-02
        6132   3.39618611       1.99620351E-02   9.99999978E-03
        6134   3.39618611       1.99620351E-02   9.99999978E-03
        6136   1.10747504       5.84957637E-02   2.99999993E-02
        6138   1.68949521       3.96188051E-02   1.99999996E-02
        6140   1.00011075       5.29207364E-02   2.99999993E-02
        6142   3.39618611       1.99620351E-02   9.99999978E-03
        6144  0.550039530       7.24254251E-02   3.99999991E-02
        6146  0.822429538       7.78423995E-02   3.99999991E-02
        6148   1.68426001       3.94111760E-02   1.99999996E-02
        6150   1.11550319       5.89710884E-02   2.99999993E-02
        6152   1.67369747       3.89957279E-02   1.99999996E-02
        6154  0.463388562       5.93587719E-02   3.99999991E-02
        6156   3.39618611       1.99620351E-02   9.99999978E-03
        6158  0.460385442       8.93096998E-02   5.00000007E-02
        6160   1.10619915       5.84304295E-02   2.99999993E-02
        6162   1.69525003       3.98483351E-02   1.99999996E-02
        6164   3.39618611       1.99620351E-02   9.99999978E-03
        6166   3.39618611       1.99620351E-02   9.99999978E-03
        6168   0.00000000       0.00000000       0.00000000    
        6170  0.813911974       7.71950260E-02   3.99999991E-02
        6172   1.68684375       3.95135097E-02   1.99999996E-02
        6174  0.825626373       7.80969411E-02   3.99999991E-02
        6176   1.69417107       3.98052000E-02   1.99999996E-02
        6178   1.12606919       5.96025586E-02   2.99999993E-02
        6180  0.133233398       9.32407826E-02   5.00000007E-02
        6182  0.534222960      0.330030650       7.00000003E-02
        6184   1.66132092       3.85150090E-02   1.99999996E-02
        6186   1.67243922       3.89465503E-02   1.99999996E-02
        6188  0.401400596       5.89111447E-02   3.99999991E-02
        6190   1.05834544       5.56603186E-02   2.99999993E-02
        6192   1.68929279       3.96107584E-02   1.99999996E-02
        6194  0.816135287       5.19708917E-02   2.99999993E-02
        6196   1.12347889       5.94474040E-02   2.99999993E-02
        6198   0.00000000       0.00000000       0.00000000    
        6200   3.39618611       1.99620351E-02   9.99999978E-03
        6202  0.793744922       6.02484159E-02   2.99999993E-02
        6204   1.69286466       3.97530347E-02   1.99999996E-02
        6206  0.427951038      0.104783997       5.99999987E-02
        6208   0.00000000       0.00000000       0.00000000    
        6210   0.00000000       0.00000000       0.00000000    
        6212   3.39618611       1.99620351E-02   9.99999978E-03
        6214   3.39618611       1.99620351E-02   9.99999978E-03
        6216  0.130187467      0.122196130       7.00000003E-02
        6218  0.701821566       6.99129477E-02   3.99999991E-02
        6220  0.834945321       7.88356215E-02   3.99999991E-02
        6222   1.69367898       3.97855416E-02   1.99999996E-02
        6224   1.68913591       3.96045223E-02   1.99999996E-02
        6226   1.11261749       5.87992743E-02   2.99999993E-02
        6228   1.69395518       3.97965722E-02   1.99999996E-02
        6230   1.47134960       9.16603431E-02   1.99999996E-02
        6232   0.00000000       0.00000000       0.00000000    
        6234   1.11923754       5.91953695E-02   2.99999993E-02
        6236  0.259378940       7.70764351E-02   5.00000007E-02
        6238   1.12358975       5.94540536E-02   2.99999993E-02
        6240   0.00000000       0.00000000       0.00000000    
        6242   1.10560620       5.83926812E-02   2.99999993E-02
        6244   3.39618611       1.99620351E-02   9.99999978E-03
        6246   1.04199243       5.48510440E-02   2.99999993E-02
        6248  0.493886560       8.89435261E-02   5.00000007E-02
        6250  0.279875845      0.113603249       5.99999987E-02
        6252  0.820389926       7.76807442E-02   3.99999991E-02
        6254  0.448792368      0.107352257       5.99999987E-02
        6256  0.733555734       7.10988864E-02   3.99999991E-02
        6258   1.69365942       3.97847593E-02   1.99999996E-02
        6260  0.419349641       9.34862494E-02   5.00000007E-02
        6262  0.524865448      0.115053371       5.99999987E-02
        6264   1.05808425       5.56933656E-02   2.99999993E-02
        6266  0.537576377       7.67344385E-02   3.99999991E-02
        6268  0.525932550       8.61149654E-02   5.00000007E-02
        6270   1.69525003       3.98483351E-02   1.99999996E-02
        6272   0.00000000       0.00000000       0.00000000    
        6274   1.30688035       2.98785772E-02   1.99999996E-02
        6276   3.39618611       1.99620351E-02   9.99999978E-03
        6278   1.68750644       3.95397991E-02   1.99999996E-02
        6280   1.09243202       5.76125868E-02   2.99999993E-02
        6282   3.39618611       1.99620351E-02   9.99999978E-03
        6284  0.498135716       8.69235843E-02   5.00000007E-02
        6286   1.60960484       3.65833230E-02   1.99999996E-02
        6288   1.66592813       3.86931747E-02   1.99999996E-02
        6290  0.515748262      0.113982506       5.99999987E-02
        6292   1.08655965       5.72995767E-02   2.99999993E-02
        6294   1.69525003       3.98483351E-02   1.99999996E-02
        6296   0.00000000       0.00000000       0.00000000    
        6298   1.68329000       3.93728279E-02   1.99999996E-02
        6300   3.39618611       1.99620351E-02   9.99999978E-03
        6302   1.63479674       3.75080816E-02   1.99999996E-02
        6304   1.69525003       3.98483351E-02   1.99999996E-02
        6306   3.39618611       1.99620351E-02   9.99999978E-03
        6308  0.599555194       9.23402756E-02   5.00000007E-02
        6310   3.39618611       1.99620351E-02   9.99999978E-03
        6312  0.245950907      0.111705542       7.00000003E-02
        6314   3.39618611       1.99620351E-02   9.99999978E-03
        6316  0.629548132       9.50736478E-02   5.00000007E-02
        6318   1.00065088       5.27591184E-02   2.99999993E-02
        6320   1.69525003       3.98483351E-02   1.99999996E-02
        6322   3.39618611       1.99620351E-02   9.99999978E-03
        6324   3.39618611       1.99620351E-02   9.99999978E-03
        6326   3.39618611       1.99620351E-02   9.99999978E-03
        6328   1.69525003       3.98483351E-02   1.99999996E-02
        6330   1.69137716       3.96937206E-02   1.99999996E-02
        6332   3.39618611       1.99620351E-02   9.99999978E-03
        6334   1.12191486       5.93538471E-02   2.99999993E-02
        6336  0.830939233       7.85161927E-02   3.99999991E-02
        6338   1.11537230       5.89669049E-02   2.99999993E-02
        6340   1.11272943       5.88100292E-02   2.99999993E-02
        6342  0.497074217      0.111944772       5.99999987E-02
        6344   1.68367326       3.93879712E-02   1.99999996E-02
        6346   1.68346572       3.93797718E-02   1.99999996E-02
        6348   0.00000000       0.00000000       0.00000000    
        6350   1.05881059       5.58009036E-02   2.99999993E-02
        6352   3.39618611       1.99620351E-02   9.99999978E-03
        6354   1.69410050       3.98023799E-02   1.99999996E-02
        6356  0.871405721      0.266843677       5.00000007E-02
        6358   1.09044254       5.75229265E-02   2.99999993E-02
        6360   1.66491568       3.86539437E-02   1.99999996E-02
        6362   1.69352579       3.97794209E-02   1.99999996E-02
        6364  0.806990683       7.66491070E-02   3.99999991E-02
        6366   1.69401944       3.97991389E-02   1.99999996E-02
        6368   1.69350338       3.97785269E-02   1.99999996E-02
        6370   1.69264030       3.97440828E-02   1.99999996E-02
        6372  0.369914889       9.84412208E-02   5.99999987E-02
        6374   1.68483567       3.94339524E-02   1.99999996E-02
        6376  -4.47708108E-02  0.114902228       5.99999987E-02
        6378  0.660760462       6.66582137E-02   3.99999991E-02
        6380   1.21180892       4.84523512E-02   1.99999996E-02
        6382   1.68365657       3.93873155E-02   1.99999996E-02
        6384   1.69106376       3.96812372E-02   1.99999996E-02
        6386  0.626910686       6.47052154E-02   3.99999991E-02
        6388   3.39618611       1.99620351E-02   9.99999978E-03
        6390   1.11117518       5.87146655E-02   2.99999993E-02
        6392   1.02307320       5.38033210E-02   2.99999993E-02
        6394   0.00000000       0.00000000       0.00000000    
        6396  0.554045618       8.03817734E-02   3.99999991E-02
        6398   3.39618611       1.99620351E-02   9.99999978E-03
        6400   1.04228258       5.47451377E-02   2.99999993E-02
        6402  0.620612323       9.43430811E-02   5.00000007E-02
        6404  0.709862649       6.96369708E-02   3.99999991E-02
        6406   1.05781507       5.56558222E-02   2.99999993E-02
        6408  0.416307688       7.85772726E-02   5.00000007E-02
        6410   1.69270134       3.97465192E-02   1.99999996E-02
        6412  0.504560471      0.112715803       5.99999987E-02
        6414  0.895622134       4.96936031E-02   2.99999993E-02
        6416   0.00000000       0.00000000       0.00000000    
        6418   1.64232624       3.77905741E-02   1.99999996E-02
        6420   1.69203675       3.97200100E-02   1.99999996E-02
        6422   3.39618611       1.99620351E-02   9.99999978E-03
        6424   3.39618611       1.99620351E-02   9.99999978E-03
        6426  0.314052314      0.147396788       3.99999991E-02
        6428   1.48213458       3.25000808E-02   1.99999996E-02
        6430  0.758605838       7.31732249E-02   3.99999991E-02
        6432  0.505238652       6.30583540E-02   3.99999991E-02
        6434   1.12516534       5.95483631E-02   2.99999993E-02
        6436   1.09657288      0.134436309       2.99999993E-02
        6438   1.11540055       5.89646921E-02   2.99999993E-02
        6440   3.39618611       1.99620351E-02   9.99999978E-03
        6442   1.69411850       3.98030989E-02   1.99999996E-02
        6444   1.69525003       3.98483351E-02   1.99999996E-02
        6446  0.815961003       7.73331299E-02   3.99999991E-02
        6448  0.790179014       6.25489727E-02   2.99999993E-02
        6450   1.69525003       3.98483351E-02   1.99999996E-02
        6452  0.991704524       5.25139309E-02   2.99999993E-02
        6454  0.636281192       6.88933581E-02   3.99999991E-02
        6456  0.307972729       7.70854354E-02   5.00000007E-02
        6458   3.39618611       1.99620351E-02   9.99999978E-03
        6460   0.00000000       0.00000000       0.00000000    
        6462   1.07094920       5.64241000E-02   2.99999993E-02
        6464  0.588564575       9.11668167E-02   5.00000007E-02
        6466   1.67036283       3.88655551E-02   1.99999996E-02
        6468   3.39618611       1.99620351E-02   9.99999978E-03
        6470   3.39618611       1.99620351E-02   9.99999978E-03
        6472  0.569877684       8.98110867E-02   5.00000007E-02
        6474  0.827848196       7.82705098E-02   3.99999991E-02
        6476   0.00000000       0.00000000       0.00000000    
        6478   1.68496680       3.94391418E-02   1.99999996E-02
        6480   3.39618611       1.99620351E-02   9.99999978E-03
        6482   1.69525003       3.98483351E-02   1.99999996E-02
        6484   1.69525003       3.98483351E-02   1.99999996E-02
        6486   1.11015689       5.86538948E-02   2.99999993E-02
        6488   1.67822957       3.91734131E-02   1.99999996E-02
        6490   3.39618611       1.99620351E-02   9.99999978E-03
        6492   1.51549602       3.34557183E-02   1.99999996E-02
        6494  0.989086390       5.24633527E-02   2.99999993E-02
        6496   1.11293435       5.88211007E-02   2.99999993E-02
        6498   1.11484587       5.89321330E-02   2.99999993E-02
        6500  0.475750655       8.96245241E-02   5.00000007E-02
        6502   2.88508677      0.630171537       3.99999991E-02
        6504   3.39618611       1.99620351E-02   9.99999978E-03
        6506   0.00000000       0.00000000       0.00000000    
        6508  0.718078792      0.130355313       3.99999991E-02
        6510  0.490627617       8.59806910E-02   5.00000007E-02
        6512  0.825476587       7.80868530E-02   3.99999991E-02
        6514   1.69364369       3.97841297E-02   1.99999996E-02
        6516   3.39618611       1.99620351E-02   9.99999978E-03
        6518   1.69005239       3.96409705E-02   1.99999996E-02
        6520   1.69344831       3.97763290E-02   1.99999996E-02
        6522  0.597668946       9.22608748E-02   5.00000007E-02
        6524   1.12337995       5.94414882E-02   2.99999993E-02
        6526   1.22424245       3.25357169E-02   1.99999996E-02
        6528   1.11371386       5.88643253E-02   2.99999993E-02
        6530   0.00000000       0.00000000       0.00000000    
        6532   3.39618611       1.99620351E-02   9.99999978E-03
        6534   3.39618611       1.99620351E-02   9.99999978E-03
        6536   1.24472833      0.167937249       2.99999993E-02
        6538  0.575106442       7.52458796E-02   3.99999991E-02
        6540   1.69525003       3.98483351E-02   1.99999996E-02
        6542   0.00000000       0.00000000       0.00000000    
        6544   1.04736030       5.50903827E-02   2.99999993E-02
        6546   1.02257740       5.39800264E-02   2.99999993E-02
        6548  0.230060965      0.252455980       7.00000003E-02
        6550   3.39618611       1.99620351E-02   9.99999978E-03
        6552   1.12631452       5.96172586E-02   2.99999993E-02
        6554   1.05520678       5.56117222E-02   2.99999993E-02
        6556  0.633062541       9.54101309E-02   5.00000007E-02
        6558   3.39618611       1.99620351E-02   9.99999978E-03
        6560   1.69160318       3.97027284E-02   1.99999996E-02
        6562   1.11270487       5.88100627E-02   2.99999993E-02
        6564  0.520899236      0.142823502       5.00000007E-02
        6566  0.782913864       5.89229167E-02   2.99999993E-02
        6568  0.611760259       6.49420843E-02   3.99999991E-02
        6570  0.687331557       6.97672293E-02   3.99999991E-02
        6572  0.591208935       7.46788681E-02   3.99999991E-02
        6574   3.39618611       1.99620351E-02   9.99999978E-03
        6576  0.806030750       7.66089410E-02   3.99999991E-02
        6578   3.39618611       1.99620351E-02   9.99999978E-03
        6580   3.39618611       1.99620351E-02   9.99999978E-03
        6582   1.69525003       3.98483351E-02   1.99999996E-02
        6584   3.39618611       1.99620351E-02   9.99999978E-03
        6586   1.67626536       3.90962921E-02   1.99999996E-02
        6588  0.246882334      0.110286854       5.99999987E-02
        6590   3.39618611       1.99620351E-02   9.99999978E-03
        6592   1.69098604       3.96781415E-02   1.99999996E-02
        6594   1.30766225       2.98750512E-02   1.99999996E-02
        6596  0.531765878       4.63220701E-02   2.99999993E-02
        6598  0.686625838       6.80093393E-02   3.99999991E-02
        6600   1.09444070       5.77550232E-02   2.99999993E-02
        6602   1.08917618       5.74134365E-02   2.99999993E-02
        6604  0.142980784      0.105135754       7.00000003E-02
        6606   1.12326884       5.94351292E-02   2.99999993E-02
        6608   1.69402194       3.97992395E-02   1.99999996E-02
        6610  0.531379402       6.48003966E-02   3.99999991E-02
        6612  0.638844430       9.59637091E-02   5.00000007E-02
        6614   1.68714833       3.95255871E-02   1.99999996E-02
        6616   1.08831608       5.74031286E-02   2.99999993E-02
        6618  0.470549226      0.109016247       5.99999987E-02
        6620  0.258374095      0.134666160       7.99999982E-02
        6622   1.08271825       5.70961311E-02   2.99999993E-02
        6624   3.39618611       1.99620351E-02   9.99999978E-03
        6626   1.68741417       3.95361371E-02   1.99999996E-02
        6628  0.959089279       5.11684977E-02   2.99999993E-02
        6630   1.67434359       3.90210077E-02   1.99999996E-02
        6632   3.39618611       1.99620351E-02   9.99999978E-03
        6634   3.39618611       1.99620351E-02   9.99999978E-03
        6636  0.654681087      0.127041265       3.99999991E-02
        6638   3.39618611       1.99620351E-02   9.99999978E-03
        6640   1.12564337       5.95770478E-02   2.99999993E-02
        6642   1.12124419       5.93138449E-02   2.99999993E-02
        6644  0.759754717       7.33971000E-02   3.99999991E-02
        6646  0.791036904       7.54047185E-02   3.99999991E-02
        6648  0.615307868       9.38319564E-02   5.00000007E-02
        6650   1.12514257       5.95469996E-02   2.99999993E-02
        6652   1.12129366       5.93165308E-02   2.99999993E-02
        6654  0.298510849       8.55033621E-02   5.00000007E-02
        6656   3.39618611       1.99620351E-02   9.99999978E-03
        6658   0.00000000       0.00000000       0.00000000    
        6660   1.11324954       5.88420331E-02   2.99999993E-02
        6662   1.12132037       5.93186393E-02   2.99999993E-02
        6664   1.68425393       3.94109339E-02   1.99999996E-02
        6666   1.69525003       3.98483351E-02   1.99999996E-02
        6668   1.10501707       5.83573431E-02   2.99999993E-02
        6670   1.09829092       5.79746217E-02   2.99999993E-02
        6672   3.39618611       1.99620351E-02   9.99999978E-03
        6674   3.39618611       1.99620351E-02   9.99999978E-03
        6676   1.69387114       3.97932157E-02   1.99999996E-02
        6678   1.59715223      0.218560174       2.99999993E-02
        6680   1.69525003       3.98483351E-02   1.99999996E-02
        6682  0.161471024      0.114676453       5.99999987E-02
        6684  0.431875646      0.104984894       5.99999987E-02
        6686  0.735193074       7.14586377E-02   3.99999991E-02
        6688  0.471108317      0.180835679       5.99999987E-02
        6690  0.348909736      0.116795264       5.00000007E-02
        6692   0.00000000       0.00000000       0.00000000    
        6694   1.69374979       3.97883691E-02   1.99999996E-02
        6696   1.66606271       3.86983939E-02   1.99999996E-02
        6698   1.69525003       3.98483351E-02   1.99999996E-02
        6700   3.39618611       1.99620351E-02   9.99999978E-03
        6702   1.69098699       3.96781787E-02   1.99999996E-02
        6704   1.12460995       5.95151000E-02   2.99999993E-02
        6706   3.39618611       1.99620351E-02   9.99999978E-03
        6708   3.39618611       1.99620351E-02   9.99999978E-03
        6710  0.966682971       5.09695597E-02   2.99999993E-02
        6712   3.39618611       1.99620351E-02   9.99999978E-03
        6714   3.39618611       1.99620351E-02   9.99999978E-03
        6716   1.69525003       3.98483351E-02   1.99999996E-02
        6718  0.589609504      0.157009408       5.00000007E-02
        6720   1.67803741       3.91658582E-02   1.99999996E-02
        6722  0.133222416      0.103364095       7.00000003E-02
        6724   3.39618611       1.99620351E-02   9.99999978E-03
        6726   1.69525003       3.98483351E-02   1.99999996E-02
        6728  0.704523504       7.04375207E-02   3.99999991E-02
        6730  0.688440681       4.93588708E-02   2.99999993E-02
        6732  0.221795171      0.104243770       5.99999987E-02
        6734   1.69384110       3.97920199E-02   1.99999996E-02
        6736   3.39618611       1.99620351E-02   9.99999978E-03
        6738   3.39618611       1.99620351E-02   9.99999978E-03
        6740   0.00000000       0.00000000       0.00000000    
        6742   1.60733140       3.65014821E-02   1.99999996E-02
        6744  0.642872989       9.63532552E-02   5.00000007E-02
        6746  0.992771149       5.21925502E-02   2.99999993E-02
        6748   1.68522298       3.94492820E-02   1.99999996E-02
        6750  0.893278897       4.83172834E-02   2.99999993E-02
        6752  0.342318952      0.103841081       5.99999987E-02
        6754   3.39618611       1.99620351E-02   9.99999978E-03
        6756   1.67529237       3.90581563E-02   1.99999996E-02
        6758  0.934339106       5.05045839E-02   2.99999993E-02
        6760   1.69410503       3.98025587E-02   1.99999996E-02
        6762   1.69095111       3.96767482E-02   1.99999996E-02
        6764  0.388639539      0.101365916       5.99999987E-02
        6766   1.69525003       3.98483351E-02   1.99999996E-02
        6768   1.10813665       5.85430637E-02   2.99999993E-02
        6770   1.69351864       3.97791415E-02   1.99999996E-02
        6772   3.39618611       1.99620351E-02   9.99999978E-03
        6774   1.69365501       3.97845842E-02   1.99999996E-02
        6776   1.69222713       3.97276022E-02   1.99999996E-02
        6778   1.68891621       3.95957865E-02   1.99999996E-02
        6780   3.39618611       1.99620351E-02   9.99999978E-03
        6782  0.996818423       5.28096594E-02   2.99999993E-02
        6784   1.12386775       5.94706535E-02   2.99999993E-02
        6786   0.00000000       0.00000000       0.00000000    
        6788   1.69407427       3.98013331E-02   1.99999996E-02
        6790   1.29069090       3.00076008E-02   1.99999996E-02
        6792   1.12075460       5.92845976E-02   2.99999993E-02
        6794   0.00000000       0.00000000       0.00000000    
        6796  0.636145592       6.53418899E-02   3.99999991E-02
        6798   3.39618611       1.99620351E-02   9.99999978E-03
        6800   1.11779082       5.91078550E-02   2.99999993E-02
        6802   3.39618611       1.99620351E-02   9.99999978E-03
        6804   3.39618611       1.99620351E-02   9.99999978E-03
        6806   1.69525003       3.98483351E-02   1.99999996E-02
        6808   3.39618611       1.99620351E-02   9.99999978E-03
        6810   3.39618611       1.99620351E-02   9.99999978E-03
        6812  0.387412280      0.104604468       5.99999987E-02
        6814   0.00000000       0.00000000       0.00000000    
        6816   0.00000000       0.00000000       0.00000000    
        6818  0.825542212       7.68323913E-02   2.99999993E-02
        6820  0.726098239       7.14024082E-02   3.99999991E-02
        6822   1.69196033       3.97169627E-02   1.99999996E-02
        6824   3.39618611       1.99620351E-02   9.99999978E-03
        6826   3.39618611       1.99620351E-02   9.99999978E-03
        6828   3.39618611       1.99620351E-02   9.99999978E-03
        6830   0.00000000       0.00000000       0.00000000    
        6832   1.11938095       5.92031553E-02   2.99999993E-02
        6834   1.25302935       3.08731161E-02   1.99999996E-02
        6836   1.68346918       3.93799059E-02   1.99999996E-02
        6838   1.69525003       3.98483351E-02   1.99999996E-02
        6840   1.10348094       5.82699440E-02   2.99999993E-02
        6842  0.418399602       7.96159208E-02   5.00000007E-02
        6844  0.504488051      0.142027646       5.00000007E-02
        6846   1.69258034       3.97416875E-02   1.99999996E-02
        6848   1.12011564       5.92470467E-02   2.99999993E-02
        6850   1.68097937       3.92816365E-02   1.99999996E-02
        6852   1.07259512       5.65312244E-02   2.99999993E-02
        6854   1.69331610       3.97710539E-02   1.99999996E-02
        6856  0.186024457       9.91308540E-02   5.99999987E-02
        6858  0.290963680      0.124825984       5.99999987E-02
        6860   1.58046496       3.55558731E-02   1.99999996E-02
        6862   1.69525003       3.98483351E-02   1.99999996E-02
        6864   1.69396210       3.97968516E-02   1.99999996E-02
        6866   1.10676634       5.84589131E-02   2.99999993E-02
        6868   1.11919451       5.91917001E-02   2.99999993E-02
        6870   1.12416613       5.94886951E-02   2.99999993E-02
        6872   0.00000000       0.00000000       0.00000000    
        6874  0.920780897       5.01042642E-02   2.99999993E-02
        6876   3.39618611       1.99620351E-02   9.99999978E-03
        6878   1.64884079       3.80371623E-02   1.99999996E-02
        6880  0.738467634       7.19344914E-02   3.99999991E-02
        6882  0.333713919      0.104810469       5.00000007E-02
        6884  0.388026208      0.105333433       5.99999987E-02
        6886   1.69525003       3.98483351E-02   1.99999996E-02
        6888   0.00000000       0.00000000       0.00000000    
        6890   3.39618611       1.99620351E-02   9.99999978E-03
        6892   1.68213880       3.93273719E-02   1.99999996E-02
        6894  0.530739725       8.70226249E-02   5.00000007E-02
        6896   1.12412512       5.94862476E-02   2.99999993E-02
        6898   1.00581217       5.31617589E-02   2.99999993E-02
        6900   1.11855471       5.91542572E-02   2.99999993E-02
        6902   1.11379707       5.88705093E-02   2.99999993E-02
        6904  0.831562638       7.85686299E-02   3.99999991E-02
        6906   1.57693279       3.54346372E-02   1.99999996E-02
        6908   3.39618611       1.99620351E-02   9.99999978E-03
        6910  0.220320702       7.36538246E-02   5.00000007E-02
        6912   1.69525003       3.98483351E-02   1.99999996E-02
        6914   1.33308005       2.98734028E-02   1.99999996E-02
        6916   1.69051754       3.96594852E-02   1.99999996E-02
        6918   1.69241762       3.97351980E-02   1.99999996E-02
        6920   1.10076809       5.81108592E-02   2.99999993E-02
        6922  0.938838243       5.06267473E-02   2.99999993E-02
        6924   1.68500590       3.94406877E-02   1.99999996E-02
        6926  0.762251854       4.72461022E-02   2.99999993E-02
        6928   1.69342768       3.97755094E-02   1.99999996E-02
        6930   1.69525003       3.98483351E-02   1.99999996E-02
        6932   1.05695152       5.56234419E-02   2.99999993E-02
        6934   0.00000000       0.00000000       0.00000000    
        6936   1.67799342       3.91641296E-02   1.99999996E-02
        6938   0.00000000       0.00000000       0.00000000    
        6940   0.00000000       0.00000000       0.00000000    
        6942   1.11997652       5.92384450E-02   2.99999993E-02
        6944   1.69112051       3.96834984E-02   1.99999996E-02
        6946   1.69525003       3.98483351E-02   1.99999996E-02
        6948   1.11488414       5.89358471E-02   2.99999993E-02
        6950   3.39618611       1.99620351E-02   9.99999978E-03
        6952   3.39618611       1.99620351E-02   9.99999978E-03
        6954  0.677743256       6.76812828E-02   3.99999991E-02
        6956   3.39618611       1.99620351E-02   9.99999978E-03
        6958  0.839374185       7.99535364E-02   2.99999993E-02
        6960   1.12551618       5.95693886E-02   2.99999993E-02
        6962   1.69369590       3.97862159E-02   1.99999996E-02
        6964   1.68890798       3.95954587E-02   1.99999996E-02
        6966   1.69525003       3.98483351E-02   1.99999996E-02
        6968   1.69050229       3.96588780E-02   1.99999996E-02
        6970   1.11224711       5.87780625E-02   2.99999993E-02
        6972   1.58707654       3.57847847E-02   1.99999996E-02
        6974  0.795503080       5.06482460E-02   2.99999993E-02
        6976  0.812891901       7.71009624E-02   3.99999991E-02
        6978  0.509478688       8.49448368E-02   5.00000007E-02
        6980   3.39618611       1.99620351E-02   9.99999978E-03
        6982   1.62935972       3.73057947E-02   1.99999996E-02
        6984   1.69217706       3.97256054E-02   1.99999996E-02
        6986   1.68988180       3.96341830E-02   1.99999996E-02
        6988   1.69525003       3.98483351E-02   1.99999996E-02
        6990   3.39618611       1.99620351E-02   9.99999978E-03
        6992   1.06123555       5.58406748E-02   2.99999993E-02
        6994   0.00000000       0.00000000       0.00000000    
        6996   3.39618611       1.99620351E-02   9.99999978E-03
        6998  0.661948442       6.83716685E-02   3.99999991E-02
        7000   1.11831319       5.91396280E-02   2.99999993E-02
        7002   1.41339779       8.37212205E-02   1.99999996E-02
        7004  0.573822916       9.03191343E-02   3.99999991E-02
        7006   1.10228014       5.82013614E-02   2.99999993E-02
        7008   1.26948380       3.03744450E-02   1.99999996E-02
        7010   1.00965083       5.33578880E-02   2.99999993E-02
        7012   1.69525003       3.98483351E-02   1.99999996E-02
        7014  0.959717512      0.191996157       3.99999991E-02
        7016   3.39618611       1.99620351E-02   9.99999978E-03
        7018  0.413472444       7.47824237E-02   2.99999993E-02
        7020   1.05716288       5.56783676E-02   2.99999993E-02
        7022  0.641993880       6.88279867E-02   3.99999991E-02
        7024   0.00000000       0.00000000       0.00000000    
        7026   1.69525003       3.98483351E-02   1.99999996E-02
        7028   3.39618611       1.99620351E-02   9.99999978E-03
        7030   1.12404454       5.94812334E-02   2.99999993E-02
        7032  0.808542430       7.67955855E-02   3.99999991E-02
        7034   1.69416857       3.98050994E-02   1.99999996E-02
        7036   1.68083000       3.92757505E-02   1.99999996E-02
        7038   0.00000000       0.00000000       0.00000000    
        7040   1.08878601       5.74322566E-02   2.99999993E-02
        7042   3.39618611       1.99620351E-02   9.99999978E-03
        7044  0.531855404       8.69425312E-02   5.00000007E-02
        7046   1.68504381       3.94421890E-02   1.99999996E-02
        7048   1.11844873       5.91470636E-02   2.99999993E-02
        7050   1.02174520       5.36761321E-02   2.99999993E-02
        7052   0.00000000       0.00000000       0.00000000    
        7054  0.805729151       7.65786693E-02   3.99999991E-02
        7056  0.125176176       7.26929978E-02   5.00000007E-02
        7058  0.417845339      0.104928382       5.99999987E-02
        7060  0.784145594       5.23143038E-02   2.99999993E-02
        7062   1.65203309       3.81587185E-02   1.99999996E-02
        7064   1.10923731       5.85976876E-02   2.99999993E-02
        7066  0.592491448       8.82893801E-02   3.99999991E-02
        7068   1.69038320       3.96541357E-02   1.99999996E-02
        7070   1.32980311       7.13627487E-02   1.99999996E-02
        7072  0.145573780      0.118980579       5.99999987E-02
        7074  0.821269870       7.47738555E-02   2.99999993E-02
        7076   1.38447797       3.03790625E-02   1.99999996E-02
        7078   1.12482989       5.95283769E-02   2.99999993E-02
        7080   1.12100732       5.93004376E-02   2.99999993E-02
        7082   3.39618611       1.99620351E-02   9.99999978E-03
        7084  0.788493454       7.52360001E-02   3.99999991E-02
        7086   3.39618611       1.99620351E-02   9.99999978E-03
        7088   3.39618611       1.99620351E-02   9.99999978E-03
        7090  0.375055462      0.125698939       5.00000007E-02
        7092   0.00000000       0.00000000       0.00000000    
        7094   1.58022308       3.55475508E-02   1.99999996E-02
        7096  0.747764051       7.25209042E-02   3.99999991E-02
        7098   3.39618611       1.99620351E-02   9.99999978E-03
        7100   1.69354725       3.97802815E-02   1.99999996E-02
        7102   3.39618611       1.99620351E-02   9.99999978E-03
        7104   3.39618611       1.99620351E-02   9.99999978E-03
        7106   0.00000000       0.00000000       0.00000000    
        7108   0.00000000       0.00000000       0.00000000    
        7110   0.00000000       0.00000000       0.00000000    
        7112   1.67435825       3.90215814E-02   1.99999996E-02
        7114   3.39618611       1.99620351E-02   9.99999978E-03
        7116   1.69525003       3.98483351E-02   1.99999996E-02
        7118   0.00000000       0.00000000       0.00000000    
        7120   3.39618611       1.99620351E-02   9.99999978E-03
        7122   1.09523261       5.77764288E-02   2.99999993E-02
        7124   3.39618611       1.99620351E-02   9.99999978E-03
        7126  0.703536808       6.89073950E-02   3.99999991E-02
        7128   3.39618611       1.99620351E-02   9.99999978E-03
        7130   3.39618611       1.99620351E-02   9.99999978E-03
        7132   3.39618611       1.99620351E-02   9.99999978E-03
        7134  0.661818266       6.92494512E-02   3.99999991E-02
        7136   3.39618611       1.99620351E-02   9.99999978E-03
        7138   1.12274671       5.94035834E-02   2.99999993E-02
        7140  0.811043918       7.69929066E-02   3.99999991E-02
        7142   1.58611560       3.57513577E-02   1.99999996E-02
        7144   3.39618611       1.99620351E-02   9.99999978E-03
        7146   0.00000000       0.00000000       0.00000000    
        7148   1.69525003       3.98483351E-02   1.99999996E-02
        7150   1.55941188      0.103118025       1.99999996E-02
        7152   3.39618611       1.99620351E-02   9.99999978E-03
        7154  0.571277082       7.04306364E-02   3.99999991E-02
        7156  0.807077527      0.162960812       3.99999991E-02
        7158   1.69398022       3.97975706E-02   1.99999996E-02
        7160   1.69421542       3.98069695E-02   1.99999996E-02
        7162  0.567795634       8.95288959E-02   5.00000007E-02
        7164   1.69224477       3.97283062E-02   1.99999996E-02
        7166   1.69317341       3.97653542E-02   1.99999996E-02
        7168  0.483310044       8.72729793E-02   5.00000007E-02
        7170   3.39618611       1.99620351E-02   9.99999978E-03
        7172   1.66955817       3.88342105E-02   1.99999996E-02
        7174   3.39618611       1.99620351E-02   9.99999978E-03
        7176   3.39618611       1.99620351E-02   9.99999978E-03
        7178  0.804880202       5.34566641E-02   2.99999993E-02
        7180   1.57972848       3.55305374E-02   1.99999996E-02
        7182  0.817982078      0.154234201       3.99999991E-02
        7184   0.00000000       0.00000000       0.00000000    
        7186  0.599509180       6.99518844E-02   3.99999991E-02
        7188   0.00000000       0.00000000       0.00000000    
        7190   0.00000000       0.00000000       0.00000000    
        7192   1.39657986       3.05725336E-02   1.99999996E-02
        7194   1.68808508       3.95627730E-02   1.99999996E-02
        7196   1.66654146       3.87169644E-02   1.99999996E-02
        7198   3.39618611       1.99620351E-02   9.99999978E-03
        7200  0.768119633       5.24082221E-02   2.99999993E-02
        7202   3.39618611       1.99620351E-02   9.99999978E-03
        7204  0.517731190       5.81786260E-02   3.99999991E-02
        7206   3.39618611       1.99620351E-02   9.99999978E-03
        7208   0.00000000       0.00000000       0.00000000    
        7210   1.69525003       3.98483351E-02   1.99999996E-02
        7212   3.39618611       1.99620351E-02   9.99999978E-03
        7214   3.39618611       1.99620351E-02   9.99999978E-03
        7216   1.12371528       5.94617687E-02   2.99999993E-02
        7218   3.39618611       1.99620351E-02   9.99999978E-03
        7220   3.39618611       1.99620351E-02   9.99999978E-03
        7222   1.11456788       5.89166991E-02   2.99999993E-02
        7224  0.792809963       7.55684078E-02   3.99999991E-02
        7226   1.68696845       3.95184532E-02   1.99999996E-02
        7228   1.50934768       3.32726389E-02   1.99999996E-02
        7230   0.00000000       0.00000000       0.00000000    
        7232  0.425406545       8.74463469E-02   5.00000007E-02
        7234   0.00000000       0.00000000       0.00000000    
        7236   1.12313569       5.94269224E-02   2.99999993E-02
        7238  0.285153925      0.139297485       7.99999982E-02
        7240  0.824776709       5.06956726E-02   2.99999993E-02
        7242  0.171150088      0.157166928       5.00000007E-02
        7244  0.878307581       4.94986139E-02   2.99999993E-02
        7246   1.69525003       3.98483351E-02   1.99999996E-02
        7248   0.00000000       0.00000000       0.00000000    
        7250   1.09812021       5.79509437E-02   2.99999993E-02
        7252   0.00000000       0.00000000       0.00000000    
        7254   1.69291317       3.97549681E-02   1.99999996E-02
        7256   1.26198256       5.98000735E-02   1.99999996E-02
        7258   1.11715806       5.90697899E-02   2.99999993E-02
        7260   1.12329400       5.94366305E-02   2.99999993E-02
        7262   1.12124610       5.93137108E-02   2.99999993E-02
        7264  0.621364117       9.43232328E-02   5.00000007E-02
        7266   3.39618611       1.99620351E-02   9.99999978E-03
        7268   1.08353555       5.71195632E-02   2.99999993E-02
        7270  0.463330239       8.18718225E-02   5.00000007E-02
        7272   1.69198692       3.97180207E-02   1.99999996E-02
        7274   1.10779643       5.85194938E-02   2.99999993E-02
        7276  0.690440834       6.91101849E-02   3.99999991E-02
        7278   1.69285119       3.97524945E-02   1.99999996E-02
        7280   1.69525003       3.98483351E-02   1.99999996E-02
        7282  0.835962713       5.03759757E-02   2.99999993E-02
        7284   1.11960316       5.92164807E-02   2.99999993E-02
        7286   0.00000000       0.00000000       0.00000000    
        7288   3.39618611       1.99620351E-02   9.99999978E-03
        7290   3.39618611       1.99620351E-02   9.99999978E-03
        7292   1.68332589       3.93742472E-02   1.99999996E-02
        7294  0.805667996       7.65873641E-02   3.99999991E-02
        7296   3.39618611       1.99620351E-02   9.99999978E-03
        7298   0.00000000       0.00000000       0.00000000    
        7300   1.69525003       3.98483351E-02   1.99999996E-02
        7302   1.69525003       3.98483351E-02   1.99999996E-02
        7304   3.39618611       1.99620351E-02   9.99999978E-03
        7306   1.69525003       3.98483351E-02   1.99999996E-02
        7308   3.39618611       1.99620351E-02   9.99999978E-03
        7310   3.39618611       1.99620351E-02   9.99999978E-03
        7312  0.759263694       7.33548403E-02   3.99999991E-02
        7314   1.07613480       5.67240492E-02   2.99999993E-02
        7316   1.67987597       3.92381735E-02   1.99999996E-02
        7318  0.778185070       7.44953528E-02   3.99999991E-02
        7320   1.69345450       3.97765785E-02   1.99999996E-02
        7322  0.609682322       9.86065641E-02   3.99999991E-02
        7324  0.837898970       7.90708140E-02   3.99999991E-02
        7326   1.69525003       3.98483351E-02   1.99999996E-02
        7328  0.603644729       9.26690474E-02   5.00000007E-02
        7330   1.68855548       3.95814553E-02   1.99999996E-02
        7332   1.08588326       5.72725572E-02   2.99999993E-02
        7334   1.69392288       3.97952832E-02   1.99999996E-02
        7336   1.69525003       3.98483351E-02   1.99999996E-02
        7338  0.331779569      0.121194795       7.00000003E-02
        7340  0.698436975       6.95209503E-02   3.99999991E-02
        7342  0.762604356       7.33511820E-02   3.99999991E-02
        7344   3.39618611       1.99620351E-02   9.99999978E-03
        7346   1.69525003       3.98483351E-02   1.99999996E-02
        7348   3.39618611       1.99620351E-02   9.99999978E-03
        7350   3.39618611       1.99620351E-02   9.99999978E-03
        7352   1.69525003       3.98483351E-02   1.99999996E-02
        7354   1.12529910       5.95563799E-02   2.99999993E-02
        7356   1.10285830       5.82323819E-02   2.99999993E-02
        7358   1.05525005       5.56025878E-02   2.99999993E-02
        7360   3.39618611       1.99620351E-02   9.99999978E-03
        7362  0.774450362       7.41558596E-02   3.99999991E-02
        7364   1.10042405       5.80809973E-02   2.99999993E-02
        7366   3.39618611       1.99620351E-02   9.99999978E-03
        7368  0.979265988       5.16589768E-02   2.99999993E-02
        7370   1.69525003       3.98483351E-02   1.99999996E-02
        7372   3.39618611       1.99620351E-02   9.99999978E-03
        7374   1.68583107       3.94733660E-02   1.99999996E-02
        7376   0.00000000       0.00000000       0.00000000    
        7378   3.39618611       1.99620351E-02   9.99999978E-03
        7380   1.10060823       5.81075251E-02   2.99999993E-02
        7382   0.00000000       0.00000000       0.00000000    
        7384   0.00000000       0.00000000       0.00000000    
        7386   3.39618611       1.99620351E-02   9.99999978E-03
        7388  0.790687144       7.53959790E-02   3.99999991E-02
        7390  0.456190675      0.120617822       5.00000007E-02
        7392   1.69318497       3.97658199E-02   1.99999996E-02
        7394   3.39618611       1.99620351E-02   9.99999978E-03
        7396   3.39618611       1.99620351E-02   9.99999978E-03
        7398  0.575488925       9.05581042E-02   5.00000007E-02
        7400  0.659328222       6.83311000E-02   3.99999991E-02
        7402   3.39618611       1.99620351E-02   9.99999978E-03
        7404  0.433725625       7.85671920E-02   5.00000007E-02
        7406   3.39618611       1.99620351E-02   9.99999978E-03
        7408   1.68407464       3.94038446E-02   1.99999996E-02
        7410   1.51334417       3.33913006E-02   1.99999996E-02
        7412   1.67197227       3.89283188E-02   1.99999996E-02
        7414   1.07545078       5.66621237E-02   2.99999993E-02
        7416   1.68999720       3.96387726E-02   1.99999996E-02
        7418   1.69525003       3.98483351E-02   1.99999996E-02
        7420   1.67630792       3.90979685E-02   1.99999996E-02
        7422   1.68491507       3.94370928E-02   1.99999996E-02
        7424   3.39618611       1.99620351E-02   9.99999978E-03
        7426  0.832361281       7.86310062E-02   3.99999991E-02
        7428  0.825776398       7.81088769E-02   3.99999991E-02
        7430  0.830786228       7.85038099E-02   3.99999991E-02
        7432   1.10528791       5.83711192E-02   2.99999993E-02
        7434   3.39618611       1.99620351E-02   9.99999978E-03
        7436   1.52427900       3.37223448E-02   1.99999996E-02
        7438  0.801937401       7.28456974E-02   2.99999993E-02
        7440   3.39618611       1.99620351E-02   9.99999978E-03
        7442  0.660096526       6.67209029E-02   3.99999991E-02
        7444   3.39618611       1.99620351E-02   9.99999978E-03
        7446  0.343050927      0.130776435       5.99999987E-02
        7448  0.556119025      0.103652284       2.99999993E-02
        7450   1.52195680       3.36512774E-02   1.99999996E-02
        7452  0.482078671       6.11591376E-02   3.99999991E-02
        7454   1.12297010       5.94170727E-02   2.99999993E-02
        7456   3.39618611       1.99620351E-02   9.99999978E-03
        7458  0.577083170      0.157404795       5.00000007E-02
        7460  0.250260055       5.29034883E-02   3.99999991E-02
        7462  0.731970668       7.14328364E-02   3.99999991E-02
        7464  0.511612356       8.74268934E-02   5.00000007E-02
        7466   3.39618611       1.99620351E-02   9.99999978E-03
        7468   3.39618611       1.99620351E-02   9.99999978E-03
        7470  0.424089342      0.104085319       5.99999987E-02
        7472   1.12168109       5.93398511E-02   2.99999993E-02
        7474   3.39618611       1.99620351E-02   9.99999978E-03
        7476  0.676606536       6.71952665E-02   3.99999991E-02
        7478   1.69525003       3.98483351E-02   1.99999996E-02
        7480  0.559799731       8.87525529E-02   5.00000007E-02
        7482   1.09364641       5.76991178E-02   2.99999993E-02
        7484   1.09488285       5.77619635E-02   2.99999993E-02
        7486   3.39618611       1.99620351E-02   9.99999978E-03
        7488   1.69525003       3.98483351E-02   1.99999996E-02
        7490  0.222151548       8.61931592E-02   5.00000007E-02
        7492  0.801140249       7.61803538E-02   3.99999991E-02
        7494   1.69525003       3.98483351E-02   1.99999996E-02
        7496   1.12469018       5.95200211E-02   2.99999993E-02
        7498   3.39618611       1.99620351E-02   9.99999978E-03
        7500  0.466144919       9.30896401E-02   5.00000007E-02
        7502  0.781114936       7.46794492E-02   3.99999991E-02
        7504   3.39618611       1.99620351E-02   9.99999978E-03
        7506   1.63754857       3.76110114E-02   1.99999996E-02
        7508   3.39618611       1.99620351E-02   9.99999978E-03
        7510   1.67621720       3.90944071E-02   1.99999996E-02
        7512   1.51267600       3.33713740E-02   1.99999996E-02
        7514   5.58346510E-02  0.114229642       5.99999987E-02
        7516   1.69299591       3.97582725E-02   1.99999996E-02
        7518  0.399581671      0.177287728       5.00000007E-02
        7520  0.794288099       7.57438615E-02   3.99999991E-02
        7522  0.937538445       4.92253490E-02   2.99999993E-02
        7524  0.833380044       7.87109807E-02   3.99999991E-02
        7526   1.08305967       5.70733547E-02   2.99999993E-02
        7528   1.69525003       3.98483351E-02   1.99999996E-02
        7530   1.68979704       3.96308154E-02   1.99999996E-02
        7532   1.69525003       3.98483351E-02   1.99999996E-02
        7534   1.69525003       3.98483351E-02   1.99999996E-02
        7536   3.39618611       1.99620351E-02   9.99999978E-03
        7538   1.69239902       3.97344567E-02   1.99999996E-02
        7540   1.47326529      0.198659644       2.99999993E-02
        7542  0.485034049      0.110507011       5.99999987E-02
        7544   3.39618611       1.99620351E-02   9.99999978E-03
        7546   1.69085038       3.96727398E-02   1.99999996E-02
        7548  0.663741291      0.113333516       3.99999991E-02
        7550   0.00000000       0.00000000       0.00000000    
        7552   1.11848831       5.91495261E-02   2.99999993E-02
        7554  0.624466777       9.46048871E-02   5.00000007E-02
        7556   3.39618611       1.99620351E-02   9.99999978E-03
        7558  0.500782311      0.112311609       5.99999987E-02
        7560   1.04778469       5.50714992E-02   2.99999993E-02
        7562   1.68752110       3.95403802E-02   1.99999996E-02
        7564  0.631916642       6.88763261E-02   3.99999991E-02
        7566  0.797747135       5.38911633E-02   2.99999993E-02
        7568   1.43974352      0.288823098       3.99999991E-02
        7570   1.03297675       5.43405041E-02   2.99999993E-02
        7572   3.39618611       1.99620351E-02   9.99999978E-03
        7574   0.00000000       0.00000000       0.00000000    
        7576   1.12601602       5.95993735E-02   2.99999993E-02
        7578  0.980281651       5.20278364E-02   2.99999993E-02
        7580   1.66488302       3.86526771E-02   1.99999996E-02
        7582   3.39618611       1.99620351E-02   9.99999978E-03
        7584   1.11392844       5.88798076E-02   2.99999993E-02
        7586   3.39618611       1.99620351E-02   9.99999978E-03
        7588   3.39618611       1.99620351E-02   9.99999978E-03
        7590   3.39618611       1.99620351E-02   9.99999978E-03
        7592  0.258702725       6.71477243E-02   5.00000007E-02
        7594   1.12039888       5.92634045E-02   2.99999993E-02
        7596   1.65667593       3.83363366E-02   1.99999996E-02
        7598  0.824016511       7.79708028E-02   3.99999991E-02
        7600  0.741301656       6.08487576E-02   2.99999993E-02
        7602   1.69525003       3.98483351E-02   1.99999996E-02
        7604   1.12070715       5.92814609E-02   2.99999993E-02
        7606  0.624096036       9.46436673E-02   5.00000007E-02
        7608   3.39618611       1.99620351E-02   9.99999978E-03
        7610   3.39618611       1.99620351E-02   9.99999978E-03
        7612   0.00000000       0.00000000       0.00000000    
        7614   3.39618611       1.99620351E-02   9.99999978E-03
        7616   1.69525003       3.98483351E-02   1.99999996E-02
        7618   3.39618611       1.99620351E-02   9.99999978E-03
        7620   1.12417221       5.94888330E-02   2.99999993E-02
        7622   1.12001324       5.92401810E-02   2.99999993E-02
        7624  0.765490711       7.37389848E-02   3.99999991E-02
        7626   1.09000957       5.74744605E-02   2.99999993E-02
        7628  0.792571366       6.32115752E-02   2.99999993E-02
        7630   3.39618611       1.99620351E-02   9.99999978E-03
        7632  0.792917132       6.02079146E-02   2.99999993E-02
        7634  0.366565466      0.123933740       7.00000003E-02
        7636   1.12364149       5.94570339E-02   2.99999993E-02
        7638   1.09188461       5.75964972E-02   2.99999993E-02
        7640   3.39618611       1.99620351E-02   9.99999978E-03
        7642   1.69319069       3.97660434E-02   1.99999996E-02
        7644   0.00000000       0.00000000       0.00000000    
        7646   3.39618611       1.99620351E-02   9.99999978E-03
        7648  0.599349856       6.68272078E-02   3.99999991E-02
        7650  0.812961996       7.71047771E-02   3.99999991E-02
        7652   1.12035620       5.92617467E-02   2.99999993E-02
        7654   1.69525003       3.98483351E-02   1.99999996E-02
        7656   1.69525003       3.98483351E-02   1.99999996E-02
        7658   3.39618611       1.99620351E-02   9.99999978E-03
        7660   1.10827935       5.85459918E-02   2.99999993E-02
        7662  0.810968459       5.26230782E-02   2.99999993E-02
        7664  0.977989078       5.16461022E-02   2.99999993E-02
        7666   3.39618611       1.99620351E-02   9.99999978E-03
        7668   3.39618611       1.99620351E-02   9.99999978E-03
        7670   1.09029734       5.75070716E-02   2.99999993E-02
        7672   0.00000000       0.00000000       0.00000000    
        7674   1.69525003       3.98483351E-02   1.99999996E-02
        7676   1.12309206       5.94245829E-02   2.99999993E-02
        7678   1.06738758       5.62434457E-02   2.99999993E-02
        7680   1.69525003       3.98483351E-02   1.99999996E-02
        7682   1.04231763       5.48964180E-02   2.99999993E-02
        7684   1.69247890       3.97376455E-02   1.99999996E-02
        7686  0.308147818      0.116315745       3.99999991E-02
        7688   1.59499550       3.60622667E-02   1.99999996E-02
        7690   1.12149286       5.93293160E-02   2.99999993E-02
        7692  0.462044895       9.05185491E-02   5.00000007E-02
        7694   3.39618611       1.99620351E-02   9.99999978E-03
        7696   1.12047887       5.92684671E-02   2.99999993E-02
        7698  0.363878697      0.123881467       7.00000003E-02
        7700  0.798378587       7.60258511E-02   3.99999991E-02
        7702   1.68873441       3.95885631E-02   1.99999996E-02
        7704  0.878852546       4.95359637E-02   2.99999993E-02
        7706   1.62092590       3.69949117E-02   1.99999996E-02
        7708   1.68738353       3.95349190E-02   1.99999996E-02
        7710   3.39618611       1.99620351E-02   9.99999978E-03
        7712   3.39618611       1.99620351E-02   9.99999978E-03
        7714   3.39618611       1.99620351E-02   9.99999978E-03
        7716  0.700767457      0.129387856       3.99999991E-02
        7718   1.12503564       5.95405959E-02   2.99999993E-02
        7720   0.00000000       0.00000000       0.00000000    
        7722  0.814809859       7.72604495E-02   3.99999991E-02
        7724   1.12125480       5.93142919E-02   2.99999993E-02
        7726   1.69525003       3.98483351E-02   1.99999996E-02
        7728  0.750606358       7.28502274E-02   3.99999991E-02
        7730   1.69525003       3.98483351E-02   1.99999996E-02
        7732   1.68938029       3.96142378E-02   1.99999996E-02
        7734  0.675144255      0.200722545       3.99999991E-02
        7736  0.558610797       5.74929006E-02   2.99999993E-02
        7738  0.513563633      0.113726951       5.99999987E-02
        7740   1.11846781       5.91486357E-02   2.99999993E-02
        7742   3.39618611       1.99620351E-02   9.99999978E-03
        7744   1.69386375       3.97929177E-02   1.99999996E-02
        7746   0.00000000       0.00000000       0.00000000    
        7748  0.447264165       8.26841295E-02   5.00000007E-02
        7750   3.39618611       1.99620351E-02   9.99999978E-03
        7752   1.00453842       5.31236939E-02   2.99999993E-02
        7754  0.824669480       7.80207738E-02   3.99999991E-02
        7756   3.39618611       1.99620351E-02   9.99999978E-03
        7758   3.39618611       1.99620351E-02   9.99999978E-03
        7760   3.39618611       1.99620351E-02   9.99999978E-03
        7762  0.823999047       7.79750422E-02   3.99999991E-02
        7764   3.39618611       1.99620351E-02   9.99999978E-03
        7766  0.637778103       6.60625994E-02   3.99999991E-02
        7768   1.12520027       5.95504530E-02   2.99999993E-02
        7770  0.558169007       7.46541023E-02   3.99999991E-02
        7772   1.61138237       3.66475023E-02   1.99999996E-02
        7774  0.319221675       7.12972283E-02   5.00000007E-02
        7776   1.65232396       3.81698161E-02   1.99999996E-02
        7778  0.835398734       7.88712725E-02   3.99999991E-02
        7780   3.39618611       1.99620351E-02   9.99999978E-03
        7782   1.69162130       3.97034511E-02   1.99999996E-02
        7784   1.08890080       5.74380383E-02   2.99999993E-02
        7786   1.69525003       3.98483351E-02   1.99999996E-02
        7788   3.39618611       1.99620351E-02   9.99999978E-03
        7790  0.686937869      0.139537200       3.99999991E-02
        7792   0.00000000       0.00000000       0.00000000    
        7794   1.08620715       5.72789647E-02   2.99999993E-02
        7796  0.808744311       5.22527657E-02   2.99999993E-02
        7798   1.37159836       3.02008931E-02   1.99999996E-02
        7800   0.00000000       0.00000000       0.00000000    
        7802   1.69396305       3.97968888E-02   1.99999996E-02
        7804   1.69358528       3.97818014E-02   1.99999996E-02
        7806   1.00925708       5.29875457E-02   2.99999993E-02
        7808  0.892904818       4.96095791E-02   2.99999993E-02
        7810   1.69525003       3.98483351E-02   1.99999996E-02
        7812   1.69074559       3.96685638E-02   1.99999996E-02
        7814   0.00000000       0.00000000       0.00000000    
        7816   1.10889697       5.85794710E-02   2.99999993E-02
        7818   1.09671104       5.78786209E-02   2.99999993E-02
        7820   1.68983221       3.96322086E-02   1.99999996E-02
        7822   1.69086826       3.96734513E-02   1.99999996E-02
        7824   1.69525003       3.98483351E-02   1.99999996E-02
        7826   0.00000000       0.00000000       0.00000000    
        7828   0.00000000       0.00000000       0.00000000    
        7830  0.322056621      0.132002130       5.99999987E-02
        7832   1.69525003       3.98483351E-02   1.99999996E-02
        7834  0.637448788       9.58423540E-02   5.00000007E-02
        7836   1.69525003       3.98483351E-02   1.99999996E-02
        7838  0.834160507       7.87724257E-02   3.99999991E-02
        7840   3.39618611       1.99620351E-02   9.99999978E-03
        7842   0.00000000       0.00000000       0.00000000    
        7844   1.11632967       5.90223223E-02   2.99999993E-02
        7846   1.69112480       3.96836661E-02   1.99999996E-02
        7848   1.10113299       5.81377037E-02   2.99999993E-02
        7850   1.11869645       5.91615625E-02   2.99999993E-02
        7852   3.39618611       1.99620351E-02   9.99999978E-03
        7854   3.39618611       1.99620351E-02   9.99999978E-03
        7856  0.807071924       7.66764209E-02   3.99999991E-02
        7858  0.804445326       5.28611988E-02   2.99999993E-02
        7860  0.643462181      0.108638160       3.99999991E-02
        7862   3.39618611       1.99620351E-02   9.99999978E-03
        7864  0.728479147       7.11253136E-02   3.99999991E-02
        7866   1.69071257       3.96672487E-02   1.99999996E-02
        7868   1.65211833       3.81619669E-02   1.99999996E-02
        7870   1.69050992       3.96591835E-02   1.99999996E-02
        7872   1.69525003       3.98483351E-02   1.99999996E-02
        7874   0.00000000       0.00000000       0.00000000    
        7876  0.339898974      0.101063095       5.00000007E-02
        7878   3.39618611       1.99620351E-02   9.99999978E-03
        7880   3.39618611       1.99620351E-02   9.99999978E-03
        7882   1.67778361       3.91558893E-02   1.99999996E-02
        7884   3.39618611       1.99620351E-02   9.99999978E-03
        7886  0.829234123       7.83869028E-02   3.99999991E-02
        7888   1.12105310       5.93021363E-02   2.99999993E-02
        7890   1.62644374       3.71979065E-02   1.99999996E-02
        7892   1.68984580       3.96327525E-02   1.99999996E-02
        7894   1.12519765       5.95503710E-02   2.99999993E-02
        7896   1.10168695       5.81635758E-02   2.99999993E-02
        7898   3.39618611       1.99620351E-02   9.99999978E-03
        7900   1.11489773       5.89367822E-02   2.99999993E-02
        7902   1.40162587       3.06601021E-02   1.99999996E-02
        7904   3.39618611       1.99620351E-02   9.99999978E-03
        7906   1.11319411       5.88378496E-02   2.99999993E-02
        7908   3.39618611       1.99620351E-02   9.99999978E-03
        7910   3.39618611       1.99620351E-02   9.99999978E-03
        7912   0.00000000       0.00000000       0.00000000    
        7914   1.47729933       3.23696807E-02   1.99999996E-02
        7916  0.820962965      0.175099537       3.99999991E-02
        7918   1.11653781       5.90349622E-02   2.99999993E-02
        7920   0.00000000       0.00000000       0.00000000    
        7922  0.632797182      0.104095988       3.99999991E-02
        7924   1.69020176       3.96469161E-02   1.99999996E-02
        7926  0.828425467       7.83170611E-02   3.99999991E-02
        7928   1.12399507       5.94783127E-02   2.99999993E-02
        7930   1.69525003       3.98483351E-02   1.99999996E-02
        7932   1.10394228       5.82901351E-02   2.99999993E-02
        7934  0.766650558       7.37436414E-02   3.99999991E-02
        7936  0.950418651       5.10387346E-02   2.99999993E-02
        7938   1.48845327       3.26737203E-02   1.99999996E-02
        7940   3.39618611       1.99620351E-02   9.99999978E-03
        7942   1.08712566       5.72999120E-02   2.99999993E-02
        7944  0.900516212      0.104829468       2.99999993E-02
        7946   1.09154475       5.75610474E-02   2.99999993E-02
        7948   3.39618611       1.99620351E-02   9.99999978E-03
        7950  0.505918384       8.62430260E-02   5.00000007E-02
        7952  0.823472559       7.79272616E-02   3.99999991E-02
        7954   1.68178368       3.93133536E-02   1.99999996E-02
        7956   3.39618611       1.99620351E-02   9.99999978E-03
        7958   1.69247484       3.97374816E-02   1.99999996E-02
        7960   1.69525003       3.98483351E-02   1.99999996E-02
        7962   1.12519765       5.95503002E-02   2.99999993E-02
        7964   0.00000000       0.00000000       0.00000000    
        7966   3.39618611       1.99620351E-02   9.99999978E-03
        7968   1.69359398       3.97821441E-02   1.99999996E-02
        7970   1.69525003       3.98483351E-02   1.99999996E-02
        7972   1.69008791       3.96423824E-02   1.99999996E-02
        7974   1.12468016       5.95193170E-02   2.99999993E-02
        7976   1.69525003       3.98483351E-02   1.99999996E-02
        7978  0.571259201       8.95734206E-02   5.00000007E-02
        7980   1.69525003       3.98483351E-02   1.99999996E-02
        7982   1.69525003       3.98483351E-02   1.99999996E-02
        7984  0.832416952       5.05590700E-02   2.99999993E-02
        7986   0.00000000       0.00000000       0.00000000    
        7988   1.69150674       3.96988839E-02   1.99999996E-02
        7990  0.986537695       5.21644019E-02   2.99999993E-02
        7992   1.00882626       5.33238500E-02   2.99999993E-02
        7994   1.68786752       3.95541303E-02   1.99999996E-02
        7996  0.283297300       9.84932259E-02   5.00000007E-02
        7998   3.39618611       1.99620351E-02   9.99999978E-03
        8000   3.39618611       1.99620351E-02   9.99999978E-03
        8002   1.12624264       5.96129484E-02   2.99999993E-02
        8004   3.39618611       1.99620351E-02   9.99999978E-03
        8006   0.00000000       0.00000000       0.00000000    
        8008  0.815945864       5.19920364E-02   2.99999993E-02
        8010   1.03081000       5.42119257E-02   2.99999993E-02
        8012  0.784534037       7.49403164E-02   3.99999991E-02
        8014   1.68840134       3.95753309E-02   1.99999996E-02
        8016   1.69525003       3.98483351E-02   1.99999996E-02
        8018   3.39618611       1.99620351E-02   9.99999978E-03
        8020  0.654985666       6.79991469E-02   3.99999991E-02
        8022   1.09651983       5.78581467E-02   2.99999993E-02
        8024  0.594756663       9.18256640E-02   5.00000007E-02
        8026   3.39618611       1.99620351E-02   9.99999978E-03
        8028   1.58495343       3.57110016E-02   1.99999996E-02
        8030   1.66441166       3.86344306E-02   1.99999996E-02
        8032   3.39618611       1.99620351E-02   9.99999978E-03
        8034   1.69168556       3.97060104E-02   1.99999996E-02
        8036   1.69397056       3.97971906E-02   1.99999996E-02
        8038   1.68781292       3.95519622E-02   1.99999996E-02
        8040  0.685637712       6.96408078E-02   3.99999991E-02
        8042  0.480531603       8.35750252E-02   5.00000007E-02
        8044   3.39618611       1.99620351E-02   9.99999978E-03
        8046   3.39618611       1.99620351E-02   9.99999978E-03
        8048   1.61204505       3.66714746E-02   1.99999996E-02
        8050   3.39618611       1.99620351E-02   9.99999978E-03
        8052   1.12339938       5.94427213E-02   2.99999993E-02
        8054   0.00000000       0.00000000       0.00000000    
        8056  0.672758341       6.91719353E-02   3.99999991E-02
        8058   1.66456032       3.86401825E-02   1.99999996E-02
        8060   3.39618611       1.99620351E-02   9.99999978E-03
        8062  0.798929214       7.61037320E-02   3.99999991E-02
        8064   1.69525003       3.98483351E-02   1.99999996E-02
        8066  0.510995567      0.112236239       3.99999991E-02
        8068   3.39618611       1.99620351E-02   9.99999978E-03
        8070   1.68863034       3.95844281E-02   1.99999996E-02
        8072  0.695689380       7.00905919E-02   3.99999991E-02
        8074   1.01515424       5.36091253E-02   2.99999993E-02
        8076   1.69297397       3.97573970E-02   1.99999996E-02
        8078   1.68825936       3.95696908E-02   1.99999996E-02
        8080  0.627350032       9.48741958E-02   5.00000007E-02
        8082  0.578379810       9.09875035E-02   5.00000007E-02
        8084   0.00000000       0.00000000       0.00000000    
        8086   3.39618611       1.99620351E-02   9.99999978E-03
        8088   1.09210646       5.76226376E-02   2.99999993E-02
        8090   1.69525003       3.98483351E-02   1.99999996E-02
        8092  0.778885961       7.46258870E-02   3.99999991E-02
        8094   0.00000000       0.00000000       0.00000000    
        8096   3.39618611       1.99620351E-02   9.99999978E-03
        8098   0.00000000       0.00000000       0.00000000    
        8100  0.574171424       6.52212501E-02   3.99999991E-02
        8102  0.620717525       9.41953063E-02   5.00000007E-02
        8104  0.162634000       8.17082450E-02   5.99999987E-02
        8106  0.489695936       8.45577791E-02   5.00000007E-02
        8108  0.975140631       5.18691055E-02   2.99999993E-02
        8110  0.632010043      0.104950681       3.99999991E-02
        8112   1.04377067       5.49788587E-02   2.99999993E-02
        8114   1.11800301       5.91208413E-02   2.99999993E-02
        8116   1.44268978       3.15044448E-02   1.99999996E-02
        8118  0.761796296       7.32171163E-02   3.99999991E-02
        8120   1.07659912       5.67582175E-02   2.99999993E-02
        8122   3.39618611       1.99620351E-02   9.99999978E-03
        8124   1.69525003       3.98483351E-02   1.99999996E-02
        8126  0.850729406       4.58120964E-02   2.99999993E-02
        8128  0.836950541       7.89952204E-02   3.99999991E-02
        8130   1.69036233       3.96533050E-02   1.99999996E-02
        8132   3.39618611       1.99620351E-02   9.99999978E-03
        8134  0.810735762       7.69484118E-02   3.99999991E-02
        8136  0.312456727      0.193745047       5.99999987E-02
        8138   1.11970067       5.92228360E-02   2.99999993E-02
        8140  0.688784540       6.92204610E-02   3.99999991E-02
        8142  0.550460577      0.143824130       5.00000007E-02
        8144  0.612895787       7.02183470E-02   3.99999991E-02
        8146  0.451225489      0.101617247       5.00000007E-02
        8148   1.69415033       3.98043692E-02   1.99999996E-02
        8150  0.765983105       7.36296028E-02   3.99999991E-02
        8152  0.756532967       7.29248151E-02   3.99999991E-02
        8154  0.584016979       9.12033692E-02   5.00000007E-02
        8156   1.11651695       5.90324774E-02   2.99999993E-02
        8158   1.10048473       5.80894090E-02   2.99999993E-02
        8160  0.462273717       8.06878954E-02   5.00000007E-02
        8162   1.01703095       5.36261313E-02   2.99999993E-02
        8164  -2.82794191E-03  0.140862867       7.00000003E-02
        8166  0.520147443       8.53008404E-02   5.00000007E-02
        8168   1.10423374       5.83120994E-02   2.99999993E-02
        8170   3.39618611       1.99620351E-02   9.99999978E-03
        8172   3.39618611       1.99620351E-02   9.99999978E-03
        8174   3.39618611       1.99620351E-02   9.99999978E-03
        8176   1.69421780       3.98070626E-02   1.99999996E-02
        8178   1.09177923      0.381358922       5.00000007E-02
        8180  0.234131679       8.61649811E-02   5.99999987E-02
        8182   3.39618611       1.99620351E-02   9.99999978E-03
        8184   1.60808778       3.65286767E-02   1.99999996E-02
        8186  0.832921207       7.86779597E-02   3.99999991E-02
        8188   1.11870146       5.91618903E-02   2.99999993E-02
        8190   1.66727889       3.87455858E-02   1.99999996E-02
        8192   1.69044185       3.96564715E-02   1.99999996E-02
        8194  0.638482690       9.59262401E-02   5.00000007E-02
        8196   1.69252324       3.97394150E-02   1.99999996E-02
        8198   1.08000660       5.69458641E-02   2.99999993E-02
        8200   3.39618611       1.99620351E-02   9.99999978E-03
        8202   3.39618611       1.99620351E-02   9.99999978E-03
        8204   1.69329643       3.97702642E-02   1.99999996E-02
        8206  0.910409153      0.107352592       2.99999993E-02
        8208  0.822082639       7.78130293E-02   3.99999991E-02
        8210   1.12147462       5.93276061E-02   2.99999993E-02
        8212   3.39618611       1.99620351E-02   9.99999978E-03
        8214   3.39618611       1.99620351E-02   9.99999978E-03
        8216   1.69229269       3.97302136E-02   1.99999996E-02
        8218  0.416767776       8.14442113E-02   5.00000007E-02
        8220   1.64989805       3.80773656E-02   1.99999996E-02
        8222  0.833194673       7.86976591E-02   3.99999991E-02
        8224   1.05228722       5.54596931E-02   2.99999993E-02
        8226   0.00000000       0.00000000       0.00000000    
        8228  0.794651270       7.57847428E-02   3.99999991E-02
        8230   1.11185718       5.87546602E-02   2.99999993E-02
        8232  0.739175439       7.19948262E-02   3.99999991E-02
        8234  0.741949081       7.19315335E-02   3.99999991E-02
        8236   1.12104225       5.93017042E-02   2.99999993E-02
        8238  0.218351066       9.59919766E-02   5.00000007E-02
        8240  0.761747241       7.34412596E-02   3.99999991E-02
        8242   3.39618611       1.99620351E-02   9.99999978E-03
        8244   3.39618611       1.99620351E-02   9.99999978E-03
        8246   1.11934853       5.92007451E-02   2.99999993E-02
        8248  0.920880914       4.99405414E-02   2.99999993E-02
        8250   1.12346101       5.94463982E-02   2.99999993E-02
        8252   1.69525003       3.98483351E-02   1.99999996E-02
        8254   3.39618611       1.99620351E-02   9.99999978E-03
        8256   3.39618611       1.99620351E-02   9.99999978E-03
        8258  0.632875621       6.78838342E-02   3.99999991E-02
        8260   1.69412446       3.98033336E-02   1.99999996E-02
        8262  0.551797092       8.05260986E-02   3.99999991E-02
        8264  0.733015537       7.14496151E-02   3.99999991E-02
        8266   1.11438775       5.89089394E-02   2.99999993E-02
        8268   3.39618611       1.99620351E-02   9.99999978E-03
        8270   3.39618611       1.99620351E-02   9.99999978E-03
        8272   1.04557204       5.48883490E-02   2.99999993E-02
        8274   1.69525003       3.98483351E-02   1.99999996E-02
        8276   0.00000000       0.00000000       0.00000000    
        8278  0.715016246       7.06723481E-02   3.99999991E-02
        8280   1.62184155       3.70284915E-02   1.99999996E-02
        8282   3.39618611       1.99620351E-02   9.99999978E-03
        8284  0.425476015       7.06717074E-02   3.99999991E-02
        8286   1.10718381       5.84876277E-02   2.99999993E-02
        8288  0.329969227       9.17666852E-02   5.00000007E-02
        8290   1.11581767       5.89910969E-02   2.99999993E-02
        8292  0.369710684      0.105379149       5.99999987E-02
        8294  0.820317745       5.14193624E-02   2.99999993E-02
        8296   0.00000000       0.00000000       0.00000000    
        8298  0.583202302       7.69485608E-02   2.99999993E-02
        8300  0.446282059      0.106942669       5.99999987E-02
        8302   3.39618611       1.99620351E-02   9.99999978E-03
        8304   3.39618611       1.99620351E-02   9.99999978E-03
        8306   1.10467041       5.83290048E-02   2.99999993E-02
        8308  0.983461618       5.21288477E-02   2.99999993E-02
        8310   1.68900585       3.95993516E-02   1.99999996E-02
        8312  0.795822620       7.57623762E-02   3.99999991E-02
        8314   3.39618611       1.99620351E-02   9.99999978E-03
        8316  0.774992406       7.41102174E-02   3.99999991E-02
        8318   0.00000000       0.00000000       0.00000000    
        8320  0.470666409      0.112919651       5.00000007E-02
        8322   1.03575480       5.45932390E-02   2.99999993E-02
        8324  0.216297060       8.44725743E-02   5.99999987E-02
        8326  0.296159238      0.118913300       5.99999987E-02
        8328   0.00000000       0.00000000       0.00000000    
        8330   1.11997652       5.92392087E-02   2.99999993E-02
        8332   3.39618611       1.99620351E-02   9.99999978E-03
        8334   3.39618611       1.99620351E-02   9.99999978E-03
        8336   1.61394107       3.67401838E-02   1.99999996E-02
        8338  0.879821301       4.85429764E-02   2.99999993E-02
        8340   1.05253696       5.54443337E-02   2.99999993E-02
        8342   3.39618611       1.99620351E-02   9.99999978E-03
        8344   0.00000000       0.00000000       0.00000000    
        8346   1.09752572       5.79247735E-02   2.99999993E-02
        8348   1.69525003       3.98483351E-02   1.99999996E-02
        8350  0.551919639       8.82135406E-02   5.00000007E-02
        8352   1.69361508       3.97829898E-02   1.99999996E-02
        8354  0.967314720       5.11916280E-02   2.99999993E-02
        8356  0.795867264       5.57541065E-02   2.99999993E-02
        8358   1.69525003       3.98483351E-02   1.99999996E-02
        8360   1.12312520       5.94263263E-02   2.99999993E-02
        8362  0.785783589       7.51165152E-02   3.99999991E-02
        8364   0.00000000       0.00000000       0.00000000    
        8366  0.830041945       7.84446746E-02   3.99999991E-02
        8368   3.39618611       1.99620351E-02   9.99999978E-03
        8370  0.683145165       6.78199381E-02   3.99999991E-02
        8372   1.48894238       3.26873139E-02   1.99999996E-02
        8374  0.943048835       5.06508872E-02   2.99999993E-02
        8376  0.667299390       6.84348419E-02   3.99999991E-02
        8378   1.69094884       3.96766588E-02   1.99999996E-02
        8380   1.11741495       5.90867251E-02   2.99999993E-02
        8382   1.69525003       3.98483351E-02   1.99999996E-02
        8384   3.39618611       1.99620351E-02   9.99999978E-03
        8386   1.12244761       5.93859144E-02   2.99999993E-02
        8388   0.00000000       0.00000000       0.00000000    
        8390   3.39618611       1.99620351E-02   9.99999978E-03
        8392  0.325287074      0.119191878       7.00000003E-02
        8394   1.69334698       3.97722870E-02   1.99999996E-02
        8396  0.779302895       7.44842067E-02   3.99999991E-02
        8398   1.69334602       3.97722423E-02   1.99999996E-02
        8400  0.973346531       5.17119989E-02   2.99999993E-02
        8402   1.12556255       5.95722124E-02   2.99999993E-02
        8404  0.872045219       4.95761484E-02   2.99999993E-02
        8406   1.69525003       3.98483351E-02   1.99999996E-02
        8408   3.39618611       1.99620351E-02   9.99999978E-03
        8410  0.475791037      0.119002059       5.00000007E-02
        8412  0.570272088       6.37323633E-02   3.99999991E-02
        8414   3.39618611       1.99620351E-02   9.99999978E-03
        8416   3.39618611       1.99620351E-02   9.99999978E-03
        8418   3.39618611       1.99620351E-02   9.99999978E-03
        8420   3.39618611       1.99620351E-02   9.99999978E-03
        8422   1.10220993       5.81967793E-02   2.99999993E-02
        8424   0.00000000       0.00000000       0.00000000    
        8426   1.67930257       3.92156020E-02   1.99999996E-02
        8428   1.12624526       5.96131049E-02   2.99999993E-02
        8430   0.00000000       0.00000000       0.00000000    
        8432   1.64605951       3.79316434E-02   1.99999996E-02
        8434  0.344978154      0.121190585       7.00000003E-02
        8436  0.582690835       9.08240452E-02   5.00000007E-02
        8438  0.569001019       9.02525857E-02   5.00000007E-02
        8440   3.39618611       1.99620351E-02   9.99999978E-03
        8442  0.485738575       8.24565813E-02   5.00000007E-02
        8444   1.69280374       3.97506021E-02   1.99999996E-02
        8446   3.39618611       1.99620351E-02   9.99999978E-03
        8448  0.608819008       9.33387950E-02   5.00000007E-02
        8450   1.10001040       5.80570735E-02   2.99999993E-02
        8452   1.69368219       3.97856683E-02   1.99999996E-02
        8454  0.818502665       7.75364414E-02   3.99999991E-02
        8456  0.840221584       5.02970479E-02   2.99999993E-02
        8458   0.00000000       0.00000000       0.00000000    
        8460   1.69344389       3.97761539E-02   1.99999996E-02
        8462   1.06901741       5.62820658E-02   2.99999993E-02
        8464  0.812378347       7.70555511E-02   3.99999991E-02
        8466   0.00000000       0.00000000       0.00000000    
        8468   0.00000000       0.00000000       0.00000000    
        8470   3.39618611       1.99620351E-02   9.99999978E-03
        8472   3.39618611       1.99620351E-02   9.99999978E-03
        8474   1.69525003       3.98483351E-02   1.99999996E-02
        8476   0.00000000       0.00000000       0.00000000    
        8478  0.808736861       7.67799467E-02   3.99999991E-02
        8480   1.20535171       4.63419817E-02   1.99999996E-02
        8482   1.69525003       3.98483351E-02   1.99999996E-02
        8484   3.39618611       1.99620351E-02   9.99999978E-03
        8486   1.68390656       3.93971987E-02   1.99999996E-02
        8488   0.00000000       0.00000000       0.00000000    
        8490   1.69381845       3.97911109E-02   1.99999996E-02
        8492  0.386460841       9.17062610E-02   5.00000007E-02
        8494  0.777937055       7.44476393E-02   3.99999991E-02
        8496   1.68278599       3.93529199E-02   1.99999996E-02
        8498   3.39618611       1.99620351E-02   9.99999978E-03
        8500   1.68360746       3.93853709E-02   1.99999996E-02
        8502   0.00000000       0.00000000       0.00000000    
        8504  0.702184081       4.25457135E-02   2.99999993E-02
        8506  0.796714723       7.59147704E-02   3.99999991E-02
        8508   1.69525003       3.98483351E-02   1.99999996E-02
        8510  0.786973298       7.52552897E-02   3.99999991E-02
        8512   3.39618611       1.99620351E-02   9.99999978E-03
        8514  0.983877361       5.22677228E-02   2.99999993E-02
        8516   1.03601754       5.46243899E-02   2.99999993E-02
        8518   3.39618611       1.99620351E-02   9.99999978E-03
        8520   3.39618611       1.99620351E-02   9.99999978E-03
        8522   3.39618611       1.99620351E-02   9.99999978E-03
        8524  0.538616717       6.77191243E-02   3.99999991E-02
        8526   1.69525003       3.98483351E-02   1.99999996E-02
        8528   1.41590357      0.188977018       2.99999993E-02
        8530   3.39618611       1.99620351E-02   9.99999978E-03
        8532   1.69422388       3.98073085E-02   1.99999996E-02
        8534   3.39618611       1.99620351E-02   9.99999978E-03
        8536  0.303939968      0.100691229       5.99999987E-02
        8538  0.500503302      0.112200335       5.99999987E-02
        8540   3.39618611       1.99620351E-02   9.99999978E-03
        8542  0.466844171       8.63205343E-02   5.00000007E-02
        8544  0.802100778       6.75053447E-02   2.99999993E-02
        8546   3.39618611       1.99620351E-02   9.99999978E-03
        8548   3.39618611       1.99620351E-02   9.99999978E-03
        8550   1.50564969       3.31639796E-02   1.99999996E-02
        8552  0.813546538       7.71516189E-02   3.99999991E-02
        8554   3.39618611       1.99620351E-02   9.99999978E-03
        8556   0.00000000       0.00000000       0.00000000    
        8558   3.39618611       1.99620351E-02   9.99999978E-03
        8560  0.593454540      0.115268558       3.99999991E-02
        8562  0.543461084       6.03150427E-02   3.99999991E-02
        8564   1.11380100       5.88701740E-02   2.99999993E-02
        8566  0.210594177      0.111964040       5.00000007E-02
        8568   1.11290407       5.88172935E-02   2.99999993E-02
        8570  0.293490291       9.43782553E-02   5.99999987E-02
        8572   1.44060624       3.14564817E-02   1.99999996E-02
        8574   3.39618611       1.99620351E-02   9.99999978E-03
        8576  0.811266124       7.69854188E-02   3.99999991E-02
        8578   3.39618611       1.99620351E-02   9.99999978E-03
        8580   1.69224501       3.97283137E-02   1.99999996E-02
        8582   1.10870063       5.85729107E-02   2.99999993E-02
        8584 -0.252602994       8.94011483E-02   7.00000003E-02
        8586  0.563267410      0.100157268       3.99999991E-02
        8588  0.779327154       7.45995864E-02   3.99999991E-02
        8590  0.506414175      0.125996232       5.00000007E-02
        8592   1.68061054       3.92671078E-02   1.99999996E-02
        8594   1.62681961       3.72117870E-02   1.99999996E-02
        8596  0.822038829       7.78176934E-02   3.99999991E-02
        8598   1.68219686       3.93296592E-02   1.99999996E-02
        8600   0.00000000       0.00000000       0.00000000    
        8602   1.69325829       3.97687405E-02   1.99999996E-02
        8604   1.69525003       3.98483351E-02   1.99999996E-02
        8606  0.813396633       7.71418139E-02   3.99999991E-02
        8608  0.701737225       7.03768358E-02   3.99999991E-02
        8610   0.00000000       0.00000000       0.00000000    
        8612   3.39618611       1.99620351E-02   9.99999978E-03
        8614   1.12356961       5.94528876E-02   2.99999993E-02
        8616   1.63536763       3.75294015E-02   1.99999996E-02
        8618  0.557983518       8.96970630E-02   5.00000007E-02
        8620   3.39618611       1.99620351E-02   9.99999978E-03
        8622   1.12396204       5.94763346E-02   2.99999993E-02
        8624  0.635308146       6.62461817E-02   3.99999991E-02
        8626  0.600849092       9.27230343E-02   5.00000007E-02
        8628   3.39618611       1.99620351E-02   9.99999978E-03
        8630   1.69525003       3.98483351E-02   1.99999996E-02
        8632   1.12032568       5.92594035E-02   2.99999993E-02
        8634   1.69301677       3.97591032E-02   1.99999996E-02
        8636   3.39618611       1.99620351E-02   9.99999978E-03
        8638   0.00000000       0.00000000       0.00000000    
        8640   0.00000000       0.00000000       0.00000000    
        8642   1.69307244       3.97613235E-02   1.99999996E-02
        8644   0.00000000       0.00000000       0.00000000    
        8646   1.65034485       3.80943790E-02   1.99999996E-02
        8648   1.69319606       3.97662595E-02   1.99999996E-02
        8650   1.68877852       3.95903178E-02   1.99999996E-02
        8652   1.10702968       5.84786646E-02   2.99999993E-02
        8654   1.07821476       5.68281785E-02   2.99999993E-02
        8656   1.69410610       3.98026034E-02   1.99999996E-02
        8658  0.825780571       7.81067461E-02   3.99999991E-02
        8660  0.752121508       7.27632120E-02   3.99999991E-02
        8662   3.39618611       1.99620351E-02   9.99999978E-03
        8664   0.00000000       0.00000000       0.00000000    
        8666   1.09052598       5.75264953E-02   2.99999993E-02
        8668   3.39618611       1.99620351E-02   9.99999978E-03
        8670  0.820312977       7.76887238E-02   3.99999991E-02
        8672   1.68022323       3.92518491E-02   1.99999996E-02
        8674   3.39618611       1.99620351E-02   9.99999978E-03
        8676   1.03973830       5.47819138E-02   2.99999993E-02
        8678   1.69071305       3.96672674E-02   1.99999996E-02
        8680   0.00000000       0.00000000       0.00000000    
        8682   1.68335354       3.93753387E-02   1.99999996E-02
        8684  0.261353016       7.86259472E-02   5.00000007E-02
        8686   1.11638260       5.90242557E-02   2.99999993E-02
        8688   1.08315575       5.71204573E-02   2.99999993E-02
        8690   1.68695855       3.95180583E-02   1.99999996E-02
        8692   1.69525003       3.98483351E-02   1.99999996E-02
        8694   1.56119382       3.49036679E-02   1.99999996E-02
        8696  0.786412716       7.51672760E-02   3.99999991E-02
        8698   1.11963642       5.92181496E-02   2.99999993E-02
        8700   0.00000000       0.00000000       0.00000000    
        8702   1.60399616       3.63819152E-02   1.99999996E-02
        8704   1.69525003       3.98483351E-02   1.99999996E-02
        8706  0.638348579       6.63609132E-02   3.99999991E-02
        8708  -7.48731568E-02  0.132060468       5.99999987E-02
        8710  0.639966428       9.60942656E-02   5.00000007E-02
        8712   0.00000000       0.00000000       0.00000000    
        8714   3.39618611       1.99620351E-02   9.99999978E-03
        8716  0.826159537       7.81413391E-02   3.99999991E-02
        8718   1.12003946       5.92424907E-02   2.99999993E-02
        8720  0.901574612       4.72861417E-02   2.99999993E-02
        8722  0.451292247      0.166080952       5.99999987E-02
        8724   0.00000000       0.00000000       0.00000000    
        8726   1.69314194       3.97641025E-02   1.99999996E-02
        8728   1.68430555       3.94129753E-02   1.99999996E-02
        8730   1.12507355       5.95428646E-02   2.99999993E-02
        8732  0.798256695       7.59913474E-02   3.99999991E-02
        8734   3.39618611       1.99620351E-02   9.99999978E-03
        8736  0.431901246      0.104514934       5.99999987E-02
        8738   1.12420452       5.94909899E-02   2.99999993E-02
        8740  0.701497912       6.89624995E-02   3.99999991E-02
        8742   1.11530066       5.89612685E-02   2.99999993E-02
        8744   1.32460725       2.98513211E-02   1.99999996E-02
        8746  0.736995280       7.13774934E-02   3.99999991E-02
        8748   1.12534750       5.95592745E-02   2.99999993E-02
        8750   1.69525003       3.98483351E-02   1.99999996E-02
        8752  0.609943986       9.31513309E-02   5.00000007E-02
        8754   1.12575507       5.95837384E-02   2.99999993E-02
        8756   3.39618611       1.99620351E-02   9.99999978E-03
        8758   1.69315565       3.97646502E-02   1.99999996E-02
        8760   3.39618611       1.99620351E-02   9.99999978E-03
        8762   3.39618611       1.99620351E-02   9.99999978E-03
        8764  0.831366956       4.38730940E-02   2.99999993E-02
        8766   3.39618611       1.99620351E-02   9.99999978E-03
        8768   1.54696167       3.44371311E-02   1.99999996E-02
        8770  0.480894476       8.20951015E-02   5.00000007E-02
        8772   1.69366002       3.97847816E-02   1.99999996E-02
        8774  0.453367680       7.98990503E-02   5.00000007E-02
        8776   1.69525003       3.98483351E-02   1.99999996E-02
        8778   1.69525003       3.98483351E-02   1.99999996E-02
        8780   1.08126080       5.69833890E-02   2.99999993E-02
        8782   1.09979320       5.80607206E-02   2.99999993E-02
        8784   3.39618611       1.99620351E-02   9.99999978E-03
        8786   3.39618611       1.99620351E-02   9.99999978E-03
        8788  0.828825891       7.83487111E-02   3.99999991E-02
        8790   3.39618611       1.99620351E-02   9.99999978E-03
        8792   1.69165111       3.97046357E-02   1.99999996E-02
        8794   1.66006088       3.84664461E-02   1.99999996E-02
        8796   0.00000000       0.00000000       0.00000000    
        8798   1.10900009       5.85886016E-02   2.99999993E-02
        8800   1.07177639       5.64860702E-02   2.99999993E-02
        8802   1.11536765       5.89632243E-02   2.99999993E-02
        8804   3.39618611       1.99620351E-02   9.99999978E-03
        8806   3.39618611       1.99620351E-02   9.99999978E-03
        8808   3.39618611       1.99620351E-02   9.99999978E-03
        8810  0.669900358       6.80811927E-02   3.99999991E-02
        8812  0.569592297       8.95674303E-02   5.00000007E-02
        8814  0.763467789      0.442118168       7.00000003E-02
        8816  0.811221361       7.69875571E-02   3.99999991E-02
        8818   1.69145882       3.96969765E-02   1.99999996E-02
        8820   1.69272077       3.97472903E-02   1.99999996E-02
        8822  0.268395990       8.32070410E-02   5.00000007E-02
        8824   1.69379568       3.97902057E-02   1.99999996E-02
        8826   0.00000000       0.00000000       0.00000000    
        8828   1.36722529       3.01474389E-02   1.99999996E-02
        8830  0.934967637       5.05716056E-02   2.99999993E-02
        8832   3.39618611       1.99620351E-02   9.99999978E-03
        8834   1.66475809       3.86478417E-02   1.99999996E-02
        8836  0.379965812       9.93678719E-02   5.99999987E-02
        8838   1.20773160       3.45269889E-02   1.99999996E-02
        8840   3.39618611       1.99620351E-02   9.99999978E-03
        8842   1.69094872       3.96766551E-02   1.99999996E-02
        8844   1.69525003       3.98483351E-02   1.99999996E-02
        8846   1.69033575       3.96522507E-02   1.99999996E-02
        8848   1.69525003       3.98483351E-02   1.99999996E-02
        8850  0.237754866       8.85557681E-02   5.99999987E-02
        8852   3.39618611       1.99620351E-02   9.99999978E-03
        8854   1.69329488       3.97702046E-02   1.99999996E-02
        8856  0.751735151       7.26499334E-02   3.99999991E-02
        8858   1.64261317       3.78013961E-02   1.99999996E-02
        8860   1.68730855       3.95319462E-02   1.99999996E-02
        8862  0.457313240      0.107568353       5.99999987E-02
        8864   0.00000000       0.00000000       0.00000000    
        8866   1.67666268       3.91118824E-02   1.99999996E-02
        8868   0.00000000       0.00000000       0.00000000    
        8870   3.39618611       1.99620351E-02   9.99999978E-03
        8872   3.39618611       1.99620351E-02   9.99999978E-03
        8874   1.69170415       3.97067517E-02   1.99999996E-02
        8876  0.824343383       7.54721388E-02   2.99999993E-02
        8878   3.39618611       1.99620351E-02   9.99999978E-03
        8880  0.460555375      0.118240707       5.00000007E-02
        8882  0.488999963       8.38951096E-02   5.00000007E-02
        8884  0.422521800       9.68711078E-02   5.00000007E-02
        8886  0.123563975       8.84277895E-02   5.00000007E-02
        8888  0.617262721      0.237631276       5.99999987E-02
        8890  0.499656826      0.112200849       5.99999987E-02
        8892   3.39618611       1.99620351E-02   9.99999978E-03
        8894   1.11758518       5.90957776E-02   2.99999993E-02
        8896  0.833132625       7.86913186E-02   3.99999991E-02
        8898   1.12205696       5.93625829E-02   2.99999993E-02
        8900   1.68016386       3.92495058E-02   1.99999996E-02
        8902   1.69525003       3.98483351E-02   1.99999996E-02
        8904   1.69216907       3.97252850E-02   1.99999996E-02
        8906   3.39618611       1.99620351E-02   9.99999978E-03
        8908   0.00000000       0.00000000       0.00000000    
        8910   1.12380755       5.94670549E-02   2.99999993E-02
        8912   1.10417318       5.83115779E-02   2.99999993E-02
        8914  0.894652069       4.97604162E-02   2.99999993E-02
        8916  0.646213591       6.72591850E-02   3.99999991E-02
        8918   1.09533572       5.78034893E-02   2.99999993E-02
        8920   1.11842597       5.91456927E-02   2.99999993E-02
        8922  0.585566342       7.12038800E-02   3.99999991E-02
        8924   3.39618611       1.99620351E-02   9.99999978E-03
        8926  0.435410172      0.104945965       5.99999987E-02
        8928   1.69525003       3.98483351E-02   1.99999996E-02
        8930   3.39618611       1.99620351E-02   9.99999978E-03
        8932   1.12120879       5.93115501E-02   2.99999993E-02
        8934  0.319794178      0.117696747       5.99999987E-02
        8936   3.39618611       1.99620351E-02   9.99999978E-03
        8938  0.806024432       7.65896291E-02   3.99999991E-02
        8940   3.39618611       1.99620351E-02   9.99999978E-03
        8942  0.416810185      0.120922707       5.00000007E-02
        8944  0.328383505       9.87208784E-02   5.99999987E-02
        8946  0.365189195       7.57993758E-02   5.00000007E-02
        8948   0.00000000       0.00000000       0.00000000    
        8950   3.39618611       1.99620351E-02   9.99999978E-03
        8952   1.68329453       3.93730067E-02   1.99999996E-02
        8954   1.69283652       3.97519097E-02   1.99999996E-02
        8956   3.39618611       1.99620351E-02   9.99999978E-03
        8958   3.39618611       1.99620351E-02   9.99999978E-03
        8960   1.22184300       5.12005985E-02   1.99999996E-02
        8962   1.12220752       5.93715608E-02   2.99999993E-02
        8964   1.10897064       5.85867651E-02   2.99999993E-02
        8966  0.601151884       7.04658106E-02   3.99999991E-02
        8968   1.12559366       5.95740266E-02   2.99999993E-02
        8970   1.69376397       3.97889353E-02   1.99999996E-02
        8972  0.549292862       6.06750511E-02   3.99999991E-02
        8974   1.69397640       3.97974215E-02   1.99999996E-02
        8976   1.12363839       5.94569482E-02   2.99999993E-02
        8978  0.599345326       7.26552755E-02   3.99999991E-02
        8980   1.01491499       5.34629859E-02   2.99999993E-02
        8982   1.11183858       5.87530732E-02   2.99999993E-02
        8984   1.20369709       3.53250094E-02   1.99999996E-02
        8986  0.251865685      0.100424625       5.99999987E-02
        8988   1.12236333       5.93806542E-02   2.99999993E-02
        8990   1.67465591       3.90332304E-02   1.99999996E-02
        8992  0.488651037       8.34478810E-02   3.99999991E-02
        8994  0.156854495      0.114308484       7.00000003E-02
        8996   3.39618611       1.99620351E-02   9.99999978E-03
        8998   1.11424685       5.88976145E-02   2.99999993E-02
        9000   1.69388139       3.97936255E-02   1.99999996E-02
        9002   3.39618611       1.99620351E-02   9.99999978E-03
        9004  0.445737481      0.106186204       5.99999987E-02
        9006   1.65321290       3.82037610E-02   1.99999996E-02
        9008   3.39618611       1.99620351E-02   9.99999978E-03
        9010   1.69525003       3.98483351E-02   1.99999996E-02
        9012  0.142429292      0.125395790       7.00000003E-02
        9014  0.491559327       4.39191684E-02   2.99999993E-02
        9016   1.69525003       3.98483351E-02   1.99999996E-02
        9018  0.833692670       7.87368044E-02   3.99999991E-02
        9020   0.00000000       0.00000000       0.00000000    
        9022   0.00000000       0.00000000       0.00000000    
        9024   1.19525492       3.99725623E-02   1.99999996E-02
        9026   1.69525003       3.98483351E-02   1.99999996E-02
        9028   3.39618611       1.99620351E-02   9.99999978E-03
        9030  0.831184149       7.85372406E-02   3.99999991E-02
        9032  0.814661026       7.72279277E-02   3.99999991E-02
        9034   1.11489046       5.89353479E-02   2.99999993E-02
        9036   0.00000000       0.00000000       0.00000000    
        9038   1.69525003       3.98483351E-02   1.99999996E-02
        9040   1.69525003       3.98483351E-02   1.99999996E-02
        9042   1.69370985       3.97867747E-02   1.99999996E-02
        9044   1.30128348       6.67512938E-02   1.99999996E-02
        9046   1.12319398       5.94304129E-02   2.99999993E-02
        9048  0.472140908       8.52595195E-02   5.00000007E-02
        9050  0.646573067       6.74929395E-02   3.99999991E-02
        9052   1.69290924       3.97548117E-02   1.99999996E-02
        9054   3.39618611       1.99620351E-02   9.99999978E-03
        9056   0.00000000       0.00000000       0.00000000    
        9058   1.69414353       3.98040973E-02   1.99999996E-02
        9060   1.68872833       3.95883210E-02   1.99999996E-02
        9062   1.69525003       3.98483351E-02   1.99999996E-02
        9064   3.39618611       1.99620351E-02   9.99999978E-03
        9066   0.00000000       0.00000000       0.00000000    
        9068   1.11074257       5.86907901E-02   2.99999993E-02
        9070   3.39618611       1.99620351E-02   9.99999978E-03
        9072   1.68580973       3.94725204E-02   1.99999996E-02
        9074  0.593706548       9.17874351E-02   5.00000007E-02
        9076   3.39618611       1.99620351E-02   9.99999978E-03
        9078   3.39618611       1.99620351E-02   9.99999978E-03
        9080   0.00000000       0.00000000       0.00000000    
        9082  0.963202477       5.08902557E-02   2.99999993E-02
        9084  0.813158572       7.71272779E-02   3.99999991E-02
        9086   1.68052828       3.92638631E-02   1.99999996E-02
        9088   1.69363463       3.97837721E-02   1.99999996E-02
        9090   0.00000000       0.00000000       0.00000000    
        9092   0.00000000       0.00000000       0.00000000    
        9094   1.47787035       9.25309435E-02   1.99999996E-02
        9096  0.761054814       7.31656030E-02   3.99999991E-02
        9098   3.39618611       1.99620351E-02   9.99999978E-03
        9100   1.11575568       5.89883775E-02   2.99999993E-02
        9102   1.69282031       3.97512615E-02   1.99999996E-02
        9104  0.824218452       7.79851303E-02   3.99999991E-02
        9106   1.08042991       5.69489896E-02   2.99999993E-02
        9108   3.39618611       1.99620351E-02   9.99999978E-03
        9110   1.12327671       5.94352223E-02   2.99999993E-02
        9112  0.466187239       8.28327015E-02   5.00000007E-02
        9114   1.68578804       3.94716635E-02   1.99999996E-02
        9116   1.55573058      0.102650538       1.99999996E-02
        9118  0.854081810       4.94697616E-02   2.99999993E-02
        9120  0.793172419       5.81007563E-02   2.99999993E-02
        9122  0.344557106       7.10667744E-02   5.00000007E-02
        9124   1.12606716       5.96024357E-02   2.99999993E-02
        9126   1.09467018       5.77493235E-02   2.99999993E-02
        9128   1.69244277       3.97362038E-02   1.99999996E-02
        9130   3.39618611       1.99620351E-02   9.99999978E-03
        9132   1.69525003       3.98483351E-02   1.99999996E-02
        9134   3.39618611       1.99620351E-02   9.99999978E-03
        9136   1.12340117       5.94428293E-02   2.99999993E-02
        9138   1.68938124       3.96142751E-02   1.99999996E-02
        9140   1.69332349       3.97713445E-02   1.99999996E-02
        9142  0.781247139       7.48505816E-02   3.99999991E-02
        9144   0.00000000       0.00000000       0.00000000    
        9146   1.11489356       5.89369200E-02   2.99999993E-02
        9148   1.12561905       5.95755950E-02   2.99999993E-02
        9150   1.08984220       5.74581735E-02   2.99999993E-02
        9152  0.583890438       7.55496621E-02   3.99999991E-02
        9154   1.30168259       2.99080182E-02   1.99999996E-02
        9156   1.68937492       3.96140255E-02   1.99999996E-02
        9158   0.00000000       0.00000000       0.00000000    
        9160   1.69109917       3.96826454E-02   1.99999996E-02
        9162   1.69525003       3.98483351E-02   1.99999996E-02
        9164   3.39618611       1.99620351E-02   9.99999978E-03
        9166  0.590803623       9.14969742E-02   5.00000007E-02
        9168   1.24213374       3.13504450E-02   1.99999996E-02
        9170   3.39618611       1.99620351E-02   9.99999978E-03
        9172   1.26576984       3.04678269E-02   1.99999996E-02
        9174   1.68843377       3.95766199E-02   1.99999996E-02
        9176  0.990239382       5.18816747E-02   2.99999993E-02
        9178   1.69376314       3.97889018E-02   1.99999996E-02
        9180   0.00000000       0.00000000       0.00000000    
        9182   1.68675101       3.95098291E-02   1.99999996E-02
        9184   3.39618611       1.99620351E-02   9.99999978E-03
        9186   1.69142604       3.96956690E-02   1.99999996E-02
        9188  0.549617529       8.79567638E-02   5.00000007E-02
        9190   0.00000000       0.00000000       0.00000000    
        9192   1.68385756       3.93952616E-02   1.99999996E-02
        9194   3.39618611       1.99620351E-02   9.99999978E-03
        9196  0.825482488       7.76919127E-02   2.99999993E-02
        9198   1.03865743       5.47651276E-02   2.99999993E-02
        9200   1.69416904       3.98051180E-02   1.99999996E-02
        9202   1.69372857       3.97875197E-02   1.99999996E-02
        9204   0.00000000       0.00000000       0.00000000    
        9206   1.12313962       5.94271980E-02   2.99999993E-02
        9208   0.00000000       0.00000000       0.00000000    
        9210   3.39618611       1.99620351E-02   9.99999978E-03
        9212   3.39618611       1.99620351E-02   9.99999978E-03
        9214   1.12498903       5.95378019E-02   2.99999993E-02
        9216   3.39618611       1.99620351E-02   9.99999978E-03
        9218   1.69525003       3.98483351E-02   1.99999996E-02
        9220   1.64355671       3.78369987E-02   1.99999996E-02
        9222   1.69525003       3.98483351E-02   1.99999996E-02
        9224   0.00000000       0.00000000       0.00000000    
        9226  0.799943626       7.61121213E-02   3.99999991E-02
        9228  0.425745249      0.101445921       5.00000007E-02
        9230   3.39618611       1.99620351E-02   9.99999978E-03
        9232   1.67797601       3.91634479E-02   1.99999996E-02
        9234   3.39618611       1.99620351E-02   9.99999978E-03
        9236   3.39618611       1.99620351E-02   9.99999978E-03
        9238   3.39618611       1.99620351E-02   9.99999978E-03
        9240   1.69525003       3.98483351E-02   1.99999996E-02
        9242   0.00000000       0.00000000       0.00000000    
        9244   1.11515021       5.89538179E-02   2.99999993E-02
        9246  0.812986732       7.71095827E-02   3.99999991E-02
        9248  0.445811719      0.106898032       5.99999987E-02
        9250   3.39618611       1.99620351E-02   9.99999978E-03
        9252   0.00000000       0.00000000       0.00000000    
        9254   9.50218663E-02  0.128965572       7.99999982E-02
        9256   0.00000000       0.00000000       0.00000000    
        9258   1.11248553       5.87936454E-02   2.99999993E-02
        9260   1.12026954       5.92559986E-02   2.99999993E-02
        9262  0.404223680      0.102970965       5.99999987E-02
        9264   0.00000000       0.00000000       0.00000000    
        9266  0.660011113       6.86064065E-02   3.99999991E-02
        9268  0.443581045      0.101711221       5.00000007E-02
        9270   1.08555114       5.72414398E-02   2.99999993E-02
        9272   1.12252593       5.93904108E-02   2.99999993E-02
        9274   1.01448989       5.36003634E-02   2.99999993E-02
        9276   1.69525003       3.98483351E-02   1.99999996E-02
        9278   0.00000000       0.00000000       0.00000000    
        9280  0.835490108       7.88785964E-02   3.99999991E-02
        9282   3.39618611       1.99620351E-02   9.99999978E-03
        9284   1.11826026       5.91352358E-02   2.99999993E-02
        9286   3.39618611       1.99620351E-02   9.99999978E-03
        9288   3.39618611       1.99620351E-02   9.99999978E-03
        9290   1.68550885       3.94606031E-02   1.99999996E-02
        9292   3.39618611       1.99620351E-02   9.99999978E-03
        9294   1.69362986       3.97835784E-02   1.99999996E-02
        9296   3.39618611       1.99620351E-02   9.99999978E-03
        9298   1.11823833       5.91345094E-02   2.99999993E-02
        9300   1.69525003       3.98483351E-02   1.99999996E-02
        9302  0.437562764       9.44985375E-02   5.00000007E-02
        9304   3.39618611       1.99620351E-02   9.99999978E-03
        9306   0.00000000       0.00000000       0.00000000    
        9308   1.10600567       5.84160276E-02   2.99999993E-02
        9310  0.492961615       8.32163841E-02   5.00000007E-02
        9312  0.837990463       7.90780112E-02   3.99999991E-02
        9314   3.39618611       1.99620351E-02   9.99999978E-03
        9316   1.69410431       3.98025326E-02   1.99999996E-02
        9318  0.250572979       8.61353725E-02   5.00000007E-02
        9320   3.39618611       1.99620351E-02   9.99999978E-03
        9322  0.817620039       7.74591863E-02   3.99999991E-02
        9324   1.08926129       5.74515574E-02   2.99999993E-02
        9326   3.39618611       1.99620351E-02   9.99999978E-03
        9328   0.00000000       0.00000000       0.00000000    
        9330   1.08118069       5.70036992E-02   2.99999993E-02
        9332   1.68611658       3.94846797E-02   1.99999996E-02
        9334   1.11664951       5.90410940E-02   2.99999993E-02
        9336  0.602019906       6.86187223E-02   3.99999991E-02
        9338   0.00000000       0.00000000       0.00000000    
        9340   1.45384693       3.17696109E-02   1.99999996E-02
        9342   3.39618611       1.99620351E-02   9.99999978E-03
        9344   1.69304299       3.97601500E-02   1.99999996E-02
        9346   3.39618611       1.99620351E-02   9.99999978E-03
        9348   1.10664308       5.84509373E-02   2.99999993E-02
        9350  0.996868849       5.27206846E-02   2.99999993E-02
        9352   3.39618611       1.99620351E-02   9.99999978E-03
        9354  0.944271386       5.08443117E-02   2.99999993E-02
        9356  0.772625923       7.42584243E-02   3.99999991E-02
        9358  0.692129493       6.97959140E-02   3.99999991E-02
        9360   1.69164026       3.97042036E-02   1.99999996E-02
        9362   1.65899789       3.84255312E-02   1.99999996E-02
        9364  0.819864273       7.76498467E-02   3.99999991E-02
        9366  0.936920106       5.05313873E-02   2.99999993E-02
        9368   1.06593490       5.61660007E-02   2.99999993E-02
        9370   1.07833409      0.214126512       3.99999991E-02
        9372   0.00000000       0.00000000       0.00000000    
        9374   3.39618611       1.99620351E-02   9.99999978E-03
        9376  0.696168184       6.98191151E-02   3.99999991E-02
        9378   3.39618611       1.99620351E-02   9.99999978E-03
        9380  0.822247684       7.78286234E-02   3.99999991E-02
        9382  0.615960360       9.38474089E-02   5.00000007E-02
        9384   0.00000000       0.00000000       0.00000000    
        9386  0.632798314       6.94292709E-02   3.99999991E-02
        9388   0.00000000       0.00000000       0.00000000    
        9390   4.37914208E-02  0.121059693       7.00000003E-02
        9392   1.12352967       5.94503246E-02   2.99999993E-02
        9394   1.12090969       5.92946373E-02   2.99999993E-02
        9396   3.39618611       1.99620351E-02   9.99999978E-03
        9398   3.39618611       1.99620351E-02   9.99999978E-03
        9400   1.69525003       3.98483351E-02   1.99999996E-02
        9402   1.12351251       5.94493188E-02   2.99999993E-02
        9404  0.999621809       5.29153869E-02   2.99999993E-02
        9406   3.39618611       1.99620351E-02   9.99999978E-03
        9408   1.69358921       3.97819579E-02   1.99999996E-02
        9410   1.69233394       3.97318602E-02   1.99999996E-02
        9412  0.599260271       9.24171954E-02   5.00000007E-02
        9414   1.39771616       3.05919107E-02   1.99999996E-02
        9416   3.39618611       1.99620351E-02   9.99999978E-03
        9418  0.564860523       6.04773052E-02   3.99999991E-02
        9420   1.11161399       5.87415546E-02   2.99999993E-02
        9422  0.492604911       8.38803947E-02   5.00000007E-02
        9424   3.39618611       1.99620351E-02   9.99999978E-03
        9426   0.00000000       0.00000000       0.00000000    
        9428   0.00000000       0.00000000       0.00000000    
        9430  0.829873025       7.84355104E-02   3.99999991E-02
        9432   3.39618611       1.99620351E-02   9.99999978E-03
        9434   1.10633552       5.84285557E-02   2.99999993E-02
        9436   1.69060791       3.96630839E-02   1.99999996E-02
        9438   1.12129128       5.93169592E-02   2.99999993E-02
        9440   3.39618611       1.99620351E-02   9.99999978E-03
        9442  0.506545365       8.45802724E-02   5.00000007E-02
        9444   3.39618611       1.99620351E-02   9.99999978E-03
        9446   1.69024432       3.96486074E-02   1.99999996E-02
        9448   1.69374096       3.97880152E-02   1.99999996E-02
        9450   1.49907339       3.29735242E-02   1.99999996E-02
        9452   3.39618611       1.99620351E-02   9.99999978E-03
        9454  0.555389285       7.06172362E-02   3.99999991E-02
        9456  0.301807761      0.141176090       7.99999982E-02
        9458   3.39618611       1.99620351E-02   9.99999978E-03
        9460  0.599167049       6.81239143E-02   3.99999991E-02
        9462   3.39618611       1.99620351E-02   9.99999978E-03
        9464   1.69525003       3.98483351E-02   1.99999996E-02
        9466   0.00000000       0.00000000       0.00000000    
        9468   1.11424124       5.88965490E-02   2.99999993E-02
        9470   1.12082124       5.92884123E-02   2.99999993E-02
        9472   1.69338405       3.97737622E-02   1.99999996E-02
        9474   0.00000000       0.00000000       0.00000000    
        9476   1.69393849       3.97959054E-02   1.99999996E-02
        9478  0.360925406      0.124124184       7.00000003E-02
        9480   1.62484288       3.71388569E-02   1.99999996E-02
        9482  0.587648034       9.10494477E-02   5.00000007E-02
        9484   3.39618611       1.99620351E-02   9.99999978E-03
        9486   3.39618611       1.99620351E-02   9.99999978E-03
        9488 -0.188896298      0.131136432       7.99999982E-02
        9490   3.39618611       1.99620351E-02   9.99999978E-03
        9492   1.69405174       3.98004316E-02   1.99999996E-02
        9494   1.69525003       3.98483351E-02   1.99999996E-02
        9496   1.67936254       3.92179638E-02   1.99999996E-02
        9498   1.69525003       3.98483351E-02   1.99999996E-02
        9500   1.69525003       3.98483351E-02   1.99999996E-02
        9502   3.39618611       1.99620351E-02   9.99999978E-03
        9504  0.702073812       6.89260736E-02   3.99999991E-02
        9506  0.958606005       5.05668446E-02   2.99999993E-02
        9508   1.69361711       3.97830680E-02   1.99999996E-02
        9510   1.67566192       3.90726365E-02   1.99999996E-02
        9512  0.476128370       7.42600784E-02   2.99999993E-02
        9514   3.39618611       1.99620351E-02   9.99999978E-03
        9516  0.743478179       7.23958090E-02   3.99999991E-02
        9518  0.805306256       7.65036121E-02   3.99999991E-02
        9520   3.39618611       1.99620351E-02   9.99999978E-03
        9522  0.801609397       5.41589074E-02   2.99999993E-02
        9524   3.39618611       1.99620351E-02   9.99999978E-03
        9526  0.168587282      0.113104679       7.00000003E-02
        9528  0.586961567       6.33945316E-02   3.99999991E-02
        9530   1.69031763       3.96515243E-02   1.99999996E-02
        9532   1.16821816E-02  0.105149269       7.00000003E-02
        9534   3.39618611       1.99620351E-02   9.99999978E-03
        9536  0.817914665       7.44254962E-02   2.99999993E-02
        9538  0.823915064       7.79630244E-02   3.99999991E-02
        9540  0.572723448       6.45553842E-02   3.99999991E-02
        9542  0.209394887      0.141281545       5.99999987E-02
        9544   1.12251639       5.93898781E-02   2.99999993E-02
        9546  0.450890571       9.86730531E-02   5.00000007E-02
        9548   1.11314309       5.88327050E-02   2.99999993E-02
        9550   1.60454142       3.64014171E-02   1.99999996E-02
        9552   3.39618611       1.99620351E-02   9.99999978E-03
        9554   3.39618611       1.99620351E-02   9.99999978E-03
        9556   1.69525003       3.98483351E-02   1.99999996E-02
        9558   1.69121075       3.96870896E-02   1.99999996E-02
        9560   3.39618611       1.99620351E-02   9.99999978E-03
        9562   3.39618611       1.99620351E-02   9.99999978E-03
        9564   1.69149554       3.96984369E-02   1.99999996E-02
        9566  0.506397724      0.112882808       5.99999987E-02
        9568  0.355396241       7.61685222E-02   3.99999991E-02
        9570   1.11291814       5.88203371E-02   2.99999993E-02
        9572  0.228249088      0.115388125       7.00000003E-02
        9574   3.39618611       1.99620351E-02   9.99999978E-03
        9576   1.11722422       5.90741746E-02   2.99999993E-02
        9578   3.39618611       1.99620351E-02   9.99999978E-03
        9580   3.39618611       1.99620351E-02   9.99999978E-03
        9582   3.39618611       1.99620351E-02   9.99999978E-03
        9584   3.39618611       1.99620351E-02   9.99999978E-03
        9586  0.529344141       6.37774467E-02   3.99999991E-02
        9588   8.24437439E-02  0.136824697       7.99999982E-02
        9590  0.833982527       7.87592977E-02   3.99999991E-02
        9592   1.07923090       5.68474457E-02   2.99999993E-02
        9594   1.69525003       3.98483351E-02   1.99999996E-02
        9596  0.260004520       8.84232372E-02   5.99999987E-02
        9598   0.00000000       0.00000000       0.00000000    
        9600  0.628992617       6.85973763E-02   3.99999991E-02
        9602  0.960017622       5.06095029E-02   2.99999993E-02
        9604  0.740770757       7.17127323E-02   3.99999991E-02
        9606   1.69259262       3.97421792E-02   1.99999996E-02
        9608  0.833149254       7.86936358E-02   3.99999991E-02
        9610   1.11122310       5.87180592E-02   2.99999993E-02
        9612   1.12235582       5.93800806E-02   2.99999993E-02
        9614   1.69525003       3.98483351E-02   1.99999996E-02
        9616   1.68444824       3.94186229E-02   1.99999996E-02
        9618   0.00000000       0.00000000       0.00000000    
        9620   3.39618611       1.99620351E-02   9.99999978E-03
        9622   3.39618611       1.99620351E-02   9.99999978E-03
        9624   3.39618611       1.99620351E-02   9.99999978E-03
        9626   1.69525003       3.98483351E-02   1.99999996E-02
        9628  0.716203451      0.130273297       3.99999991E-02
        9630   1.12535524       5.95597439E-02   2.99999993E-02
        9632   1.53321505      0.308947444       3.99999991E-02
        9634   1.11454022       5.89160137E-02   2.99999993E-02
        9636   3.39618611       1.99620351E-02   9.99999978E-03
        9638   1.69525003       3.98483351E-02   1.99999996E-02
        9640  0.820228219       7.76845217E-02   3.99999991E-02
        9642   1.41511214      0.189087197       2.99999993E-02
        9644  0.535164416       9.91018862E-02   3.99999991E-02
        9646   3.39618611       1.99620351E-02   9.99999978E-03
        9648  0.690230906       4.10577543E-02   2.99999993E-02
        9650   1.69385767       3.97926793E-02   1.99999996E-02
        9652   1.66169250       3.85293439E-02   1.99999996E-02
        9654   3.39618611       1.99620351E-02   9.99999978E-03
        9656   0.00000000       0.00000000       0.00000000    
        9658  0.848623455       5.00121787E-02   2.99999993E-02
        9660   3.39618611       1.99620351E-02   9.99999978E-03
        9662   3.39618611       1.99620351E-02   9.99999978E-03
        9664   1.68948150       3.96182612E-02   1.99999996E-02
        9666   1.66853714       3.87944840E-02   1.99999996E-02
        9668   1.69410586       3.98025922E-02   1.99999996E-02
        9670  0.181549311      0.163851231       7.00000003E-02
        9672   1.12354016       5.94513156E-02   2.99999993E-02
        9674   3.39618611       1.99620351E-02   9.99999978E-03
        9676   1.05659890       5.55870347E-02   2.99999993E-02
        9678  0.888636887       4.66346852E-02   2.99999993E-02
        9680   1.08216703       5.70452996E-02   2.99999993E-02
        9682   0.00000000       0.00000000       0.00000000    
        9684   3.39618611       1.99620351E-02   9.99999978E-03
        9686   3.39618611       1.99620351E-02   9.99999978E-03
        9688   1.48404491       9.33516547E-02   1.99999996E-02
        9690  0.611441851       6.77261055E-02   3.99999991E-02
        9692  0.829394698       7.83957168E-02   3.99999991E-02
        9694   3.39618611       1.99620351E-02   9.99999978E-03
        9696   0.00000000       0.00000000       0.00000000    
        9698   1.09860480       5.79777844E-02   2.99999993E-02
        9700   1.09001863       5.75047284E-02   2.99999993E-02
        9702   0.00000000       0.00000000       0.00000000    
        9704   1.69305217       3.97605151E-02   1.99999996E-02
        9706   1.66980064       3.88436541E-02   1.99999996E-02
        9708   1.69291854       3.97551805E-02   1.99999996E-02
        9710   3.39618611       1.99620351E-02   9.99999978E-03
        9712   1.68788445       3.95548046E-02   1.99999996E-02
        9714   1.03397036       5.43179177E-02   2.99999993E-02
        9716  0.723875165       7.05615282E-02   3.99999991E-02
        9718  0.295827240      0.135320321       5.99999987E-02
        9720  0.807028830       7.66942203E-02   3.99999991E-02
        9722   1.12464833       5.95175140E-02   2.99999993E-02
        9724   1.69525003       3.98483351E-02   1.99999996E-02
        9726   1.11508286       5.89463376E-02   2.99999993E-02
        9728  0.834876299       7.88294747E-02   3.99999991E-02
        9730  0.580075324       9.05037671E-02   5.00000007E-02
        9732   0.00000000       0.00000000       0.00000000    
        9734   1.07541728       5.66879511E-02   2.99999993E-02
        9736   0.00000000       0.00000000       0.00000000    
        9738   3.39618611       1.99620351E-02   9.99999978E-03
        9740  0.852182746       4.97224219E-02   2.99999993E-02
        9742  0.379174858       4.26007360E-02   2.99999993E-02
        9744  0.835908651       7.89121389E-02   3.99999991E-02
        9746   1.57305360       3.53023522E-02   1.99999996E-02
        9748  0.419877619       9.35581326E-02   5.00000007E-02
        9750   0.00000000       0.00000000       0.00000000    
        9752  0.824262917       7.79893622E-02   3.99999991E-02
        9754   3.39618611       1.99620351E-02   9.99999978E-03
        9756   8.75011757E-02  0.104952298       5.00000007E-02
        9758   1.67751515       3.91453467E-02   1.99999996E-02
        9760  0.204749435      0.105326399       5.00000007E-02
        9762   3.39618611       1.99620351E-02   9.99999978E-03
        9764   1.69525003       3.98483351E-02   1.99999996E-02
        9766   1.69525003       3.98483351E-02   1.99999996E-02
        9768  0.350814581       9.83751267E-02   5.99999987E-02
        9770   3.39618611       1.99620351E-02   9.99999978E-03
        9772   1.12317777       5.94294481E-02   2.99999993E-02
        9774  0.509036303       8.52740109E-02   5.00000007E-02
        9776   1.69525003       3.98483351E-02   1.99999996E-02
        9778   0.00000000       0.00000000       0.00000000    
        9780   0.00000000       0.00000000       0.00000000    
        9782  0.784883380       7.50228614E-02   3.99999991E-02
        9784   0.00000000       0.00000000       0.00000000    
        9786  0.978259146       5.13304546E-02   2.99999993E-02
        9788  0.519695282      0.114459321       5.99999987E-02
        9790   1.68865335       3.95853408E-02   1.99999996E-02
        9792   0.00000000       0.00000000       0.00000000    
        9794   1.69525003       3.98483351E-02   1.99999996E-02
        9796   3.39618611       1.99620351E-02   9.99999978E-03
        9798   1.69417512       3.98053601E-02   1.99999996E-02
        9800   0.00000000       0.00000000       0.00000000    
        9802   1.12062693       5.92771880E-02   2.99999993E-02
        9804   3.39618611       1.99620351E-02   9.99999978E-03
        9806   1.69525003       3.98483351E-02   1.99999996E-02
        9808   0.00000000       0.00000000       0.00000000    
        9810   1.12630868       5.96169084E-02   2.99999993E-02
        9812   1.69346714       3.97770852E-02   1.99999996E-02
        9814  0.389482558      0.103293084       5.99999987E-02
        9816   2.45980167      0.204625085       1.99999996E-02
        9818   3.39618611       1.99620351E-02   9.99999978E-03
        9820   0.00000000       0.00000000       0.00000000    
        9822   1.68633986       3.94935310E-02   1.99999996E-02
        9824   1.11237872       5.87886125E-02   2.99999993E-02
        9826   1.59231210       3.59678417E-02   1.99999996E-02
        9828   1.67643368       3.91028970E-02   1.99999996E-02
        9830  0.739365160       7.20009133E-02   3.99999991E-02
        9832  0.590923131       9.13913995E-02   5.00000007E-02
        9834   3.39618611       1.99620351E-02   9.99999978E-03
        9836   1.11190057       5.87580130E-02   2.99999993E-02
        9838   3.39618611       1.99620351E-02   9.99999978E-03
        9840   1.11789405       5.91141284E-02   2.99999993E-02
        9842   3.39618611       1.99620351E-02   9.99999978E-03
        9844  -4.43899371E-02   9.50722545E-02   5.00000007E-02
        9846  0.776768923       7.43761510E-02   3.99999991E-02
        9848   1.67774069       3.91542017E-02   1.99999996E-02
        9850   3.39618611       1.99620351E-02   9.99999978E-03
        9852   3.39618611       1.99620351E-02   9.99999978E-03
        9854   1.68891883       3.95958908E-02   1.99999996E-02
        9856   3.39618611       1.99620351E-02   9.99999978E-03
        9858  0.796938181       5.30978180E-02   2.99999993E-02
        9860   1.69420123       3.98064032E-02   1.99999996E-02
        9862  0.321664363      0.118916370       7.00000003E-02
        9864  0.832546234       7.86450356E-02   3.99999991E-02
        9866  0.380637199       9.96667072E-02   5.99999987E-02
        9868   1.57763803       3.54587883E-02   1.99999996E-02
        9870   1.02487934       5.40641919E-02   2.99999993E-02
        9872   0.00000000       0.00000000       0.00000000    
        9874   1.68989766       3.96348163E-02   1.99999996E-02
        9876   1.12616277       5.96081614E-02   2.99999993E-02
        9878   3.39618611       1.99620351E-02   9.99999978E-03
        9880   1.68827689       3.95703912E-02   1.99999996E-02
        9882   3.39618611       1.99620351E-02   9.99999978E-03
        9884  0.792683721       7.56445378E-02   3.99999991E-02
        9886   1.69408798       3.98018807E-02   1.99999996E-02
        9888   1.69416487       3.98049504E-02   1.99999996E-02
        9890   1.09979773       5.80426343E-02   2.99999993E-02
        9892   3.39618611       1.99620351E-02   9.99999978E-03
        9894   3.39618611       1.99620351E-02   9.99999978E-03
        9896   1.68914175       3.96047495E-02   1.99999996E-02
        9898  0.990155876       5.24976254E-02   2.99999993E-02
        9900  0.500006676       8.58352184E-02   5.00000007E-02
        9902   1.69411969       3.98031436E-02   1.99999996E-02
        9904   1.69525003       3.98483351E-02   1.99999996E-02
        9906   3.39618611       1.99620351E-02   9.99999978E-03
        9908  0.928909838       4.87618558E-02   2.99999993E-02
        9910   3.39618611       1.99620351E-02   9.99999978E-03
        9912   1.68292522       3.93584147E-02   1.99999996E-02
        9914  0.822747231       7.78696239E-02   3.99999991E-02
        9916   3.39618611       1.99620351E-02   9.99999978E-03
        9918   1.12627149       5.96146770E-02   2.99999993E-02
        9920   1.41419578       3.08946464E-02   1.99999996E-02
        9922   1.62671530       3.72079350E-02   1.99999996E-02
        9924  0.694187462       6.92110062E-02   3.99999991E-02
        9926   1.66300571       3.85800526E-02   1.99999996E-02
        9928   0.00000000       0.00000000       0.00000000    
        9930   1.11922157       5.91939539E-02   2.99999993E-02
        9932   0.00000000       0.00000000       0.00000000    
        9934   1.04325151       5.49583659E-02   2.99999993E-02
        9936   1.69367945       3.97855602E-02   1.99999996E-02
        9938   1.69525003       3.98483351E-02   1.99999996E-02
        9940   0.00000000       0.00000000       0.00000000    
        9942   1.69525003       3.98483351E-02   1.99999996E-02
        9944   3.39618611       1.99620351E-02   9.99999978E-03
        9946   1.29521167      0.169192627       2.99999993E-02
        9948   0.00000000       0.00000000       0.00000000    
        9950   1.69525003       3.98483351E-02   1.99999996E-02
        9952  0.643682778       6.77869245E-02   3.99999991E-02
        9954   1.69525003       3.98483351E-02   1.99999996E-02
        9956   1.21629405       3.33257206E-02   1.99999996E-02
        9958   0.00000000       0.00000000       0.00000000    
        9960  0.483617663       8.22052807E-02   5.00000007E-02
        9962   3.39618611       1.99620351E-02   9.99999978E-03
        9964   0.00000000       0.00000000       0.00000000    
        9966   1.07756583E-02   8.52462649E-02   5.99999987E-02
        9968   3.39618611       1.99620351E-02   9.99999978E-03
        9970  0.757455647       7.30840713E-02   3.99999991E-02
        9972   1.55124080       3.45759951E-02   1.99999996E-02
        9974  0.745445311       7.20204040E-02   3.99999991E-02
        9976   1.64557230       3.79131958E-02   1.99999996E-02
        9978   1.69525003       3.98483351E-02   1.99999996E-02
        9980   3.39618611       1.99620351E-02   9.99999978E-03
        9982   1.12106490       5.93030937E-02   2.99999993E-02
        9984  0.671771526       6.71204478E-02   3.99999991E-02
        9986  0.648152828       6.88498616E-02   3.99999991E-02
        9988   1.10324848       5.82450293E-02   2.99999993E-02
        9990  0.672240138      0.185827553       5.00000007E-02
        9992  0.208699688      0.142172083       7.00000003E-02
        9994   3.39618611       1.99620351E-02   9.99999978E-03
        9996   1.69388974       3.97939608E-02   1.99999996E-02
        9998   1.11879182       5.91672137E-02   2.99999993E-02
       10000   0.00000000       0.00000000       0.00000000    
