           2  -5.23197699      0.957948744      0.864000022    
           4  -5.17835236       1.07521474      0.864000022    
           6  -5.10954094       1.24994504      0.864000022    
           8  -4.98820400       2.25198650      0.864000022    
          10  -5.13919544       1.05486548      0.864000022    
          12  -5.14794350       1.24409962      0.864000022    
          14  -5.03518057       1.44846845      0.864000022    
          16  -5.11055946       1.10822022      0.864000022    
          18  -5.30823183      0.411385953      0.864000022    
          20  -5.21054411      0.892687857      0.864000022    
          22  -5.20696449      0.862439990      0.864000022    
          24  -5.15646648       1.13204443      0.864000022    
          26  -5.33080244      0.112867981      0.864000022    
          28  -5.32195807      0.437409431      0.864000022    
          30  -5.29294062      0.356833369      0.864000022    
          32  -5.33108377      0.242574364      0.864000022    
          34  -5.35047960      0.298255473      0.864000022    
          36  -5.16289663       1.20997846      0.864000022    
          38  -5.24220514      0.841900051      0.864000022    
          40  -5.32030630      0.564464033      0.864000022    
          42  -5.24947643      0.969049811      0.864000022    
          44  -5.28596497      0.687647820      0.864000022    
          46  -5.26767969      0.794565558      0.864000022    
          48  -5.31965351      0.344113350      0.864000022    
          50  -5.19639254       1.13142049      0.864000022    
          52  -5.29193258      0.723883152      0.864000022    
          54  -5.20010662       1.12583780      0.864000022    
          56  -5.22183752      0.863776863      0.864000022    
          58  -5.32632637      0.500313878      0.864000022    
          60  -5.29654837      0.511065483      0.864000022    
          62  -5.29929304      0.658092618      0.864000022    
          64  -5.36306429      0.284584314      0.864000022    
          66  -5.22842741      0.983991861      0.864000022    
          68  -5.29990959      0.336978287      0.864000022    
          70  -5.21811485       1.12051857      0.864000022    
          72  -5.40158844      0.178617597      0.864000022    
          74  -5.44951200      0.299554676      0.864000022    
          76  -5.25534582      0.981343329      0.864000022    
          78  -5.36608458      0.428368956      0.864000022    
          80  -5.43706417       6.88206404E-02  0.864000022    
          82  -5.34945965      0.780906200      0.864000022    
          84  -5.24452543      0.970481455      0.864000022    
          86  -5.32976627      0.637989819      0.864000022    
          88  -5.27769136      0.628095925      0.864000022    
          90  -5.22206116       1.05622685      0.864000022    
          92  -5.15070057       1.02145016      0.864000022    
          94  -5.20991850      0.615561008      0.864000022    
          96  -5.07343149       1.29251015      0.864000022    
          98  -5.21583605      0.698027074      0.864000022    
         100  -5.32015800      0.306537062      0.864000022    
         102  -5.25350857      0.631478906      0.864000022    
         104  -5.24179506      0.616796136      0.864000022    
         106  -5.29000711      0.475503802      0.864000022    
         108  -5.42466974      -9.25345048E-02  0.864000022    
         110  -5.32554674      0.567619920      0.864000022    
         112  -5.21469545       1.73706472      0.875999987    
         114  -5.28036976       1.02956259      0.875999987    
         116  -5.28915882       1.16751373      0.875999987    
         118  -5.31430626      0.988066614      0.875999987    
         120  -5.30200386      0.825720668      0.875999987    
         122  -5.35868120      0.831979275      0.875999987    
         124  -5.43400860      0.426124781      0.875999987    
         126  -5.41119909      0.618539631      0.875999987    
         128  -5.43323040       6.72367737E-02  0.875999987    
         130  -5.47836399       1.71516892E-02  0.875999987    
         132  -5.32697868      0.995001972      0.875999987    
         134  -5.40435314      0.622496188      0.875999987    
         136  -5.45709038      0.564799547      0.875999987    
         138  -5.42322350      0.668130398      0.875999987    
         140  -5.30442953      0.963845551      0.875999987    
         142  -5.29349756      0.813015342      0.875999987    
         144  -5.36909676      0.537015259      0.875999987    
         146  -5.39960623      0.358796477      0.875999987    
         148  -5.38901043      0.339420110      0.875999987    
         150  -5.36637259      0.531039357      0.875999987    
         152  -5.46059084      0.311472207      0.875999987    
         154  -5.38634777      0.565605938      0.875999987    
         156  -5.30688810       1.04429662      0.875999987    
         158  -5.32181215       1.29378402      0.875999987    
         160  -5.21800137       1.99329150      0.875999987    
         162  -5.33108854       1.03075683      0.875999987    
         164  -5.28358412       1.39610898      0.875999987    
         166  -5.23350906       1.41744602      0.875999987    
         168  -5.39323759      0.465994686      0.875999987    
         170  -5.45074081      0.333588541      0.875999987    
         172  -5.46634960      0.318581611      0.875999987    
         174  -5.53724003       6.17701560E-02  0.875999987    
         176  -5.51488352      0.179344937      0.875999987    
         178  -5.50706244      0.290455997      0.875999987    
         180  -5.50645542      0.267376244      0.875999987    
         182  -5.28487587       1.42981386      0.875999987    
         184  -5.34061003       1.12834394      0.875999987    
         186  -5.35715771      0.960957944      0.875999987    
         188  -5.42637444      -6.86689541E-02  0.875999987    
         190  -5.31699085      0.516626775      0.875999987    
         192  -5.37411547      0.242289245      0.875999987    
         194  -5.37889099      0.583332121      0.875999987    
         196  -5.35115957      0.649486840      0.875999987    
         198  -5.38932896      0.269059181      0.875999987    
         200  -5.36645985      0.191329226      0.875999987    
         202  -5.40003395      0.124581702      0.875999987    
         204  -5.38256645      0.319973737      0.875999987    
         206  -5.36174202      0.145662263      0.875999987    
         208  -5.26766062      0.826865852      0.875999987    
         210  -5.30083179      0.605124056      0.875999987    
         212  -5.32669926      0.357365847      0.875999987    
         214  -5.27689028      0.564574540      0.875999987    
         216  -5.30137682      0.752854645      0.875999987    
         218  -5.43061113      0.146219194      0.875999987    
         220  -5.32883835      0.771558046      0.875999987    
         222  -5.46582556      0.133023694      0.875999987    
         224  -5.50243998     -0.144821435      0.875999987    
         226  -5.41008377      0.271764219      0.875999987    
         228  -5.39752436      0.463108659      0.875999987    
         230  -5.47742939       1.56090572E-03  0.875999987    
         232  -5.39943933      0.355157375      0.875999987    
         234  -5.54308510     -0.335048586      0.875999987    
         236  -5.49075985      -4.90995310E-02  0.875999987    
         238  -5.50165653     -0.360825360      0.875999987    
         240  -5.39002657      0.244972661      0.875999987    
         242  -5.39757776     -0.110543899      0.875999987    
         244  -5.52633858     -0.519197643      0.875999987    
         246  -5.50191021     -0.108016804      0.875999987    
         248  -5.47760057      -8.25700164E-03  0.875999987    
         250  -5.49882269     -0.121861406      0.875999987    
         252  -5.53558207     -0.296993315      0.875999987    
         254  -5.41117668      0.216606319      0.875999987    
         256  -5.35838079      0.598286510      0.875999987    
         258  -5.43467140      0.219810545      0.875999987    
         260  -5.50681305     -0.307871193      0.875999987    
         262  -5.38958693      0.120787717      0.875999987    
         264  -5.40403461      0.313217193      0.875999987    
         266  -5.35939360      0.594569564      0.875999987    
         268  -5.44633627      0.175801814      0.875999987    
         270  -5.57752991     -0.276597887      0.875999987    
         272  -5.43241692      0.605970562      0.875999987    
         274  -5.40177631      0.736050248      0.875999987    
         276  -5.36480284      0.913282454      0.875999987    
         278  -5.40006828       1.38890111      0.875999987    
         280  -5.42863846       1.22380948      0.875999987    
         282  -5.42458105       1.38674331      0.875999987    
         284  -5.32898569       1.53498650      0.875999987    
         286  -5.55795383      0.673350990      0.875999987    
         288  -5.49687386      0.727134347      0.875999987    
         290  -5.51375103      0.827196419      0.875999987    
         292  -5.46960068      0.989259839      0.875999987    
         294  -5.30228186       1.77551734      0.875999987    
         296  -5.51848793      0.944160283      0.875999987    
         298  -5.59259081      0.721477449      0.875999987    
         300  -5.54002762      0.406593978      0.864000022    
         302  -5.54013586      0.455956340      0.864000022    
         304  -5.53038740      0.480721802      0.864000022    
         306  -5.48949242      0.843965590      0.864000022    
         308  -5.48552656      0.924229562      0.864000022    
         310  -5.40560532       1.11816084      0.864000022    
         312  -5.48565292      0.985326886      0.864000022    
         314  -5.43296862      0.988447189      0.864000022    
         316  -5.35689259       1.54566586      0.864000022    
         318  -5.37192440       1.39374483      0.864000022    
         320  -5.44743490       1.45323849      0.864000022    
         322  -5.48881960      0.846472144      0.864000022    
         324  -5.46993637      0.565602899      0.864000022    
         326  -5.49428368      0.278584182      0.864000022    
         328  -5.63443136     -0.237786621      0.864000022    
         330  -5.54398060      0.141126513      0.864000022    
         332  -5.43769598      0.462891608      0.864000022    
         334  -5.53777790     -0.264118701      0.864000022    
         336  -5.48184729     -0.101319306      0.864000022    
         338  -5.34708452      0.601805747      0.864000022    
         340  -5.26049089      0.882986963      0.864000022    
         342  -5.28435659      0.663731694      0.864000022    
         344  -5.36572695      0.277297348      0.864000022    
         346  -5.15617752       1.17718339      0.864000022    
         348  -5.19527674      0.671759784      0.864000022    
         350  -5.12351656       1.58721912      0.864000022    
         352  -5.27202129       1.04097497      0.864000022    
         354  -5.20465565       1.26277268      0.864000022    
         356  -5.31547165      0.662659764      0.864000022    
         358  -5.28851271       1.18957663      0.864000022    
         360  -5.24646091       1.08268499      0.864000022    
         362  -5.34964705      0.637688160      0.864000022    
         364  -5.31086445       1.16223073      0.864000022    
         366  -5.33980465      0.932000160      0.864000022    
         368  -5.41254377      0.492289603      0.864000022    
         370  -5.39164066      0.618477523      0.864000022    
         372  -5.35311604      0.867145419      0.864000022    
         374  -5.47916222      0.279513836      0.864000022    
         376  -5.41470051      0.775817335      0.864000022    
         378  -5.39917183      0.656958699      0.864000022    
         380  -5.32451725       1.06113911      0.864000022    
         382  -5.17079544       1.88893354      0.864000022    
         384  -5.27937365       1.16682732      0.864000022    
         386  -5.19537687       1.60659838      0.864000022    
         388  -5.25850916       1.05009794      0.864000022    
         390  -5.29098892       1.12912500      0.864000022    
         392  -5.28733921       1.23840165      0.875999987    
         394  -5.16181898       1.93233442      0.875999987    
         396  -5.35056925       1.06526744      0.875999987    
         398  -5.45513248      0.411811322      0.875999987    
         400  -5.51531410     -0.116864279      0.875999987    
         402  -5.38853359      0.364499778      0.875999987    
         404  -5.21050501       1.42366469      0.875999987    
         406  -5.31632519       1.11785984      0.875999987    
         408  -5.22605944       1.39152980      0.875999987    
         410  -5.15114975       1.70166218      0.875999987    
         412  -5.30987453       1.18707001      0.875999987    
         414  -5.35855579       1.02480686      0.875999987    
         416  -5.31023026       1.05265236      0.875999987    
         418  -5.33554268      0.455519468      0.875999987    
         420  -5.31966925      0.618330121      0.875999987    
         422  -5.44331503      0.345129639      0.875999987    
         424  -5.36115074      0.851808846      0.875999987    
         426  -5.40732956      0.618536770      0.875999987    
         428  -5.38817883      0.723800838      0.875999987    
         430  -5.40939331      0.747113109      0.875999987    
         432  -5.30087757       1.30149651      0.875999987    
         434  -5.25963497       1.47120571      0.875999987    
         436  -5.31356239      0.940777779      0.875999987    
         438  -5.16952419       1.68880332      0.875999987    
         440  -5.20705032       1.36973083      0.875999987    
         442  -5.29800272      0.799692631      0.875999987    
         444  -5.30019760      0.948680639      0.875999987    
         446  -5.31257677      0.734319210      0.875999987    
         448  -5.38475609      0.363813072      0.875999987    
         450  -5.39443350      0.500534058      0.875999987    
         452  -5.34360552      0.900176406      0.875999987    
         454  -5.37531233      0.803113103      0.875999987    
         456  -5.37219143      0.495512486      0.875999987    
         458  -5.43386650      0.139590308      0.875999987    
         460  -5.36730814      0.397767007      0.875999987    
         462  -5.28780985      0.772321880      0.875999987    
         464  -5.25234985      0.875006318      0.875999987    
         466  -5.37039852      0.697966754      0.875999987    
         468  -5.31599283       1.25329578      0.875999987    
         470  -5.29067087       1.17750549      0.875999987    
         472  -5.31288481      0.902595699      0.875999987    
         474  -5.18851185       1.67382634      0.875999987    
         476  -5.24126625       1.24677086      0.875999987    
         478  -5.40595675      0.776534319      0.875999987    
         480  -5.32513142       1.47633326      0.888000011    
         482  -5.36479425       1.40134394      0.888000011    
         484  -5.38635588       1.33754456      0.888000011    
         486  -5.31771278       1.69075251      0.888000011    
         488  -5.24392605       1.77038264      0.888000011    
         490  -5.25734615       1.85896802      0.888000011    
         492  -5.19198227       2.13807297      0.888000011    
         494  -5.27201700       1.67574263      0.888000011    
         496  -5.40652132      0.862112403      0.888000011    
         498  -5.44582701      0.796750724      0.888000011    
         500  -5.42748833      0.888893187      0.888000011    
         502  -5.32266760       1.71339989      0.888000011    
         504  -5.38732862       1.35871077      0.888000011    
         506  -5.42855072       1.21089745      0.888000011    
         508  -5.34161711       1.37290823      0.888000011    
         510  -5.42465019       1.18514919      0.899999976    
         512  -5.41371536       1.47831118      0.899999976    
         514  -5.55047989      0.644064963      0.899999976    
         516  -5.40927649       1.22944701      0.899999976    
         518  -5.49819279      0.844391525      0.899999976    
         520  -5.42409372       1.30579102      0.899999976    
         522  -5.32475567       1.87188995      0.899999976    
         524  -5.31712008       1.76492035      0.899999976    
         526  -5.40941525       1.58423102      0.899999976    
         528  -5.44787025       1.23423624      0.899999976    
         530  -5.53959179      0.821397543      0.899999976    
         532  -5.46605110       1.14412606      0.899999976    
         534  -5.47278166       1.17608583      0.899999976    
         536  -5.33750057       1.75702417      0.899999976    
         538  -5.35978794       1.83956194      0.899999976    
         540  -5.21178055       2.53425694      0.912000000    
         542  -5.39110851       1.78185344      0.912000000    
         544  -5.52772331       1.00760245      0.912000000    
         546  -5.48751211       1.23357284      0.912000000    
         548  -5.49517488       1.12069011      0.912000000    
         550  -5.42803288       1.61959529      0.912000000    
         552  -5.42307043       1.75161600      0.912000000    
         554  -5.38615274       1.87545955      0.912000000    
         556  -5.39312553       1.80360603      0.912000000    
         558  -5.36337852       1.78311241      0.912000000    
         560  -5.33098125       2.14173675      0.912000000    
         562  -5.26409626       2.62688112      0.912000000    
         564  -5.46237087       1.48930109      0.912000000    
         566  -5.36790657       2.14606571      0.924000025    
         568  -5.44694948       1.76030219      0.924000025    
         570  -5.39574003       1.92878413      0.924000025    
         572  -5.49562073       1.36288583      0.924000025    
         574  -5.52947283       1.52850688      0.924000025    
         576  -5.44006872       1.97273397      0.924000025    
         578  -5.30845308       2.46230316      0.924000025    
         580  -5.36137104       2.15498447      0.924000025    
         582  -5.28448629       2.42214394      0.924000025    
         584  -5.38421249       1.92160380      0.924000025    
         586  -5.46369982       1.50171447      0.924000025    
         588  -5.56525278       1.08953547      0.924000025    
         590  -5.53990078       1.03604186      0.924000025    
         592  -5.53206825       1.11687589      0.924000025    
         594  -5.64992094      0.559272408      0.924000025    
         596  -5.53492260       1.05689347      0.924000025    
         598  -5.44493866       1.72403717      0.924000025    
         600  -5.46948576       1.50547552      0.924000025    
         602  -5.49150038       1.38596570      0.924000025    
         604  -5.51560116       1.27748191      0.924000025    
         606  -5.56703186       1.05997586      0.924000025    
         608  -5.50833654       1.51680160      0.924000025    
         610  -5.67445612      0.612437367      0.924000025    
         612  -5.54326153       1.27971983      0.924000025    
         614  -5.48407555       1.46387637      0.924000025    
         616  -5.51359463       1.83604264      0.924000025    
         618  -5.50324440       2.13281465      0.924000025    
         620  -5.33323717       2.77693057      0.924000025    
         622  -5.31136274       3.03926730      0.924000025    
         624  -5.47029591       1.87176657      0.924000025    
         626  -5.40805244       2.45156121      0.924000025    
         628  -5.54602718       2.01211166      0.924000025    
         630  -5.52783489       2.03267980      0.924000025    
         632  -5.57900524       2.03721571      0.924000025    
         634  -5.54661751       2.04928565      0.924000025    
         636  -5.52470970       2.15904093      0.924000025    
         638  -5.58353901       1.65582740      0.924000025    
         640  -5.54205513       1.51785398      0.924000025    
         642  -5.39709759       2.52716446      0.935999990    
         644  -5.40351772       2.35592914      0.935999990    
         646  -5.52787590       1.74858749      0.935999990    
         648  -5.48191690       1.50636804      0.935999990    
         650  -5.44193220       1.65336418      0.935999990    
         652  -5.49093151       1.44665194      0.935999990    
         654  -5.55219364       1.14500582      0.935999990    
         656  -5.31222010       2.59249401      0.935999990    
         658  -5.46526623       2.05830312      0.935999990    
         660  -5.42494678       2.25315547      0.935999990    
         662  -5.53358459       1.82341886      0.935999990    
         664  -5.49543190       2.27207994      0.935999990    
         666  -5.46749020       2.48903060      0.935999990    
         668  -5.32534122       2.99646187      0.935999990    
         670  -5.50592184       2.04357886      0.935999990    
         672  -5.65271521       1.27067578      0.935999990    
         674  -5.54406786       1.70134413      0.935999990    
         676  -5.60975647       1.52281570      0.935999990    
         678  -5.53684282       1.76883018      0.935999990    
         680  -5.41071939       2.48846340      0.935999990    
         682  -5.46396112       2.12975144      0.935999990    
         684  -5.52624989       1.86949420      0.935999990    
         686  -5.49663687       1.97817159      0.935999990    
         688  -5.53321218       1.74262202      0.935999990    
         690  -5.51791334       1.88774776      0.935999990    
         692  -5.53703594       1.57038760      0.935999990    
         694  -5.50768280       1.50570762      0.935999990    
         696  -5.62595654       1.00325453      0.935999990    
         698  -5.60063124       1.12834036      0.935999990    
         700  -5.58234215       1.33016813      0.935999990    
         702  -5.61232853      0.999951184      0.935999990    
         704  -5.53534555       1.51762843      0.935999990    
         706  -5.53762197       1.56392574      0.935999990    
         708  -5.55434132       1.28131783      0.935999990    
         710  -5.44320536       1.81359529      0.935999990    
         712  -5.56692362       1.28166080      0.935999990    
         714  -5.52825260       1.22402310      0.935999990    
         716  -5.44372320       1.35534775      0.935999990    
         718  -5.52589130      0.848333299      0.935999990    
         720  -5.50610590      0.894458652      0.935999990    
         722  -5.51991224      0.942382157      0.935999990    
         724  -5.56750107      0.643613100      0.935999990    
         726  -5.52387667       1.21720946      0.935999990    
         728  -5.54305220       1.43684983      0.935999990    
         730  -5.47630596       1.81744015      0.935999990    
         732  -5.48119783       1.59880257      0.935999990    
         734  -5.48996496       1.68347692      0.935999990    
         736  -5.41134167       2.03538609      0.935999990    
         738  -5.39363241       2.15506339      0.935999990    
         740  -5.50947809       1.54845691      0.935999990    
         742  -5.57506466       1.38841546      0.935999990    
         744  -5.59895754       1.41918468      0.935999990    
         746  -5.67443228       1.05669224      0.935999990    
         748  -5.63947964       1.11818266      0.935999990    
         750  -5.59278440       1.61558914      0.935999990    
         752  -5.59162474       1.74435866      0.935999990    
         754  -5.64074326       1.44472528      0.935999990    
         756  -5.61785173       1.71319044      0.935999990    
         758  -5.40654373       2.79939747      0.935999990    
         760  -5.55355263       1.80186594      0.935999990    
         762  -5.51734066       1.90103900      0.935999990    
         764  -5.48851967       2.24826956      0.935999990    
         766  -5.57644939       1.92215741      0.935999990    
         768  -5.56547880       2.10411310      0.935999990    
         770  -5.57489538       2.03207088      0.935999990    
         772  -5.39853907       2.60139513      0.935999990    
         774  -5.52937698       2.52425194      0.935999990    
         776  -5.67941093       1.52565658      0.935999990    
         778  -5.67944098       1.32745349      0.935999990    
         780  -5.66991568       1.53271759      0.935999990    
         782  -5.84283590      0.449822783      0.935999990    
         784  -5.65377235       1.38577867      0.935999990    
         786  -5.71030283      0.667395651      0.935999990    
         788  -5.63748074      0.924116850      0.935999990    
         790  -5.58865023       1.16725194      0.935999990    
         792  -5.53738689       1.52163303      0.935999990    
         794  -5.55849028       1.66680229      0.935999990    
         796  -5.77969980      0.747163355      0.935999990    
         798  -5.76530981      0.775095165      0.935999990    
         800  -5.62423229       1.33495665      0.935999990    
         802  -5.64168119       1.01729858      0.935999990    
         804  -5.60226774       1.43477726      0.935999990    
         806  -5.68137932       1.09221578      0.935999990    
         808  -5.67361784       1.06073713      0.935999990    
         810  -5.47438526       2.34970093      0.935999990    
         812  -5.58153486       1.86024868      0.935999990    
         814  -5.55703163       1.58872700      0.935999990    
         816  -5.59291649       1.37287796      0.935999990    
         818  -5.40924644       2.24220347      0.935999990    
         820  -5.54421806       1.78999460      0.935999990    
         822  -5.48771954       2.27904201      0.935999990    
         824  -5.69298029       1.25704455      0.935999990    
         826  -5.64318228       1.63054574      0.935999990    
         828  -5.65652895       1.62596703      0.935999990    
         830  -5.64241028       1.39068437      0.935999990    
         832  -5.61749697       2.03345633      0.935999990    
         834  -5.75252962       1.51480985      0.935999990    
         836  -5.67430162       1.59023821      0.935999990    
         838  -5.56452179       1.96246445      0.935999990    
         840  -5.64022064       1.42387915      0.935999990    
         842  -5.65698004       1.53316224      0.935999990    
         844  -5.66277647       1.58460760      0.935999990    
         846  -5.62749672       1.84366310      0.935999990    
         848  -5.55200100       2.02223659      0.935999990    
         850  -5.45226574       2.72334146      0.935999990    
         852  -5.58782721       1.90316141      0.935999990    
         854  -5.71716976       1.26117063      0.935999990    
         856  -5.61928892       1.59223461      0.935999990    
         858  -5.58281374       2.05530262      0.935999990    
         860  -5.69279194       1.50760949      0.935999990    
         862  -5.60930538       1.71213043      0.935999990    
         864  -5.58086824       1.80814517      0.935999990    
         866  -5.67906284       1.47625875      0.935999990    
         868  -5.66874790       1.55184472      0.935999990    
         870  -5.67762899       1.98742867      0.935999990    
         872  -5.60664606       2.16959929      0.935999990    
         874  -5.68498087       1.83246922      0.935999990    
         876  -5.61646795       2.25377297      0.935999990    
         878  -5.59182072       2.28162789      0.935999990    
         880  -5.64770460       2.12339211      0.935999990    
         882  -5.60160494       2.27583528      0.935999990    
         884  -5.54427433       2.65803504      0.935999990    
         886  -5.58239269       2.48584461      0.935999990    
         888  -5.62339783       2.33181334      0.935999990    
         890  -5.56714296       2.79167223      0.935999990    
         892  -5.68375301       2.17205858      0.935999990    
         894  -5.48294497       3.39549685      0.935999990    
         896  -5.50699759       3.57122278      0.935999990    
         898  -5.69193220       2.59780860      0.935999990    
         900  -5.52350235       3.27663469      0.935999990    
         902  -5.48691177       3.32377768      0.935999990    
         904  -5.60987139       2.84789848      0.935999990    
         906  -5.67247677       2.34197259      0.935999990    
         908  -5.76463318       1.78445244      0.935999990    
         910  -5.61040831       2.25788546      0.935999990    
         912  -5.49015093       2.80647516      0.935999990    
         914  -5.54383469       2.80503201      0.935999990    
         916  -5.65241432       2.18828011      0.935999990    
         918  -5.71110964       1.71010554      0.935999990    
         920  -5.60513401       2.13667274      0.935999990    
         922  -5.85023212      0.818896472      0.935999990    
         924  -5.89609623      0.727081239      0.935999990    
         926  -5.78077936       1.59536636      0.935999990    
         928  -5.74839926       1.58895838      0.935999990    
         930  -5.79976368       1.29708946      0.935999990    
         932  -5.67149782       1.66871738      0.935999990    
         934  -5.72067261       1.27485716      0.935999990    
         936  -5.70602465       1.08178127      0.935999990    
         938  -5.72305250       1.15548229      0.935999990    
         940  -5.65761757       1.78283763      0.935999990    
         942  -5.79247999      0.977903366      0.935999990    
         944  -5.75913239       1.20302153      0.935999990    
         946  -5.71256208       1.29921234      0.935999990    
         948  -5.73530912       1.12174189      0.935999990    
         950  -5.67331743       1.12622941      0.935999990    
         952  -5.64808226      0.980197012      0.935999990    
         954  -5.59615612       1.26170146      0.935999990    
         956  -5.58155298       1.49507928      0.935999990    
         958  -5.74608088      0.838570595      0.935999990    
         960  -5.71686792      0.981827557      0.935999990    
         962  -5.68979597       1.20276165      0.935999990    
         964  -5.72787666      0.904150546      0.935999990    
         966  -5.69836187       1.23185110      0.935999990    
         968  -5.68293333       1.55658841      0.935999990    
         970  -5.65545940       1.88252103      0.935999990    
         972  -5.73242092       1.54623163      0.935999990    
         974  -5.72358370       1.41794205      0.935999990    
         976  -5.71513796       1.65478289      0.935999990    
         978  -5.77019835       1.16104245      0.935999990    
         980  -5.62034798       2.09548807      0.935999990    
         982  -5.62339830       1.87641096      0.935999990    
         984  -5.72188711       1.27629924      0.935999990    
         986  -5.60836506       1.99678767      0.935999990    
         988  -5.63873816       1.75778580      0.935999990    
         990  -5.55674458       2.25954318      0.935999990    
         992  -5.56688976       2.20075417      0.935999990    
         994  -5.68706226       1.40814888      0.935999990    
         996  -5.64549208       1.64837480      0.935999990    
         998  -5.62109327       2.00259900      0.935999990    
        1000  -5.52033567       2.43595839      0.935999990    
        1002  -5.56306267       2.16155720      0.935999990    
        1004  -5.62401009       1.96136630      0.935999990    
        1006  -5.55078125       2.16448808      0.935999990    
        1008  -5.77488089      0.885856867      0.935999990    
        1010  -5.78272486      0.823177695      0.935999990    
        1012  -5.61203098       1.30259252      0.935999990    
        1014  -5.55012083       1.50132608      0.935999990    
        1016  -5.59898186       1.55996060      0.935999990    
        1018  -5.63906527       1.29918849      0.935999990    
        1020  -5.46005297       2.37358713      0.935999990    
        1022  -5.62225819       1.21879399      0.935999990    
        1024  -5.74631214      0.975026250      0.935999990    
        1026  -5.60259914       1.75346613      0.935999990    
        1028  -5.76091290      0.889828026      0.935999990    
        1030  -5.58454037       1.92368555      0.935999990    
        1032  -5.65804958       1.37663364      0.935999990    
        1034  -5.63982105       1.54548109      0.935999990    
        1036  -5.61031771       1.69805980      0.935999990    
        1038  -5.59666300       1.71693444      0.935999990    
        1040  -5.58927774       1.79714859      0.935999990    
        1042  -5.79585648      0.773696721      0.935999990    
        1044  -5.69829941       1.33874536      0.935999990    
        1046  -5.59945011       2.17099500      0.935999990    
        1048  -5.65732002       1.83477092      0.935999990    
        1050  -5.65043736       1.94385421      0.935999990    
        1052  -5.68662930       1.85363257      0.935999990    
        1054  -5.68505144       1.66073310      0.935999990    
        1056  -5.62679768       1.99667084      0.935999990    
        1058  -5.65081835       1.93856776      0.935999990    
        1060  -5.71628571       1.56458151      0.935999990    
        1062  -5.68221664       1.43015301      0.935999990    
        1064  -5.49413538       2.18303871      0.935999990    
        1066  -5.48198986       1.96916306      0.935999990    
        1068  -5.50680876       1.87454569      0.935999990    
        1070  -5.47796869       2.19639969      0.935999990    
        1072  -5.48250580       2.53078198      0.935999990    
        1074  -5.63964415       1.71927476      0.935999990    
        1076  -5.54768181       2.03888130      0.935999990    
        1078  -5.50368786       1.83954644      0.935999990    
        1080  -5.49355793       2.52745986      0.935999990    
        1082  -5.55720711       2.30719471      0.935999990    
        1084  -5.57108879       2.44347048      0.935999990    
        1086  -5.72716236       1.32146561      0.935999990    
        1088  -5.64672565       1.52867925      0.935999990    
        1090  -5.55339098       2.08338690      0.935999990    
        1092  -5.53062963       2.21484375      0.935999990    
        1094  -5.56806660       1.81654525      0.935999990    
        1096  -5.64425945       1.71893203      0.935999990    
        1098  -5.58877468       1.87382412      0.935999990    
        1100  -5.61606884       1.81540847      0.935999990    
        1102  -5.82877922      0.484277457      0.935999990    
        1104  -5.67725658       1.13908863      0.935999990    
        1106  -5.60778809       1.71523273      0.935999990    
        1108  -5.49151516       2.07027888      0.935999990    
        1110  -5.54961014       2.05750513      0.935999990    
        1112  -5.56949854       1.98295462      0.935999990    
        1114  -5.51292324       2.32893467      0.935999990    
        1116  -5.66749001       1.34522521      0.935999990    
        1118  -5.76392365      0.813467741      0.935999990    
        1120  -5.82412720      0.742411077      0.935999990    
        1122  -5.80889273      0.814088821      0.935999990    
        1124  -5.87853670      0.365660965      0.935999990    
        1126  -5.81968355      0.507773280      0.935999990    
        1128  -5.95233393     -0.249413192      0.935999990    
        1130  -5.89150667      0.325483918      0.935999990    
        1132  -5.80114841      0.803437650      0.935999990    
        1134  -5.82849884      0.484059930      0.935999990    
        1136  -5.80281258      0.507640481      0.935999990    
        1138  -5.77511978      0.256762683      0.935999990    
        1140  -5.76364851      0.615759015      0.935999990    
        1142  -5.69809389      0.732357264      0.935999990    
        1144  -5.54495049       1.58083165      0.935999990    
        1146  -5.55825663       1.47171474      0.935999990    
        1148  -5.53145647       1.50452447      0.935999990    
        1150  -5.56011724       1.22316229      0.935999990    
        1152  -5.69935465       1.05191171      0.935999990    
        1154  -5.65220308       1.25246966      0.935999990    
        1156  -5.65299129      0.964635611      0.935999990    
        1158  -5.72483301      0.596120954      0.935999990    
        1160  -5.54430962       1.24803293      0.935999990    
        1162  -5.65156364      0.833048880      0.935999990    
        1164  -5.69693851      0.614654541      0.935999990    
        1166  -5.76011133      0.417706192      0.935999990    
        1168  -5.64703608      0.998804152      0.935999990    
        1170  -5.50489044       1.76516521      0.935999990    
        1172  -5.50671530       1.79739714      0.935999990    
        1174  -5.57333565       1.37672520      0.935999990    
        1176  -5.49584532       1.48823786      0.935999990    
        1178  -5.60315800       1.09939122      0.935999990    
        1180  -5.56048775       1.15116417      0.935999990    
        1182  -5.55493307       1.51577222      0.935999990    
        1184  -5.58101130       1.24561870      0.935999990    
        1186  -5.70672321      0.629427254      0.935999990    
        1188  -5.58170509       1.31109643      0.935999990    
        1190  -5.66574335      0.885998785      0.935999990    
        1192  -5.68534088      0.950519264      0.935999990    
        1194  -5.64908075      0.931362927      0.935999990    
        1196  -5.74704933      0.293844074      0.935999990    
        1198  -5.75990820      0.541877270      0.935999990    
        1200  -5.61888790       1.07898080      0.935999990    
        1202  -5.62680769      0.919389904      0.935999990    
        1204  -5.59728479       1.02012563      0.935999990    
        1206  -5.57193089      0.940413296      0.935999990    
        1208  -5.55427170       1.29333138      0.935999990    
        1210  -5.38265991       2.04550028      0.935999990    
        1212  -5.41242123       2.04972672      0.935999990    
        1214  -5.51654482       1.56853819      0.935999990    
        1216  -5.39281178       2.26602769      0.935999990    
        1218  -5.38660574       2.23135352      0.935999990    
        1220  -5.46258688       1.90459096      0.935999990    
        1222  -5.43087578       2.14156079      0.935999990    
        1224  -5.47537088       1.95541084      0.935999990    
        1226  -5.55397320       1.61221385      0.935999990    
        1228  -5.55205584       1.57858121      0.935999990    
        1230  -5.63456535       1.30345654      0.935999990    
        1232  -5.59471703       1.58085430      0.935999990    
        1234  -5.60663986       1.49637961      0.935999990    
        1236  -5.54375887       1.55551493      0.935999990    
        1238  -5.48764372       1.67294824      0.935999990    
        1240  -5.64416790       1.07456708      0.935999990    
        1242  -5.59558630       1.20902443      0.935999990    
        1244  -5.60403633       1.39393282      0.935999990    
        1246  -5.55452633       1.47325850      0.935999990    
        1248  -5.52957439       1.58327031      0.935999990    
        1250  -5.64552879      0.906389773      0.935999990    
        1252  -5.65551233      0.806085408      0.935999990    
        1254  -5.61936760      0.847621024      0.935999990    
        1256  -5.60478973       1.00310874      0.948000014    
        1258  -5.63029957       1.21917748      0.948000014    
        1260  -5.60199165       1.38078463      0.948000014    
        1262  -5.56320381       1.66922355      0.948000014    
        1264  -5.68107891       1.06385899      0.948000014    
        1266  -5.67388630       1.33665800      0.948000014    
        1268  -5.70172501       1.02511692      0.948000014    
        1270  -5.68765783      0.813562751      0.948000014    
        1272  -5.68521023      0.970903277      0.948000014    
        1274  -5.58127403       1.57771790      0.948000014    
        1276  -5.64313650       1.37927842      0.948000014    
        1278  -5.69380188      0.992450476      0.948000014    
        1280  -5.69505119      0.988394141      0.948000014    
        1282  -5.59517670       1.68496501      0.948000014    
        1284  -5.69080925       1.11197281      0.948000014    
        1286  -5.58959341       1.80911386      0.948000014    
        1288  -5.66351414       1.52183533      0.948000014    
        1290  -5.65523911       1.31604576      0.948000014    
        1292  -5.74611235      0.755060017      0.948000014    
        1294  -5.72301865      0.951920986      0.948000014    
        1296  -5.72004652       1.02893043      0.948000014    
        1298  -5.61773586       1.38559151      0.948000014    
        1300  -5.68027210       1.15969038      0.948000014    
        1302  -5.54246807       1.99907506      0.948000014    
        1304  -5.52738857       2.29186463      0.948000014    
        1306  -5.69070864       1.50825548      0.948000014    
        1308  -5.76325035      0.931464493      0.948000014    
        1310  -5.59452534       1.73450947      0.948000014    
        1312  -5.57400036       1.93317866      0.948000014    
        1314  -5.51412678       2.25097799      0.948000014    
        1316  -5.41065979       2.66085720      0.948000014    
        1318  -5.65407181       1.49092770      0.948000014    
        1320  -5.61469841       1.58920407      0.948000014    
        1322  -5.64177990       1.43160319      0.948000014    
        1324  -5.61970854       1.49421883      0.948000014    
        1326  -5.60813522       1.53350711      0.948000014    
        1328  -5.62170649       1.94802856      0.948000014    
        1330  -5.53957987       2.63895869      0.948000014    
        1332  -5.55675554       2.55617213      0.948000014    
        1334  -5.48969650       3.09513378      0.948000014    
        1336  -5.54321814       2.94429970      0.948000014    
        1338  -5.62201691       2.19521427      0.948000014    
        1340  -5.68317890       1.77443194      0.948000014    
        1342  -5.60815096       2.14949393      0.948000014    
        1344  -5.69463873       1.70244300      0.948000014    
        1346  -5.77805614       1.41302741      0.948000014    
        1348  -5.68099356       1.80429065      0.948000014    
        1350  -5.70586300       1.53454578      0.948000014    
        1352  -5.82093716      0.903555989      0.948000014    
        1354  -5.76367283       1.18343937      0.948000014    
        1356  -5.74739361      0.694495738      0.948000014    
        1358  -5.63185167       1.02007914      0.948000014    
        1360  -5.61999273       1.14416289      0.948000014    
        1362  -5.69085312      0.842009187      0.948000014    
        1364  -5.72160387      0.574943006      0.948000014    
        1366  -5.77289820      0.509479403      0.948000014    
        1368  -5.61934519       1.32270002      0.948000014    
        1370  -5.62734222       1.28670192      0.948000014    
        1372  -5.56390715       1.43915129      0.948000014    
        1374  -5.58548641       1.58901608      0.948000014    
        1376  -5.57596302       1.83957493      0.948000014    
        1378  -5.63177586       1.61362994      0.948000014    
        1380  -5.59389257       1.79325199      0.948000014    
        1382  -5.68914557       1.28812373      0.948000014    
        1384  -5.56593609       2.07522011      0.948000014    
        1386  -5.60145426       1.78277242      0.948000014    
        1388  -5.67274761       1.59961486      0.948000014    
        1390  -5.80567026      0.896790624      0.948000014    
        1392  -5.70808363       1.38126099      0.948000014    
        1394  -5.62093496       1.79870272      0.948000014    
        1396  -5.60861588       1.88830900      0.948000014    
        1398  -5.67525673       1.69011772      0.948000014    
        1400  -5.72702265       1.52986050      0.948000014    
        1402  -5.63404131       2.14582467      0.948000014    
        1404  -5.71111774       1.82862592      0.948000014    
        1406  -5.64229012       2.29884076      0.948000014    
        1408  -5.60310936       2.43726802      0.948000014    
        1410  -5.60317898       2.55197525      0.948000014    
        1412  -5.58114433       2.83568692      0.948000014    
        1414  -5.71543789       2.16064692      0.948000014    
        1416  -5.56810665       2.64934015      0.948000014    
        1418  -5.59008837       2.38941121      0.948000014    
        1420  -5.37961626       3.10828471      0.948000014    
        1422  -5.57429171       1.95504534      0.948000014    
        1424  -5.68636179       1.28023040      0.948000014    
        1426  -5.66244221       1.49756718      0.948000014    
        1428  -5.63761377       1.84056389      0.948000014    
        1430  -5.68179655       1.18957317      0.948000014    
        1432  -5.80853510      0.618559480      0.948000014    
        1434  -5.73071384      0.919834733      0.948000014    
        1436  -5.78185701      0.720506310      0.948000014    
        1438  -5.76890039      0.725900352      0.948000014    
        1440  -5.74448681      0.834247768      0.948000014    
        1442  -5.70145130      0.997599840      0.948000014    
        1444  -5.68180752      0.992199719      0.948000014    
        1446  -5.70875645       1.15032077      0.948000014    
        1448  -5.50362730       1.97395563      0.948000014    
        1450  -5.44872046       2.08479786      0.948000014    
        1452  -5.51747274       1.84128189      0.948000014    
        1454  -5.44743586       2.10774231      0.948000014    
        1456  -5.49660587       1.98781168      0.948000014    
        1458  -5.52138138       1.90866899      0.948000014    
        1460  -5.60803556       1.77048230      0.948000014    
        1462  -5.65015078       1.63855791      0.948000014    
        1464  -5.50620747       1.97401965      0.948000014    
        1466  -5.47651339       2.24624372      0.948000014    
        1468  -5.58529663       1.46913433      0.948000014    
        1470  -5.49828100       2.04331207      0.948000014    
        1472  -5.59055710       1.13924277      0.948000014    
        1474  -5.61162329       1.04730415      0.948000014    
        1476  -5.47978354       1.76957297      0.948000014    
        1478  -5.47099686       1.75648069      0.948000014    
        1480  -5.47328329       1.68622184      0.948000014    
        1482  -5.55801582       1.40147161      0.948000014    
        1484  -5.50556087       1.90512025      0.948000014    
        1486  -5.53554010       1.77764714      0.948000014    
        1488  -5.39765549       2.46318078      0.948000014    
        1490  -5.54332161       1.93524277      0.948000014    
        1492  -5.64302683       1.40804386      0.948000014    
        1494  -5.57392693       1.58663774      0.948000014    
        1496  -5.61819220       1.61358428      0.948000014    
        1498  -5.59025621       1.79404509      0.948000014    
        1500  -5.73157978      0.959364593      0.948000014    
        1502  -5.59480810       1.89410961      0.948000014    
        1504  -5.66055107       1.59665608      0.948000014    
        1506  -5.51984644       2.30382514      0.948000014    
        1508  -5.65281582       1.44236219      0.948000014    
        1510  -5.65237951       1.52026117      0.948000014    
        1512  -5.64461803       1.65047920      0.948000014    
        1514  -5.67400885       1.43363357      0.948000014    
        1516  -5.59214306       1.69317734      0.948000014    
        1518  -5.66046906       1.61442339      0.948000014    
        1520  -5.69609404       1.35938680      0.948000014    
        1522  -5.60248327       1.80979264      0.948000014    
        1524  -5.66091013       1.75112748      0.948000014    
        1526  -5.66915274       1.50953746      0.948000014    
        1528  -5.71181583       1.62209678      0.948000014    
        1530  -5.67907000       1.83415294      0.948000014    
        1532  -5.53917360       2.27887392      0.948000014    
        1534  -5.69216061       1.66541767      0.948000014    
        1536  -5.58740568       1.92705762      0.948000014    
        1538  -5.50056028       2.15637183      0.948000014    
        1540  -5.52747583       2.12415910      0.948000014    
        1542  -5.62161541       1.41540432      0.948000014    
        1544  -5.70563316      0.998321235      0.948000014    
        1546  -5.67059851       1.42696917      0.948000014    
        1548  -5.60730886       1.60767889      0.948000014    
        1550  -5.68565655       1.14350772      0.948000014    
        1552  -5.67050314       1.31908250      0.948000014    
        1554  -5.66827154       1.49801111      0.948000014    
        1556  -5.57291412       2.31133294      0.948000014    
        1558  -5.68566132       1.42688346      0.948000014    
        1560  -5.76916027       1.06342781      0.948000014    
        1562  -5.72762394       1.42111158      0.948000014    
        1564  -5.61179304       1.91519678      0.948000014    
        1566  -5.63267660       1.48157525      0.948000014    
        1568  -5.74116516       1.27987349      0.948000014    
        1570  -5.67160416       1.68644512      0.948000014    
        1572  -5.69600105       1.54420400      0.948000014    
        1574  -5.58626842       1.85241234      0.948000014    
        1576  -5.55745220       1.64783370      0.948000014    
        1578  -5.73399973      0.827667058      0.948000014    
        1580  -5.73801374      0.883297503      0.948000014    
        1582  -5.72461367       1.06720924      0.948000014    
        1584  -5.61238813       1.74289417      0.948000014    
        1586  -5.55769491       2.24909401      0.948000014    
        1588  -5.61739254       2.02766609      0.948000014    
        1590  -5.66606617       1.96366251      0.948000014    
        1592  -5.71470499       1.71726859      0.948000014    
        1594  -5.64629221       2.09509420      0.948000014    
        1596  -5.67471600       1.99676836      0.948000014    
        1598  -5.64717054       2.19199824      0.948000014    
        1600  -5.62564468       2.31937194      0.948000014    
        1602  -5.64112282       2.09252477      0.959999979    
        1604  -5.68163490       1.76935577      0.959999979    
        1606  -5.64636421       1.87993109      0.959999979    
        1608  -5.63143349       2.15939116      0.959999979    
        1610  -5.49200869       2.87598181      0.959999979    
        1612  -5.47760248       2.98908734      0.959999979    
        1614  -5.64619064       2.02517843      0.959999979    
        1616  -5.70109129       1.49081731      0.959999979    
        1618  -5.65345764       2.08782196      0.959999979    
        1620  -5.74641562       1.48035955      0.959999979    
        1622  -5.62374306       2.19897699      0.959999979    
        1624  -5.65544462       2.15490723      0.959999979    
        1626  -5.63641691       1.97373772      0.959999979    
        1628  -5.73471403       1.47521865      0.959999979    
        1630  -5.77626467       1.35007608      0.959999979    
        1632  -5.72356462       1.69641948      0.959999979    
        1634  -5.73378754       1.63919497      0.959999979    
        1636  -5.74478388       1.57148409      0.959999979    
        1638  -5.82645464       1.01546383      0.959999979    
        1640  -5.76155901       1.35172367      0.959999979    
        1642  -5.79996920       1.38873386      0.959999979    
        1644  -5.68929291       2.18983841      0.959999979    
        1646  -5.74353743       1.72585750      0.959999979    
        1648  -5.64452600       2.05226350      0.959999979    
        1650  -5.72771406       1.39992261      0.959999979    
        1652  -5.68340683       1.35261559      0.959999979    
        1654  -5.58064795       2.13316679      0.959999979    
        1656  -5.67495489       1.77135324      0.959999979    
        1658  -5.66229439       1.91189504      0.959999979    
        1660  -5.59027529       2.14779353      0.959999979    
        1662  -5.78654480       1.10358346      0.959999979    
        1664  -5.76276350       1.50471842      0.959999979    
        1666  -5.85703993      0.875440478      0.959999979    
        1668  -5.80734158       1.26309121      0.959999979    
        1670  -5.77335501       1.35682940      0.959999979    
        1672  -5.66789484       2.09492874      0.959999979    
        1674  -5.64522648       1.95239162      0.959999979    
        1676  -5.62042379       1.81486201      0.959999979    
        1678  -5.70025539       1.72439802      0.959999979    
        1680  -5.63239527       2.29797554      0.959999979    
        1682  -5.80250740       1.55530500      0.959999979    
        1684  -5.65063572       2.18322420      0.959999979    
        1686  -5.69835329       2.06101966      0.959999979    
        1688  -5.75570774       1.59071600      0.959999979    
        1690  -5.82981491       1.23356426      0.959999979    
        1692  -5.63878536       2.21048093      0.959999979    
        1694  -5.71077156       1.68076670      0.959999979    
        1696  -5.76386023       1.53394604      0.959999979    
        1698  -5.74121809       1.39560592      0.959999979    
        1700  -5.72719526       1.73272145      0.959999979    
        1702  -5.73324537       1.56662297      0.959999979    
        1704  -5.81310892      0.888839424      0.959999979    
        1706  -5.68183422       1.70085561      0.959999979    
        1708  -5.73359776       1.46537328      0.959999979    
        1710  -5.73990822       1.14827132      0.959999979    
        1712  -5.81624842      0.645191014      0.959999979    
        1714  -5.56134844       1.79505599      0.959999979    
        1716  -5.57880020       1.89612544      0.959999979    
        1718  -5.61974764       1.86110842      0.959999979    
        1720  -5.72725010       1.17942047      0.959999979    
        1722  -5.78241634      0.903210580      0.959999979    
        1724  -5.72640991       1.14927316      0.959999979    
        1726  -5.65550137       1.52829933      0.959999979    
        1728  -5.71897268       1.30470419      0.959999979    
        1730  -5.68558264       1.50709367      0.959999979    
        1732  -5.72500420       1.24457824      0.959999979    
        1734  -5.66028786       1.78522873      0.959999979    
        1736  -5.73065281       1.49904668      0.959999979    
        1738  -5.80598927       1.20103574      0.959999979    
        1740  -5.84298277       1.00381792      0.959999979    
        1742  -5.83222914      0.768135011      0.959999979    
        1744  -5.69727898       1.66899347      0.959999979    
        1746  -5.66703939       2.14378333      0.959999979    
        1748  -5.68503237       2.05997682      0.959999979    
        1750  -5.69277668       1.53558171      0.959999979    
        1752  -5.74761152       1.21551096      0.959999979    
        1754  -5.73411036       1.26701093      0.959999979    
        1756  -5.75160885       1.41591704      0.959999979    
        1758  -5.80088758       1.02038515      0.959999979    
        1760  -5.76306248       1.15921533      0.959999979    
        1762  -5.83964777      0.837896883      0.959999979    
        1764  -5.86062574      0.826127887      0.959999979    
        1766  -5.78485346       1.15653634      0.959999979    
        1768  -5.67140388       1.77515650      0.959999979    
        1770  -5.74639273       1.46126497      0.959999979    
        1772  -5.91513491      0.436975449      0.959999979    
        1774  -5.72779894       1.72490728      0.959999979    
        1776  -5.69456577       2.11581612      0.959999979    
        1778  -5.70162249       2.19601750      0.959999979    
        1780  -5.72142124       2.27131844      0.959999979    
        1782  -5.48142672       3.30956316      0.959999979    
        1784  -5.65254831       2.37669063      0.959999979    
        1786  -5.61505079       2.20388961      0.959999979    
        1788  -5.60666132       2.42619801      0.959999979    
        1790  -5.73531437       1.69787574      0.959999979    
        1792  -5.64998341       1.89819646      0.959999979    
        1794  -5.56238461       2.22538161      0.959999979    
        1796  -5.65855742       1.93104219      0.959999979    
        1798  -5.71932125       1.27155364      0.959999979    
        1800  -5.59827423       2.04772663      0.959999979    
        1802  -5.61278200       2.01246119      0.959999979    
        1804  -5.56094742       2.19454241      0.959999979    
        1806  -5.66890717       1.70235753      0.959999979    
        1808  -5.67710781       1.83687592      0.959999979    
        1810  -5.68386459       2.13387609      0.959999979    
        1812  -5.84566689       1.30836546      0.959999979    
        1814  -5.78027725       1.61548793      0.959999979    
        1816  -5.79529524       1.28108633      0.959999979    
        1818  -5.84099007      0.977424860      0.959999979    
        1820  -5.68988228       1.53133392      0.959999979    
        1822  -5.71113586       1.47508609      0.959999979    
        1824  -5.77664661      0.803650141      0.959999979    
        1826  -5.69455290       1.19815958      0.959999979    
        1828  -5.67449093       1.61566079      0.959999979    
        1830  -5.74485111       1.28580976      0.959999979    
        1832  -5.59638214       1.81873965      0.959999979    
        1834  -5.56461048       2.03612089      0.959999979    
        1836  -5.65890598       1.41757250      0.959999979    
        1838  -5.57995176       2.00596309      0.959999979    
        1840  -5.63412619       1.79510903      0.959999979    
        1842  -5.61741638       1.96570015      0.959999979    
        1844  -5.74775600       1.48821008      0.959999979    
        1846  -5.72097111       1.64918697      0.959999979    
        1848  -5.72030306       1.54352891      0.959999979    
        1850  -5.64998579       1.84983218      0.959999979    
        1852  -5.64620495       1.87786412      0.959999979    
        1854  -5.64312935       2.03822446      0.959999979    
        1856  -5.64409971       2.09768438      0.959999979    
        1858  -5.60813570       2.37355876      0.959999979    
        1860  -5.72879791       1.73885357      0.959999979    
        1862  -5.72827530       1.48775876      0.959999979    
        1864  -5.69363117       1.73100030      0.959999979    
        1866  -5.56911373       2.42759538      0.959999979    
        1868  -5.59825706       2.27606702      0.959999979    
        1870  -5.63673449       1.88016629      0.959999979    
        1872  -5.75836945       1.52394855      0.959999979    
        1874  -5.68850851       1.69890463      0.959999979    
        1876  -5.80622292       1.19771981      0.959999979    
        1878  -5.69207048       1.98460996      0.959999979    
        1880  -5.66721964       1.88461828      0.959999979    
        1882  -5.73577166       1.67594457      0.959999979    
        1884  -5.71488667       1.72719669      0.959999979    
        1886  -5.84324360       1.16816735      0.959999979    
        1888  -5.80517530       1.34485269      0.959999979    
        1890  -5.80936956       1.14643812      0.959999979    
        1892  -5.78204250       1.24147177      0.959999979    
        1894  -5.58044243       2.29294825      0.959999979    
        1896  -5.48111820       2.89375925      0.959999979    
        1898  -5.66188335       2.02399540      0.959999979    
        1900  -5.60095358       2.24440312      0.959999979    
        1902  -5.58234930       2.06262374      0.959999979    
        1904  -5.51730204       2.41461492      0.959999979    
        1906  -5.70240164       1.59757340      0.959999979    
        1908  -5.67777920       1.60476375      0.959999979    
        1910  -5.75412369       1.05030560      0.959999979    
        1912  -5.75037813      0.932091832      0.959999979    
        1914  -5.78222609      0.669503272      0.959999979    
        1916  -5.71598148      0.887482762      0.959999979    
        1918  -5.58000469       1.51257074      0.959999979    
        1920  -5.55187321       1.62641561      0.959999979    
        1922  -5.61213112       1.51687801      0.959999979    
        1924  -5.66578054       1.45558071      0.959999979    
        1926  -5.63265133       1.78262317      0.959999979    
        1928  -5.67813873       1.46505356      0.959999979    
        1930  -5.75124168       1.25213349      0.959999979    
        1932  -5.74294949       1.19076467      0.959999979    
        1934  -5.75792742       1.30859089      0.959999979    
        1936  -5.71402979       1.75919688      0.959999979    
        1938  -5.67539549       1.98942459      0.959999979    
        1940  -5.71510410       1.80964267      0.959999979    
        1942  -5.79636574       1.57527828      0.959999979    
        1944  -5.63141680       2.50092125      0.959999979    
        1946  -5.57177258       2.58106065      0.959999979    
        1948  -5.75863934       1.25522566      0.959999979    
        1950  -5.63639069       1.96898091      0.959999979    
        1952  -5.58318043       2.30546045      0.959999979    
        1954  -5.58392143       2.34836459      0.959999979    
        1956  -5.63250542       1.91999662      0.959999979    
        1958  -5.60484934       1.92061603      0.959999979    
        1960  -5.65977287       1.93639266      0.959999979    
        1962  -5.63933611       1.69483185      0.959999979    
        1964  -5.75677681       1.15327227      0.959999979    
        1966  -5.63671732       1.69961119      0.959999979    
        1968  -5.66800261       1.35593033      0.959999979    
        1970  -5.61436605       1.46159387      0.959999979    
        1972  -5.58704329       1.46191418      0.959999979    
        1974  -5.65703583       1.54460120      0.959999979    
        1976  -5.64483213       1.65502882      0.959999979    
        1978  -5.62363100       1.53591681      0.959999979    
        1980  -5.70043135      0.846188724      0.959999979    
        1982  -5.59874678       1.52108955      0.959999979    
        1984  -5.64812756       1.22228396      0.959999979    
        1986  -5.60355711       1.16433692      0.959999979    
        1988  -5.72482395      0.526135445      0.959999979    
        1990  -5.79086494      0.312287360      0.959999979    
        1992  -5.73188972      0.803167760      0.959999979    
        1994  -5.67743397       1.12416315      0.959999979    
        1996  -5.74977398      0.665889084      0.959999979    
        1998  -5.72585058       1.04018843      0.959999979    
        2000  -5.80017233      0.910794914      0.959999979    
        2002  -5.68055534       1.29680145      0.959999979    
        2004  -5.69842291       1.48477638      0.959999979    
        2006  -5.73704433       1.35966575      0.959999979    
        2008  -5.73789310       1.61811924      0.959999979    
        2010  -5.76481438       1.57380474      0.959999979    
        2012  -5.64867163       1.74282777      0.959999979    
        2014  -5.62495518       2.10467815      0.959999979    
        2016  -5.71855736       1.69834948      0.959999979    
        2018  -5.63874435       2.09074831      0.959999979    
        2020  -5.60940647       2.50581574      0.959999979    
        2022  -5.67270517       2.52483988      0.959999979    
        2024  -5.63524294       2.51088190      0.959999979    
        2026  -5.77317572       1.53412580      0.959999979    
        2028  -5.63656569       2.13584685      0.959999979    
        2030  -5.62992620       2.25898194      0.959999979    
        2032  -5.69154453       1.79626989      0.959999979    
        2034  -5.68606806       1.73199224      0.959999979    
        2036  -5.66813040       1.94936287      0.959999979    
        2038  -5.66290045       2.09085178      0.959999979    
        2040  -5.62921143       1.94441140      0.959999979    
        2042  -5.74657631       1.08879662      0.959999979    
        2044  -5.76792240      0.767669916      0.959999979    
        2046  -5.78684282      0.628715813      0.959999979    
        2048  -5.72943497      0.719591796      0.959999979    
        2050  -5.76992369      0.764059424      0.959999979    
        2052  -5.77648449       1.00061047      0.959999979    
        2054  -5.78099823      0.863500476      0.959999979    
        2056  -5.64283562       1.73939562      0.959999979    
        2058  -5.55925846       2.34299898      0.959999979    
        2060  -5.69964409       1.58370495      0.959999979    
        2062  -5.75790596       1.44224143      0.959999979    
        2064  -5.71185207       1.71201134      0.959999979    
        2066  -5.64768124       2.10763597      0.959999979    
        2068  -5.60330296       2.45145988      0.959999979    
        2070  -5.64342308       2.21154666      0.959999979    
        2072  -5.59272909       2.49442744      0.959999979    
        2074  -5.48918247       2.65229869      0.959999979    
        2076  -5.64236593       1.68039227      0.959999979    
        2078  -5.64802217       1.80456293      0.959999979    
        2080  -5.64271259       1.70078337      0.959999979    
        2082  -5.66254854       1.65453827      0.959999979    
        2084  -5.66188622       1.55721116      0.959999979    
        2086  -5.63579988       1.59116435      0.959999979    
        2088  -5.78831530       1.25293624      0.959999979    
        2090  -5.77272892       1.53040171      0.959999979    
        2092  -5.76152706       1.64850569      0.959999979    
        2094  -5.73272324       1.98012745      0.959999979    
        2096  -5.58924532       2.63732553      0.959999979    
        2098  -5.61193800       2.25453067      0.959999979    
        2100  -5.64416599       2.16766286      0.959999979    
        2102  -5.56239796       2.52401996      0.959999979    
        2104  -5.66850710       1.85290897      0.959999979    
        2106  -5.53969526       2.41812658      0.959999979    
        2108  -5.60914326       2.16394973      0.959999979    
        2110  -5.59760141       2.38268757      0.959999979    
        2112  -5.74539423       1.70080733      0.959999979    
        2114  -5.68970823       1.99653268      0.959999979    
        2116  -5.70919609       1.60701942      0.959999979    
        2118  -5.74789143       1.29691446      0.959999979    
        2120  -5.66464758       1.46043229      0.959999979    
        2122  -5.63159227       1.77432847      0.959999979    
        2124  -5.50659752       2.16703081      0.959999979    
        2126  -5.56585789       1.93298149      0.959999979    
        2128  -5.50692463       2.38358212      0.959999979    
        2130  -5.59262753       1.82699311      0.959999979    
        2132  -5.52771807       2.14685488      0.959999979    
        2134  -5.51187277       1.92540431      0.959999979    
        2136  -5.62062693       1.24245834      0.959999979    
        2138  -5.46895885       2.23359156      0.959999979    
        2140  -5.48583126       2.08013034      0.959999979    
        2142  -5.56565142       1.59331083      0.959999979    
        2144  -5.58237410       1.21549034      0.959999979    
        2146  -5.53158665       1.57611835      0.959999979    
        2148  -5.41533279       2.30031824      0.959999979    
        2150  -5.68847704      0.893988013      0.959999979    
        2152  -5.55458307       1.72378874      0.959999979    
        2154  -5.48075390       2.38679814      0.959999979    
        2156  -5.44077301       2.54046655      0.959999979    
        2158  -5.54799318       1.95517254      0.959999979    
        2160  -5.50851250       2.03131008      0.959999979    
        2162  -5.48982620       2.20943141      0.959999979    
        2164  -5.65397167       1.52932239      0.959999979    
        2166  -5.60175228       1.66736853      0.959999979    
        2168  -5.66958857       1.25845504      0.959999979    
        2170  -5.47233915       2.21611929      0.959999979    
        2172  -5.77707291      0.782707393      0.959999979    
        2174  -5.60975266       1.96758091      0.959999979    
        2176  -5.53534555       2.52681732      0.959999979    
        2178  -5.55063391       2.41707802      0.959999979    
        2180  -5.55556870       2.05705786      0.959999979    
        2182  -5.57300663       2.06324792      0.959999979    
        2184  -5.56267691       2.00239539      0.959999979    
        2186  -5.50878572       2.28476262      0.959999979    
        2188  -5.61327219       1.61223519      0.959999979    
        2190  -5.50685072       2.16532540      0.959999979    
        2192  -5.36904669       3.03984523      0.959999979    
        2194  -5.49698019       2.21513796      0.959999979    
        2196  -5.55031633       2.00724316      0.959999979    
        2198  -5.61020041       1.62937331      0.959999979    
        2200  -5.64630365       1.61893380      0.959999979    
        2202  -5.64996052       1.73709643      0.959999979    
        2204  -5.63364029       1.85585034      0.959999979    
        2206  -5.51472712       2.63247132      0.959999979    
        2208  -5.61460686       2.10431504      0.959999979    
        2210  -5.65001059       2.11742210      0.959999979    
        2212  -5.63428307       2.16971397      0.959999979    
        2214  -5.63033819       2.24191523      0.959999979    
        2216  -5.70955610       1.59466481      0.959999979    
        2218  -5.80671930       1.19377828      0.959999979    
        2220  -5.66002846       1.81238794      0.959999979    
        2222  -5.54639864       2.46081090      0.959999979    
        2224  -5.64083767       1.89620209      0.959999979    
        2226  -5.52822256       2.36401439      0.959999979    
        2228  -5.67985821       1.35253286      0.959999979    
        2230  -5.67767954       1.72567356      0.959999979    
        2232  -5.61321497       2.04510164      0.959999979    
        2234  -5.63766003       1.92119133      0.959999979    
        2236  -5.59829426       1.96106577      0.959999979    
        2238  -5.68734789       1.67641234      0.959999979    
        2240  -5.79729700       1.09087396      0.959999979    
        2242  -5.69718218       1.47218418      0.959999979    
        2244  -5.63021040       1.99428284      0.959999979    
        2246  -5.57724047       2.34281898      0.959999979    
        2248  -5.64463854       2.34210134      0.959999979    
        2250  -5.62458277       2.52613997      0.959999979    
        2252  -5.74137831       2.09849405      0.959999979    
        2254  -5.74713898       1.73845947      0.959999979    
        2256  -5.76919079       1.45496249      0.959999979    
        2258  -5.73424911       1.95594347      0.959999979    
        2260  -5.59330988       2.78713465      0.959999979    
        2262  -5.64887619       2.19694042      0.959999979    
        2264  -5.55909014       2.59699988      0.959999979    
        2266  -5.72822666       1.29349267      0.959999979    
        2268  -5.62380600       2.10770321      0.959999979    
        2270  -5.52184248       2.70322418      0.959999979    
        2272  -5.67369175       1.76412034      0.959999979    
        2274  -5.55945110       2.33167768      0.959999979    
        2276  -5.74072552       1.51783252      0.959999979    
        2278  -5.71297312       1.56947696      0.959999979    
        2280  -5.75739670       1.17808580      0.959999979    
        2282  -5.64082003       2.02790618      0.959999979    
        2284  -5.69119406       1.84115899      0.959999979    
        2286  -5.73001051       1.71115673      0.959999979    
        2288  -5.73247623       1.98243129      0.959999979    
        2290  -5.78478670       1.87600791      0.959999979    
        2292  -5.73447418       2.09050918      0.959999979    
        2294  -5.59981775       2.64021611      0.959999979    
        2296  -5.58883238       2.81672907      0.959999979    
        2298  -5.59935808       2.78829956      0.959999979    
        2300  -5.45942259       3.51429176      0.959999979    
        2302  -5.69606686       2.46092057      0.959999979    
        2304  -5.76872635       1.83668363      0.959999979    
        2306  -5.69706440       2.27960229      0.959999979    
        2308  -5.60282660       2.78331852      0.959999979    
        2310  -5.48110437       3.36646318      0.959999979    
        2312  -5.40103388       3.71516466      0.959999979    
        2314  -5.52105856       3.25434756      0.959999979    
        2316  -5.72971201       2.06973672      0.959999979    
        2318  -5.83335686       1.28247309      0.959999979    
        2320  -5.64805508       2.15412760      0.959999979    
        2322  -5.70657301       1.94946611      0.959999979    
        2324  -5.91813898      0.735570192      0.959999979    
        2326  -5.86378479       1.19509017      0.959999979    
        2328  -5.80440521       1.27644730      0.959999979    
        2330  -5.81282520       1.21800697      0.959999979    
        2332  -5.75195169       1.22635400      0.959999979    
        2334  -5.74562931       1.27004349      0.959999979    
        2336  -5.70302105       1.62119412      0.959999979    
        2338  -5.72459888       1.27253091      0.959999979    
        2340  -5.73306179       1.37018216      0.959999979    
        2342  -5.72125673       1.31871212      0.959999979    
        2344  -5.74274015       1.24509156      0.959999979    
        2346  -5.79259443      0.971499264      0.959999979    
        2348  -5.78934002      0.846712708      0.959999979    
        2350  -5.59030819       1.74263811      0.959999979    
        2352  -5.53119326       2.08452201      0.959999979    
        2354  -5.59310913       1.92619348      0.959999979    
        2356  -5.64996004       1.42505443      0.959999979    
        2358  -5.62877035       1.82521522      0.959999979    
        2360  -5.57501173       1.81056213      0.959999979    
        2362  -5.59025669       1.86507571      0.959999979    
        2364  -5.63778925       1.27466691      0.959999979    
        2366  -5.52812624       1.96966243      0.959999979    
        2368  -5.41829205       2.48643708      0.959999979    
        2370  -5.63678169       1.29497075      0.959999979    
        2372  -5.60164309       1.44441593      0.959999979    
        2374  -5.54196119       1.97131491      0.959999979    
        2376  -5.54764748       2.28076291      0.959999979    
        2378  -5.55333900       2.24634671      0.959999979    
        2380  -5.59489441       2.06455755      0.959999979    
        2382  -5.63687134       2.06635761      0.959999979    
        2384  -5.67012739       1.89657521      0.959999979    
        2386  -5.60727358       2.26211858      0.959999979    
        2388  -5.78716850       1.44917834      0.959999979    
        2390  -5.71739101       1.91771293      0.959999979    
        2392  -5.75578976       1.55460358      0.959999979    
        2394  -5.68159533       1.42103314      0.959999979    
        2396  -5.81016970      0.873726130      0.959999979    
        2398  -5.82854414      0.658618867      0.959999979    
        2400  -5.85624981      0.582114279      0.959999979    
        2402  -5.85096407      0.588385522      0.959999979    
        2404  -5.72680187       1.49458933      0.959999979    
        2406  -5.72765303       1.44854069      0.959999979    
        2408  -5.67147160       1.52564108      0.959999979    
        2410  -5.70649338       1.66670382      0.959999979    
        2412  -5.69677353       1.67898297      0.959999979    
        2414  -5.66863632       1.82009900      0.959999979    
        2416  -5.67761993       1.64076328      0.959999979    
        2418  -5.58814859       1.77704954      0.959999979    
        2420  -5.77726555      0.890263200      0.959999979    
        2422  -5.74722481      0.952611685      0.959999979    
        2424  -5.73628235      0.986828387      0.959999979    
        2426  -5.81231403      0.810232818      0.959999979    
        2428  -5.80728483      0.875348747      0.959999979    
        2430  -5.65168095       1.74819386      0.959999979    
        2432  -5.64154005       1.62169516      0.959999979    
        2434  -5.69540358       1.52881837      0.959999979    
        2436  -5.87131310      0.277155995      0.959999979    
        2438  -5.72753906       1.01415527      0.959999979    
        2440  -5.79785919      0.657095313      0.959999979    
        2442  -5.64998579       1.57016647      0.959999979    
        2444  -5.80103350      0.822424829      0.959999979    
        2446  -5.70725822       1.17901242      0.959999979    
        2448  -5.74622631       1.08667827      0.959999979    
        2450  -5.67440224       1.50766551      0.959999979    
        2452  -5.74478102       1.20039868      0.959999979    
        2454  -5.58376598       2.36694336      0.959999979    
        2456  -5.45263338       3.49513865      0.959999979    
        2458  -5.60044193       2.42555976      0.959999979    
        2460  -5.53985453       2.69528484      0.959999979    
        2462  -5.53794622       2.56595254      0.959999979    
        2464  -5.70523834       2.02455115      0.959999979    
        2466  -5.77185583       1.59798360      0.959999979    
        2468  -5.66756201       2.23722267      0.959999979    
        2470  -5.74419832       1.80778944      0.959999979    
        2472  -5.75440550       1.78458977      0.959999979    
        2474  -5.74849892       1.69221032      0.959999979    
        2476  -5.81550646       1.19063568      0.959999979    
        2478  -5.77237606       1.35620463      0.959999979    
        2480  -5.84851599       1.16107666      0.959999979    
        2482  -5.80296373       1.32720196      0.959999979    
        2484  -5.73553133       1.92516971      0.959999979    
        2486  -5.69527197       2.52717829      0.959999979    
        2488  -5.65933800       2.61181879      0.959999979    
        2490  -5.76991129       2.19142699      0.959999979    
        2492  -5.79094887       1.92350805      0.959999979    
        2494  -5.64410830       2.69026828      0.959999979    
        2496  -5.65021133       2.27997804      0.959999979    
        2498  -5.53606939       2.50817895      0.959999979    
        2500  -5.50932312       2.73338103      0.959999979    
        2502  -5.57205915       2.29209924      0.959999979    
        2504  -5.64617205       2.26008940      0.959999979    
        2506  -5.67043686       2.19242334      0.959999979    
        2508  -5.66105461       2.22268319      0.959999979    
        2510  -5.73563147       1.70331550      0.959999979    
        2512  -5.79067421       1.06078732      0.959999979    
        2514  -5.73283958       1.37126398      0.959999979    
        2516  -5.81676197       1.05898166      0.959999979    
        2518  -5.70327950       1.14616334      0.959999979    
        2520  -5.62742615       1.44478607      0.959999979    
        2522  -5.71185970       1.08421230      0.959999979    
        2524  -5.69982862       1.28594184      0.959999979    
        2526  -5.77032328       1.07952881      0.959999979    
        2528  -5.70111656       1.71164644      0.959999979    
        2530  -5.70665741       1.67092657      0.959999979    
        2532  -5.82242584      0.894714236      0.959999979    
        2534  -5.84900236      0.606920362      0.959999979    
        2536  -5.64293957       1.91296399      0.959999979    
        2538  -5.63097095       1.91849923      0.959999979    
        2540  -5.48185062       2.66090512      0.959999979    
        2542  -5.43841124       2.74015617      0.959999979    
        2544  -5.43937969       3.34744382      0.959999979    
        2546  -5.45901346       3.22194290      0.959999979    
        2548  -5.51461220       2.92542815      0.959999979    
        2550  -5.59696102       2.58418846      0.959999979    
        2552  -5.68330383       1.98508811      0.959999979    
        2554  -5.66766691       1.89842749      0.959999979    
        2556  -5.63168097       2.09164286      0.959999979    
        2558  -5.57621574       2.27383089      0.959999979    
        2560  -5.53821373       2.38999987      0.959999979    
        2562  -5.62762022       1.71980798      0.959999979    
        2564  -5.66996384       1.42610908      0.959999979    
        2566  -5.60208511       1.77101481      0.959999979    
        2568  -5.74798107       1.01208293      0.959999979    
        2570  -5.71276093       1.12538528      0.959999979    
        2572  -5.61361504       1.75551569      0.959999979    
        2574  -5.64488220       1.49253201      0.959999979    
        2576  -5.54873419       2.19088864      0.959999979    
        2578  -5.64876556       1.78842008      0.959999979    
        2580  -5.59576082       2.15445256      0.959999979    
        2582  -5.58802843       2.21345544      0.959999979    
        2584  -5.56549454       2.05856752      0.959999979    
        2586  -5.59586430       1.71789908      0.959999979    
        2588  -5.61684132       1.62216902      0.959999979    
        2590  -5.64843273       1.52711391      0.959999979    
        2592  -5.67626905       1.72198391      0.959999979    
        2594  -5.74638462       1.21551585      0.959999979    
        2596  -5.69623852       1.91828752      0.972000003    
        2598  -5.64937592       2.26210737      0.972000003    
        2600  -5.70358229       1.96666956      0.972000003    
        2602  -5.65203953       2.33001900      0.972000003    
        2604  -5.76461363       1.69786572      0.972000003    
        2606  -5.74914646       1.88260853      0.972000003    
        2608  -5.71449041       2.05773449      0.972000003    
        2610  -5.60373783       2.85334206      0.972000003    
        2612  -5.43947220       3.53166461      0.972000003    
        2614  -5.54445934       2.99210119      0.972000003    
        2616  -5.59082794       2.81829500      0.972000003    
        2618  -5.49628448       3.51405478      0.972000003    
        2620  -5.59371281       3.16556549      0.972000003    
        2622  -5.67807245       2.78000212      0.972000003    
        2624  -5.62437153       3.15805387      0.972000003    
        2626  -5.66829395       2.77210975      0.972000003    
        2628  -5.81655169       2.25716138      0.972000003    
        2630  -5.81104326       2.24312019      0.972000003    
        2632  -5.88995075       1.67937636      0.972000003    
        2634  -5.81740093       1.97099936      0.972000003    
        2636  -5.79883337       2.04423356      0.972000003    
        2638  -5.86576939       1.52537954      0.972000003    
        2640  -5.73814726       2.00258875      0.972000003    
        2642  -5.75247574       1.69672096      0.972000003    
        2644  -5.75629234       1.78030908      0.972000003    
        2646  -5.81362295       1.62477207      0.972000003    
        2648  -5.74213076       1.80901456      0.972000003    
        2650  -5.82038546       1.30591106      0.972000003    
        2652  -5.80644226       1.61279368      0.972000003    
        2654  -5.72741985       1.94267833      0.972000003    
        2656  -5.80270290       1.67357409      0.972000003    
        2658  -5.97345972      0.909731388      0.972000003    
        2660  -5.88190413       1.54755270      0.972000003    
        2662  -5.80788088       1.89466584      0.972000003    
        2664  -5.79440355       1.96025217      0.972000003    
        2666  -5.91081762       1.21147430      0.972000003    
        2668  -5.87439394       1.35590363      0.972000003    
        2670  -5.89946127       1.32086205      0.972000003    
        2672  -5.89406824       1.09399176      0.972000003    
        2674  -5.85648918       1.33588064      0.972000003    
        2676  -5.86657333       1.41449118      0.972000003    
        2678  -5.86504698       1.40548408      0.972000003    
        2680  -5.65845108       2.32693982      0.972000003    
        2682  -5.57771540       2.84563279      0.972000003    
        2684  -5.80330181       1.75718105      0.972000003    
        2686  -5.71970654       2.28216600      0.972000003    
        2688  -5.72289181       2.65043926      0.972000003    
        2690  -5.90458107       1.54184687      0.972000003    
        2692  -5.81635332       1.98614872      0.972000003    
        2694  -5.81185961       1.77581167      0.972000003    
        2696  -5.86273479       1.27587795      0.972000003    
        2698  -5.58521700       2.90715218      0.972000003    
        2700  -5.69334126       2.32016611      0.972000003    
        2702  -5.74590731       1.90127707      0.972000003    
        2704  -5.90425396       1.13877082      0.972000003    
        2706  -5.79866314       1.42954683      0.972000003    
        2708  -5.80520821       1.27255189      0.972000003    
        2710  -5.82869482       1.11098242      0.972000003    
        2712  -5.82212639       1.05908227      0.972000003    
        2714  -5.77702570      0.811111033      0.972000003    
        2716  -5.87878847      0.572642267      0.972000003    
        2718  -5.85603380      0.685275733      0.972000003    
        2720  -5.75308704       1.29440451      0.972000003    
        2722  -5.67108774       1.43722486      0.972000003    
        2724  -5.68601656       1.68378568      0.972000003    
        2726  -5.71105099       1.88745308      0.972000003    
        2728  -5.67013597       2.09619999      0.972000003    
        2730  -5.58475971       2.47326350      0.972000003    
        2732  -5.71403503       1.48721576      0.959999979    
        2734  -5.74790144       1.04322398      0.959999979    
        2736  -5.75112343       1.17446685      0.959999979    
        2738  -5.82936096       1.11547852      0.959999979    
        2740  -5.64684248       2.10136008      0.959999979    
        2742  -5.66115093       1.68634653      0.959999979    
        2744  -5.61395216       1.91272831      0.959999979    
        2746  -5.66992140       1.66619861      0.959999979    
        2748  -5.67718029       1.67872393      0.959999979    
        2750  -5.59758139       1.89881957      0.959999979    
        2752  -5.54631853       2.16819692      0.959999979    
        2754  -5.54598284       2.22457552      0.959999979    
        2756  -5.66148329       1.60379779      0.959999979    
        2758  -5.57723427       2.01038671      0.959999979    
        2760  -5.68299150       1.53487384      0.959999979    
        2762  -5.63158274       2.09103680      0.959999979    
        2764  -5.59272385       2.27558756      0.959999979    
        2766  -5.65096188       1.87445414      0.959999979    
        2768  -5.55989742       2.37428641      0.959999979    
        2770  -5.61824036       2.26186657      0.959999979    
        2772  -5.43642664       3.13713694      0.959999979    
        2774  -5.51691389       2.74768114      0.959999979    
        2776  -5.64657736       2.01506090      0.959999979    
        2778  -5.62158298       2.64513183      0.959999979    
        2780  -5.66818094       2.52016497      0.959999979    
        2782  -5.60341406       2.80308557      0.959999979    
        2784  -5.63489246       2.74895000      0.959999979    
        2786  -5.58279514       2.76899338      0.959999979    
        2788  -5.76506376       1.43781376      0.959999979    
        2790  -5.70701551       1.77470338      0.959999979    
        2792  -5.58424711       2.28669381      0.959999979    
        2794  -5.58469868       2.31588197      0.959999979    
        2796  -5.64217615       1.99146676      0.959999979    
        2798  -5.48683405       2.83807611      0.959999979    
        2800  -5.59998083       2.26462364      0.959999979    
        2802  -5.58379602       2.40267396      0.959999979    
        2804  -5.66092491       2.10056996      0.959999979    
        2806  -5.57801723       2.70763373      0.959999979    
        2808  -5.50556660       3.22352171      0.959999979    
        2810  -5.61230755       2.68006968      0.959999979    
        2812  -5.63433313       2.27564168      0.959999979    
        2814  -5.47887373       2.92973518      0.959999979    
        2816  -5.55852890       2.55580425      0.959999979    
        2818  -5.61241722       2.37620807      0.959999979    
        2820  -5.78243637       1.33803964      0.959999979    
        2822  -5.80640030       1.32246065      0.959999979    
        2824  -5.76944971       1.51707184      0.959999979    
        2826  -5.71996975       1.89504087      0.959999979    
        2828  -5.73315048       1.47499800      0.959999979    
        2830  -5.55444193       2.34363699      0.959999979    
        2832  -5.66154099       1.93931377      0.959999979    
        2834  -5.58095789       2.38629413      0.959999979    
        2836  -5.69555569       1.78032064      0.959999979    
        2838  -5.62242746       1.97144091      0.959999979    
        2840  -5.62426233       2.02332449      0.959999979    
        2842  -5.56356239       2.25924206      0.959999979    
        2844  -5.58443785       2.15553927      0.959999979    
        2846  -5.59534645       2.10111880      0.959999979    
        2848  -5.46726942       2.89548230      0.959999979    
        2850  -5.53967762       2.66340446      0.959999979    
        2852  -5.60550213       2.23202968      0.959999979    
        2854  -5.67616701       1.64906573      0.959999979    
        2856  -5.63705111       1.66490591      0.959999979    
        2858  -5.74319172       1.25282919      0.959999979    
        2860  -5.76840782       1.01701999      0.959999979    
        2862  -5.66146612       1.56289029      0.959999979    
        2864  -5.71659136       1.07140791      0.959999979    
        2866  -5.63982201       1.63359702      0.959999979    
        2868  -5.57356977       2.07909775      0.959999979    
        2870  -5.59602022       1.88218915      0.959999979    
        2872  -5.71290398       1.36458254      0.959999979    
        2874  -5.67242479       1.58680344      0.959999979    
        2876  -5.57414770       2.24207902      0.959999979    
        2878  -5.70967960       1.48325229      0.959999979    
        2880  -5.58283806       2.28552079      0.959999979    
        2882  -5.68224478       1.72752070      0.959999979    
        2884  -5.79614735       1.08135986      0.959999979    
        2886  -5.84097385      0.795964360      0.959999979    
        2888  -5.72191334       1.57204902      0.959999979    
        2890  -5.86751127      0.676985025      0.959999979    
        2892  -5.73542881       1.23471856      0.959999979    
        2894  -5.71114111       1.56697810      0.959999979    
        2896  -5.62628603       1.98325527      0.959999979    
        2898  -5.77450800       1.28365254      0.959999979    
        2900  -5.75881100       1.29493093      0.959999979    
        2902  -5.74699450       1.44045043      0.959999979    
        2904  -5.70867634       1.43983376      0.959999979    
        2906  -5.79442120       1.04161394      0.959999979    
        2908  -5.74532747      0.978402853      0.959999979    
        2910  -5.69899511       1.20903921      0.959999979    
        2912  -5.70041895       1.32820415      0.959999979    
        2914  -5.69712973       1.48415887      0.959999979    
        2916  -5.57061768       2.23501658      0.959999979    
        2918  -5.64599323       2.03490210      0.959999979    
        2920  -5.62703991       2.12678313      0.959999979    
        2922  -5.69852924       1.77839565      0.959999979    
        2924  -5.61896992       2.23845434      0.959999979    
        2926  -5.69030952       1.66089964      0.959999979    
        2928  -5.58681345       2.32966805      0.959999979    
        2930  -5.67737103       1.91103148      0.959999979    
        2932  -5.69190884       1.66944468      0.959999979    
        2934  -5.73159790       1.38885248      0.959999979    
        2936  -5.68924570       1.40307057      0.959999979    
        2938  -5.71240425       1.37332058      0.959999979    
        2940  -5.80470228      0.682554424      0.959999979    
        2942  -5.76677322      0.880195200      0.959999979    
        2944  -5.73474407       1.40421438      0.959999979    
        2946  -5.74373722       1.49963892      0.959999979    
        2948  -5.75843000       1.44417453      0.959999979    
        2950  -5.78952885       1.15206850      0.959999979    
        2952  -5.89293718      0.969590127      0.959999979    
        2954  -5.72367096       1.91973937      0.959999979    
        2956  -5.65128565       2.58792210      0.959999979    
        2958  -5.67889071       2.16871142      0.959999979    
        2960  -5.83751392       1.51721156      0.959999979    
        2962  -5.75566292       1.79529941      0.959999979    
        2964  -5.80426216       1.46994305      0.959999979    
        2966  -5.74642467       1.80232072      0.959999979    
        2968  -5.64212179       2.51668024      0.959999979    
        2970  -5.56611395       2.88961339      0.959999979    
        2972  -5.70923185       2.00159836      0.959999979    
        2974  -5.75212479       2.01249433      0.959999979    
        2976  -5.76013231       1.85762084      0.959999979    
        2978  -5.78027105       1.72690535      0.959999979    
        2980  -5.72925138       2.19316649      0.959999979    
        2982  -5.86137962       1.17679489      0.959999979    
        2984  -5.82040739       1.18013418      0.959999979    
        2986  -5.63429308       2.15849113      0.959999979    
        2988  -5.73809958       1.80367839      0.959999979    
        2990  -5.58676195       2.46883869      0.959999979    
        2992  -5.65060329       2.21906114      0.959999979    
        2994  -5.71830988       1.73309827      0.959999979    
        2996  -5.83026361      0.942185402      0.959999979    
        2998  -5.75812817       1.13597500      0.959999979    
        3000  -5.70881844       1.45065796      0.959999979    
        3002  -5.80704546      0.985596716      0.959999979    
        3004  -5.78973675       1.02188671      0.959999979    
        3006  -5.71174622       1.61496043      0.959999979    
        3008  -5.70220327       1.53793323      0.959999979    
        3010  -5.80299234      0.816979051      0.959999979    
        3012  -5.74458456       1.08982396      0.959999979    
        3014  -5.74008226       1.26388884      0.959999979    
        3016  -5.71281958       1.57029760      0.959999979    
        3018  -5.60225821       2.27475572      0.959999979    
        3020  -5.72029972       1.64193213      0.959999979    
        3022  -5.76257849       1.12983918      0.959999979    
        3024  -5.55966282       2.31825256      0.959999979    
        3026  -5.54311943       2.16876268      0.959999979    
        3028  -5.65858030       1.52366984      0.959999979    
        3030  -5.69637108       1.24441814      0.959999979    
        3032  -5.78329086      0.524860740      0.959999979    
        3034  -5.67516661       1.30332828      0.959999979    
        3036  -5.54980278       2.16406202      0.959999979    
        3038  -5.67034006       1.48928237      0.959999979    
        3040  -5.63884783       1.67183685      0.959999979    
        3042  -5.77123499       1.05082285      0.959999979    
        3044  -5.81062984      0.929496229      0.959999979    
        3046  -5.86338806      0.658208787      0.959999979    
        3048  -5.78211355       1.00688136      0.959999979    
        3050  -5.79010773       1.15886748      0.959999979    
        3052  -5.78160429       1.45724761      0.959999979    
        3054  -5.85221100       1.27300572      0.959999979    
        3056  -5.91990471       1.09867024      0.959999979    
        3058  -5.81241846       1.41151285      0.959999979    
        3060  -5.82075596       1.28064287      0.959999979    
        3062  -5.79108286       1.60186517      0.959999979    
        3064  -5.80337048       1.42688286      0.959999979    
        3066  -5.76877308       1.45991457      0.959999979    
        3068  -5.87150002      0.965096474      0.959999979    
        3070  -5.79153109       1.12554884      0.959999979    
        3072  -5.83257866      0.772831261      0.959999979    
        3074  -5.71439457       1.50489616      0.959999979    
        3076  -5.69668961       1.56475639      0.959999979    
        3078  -5.63079405       2.00034976      0.959999979    
        3080  -5.81160688       1.06397784      0.959999979    
        3082  -5.63328266       2.10183549      0.959999979    
        3084  -5.75040483       1.37786376      0.959999979    
        3086  -5.51051569       2.64917040      0.959999979    
        3088  -5.36485767       3.67312932      0.959999979    
        3090  -5.44982433       3.08641291      0.959999979    
        3092  -5.51531839       2.52004290      0.959999979    
        3094  -5.63244152       1.93505287      0.959999979    
        3096  -5.73406506       1.46292365      0.959999979    
        3098  -5.75376654       1.28668606      0.959999979    
        3100  -5.76779509      0.788014174      0.959999979    
        3102  -5.71199751       1.26499653      0.959999979    
        3104  -5.75449228      0.914415181      0.959999979    
        3106  -5.65388632      0.971363485      0.959999979    
        3108  -5.62357759       1.42878675      0.959999979    
        3110  -5.71967506       1.34960997      0.959999979    
        3112  -5.70711374       1.18203151      0.959999979    
        3114  -5.63178444       1.77562916      0.959999979    
        3116  -5.76948166       1.23662734      0.959999979    
        3118  -5.70576811       1.58673608      0.959999979    
        3120  -5.69875193       2.11498690      0.959999979    
        3122  -5.68105555       2.01149321      0.959999979    
        3124  -5.68578625       2.09221339      0.959999979    
        3126  -5.76389742       2.05425286      0.959999979    
        3128  -5.81257010       1.55636346      0.959999979    
        3130  -5.65419292       2.72134638      0.959999979    
        3132  -5.73829746       2.12826991      0.959999979    
        3134  -5.82425261       1.46984124      0.959999979    
        3136  -5.72718191       2.46222425      0.959999979    
        3138  -5.51646900       3.59214664      0.959999979    
        3140  -5.49590206       3.42069530      0.959999979    
        3142  -5.67321301       2.73647380      0.959999979    
        3144  -5.52990150       3.23671460      0.959999979    
        3146  -5.62765360       2.59834075      0.959999979    
        3148  -5.63932753       2.62399244      0.959999979    
        3150  -5.68324327       2.47056127      0.959999979    
        3152  -5.70054388       2.39255857      0.959999979    
        3154  -5.63212776       2.49817681      0.959999979    
        3156  -5.64352703       2.44312453      0.959999979    
        3158  -5.68215036       2.44678998      0.959999979    
        3160  -5.70652246       2.81221986      0.959999979    
        3162  -5.66175890       3.33129048      0.959999979    
        3164  -5.70195103       3.00194740      0.959999979    
        3166  -5.69605589       2.97172856      0.959999979    
        3168  -5.78280067       2.61122274      0.959999979    
        3170  -5.72488880       2.89242411      0.959999979    
        3172  -5.72746325       2.99148297      0.959999979    
        3174  -5.71689796       2.79445481      0.959999979    
        3176  -5.66207170       2.72186041      0.959999979    
        3178  -5.83072519       2.12575006      0.959999979    
        3180  -5.73090219       2.41556096      0.959999979    
        3182  -5.83837891       2.17918777      0.959999979    
        3184  -5.73955584       2.54421663      0.959999979    
        3186  -5.69766712       2.52131438      0.959999979    
        3188  -5.83953094       1.83810794      0.959999979    
        3190  -5.90520000       1.30236053      0.959999979    
        3192  -5.76956511       1.90124941      0.959999979    
        3194  -5.83690548       1.44640017      0.959999979    
        3196  -5.77000999       1.77165616      0.959999979    
        3198  -5.79217529       1.69858289      0.959999979    
        3200  -5.60418320       2.80499887      0.959999979    
        3202  -5.69319010       2.28880167      0.959999979    
        3204  -5.64442253       2.63958073      0.959999979    
        3206  -5.61966944       2.86029220      0.959999979    
        3208  -5.71202230       2.37192869      0.959999979    
        3210  -5.65086174       2.70316267      0.959999979    
        3212  -5.88327980       1.57770169      0.959999979    
        3214  -5.78283691       1.97019482      0.959999979    
        3216  -5.66387367       2.30535793      0.959999979    
        3218  -5.77903509       1.78221142      0.959999979    
        3220  -5.72722960       2.26955318      0.959999979    
        3222  -5.67019987       2.45044279      0.959999979    
        3224  -5.79178667       1.83905196      0.959999979    
        3226  -5.78480530       1.79705870      0.959999979    
        3228  -5.64136457       2.91975570      0.959999979    
        3230  -5.71436310       2.43366742      0.959999979    
        3232  -5.72177553       2.34374905      0.959999979    
        3234  -5.83081436       1.54120553      0.959999979    
        3236  -5.62423134       2.33490920      0.959999979    
        3238  -5.65080690       2.39482379      0.959999979    
        3240  -5.70158958       2.14967918      0.959999979    
        3242  -5.81141853       1.67524672      0.959999979    
        3244  -5.73302412       2.33816695      0.959999979    
        3246  -5.68396521       2.85452056      0.959999979    
        3248  -5.70165300       2.86016250      0.959999979    
        3250  -5.52397919       3.42360854      0.959999979    
        3252  -5.63637686       2.64003658      0.959999979    
        3254  -5.66717005       2.62260437      0.959999979    
        3256  -5.56650877       3.38855529      0.959999979    
        3258  -5.66490078       2.79803538      0.959999979    
        3260  -5.66048622       2.64570975      0.959999979    
        3262  -5.71979332       2.27732229      0.959999979    
        3264  -5.66672850       2.46915293      0.959999979    
        3266  -5.78400135       1.89683318      0.959999979    
        3268  -5.55471420       3.36311221      0.959999979    
        3270  -5.67838573       2.35531139      0.959999979    
        3272  -5.84325552       1.80575728      0.959999979    
        3274  -5.83006191       1.65832984      0.959999979    
        3276  -5.89423418       1.39344263      0.959999979    
        3278  -5.94387913       1.26045334      0.959999979    
        3280  -5.76349831       2.41384649      0.959999979    
        3282  -5.74076176       2.30932808      0.959999979    
        3284  -5.83161592       1.66399026      0.959999979    
        3286  -5.83261681       1.79086089      0.959999979    
        3288  -5.77257776       2.08378959      0.959999979    
        3290  -5.69957590       2.35486746      0.959999979    
        3292  -5.78672361       2.19122434      0.959999979    
        3294  -5.90050459       1.42052746      0.959999979    
        3296  -5.86366367       1.58517361      0.959999979    
        3298  -5.85082960       1.64299631      0.959999979    
        3300  -5.89293718       1.55800223      0.959999979    
        3302  -5.87112331       1.65433753      0.959999979    
        3304  -5.82750034       1.63960588      0.959999979    
        3306  -5.75735855       2.14620066      0.959999979    
        3308  -5.70685244       2.68901491      0.959999979    
        3310  -5.67131710       2.68594766      0.959999979    
        3312  -5.69771385       2.57493663      0.959999979    
        3314  -5.66722822       2.43929458      0.959999979    
        3316  -5.76464367       1.89234924      0.959999979    
        3318  -5.77615452       1.63253295      0.959999979    
        3320  -5.82676220       1.24252176      0.959999979    
        3322  -5.72994471       1.91663134      0.959999979    
        3324  -5.78559780       1.73690522      0.959999979    
        3326  -5.74060059       1.95726812      0.959999979    
        3328  -5.74022579       1.99152303      0.959999979    
        3330  -5.82223177       1.73284197      0.959999979    
        3332  -5.68932104       2.37433028      0.959999979    
        3334  -5.70822811       2.26664925      0.959999979    
        3336  -5.78275681       2.03626704      0.959999979    
        3338  -5.85876322       1.56921589      0.959999979    
        3340  -5.79709578       1.65333724      0.959999979    
        3342  -5.76754761       1.88079572      0.959999979    
        3344  -5.81907082       1.72404182      0.959999979    
        3346  -5.81097364       1.70734870      0.959999979    
        3348  -5.89509010       1.55167770      0.959999979    
        3350  -5.89322233       1.56416237      0.959999979    
        3352  -5.92731237       1.25322640      0.959999979    
        3354  -5.75907469       1.88920784      0.959999979    
        3356  -5.77769709       1.51496887      0.959999979    
        3358  -5.83995771       1.18193245      0.959999979    
        3360  -5.80873060       1.48276126      0.959999979    
        3362  -5.76739979       1.55662179      0.959999979    
        3364  -5.67203712       1.60626197      0.959999979    
        3366  -5.62815762       1.60500884      0.959999979    
        3368  -5.81457186      0.892548561      0.959999979    
        3370  -5.78940296       1.33254766      0.959999979    
        3372  -5.72094870       1.84157157      0.959999979    
        3374  -5.83242893       1.25581324      0.959999979    
        3376  -5.71431351       1.78361523      0.959999979    
        3378  -5.65434504       2.04073620      0.959999979    
        3380  -5.70388603       1.88724446      0.959999979    
        3382  -5.71799660       1.81489241      0.959999979    
        3384  -5.71373081       1.88165879      0.959999979    
        3386  -5.56145859       2.49858713      0.959999979    
        3388  -5.65432930       1.94879675      0.959999979    
        3390  -5.46910667       2.77447581      0.959999979    
        3392  -5.57635736       2.37705493      0.959999979    
        3394  -5.69606066       1.55363262      0.959999979    
        3396  -5.71273422       1.57940519      0.959999979    
        3398  -5.68430614       1.97341454      0.948000014    
        3400  -5.74630022       1.67703784      0.959999979    
        3402  -5.66077328       2.25944543      0.959999979    
        3404  -5.74262953       1.73201001      0.959999979    
        3406  -5.70779610       1.94368899      0.959999979    
        3408  -5.66043758       2.04982495      0.959999979    
        3410  -5.69242001       1.76961207      0.959999979    
        3412  -5.80570984       1.27976918      0.959999979    
        3414  -5.73759365       1.91195190      0.959999979    
        3416  -5.74345922       2.17275786      0.959999979    
        3418  -5.74855757       2.01158619      0.959999979    
        3420  -5.82190466       1.82990241      0.959999979    
        3422  -5.79087543       1.80987966      0.959999979    
        3424  -5.93325901       1.06409037      0.959999979    
        3426  -5.73420811       2.06351423      0.959999979    
        3428  -5.72181940       2.19913983      0.959999979    
        3430  -5.82892942       1.31621647      0.959999979    
        3432  -5.74055910       1.86606956      0.959999979    
        3434  -5.55429602       3.09583998      0.959999979    
        3436  -5.64442253       2.72527146      0.959999979    
        3438  -5.68650293       2.48347449      0.959999979    
        3440  -5.69059420       2.38289785      0.959999979    
        3442  -5.66594076       2.25726843      0.959999979    
        3444  -5.63781738       2.42930937      0.959999979    
        3446  -5.64816713       2.08075929      0.959999979    
        3448  -5.73547697       1.56594443      0.959999979    
        3450  -5.72216702       1.75263476      0.959999979    
        3452  -5.88765669      0.732494235      0.959999979    
        3454  -5.88074923       1.03035891      0.959999979    
        3456  -5.72368050       1.90204597      0.959999979    
        3458  -5.69727802       2.02015924      0.959999979    
        3460  -5.63022709       2.36831689      0.959999979    
        3462  -5.70583057       2.40381956      0.959999979    
        3464  -5.78886032       1.99490237      0.959999979    
        3466  -5.76051235       2.18680811      0.959999979    
        3468  -5.63852787       2.71857667      0.959999979    
        3470  -5.69410324       2.80341721      0.959999979    
        3472  -5.63299847       3.06300759      0.959999979    
        3474  -5.67357683       2.83930898      0.959999979    
        3476  -5.58511639       3.31993079      0.959999979    
        3478  -5.70012331       2.66459179      0.959999979    
        3480  -5.64856720       2.72449231      0.959999979    
        3482  -5.59587574       2.92815661      0.959999979    
        3484  -5.63656187       2.66196561      0.959999979    
        3486  -5.58613253       2.74415326      0.959999979    
        3488  -5.62525034       2.39197373      0.959999979    
        3490  -5.61764050       2.21750569      0.959999979    
        3492  -5.72903013       1.70441830      0.959999979    
        3494  -5.82994652      0.912229240      0.959999979    
        3496  -5.70413685       1.77014768      0.959999979    
        3498  -5.66066885       1.88420200      0.959999979    
        3500  -5.59322739       2.67061353      0.959999979    
        3502  -5.57885599       2.64011502      0.959999979    
        3504  -5.63857555       2.34364223      0.959999979    
        3506  -5.69278193       2.25990272      0.959999979    
        3508  -5.64932108       2.39692807      0.959999979    
        3510  -5.57449293       2.49159098      0.959999979    
        3512  -5.59723616       2.17016649      0.959999979    
        3514  -5.62460470       2.10367489      0.959999979    
        3516  -5.64690399       2.16615129      0.959999979    
        3518  -5.68690872       1.79134345      0.959999979    
        3520  -5.61866665       2.19314313      0.959999979    
        3522  -5.62646055       2.27553868      0.959999979    
        3524  -5.77585363       1.32928300      0.959999979    
        3526  -5.70033121       1.83768988      0.959999979    
        3528  -5.75538063       1.54379380      0.959999979    
        3530  -5.71812105       1.76571119      0.959999979    
        3532  -5.73372841       1.64897239      0.959999979    
        3534  -5.68152809       2.06409574      0.959999979    
        3536  -5.62227631       2.50078273      0.959999979    
        3538  -5.57489157       2.46013880      0.959999979    
        3540  -5.57946730       2.18072557      0.959999979    
        3542  -5.49274778       2.44337296      0.959999979    
        3544  -5.64913511       1.64421654      0.959999979    
        3546  -5.73499060       1.25626504      0.959999979    
        3548  -5.69711304       1.50892746      0.959999979    
        3550  -5.78422308       1.39847827      0.959999979    
        3552  -5.80723763       1.29247034      0.959999979    
        3554  -5.67724705       1.97020555      0.959999979    
        3556  -5.60762072       2.14395666      0.959999979    
        3558  -5.72111607       1.67341423      0.959999979    
        3560  -5.60998201       2.14063716      0.959999979    
        3562  -5.69514322       1.60391176      0.959999979    
        3564  -5.72639561       1.54870069      0.959999979    
        3566  -5.72355795       1.49451745      0.959999979    
        3568  -5.66330338       1.87463188      0.959999979    
        3570  -5.56404591       2.49033594      0.959999979    
        3572  -5.65141773       1.79811049      0.959999979    
        3574  -5.72671318       1.35761857      0.959999979    
        3576  -5.62275219       1.70890594      0.959999979    
        3578  -5.76403093       1.08454049      0.959999979    
        3580  -5.60785007       1.93348455      0.959999979    
        3582  -5.75964975       1.18417478      0.959999979    
        3584  -5.82767153      0.786942959      0.959999979    
        3586  -5.79220009       1.07623339      0.959999979    
        3588  -5.79184771       1.07987404      0.959999979    
        3590  -5.83134937      0.774756312      0.959999979    
        3592  -5.93354607      0.358165711      0.959999979    
        3594  -5.81908655      0.913862407      0.959999979    
        3596  -5.71492672       1.63170564      0.959999979    
        3598  -5.78234386       1.14430976      0.959999979    
        3600  -5.81581497      0.680450320      0.959999979    
        3602  -5.75893402       1.18341291      0.959999979    
        3604  -5.68376017       1.76610506      0.959999979    
        3606  -5.67975569       1.46013582      0.959999979    
        3608  -5.79054546       1.09387374      0.959999979    
        3610  -5.80145121      0.818736315      0.959999979    
        3612  -5.68760633       1.58822656      0.959999979    
        3614  -5.72565031       1.59023571      0.959999979    
        3616  -5.79095650       1.42107129      0.959999979    
        3618  -5.70157003       2.06013703      0.959999979    
        3620  -5.75168467       1.70977306      0.959999979    
        3622  -5.76824427       1.51633596      0.959999979    
        3624  -5.67676973       2.21236277      0.959999979    
        3626  -5.73412418       1.94296837      0.959999979    
        3628  -5.80081320       1.89696109      0.959999979    
        3630  -5.73955393       2.18031740      0.959999979    
        3632  -5.82877445       1.43044388      0.959999979    
        3634  -5.69984770       1.91944969      0.959999979    
        3636  -5.70320988       1.82638240      0.959999979    
        3638  -5.73249817       1.49762273      0.959999979    
        3640  -5.69701576       1.77465189      0.959999979    
        3642  -5.72894192       1.54737556      0.959999979    
        3644  -5.61304379       2.00696182      0.959999979    
        3646  -5.59911394       2.17956758      0.959999979    
        3648  -5.63559532       1.99473023      0.959999979    
        3650  -5.63002253       2.26746678      0.959999979    
        3652  -5.67741013       1.78466749      0.959999979    
        3654  -5.66622925       1.67709088      0.959999979    
        3656  -5.77815628      0.951252759      0.959999979    
        3658  -5.79485083      0.801747859      0.959999979    
        3660  -5.88029671      0.522881687      0.959999979    
        3662  -5.77009869       1.22590864      0.959999979    
        3664  -5.79581261       1.09843266      0.959999979    
        3666  -5.78213930       1.19559836      0.959999979    
        3668  -5.67979145       1.63518810      0.959999979    
        3670  -5.68538713       2.07555342      0.959999979    
        3672  -5.56541061       2.59798479      0.959999979    
        3674  -5.67682362       2.03083658      0.959999979    
        3676  -5.69004917       2.03881764      0.959999979    
        3678  -5.84626627       1.41182017      0.959999979    
        3680  -5.69850969       2.10443211      0.959999979    
        3682  -5.76376152       1.76606417      0.959999979    
        3684  -5.56037998       3.05751681      0.959999979    
        3686  -5.51201582       3.13608217      0.959999979    
        3688  -5.54367065       2.99593306      0.959999979    
        3690  -5.74771881       1.69230032      0.959999979    
        3692  -5.80743265       1.54114366      0.959999979    
        3694  -5.80818796       1.30495977      0.959999979    
        3696  -5.75808477       1.66954255      0.959999979    
        3698  -5.86381245      0.776147246      0.959999979    
        3700  -5.82154846      0.876111507      0.959999979    
        3702  -5.88284731      0.826970339      0.959999979    
        3704  -5.78778744       1.02466083      0.959999979    
        3706  -5.77662325       1.30465877      0.959999979    
        3708  -5.61449766       2.21320271      0.959999979    
        3710  -5.61471319       2.26989222      0.959999979    
        3712  -5.75938988       1.23246396      0.959999979    
        3714  -5.72378635       1.65666032      0.959999979    
        3716  -5.72152281       1.66455746      0.959999979    
        3718  -5.62032557       2.27782845      0.959999979    
        3720  -5.56302929       2.24259949      0.959999979    
        3722  -5.55531216       2.42742729      0.959999979    
        3724  -5.58004379       2.18964195      0.959999979    
        3726  -5.73990822       1.30632770      0.959999979    
        3728  -5.81153584      0.702438533      0.959999979    
        3730  -5.68672705       1.32625449      0.959999979    
        3732  -5.79328871      0.916150808      0.959999979    
        3734  -5.74598789      0.742186368      0.959999979    
        3736  -5.93880177     -0.251290888      0.959999979    
        3738  -5.71417284       1.21174729      0.959999979    
        3740  -5.75234842       1.14083743      0.959999979    
        3742  -5.72638035       1.22965634      0.959999979    
        3744  -5.79148674      0.837466598      0.959999979    
        3746  -5.85107660      0.487421840      0.959999979    
        3748  -5.61520863       1.73591197      0.959999979    
        3750  -5.68323612       1.26272011      0.959999979    
        3752  -5.61146641       1.51962185      0.959999979    
        3754  -5.59684944       1.77171195      0.959999979    
        3756  -5.70276165       1.05606830      0.959999979    
        3758  -5.75197029      0.927639246      0.959999979    
        3760  -5.58638620       1.87718344      0.959999979    
        3762  -5.58929014       1.83959460      0.959999979    
        3764  -5.72179699       1.25717711      0.959999979    
        3766  -5.68788195       1.79638469      0.959999979    
        3768  -5.71078205       1.44780862      0.959999979    
        3770  -5.83519125      0.671799958      0.959999979    
        3772  -5.60048294       1.85992384      0.959999979    
        3774  -5.56406784       2.17269373      0.959999979    
        3776  -5.66595745       1.54495215      0.959999979    
        3778  -5.57574749       2.07125568      0.959999979    
        3780  -5.65948963       1.63572729      0.959999979    
        3782  -5.55220842       2.48589921      0.959999979    
        3784  -5.73304319       1.45541632      0.959999979    
        3786  -5.72200441       1.52385437      0.959999979    
        3788  -5.75521660       1.28203678      0.959999979    
        3790  -5.71429300       1.78038979      0.959999979    
        3792  -5.73097420       1.41231298      0.959999979    
        3794  -5.76265001       1.23967040      0.959999979    
        3796  -5.83097601      0.993895888      0.959999979    
        3798  -5.74513674       1.12152147      0.959999979    
        3800  -5.75795269       1.07400298      0.959999979    
        3802  -5.82426643      0.494243234      0.959999979    
        3804  -5.81420326      0.664215505      0.959999979    
        3806  -5.93327665      0.272592306      0.959999979    
        3808  -5.76253700      0.934670687      0.959999979    
        3810  -5.64455605       1.71858859      0.959999979    
        3812  -5.65975332       1.38165915      0.959999979    
        3814  -5.66707516       1.29047883      0.959999979    
        3816  -5.73634672       1.23260820      0.959999979    
        3818  -5.75478601      0.859318614      0.959999979    
        3820  -5.73653650       1.23466241      0.959999979    
        3822  -5.76292133       1.41436625      0.959999979    
        3824  -5.83996248      0.984063268      0.959999979    
        3826  -5.84505177      0.880537987      0.959999979    
        3828  -5.81070852       1.05882668      0.959999979    
        3830  -5.67307758       1.67217886      0.959999979    
        3832  -5.75578165       1.18434668      0.959999979    
        3834  -5.73438692       1.47785807      0.959999979    
        3836  -5.70878363       1.14505339      0.959999979    
        3838  -5.78194046      0.975460947      0.959999979    
        3840  -5.72731876       1.20999885      0.959999979    
        3842  -5.69691801       1.42842615      0.959999979    
        3844  -5.82965517      0.440934211      0.959999979    
        3846  -5.70053053       1.34441245      0.959999979    
        3848  -5.70550108       1.54676270      0.959999979    
        3850  -5.54609489       2.46082449      0.959999979    
        3852  -5.51374197       2.60046315      0.959999979    
        3854  -5.54918242       2.23126745      0.959999979    
        3856  -5.66848707       1.64668906      0.959999979    
        3858  -5.50143814       2.56048417      0.959999979    
        3860  -5.55352640       2.39067197      0.959999979    
        3862  -5.55523252       2.21912193      0.959999979    
        3864  -5.47585249       2.77192926      0.959999979    
        3866  -5.47445917       2.92697716      0.959999979    
        3868  -5.48626804       2.80086541      0.959999979    
        3870  -5.54421759       2.05806160      0.959999979    
        3872  -5.59619427       1.91063404      0.959999979    
        3874  -5.67698860       1.59256101      0.959999979    
        3876  -5.59712124       2.08729792      0.959999979    
        3878  -5.50978804       2.81750631      0.959999979    
        3880  -5.57517338       2.57792497      0.959999979    
        3882  -5.61826181       2.45463824      0.959999979    
        3884  -5.54583406       2.45030904      0.959999979    
        3886  -5.61052370       2.42959142      0.959999979    
        3888  -5.74424314       1.67462504      0.959999979    
        3890  -5.70501089       1.80995166      0.959999979    
        3892  -5.67601156       1.71555912      0.959999979    
        3894  -5.58879137       2.23376250      0.959999979    
        3896  -5.67686701       1.76422513      0.959999979    
        3898  -5.67465639       1.83836246      0.959999979    
        3900  -5.53888416       2.55987573      0.959999979    
        3902  -5.63127041       2.20149350      0.959999979    
        3904  -5.89726591      0.739150524      0.959999979    
        3906  -5.76948309       1.27046311      0.959999979    
        3908  -5.71492863       1.37071431      0.959999979    
        3910  -5.58653688       2.36920214      0.959999979    
        3912  -5.73751593       1.52608693      0.959999979    
        3914  -5.77952862       1.37676573      0.959999979    
        3916  -5.79216862       1.24072051      0.959999979    
        3918  -5.69430971       1.86205673      0.959999979    
        3920  -5.74782753       1.59450006      0.959999979    
        3922  -5.66159582       1.92554951      0.959999979    
        3924  -5.71158886       1.46522665      0.959999979    
        3926  -5.76963425       1.23337686      0.959999979    
        3928  -5.69201994       1.11393368      0.959999979    
        3930  -5.75823879      0.988287449      0.959999979    
        3932  -5.67901993       1.72301483      0.959999979    
        3934  -5.69397449       1.64983165      0.959999979    
        3936  -5.66196918       1.92827725      0.959999979    
        3938  -5.65932560       1.75978982      0.959999979    
        3940  -5.71741009       1.31353629      0.959999979    
        3942  -5.75270796       1.25923228      0.959999979    
        3944  -5.77444506       1.17411828      0.959999979    
        3946  -5.75055218       1.30899882      0.959999979    
        3948  -5.60038233       2.06124663      0.959999979    
        3950  -5.48912668       2.37287283      0.959999979    
        3952  -5.61191702       1.62777710      0.959999979    
        3954  -5.66211891       1.38574708      0.959999979    
        3956  -5.60699320       1.82815790      0.959999979    
        3958  -5.57604790       1.86403179      0.959999979    
        3960  -5.67633057       1.55534077      0.959999979    
        3962  -5.58845234       1.90616763      0.959999979    
        3964  -5.55601978       1.90855622      0.959999979    
        3966  -5.59825802       2.11902547      0.959999979    
        3968  -5.60468102       2.20318413      0.959999979    
        3970  -5.59326696       2.28095531      0.959999979    
        3972  -5.65788269       1.81071877      0.959999979    
        3974  -5.59721375       2.06864905      0.959999979    
        3976  -5.61647558       2.11723804      0.959999979    
        3978  -5.58637285       2.18305063      0.959999979    
        3980  -5.50995874       2.67609048      0.959999979    
        3982  -5.39030838       3.22510767      0.959999979    
        3984  -5.55660009       2.41724491      0.959999979    
        3986  -5.55145645       2.33488369      0.959999979    
        3988  -5.54496193       2.38846970      0.959999979    
        3990  -5.45533895       2.95374274      0.959999979    
        3992  -5.49281120       2.76108766      0.959999979    
        3994  -5.57681513       2.34001350      0.959999979    
        3996  -5.62330580       2.07302833      0.959999979    
        3998  -5.67507410       1.82730246      0.959999979    
        4000  -5.69554234       1.57866824      0.959999979    
        4002  -5.65922832       1.84602726      0.959999979    
        4004  -5.50993013       2.54410172      0.959999979    
        4006  -5.58062363       2.33079886      0.959999979    
        4008  -5.57272100       2.63144040      0.959999979    
        4010  -5.51520061       2.94170189      0.959999979    
        4012  -5.38570070       3.90260792      0.959999979    
        4014  -5.48788261       2.95390463      0.959999979    
        4016  -5.51018524       2.54588485      0.959999979    
        4018  -5.65769625       1.88468707      0.959999979    
        4020  -5.75827169       1.29251873      0.959999979    
        4022  -5.75970650       1.26423538      0.959999979    
        4024  -5.75705051       1.42087591      0.959999979    
        4026  -5.62673807       1.74266279      0.959999979    
        4028  -5.71406126       1.47376132      0.959999979    
        4030  -5.65100718       1.93372095      0.959999979    
        4032  -5.63840532       1.93906963      0.959999979    
        4034  -5.59822941       2.13053727      0.959999979    
        4036  -5.71788454       1.49216783      0.959999979    
        4038  -5.72461367       1.18597066      0.959999979    
        4040  -5.69575787       1.43086874      0.959999979    
        4042  -5.69484711       1.47315884      0.959999979    
        4044  -5.71064806       1.51649272      0.959999979    
        4046  -5.68789101       1.59918082      0.959999979    
        4048  -5.86246824      0.671199322      0.959999979    
        4050  -5.70928431       1.50165248      0.959999979    
        4052  -5.62202549       2.12678266      0.959999979    
        4054  -5.59307575       2.19007301      0.959999979    
        4056  -5.72346878       1.56211340      0.959999979    
        4058  -5.80877829       1.00582778      0.959999979    
        4060  -5.76641273       1.10857415      0.959999979    
        4062  -5.65102816       1.93359113      0.959999979    
        4064  -5.73697901       1.23525131      0.959999979    
        4066  -5.71206284       1.24568343      0.959999979    
        4068  -5.82738209      0.748531699      0.959999979    
        4070  -5.62115145       1.85559392      0.959999979    
        4072  -5.62016296       1.95183825      0.959999979    
        4074  -5.60794878       2.13580346      0.959999979    
        4076  -5.57785225       2.15236449      0.959999979    
        4078  -5.53679848       2.02042174      0.959999979    
        4080  -5.69415426       1.05870485      0.959999979    
        4082  -5.64936686       1.40866876      0.959999979    
        4084  -5.66554594       1.36700749      0.959999979    
        4086  -5.59375620       1.65911031      0.959999979    
        4088  -5.61683321       1.45696628      0.959999979    
        4090  -5.69283009       1.35018957      0.959999979    
        4092  -5.51805925       1.99474239      0.959999979    
        4094  -5.72222996       1.12618279      0.959999979    
        4096  -5.66566563       1.54737246      0.959999979    
        4098  -5.63085270       1.93107688      0.959999979    
        4100  -5.57278013       2.24221826      0.959999979    
        4102  -5.62509060       2.27895188      0.959999979    
        4104  -5.64956808       2.04533267      0.959999979    
        4106  -5.72054195       1.48708081      0.959999979    
        4108  -5.74463606       1.47461307      0.959999979    
        4110  -5.62556553       1.95024276      0.959999979    
        4112  -5.58827400       2.30827117      0.959999979    
        4114  -5.53481579       2.31887841      0.959999979    
        4116  -5.54405499       2.37144756      0.959999979    
        4118  -5.55497646       2.32576609      0.959999979    
        4120  -5.59544516       2.24767876      0.959999979    
        4122  -5.68001461       1.70024908      0.959999979    
        4124  -5.65715981       2.04325247      0.959999979    
        4126  -5.65272760       1.86185896      0.959999979    
        4128  -5.77400064       1.24787629      0.959999979    
        4130  -5.63368702       2.41518068      0.959999979    
        4132  -5.65998030       2.16640401      0.948000014    
        4134  -5.57453299       2.64974785      0.948000014    
        4136  -5.57809877       2.81926847      0.948000014    
        4138  -5.59758568       2.42502522      0.948000014    
        4140  -5.58180857       2.39567542      0.948000014    
        4142  -5.55753040       2.30983067      0.948000014    
        4144  -5.73100328       1.23741198      0.948000014    
        4146  -5.66255713       1.77153015      0.948000014    
        4148  -5.69292784       1.58114195      0.948000014    
        4150  -5.69036913       1.42028296      0.948000014    
        4152  -5.72363663       1.28785026      0.948000014    
        4154  -5.60218334       2.35082364      0.948000014    
        4156  -5.61940098       2.22177124      0.948000014    
        4158  -5.61054516       2.15734005      0.948000014    
        4160  -5.59724092       2.06185555      0.948000014    
        4162  -5.65335131       1.65528047      0.948000014    
        4164  -5.60254860       2.04305315      0.948000014    
        4166  -5.47002316       2.69497418      0.948000014    
        4168  -5.56148386       2.13732219      0.948000014    
        4170  -5.63051081       1.73549461      0.948000014    
        4172  -5.49312210       2.30345082      0.948000014    
        4174  -5.60222149       1.96078336      0.948000014    
        4176  -5.50200987       2.81826067      0.948000014    
        4178  -5.58384848       2.55683923      0.948000014    
        4180  -5.48158979       2.83358788      0.948000014    
        4182  -5.59551668       2.21099997      0.948000014    
        4184  -5.48112726       2.49025059      0.948000014    
        4186  -5.55627918       2.08162522      0.948000014    
        4188  -5.56507063       2.11956501      0.948000014    
        4190  -5.62946558       1.62270617      0.948000014    
        4192  -5.61433983       1.61998594      0.948000014    
        4194  -5.52367353       2.06151128      0.948000014    
        4196  -5.67533159       1.46404135      0.948000014    
        4198  -5.69023466       1.64702880      0.948000014    
        4200  -5.55500698       2.27137780      0.948000014    
        4202  -5.62369919       1.91437066      0.948000014    
        4204  -5.62038851       2.23707247      0.948000014    
        4206  -5.43898201       3.10279965      0.948000014    
        4208  -5.63901615       2.21010804      0.948000014    
        4210  -5.59099674       2.14900780      0.948000014    
        4212  -5.47530937       2.76093197      0.948000014    
        4214  -5.56533909       2.24102998      0.948000014    
        4216  -5.50628328       2.65834880      0.948000014    
        4218  -5.54468393       2.16560006      0.948000014    
        4220  -5.51408529       2.42504454      0.948000014    
        4222  -5.56525660       2.30083871      0.948000014    
        4224  -5.54318905       2.76377368      0.948000014    
        4226  -5.57574415       2.52203918      0.948000014    
        4228  -5.55898762       2.57928824      0.948000014    
        4230  -5.66601706       1.81936622      0.948000014    
        4232  -5.67927122       1.67654061      0.948000014    
        4234  -5.59125614       2.16532302      0.948000014    
        4236  -5.63798046       2.09183502      0.948000014    
        4238  -5.58158541       2.28019905      0.948000014    
        4240  -5.59686852       2.09907317      0.948000014    
        4242  -5.62381649       1.92848790      0.948000014    
        4244  -5.60409832       1.68459964      0.948000014    
        4246  -5.56331968       1.81664526      0.948000014    
        4248  -5.41451454       2.66093111      0.948000014    
        4250  -5.59823084       1.93656933      0.948000014    
        4252  -5.74672508       1.22260535      0.948000014    
        4254  -5.60238504       1.84833109      0.948000014    
        4256  -5.59763765       1.80494988      0.948000014    
        4258  -5.55411148       1.97320235      0.948000014    
        4260  -5.67264605       1.34760451      0.948000014    
        4262  -5.52258158       2.26434374      0.948000014    
        4264  -5.45151472       2.71294618      0.948000014    
        4266  -5.48905039       2.51393771      0.948000014    
        4268  -5.51924276       2.32504916      0.948000014    
        4270  -5.62089539       1.90596008      0.948000014    
        4272  -5.52432871       2.45904708      0.948000014    
        4274  -5.62130785       1.80313611      0.948000014    
        4276  -5.54538631       1.99211752      0.948000014    
        4278  -5.61424160       1.49578071      0.948000014    
        4280  -5.43778563       2.61825180      0.948000014    
        4282  -5.55731106       2.17645597      0.948000014    
        4284  -5.59381485       1.99629879      0.948000014    
        4286  -5.63653898       1.77016675      0.948000014    
        4288  -5.65379906       1.42826819      0.948000014    
        4290  -5.58901548       1.97322714      0.948000014    
        4292  -5.60476351       1.86197829      0.948000014    
        4294  -5.68176317       1.37851834      0.948000014    
        4296  -5.53381968       2.20249104      0.948000014    
        4298  -5.58630753       1.84106994      0.948000014    
        4300  -5.67883015       1.60722339      0.948000014    
        4302  -5.64612579       1.59601164      0.948000014    
        4304  -5.73386192       1.11742723      0.948000014    
        4306  -5.68771362       1.42631936      0.948000014    
        4308  -5.73124218       1.29148483      0.948000014    
        4310  -5.66744280       1.52018189      0.948000014    
        4312  -5.69723845       1.52841616      0.948000014    
        4314  -5.72981882       1.21611154      0.948000014    
        4316  -5.73126602       1.27147555      0.948000014    
        4318  -5.76111507      0.913195372      0.948000014    
        4320  -5.70588112       1.29499364      0.948000014    
        4322  -5.63100147       1.65733528      0.948000014    
        4324  -5.66564560       1.37615442      0.948000014    
        4326  -5.55524063       2.18245602      0.948000014    
        4328  -5.52285957       2.13058615      0.948000014    
        4330  -5.66454840       1.31903076      0.948000014    
        4332  -5.56728411       1.93721843      0.948000014    
        4334  -5.63015127       1.58019114      0.948000014    
        4336  -5.60661364       1.83515775      0.948000014    
        4338  -5.59298134       1.97033405      0.948000014    
        4340  -5.52956295       2.19628620      0.948000014    
        4342  -5.42948198       2.46333981      0.948000014    
        4344  -5.53592062       1.93567884      0.948000014    
        4346  -5.66832590       1.02075934      0.948000014    
        4348  -5.67467356      0.998245478      0.948000014    
        4350  -5.65404797       1.30422580      0.948000014    
        4352  -5.60752869       1.72172427      0.948000014    
        4354  -5.51543760       2.17282462      0.948000014    
        4356  -5.47095346       2.27688861      0.948000014    
        4358  -5.55549669       2.43765807      0.948000014    
        4360  -5.63938665       2.13878369      0.948000014    
        4362  -5.79716015       1.54167962      0.948000014    
        4364  -5.63344002       2.32958221      0.948000014    
        4366  -5.73110104       1.70754123      0.948000014    
        4368  -5.70891428       1.83673429      0.948000014    
        4370  -5.61692190       2.11546230      0.948000014    
        4372  -5.66204405       2.14189792      0.948000014    
        4374  -5.70748758       1.63434231      0.948000014    
        4376  -5.82123995      0.895608366      0.948000014    
        4378  -5.73292255       1.48324084      0.948000014    
        4380  -5.64118910       1.87052143      0.948000014    
        4382  -5.68132877       1.81374514      0.948000014    
        4384  -5.68237352       1.67920709      0.948000014    
        4386  -5.64876699       2.24008870      0.948000014    
        4388  -5.57999945       2.84773088      0.948000014    
        4390  -5.52668762       2.79395366      0.948000014    
        4392  -5.47737312       3.11441898      0.948000014    
        4394  -5.69707155       2.29800344      0.948000014    
        4396  -5.67012262       2.41020775      0.948000014    
        4398  -5.59767580       2.74170399      0.948000014    
        4400  -5.60430908       2.52775025      0.948000014    
        4402  -5.55277252       2.75766635      0.948000014    
        4404  -5.54973936       2.72031546      0.948000014    
        4406  -5.64657688       2.42858434      0.948000014    
        4408  -5.54772091       2.63327003      0.948000014    
        4410  -5.54178572       2.78955030      0.948000014    
        4412  -5.60613871       2.35063028      0.948000014    
        4414  -5.64108372       2.49518728      0.959999979    
        4416  -5.54435587       2.97324848      0.959999979    
        4418  -5.57107258       3.00370002      0.959999979    
        4420  -5.69793844       2.05323815      0.959999979    
        4422  -5.69939327       1.87762606      0.959999979    
        4424  -5.64964533       2.23379397      0.959999979    
        4426  -5.73161650       1.94587219      0.959999979    
        4428  -5.80863142       1.53015363      0.959999979    
        4430  -5.73339033       1.69890177      0.959999979    
        4432  -5.75985146       1.54135835      0.959999979    
        4434  -5.76631117       1.35449469      0.959999979    
        4436  -5.77829123       1.46192515      0.959999979    
        4438  -5.72704124       1.73136580      0.959999979    
        4440  -5.71270418       1.77398741      0.959999979    
        4442  -5.78274059       1.34496415      0.959999979    
        4444  -5.69914341       1.76406658      0.959999979    
        4446  -5.78603268       1.21046710      0.959999979    
        4448  -5.73641300       1.56771636      0.959999979    
        4450  -5.66009092       2.17559600      0.959999979    
        4452  -5.59716702       2.57404470      0.959999979    
        4454  -5.68807220       1.99993050      0.959999979    
        4456  -5.77331400       1.50071347      0.959999979    
        4458  -5.62293386       2.48571658      0.959999979    
        4460  -5.77878475       1.59567595      0.959999979    
        4462  -5.70626211       2.06550837      0.959999979    
        4464  -5.71316528       1.94648778      0.959999979    
        4466  -5.73179817       1.63685966      0.959999979    
        4468  -5.82427549       1.39859617      0.959999979    
        4470  -5.68964624       1.88920414      0.959999979    
        4472  -5.78723574       1.50656998      0.959999979    
        4474  -5.75060749       2.12999988      0.959999979    
        4476  -5.69464779       2.63823795      0.959999979    
        4478  -5.67185116       2.52344728      0.959999979    
        4480  -5.61556578       3.09921598      0.959999979    
        4482  -5.64810133       2.79086566      0.959999979    
        4484  -5.75437117       1.96556127      0.959999979    
        4486  -5.74820662       2.15110517      0.959999979    
        4488  -5.63046932       2.39704823      0.959999979    
        4490  -5.67421818       2.22263312      0.959999979    
        4492  -5.72203875       2.13011622      0.959999979    
        4494  -5.76138210       1.79115021      0.959999979    
        4496  -5.71427727       2.07608962      0.959999979    
        4498  -5.68282795       2.18430114      0.959999979    
        4500  -5.71254635       2.13871574      0.959999979    
        4502  -5.53746367       2.89337468      0.959999979    
        4504  -5.76095915       1.79059982      0.959999979    
        4506  -5.58618927       2.69407153      0.959999979    
        4508  -5.63203001       2.60228920      0.959999979    
        4510  -5.67982435       2.43203139      0.959999979    
        4512  -5.73320150       2.54540110      0.959999979    
        4514  -5.67916679       2.41846323      0.959999979    
        4516  -5.69379854       2.34504366      0.959999979    
        4518  -5.63876534       2.97120786      0.959999979    
        4520  -5.65609074       2.53603005      0.959999979    
        4522  -5.85604286       1.38995051      0.959999979    
        4524  -5.75015497       1.80592132      0.959999979    
        4526  -5.79735708       1.68772316      0.959999979    
        4528  -5.87168169       1.19234705      0.959999979    
        4530  -5.81760931       1.54957688      0.959999979    
        4532  -5.81883240       1.47238493      0.959999979    
        4534  -5.75478077       1.88387871      0.959999979    
        4536  -5.65342140       2.34639263      0.959999979    
        4538  -5.72849798       1.62150204      0.959999979    
        4540  -5.69597864       1.72869706      0.959999979    
        4542  -5.64465237       1.90099454      0.959999979    
        4544  -5.71899366       1.61379313      0.959999979    
        4546  -5.70779896       1.02484047      0.948000014    
        4548  -5.67793226       1.30140185      0.948000014    
        4550  -5.76256227      0.788165867      0.948000014    
        4552  -5.73635769       1.22044647      0.948000014    
        4554  -5.57624054       2.11990190      0.948000014    
        4556  -5.69170380       1.44540107      0.948000014    
        4558  -5.55546045       1.89291644      0.948000014    
        4560  -5.64110136       1.76512921      0.948000014    
        4562  -5.82442236       1.25943971      0.948000014    
        4564  -5.68391991       1.79577148      0.948000014    
        4566  -5.63601589       1.80939054      0.948000014    
        4568  -5.58160353       2.22684741      0.948000014    
        4570  -5.68286896       1.70012844      0.948000014    
        4572  -5.48741198       2.42430377      0.948000014    
        4574  -5.52931261       2.26881766      0.948000014    
        4576  -5.48651123       2.44493508      0.948000014    
        4578  -5.52023745       2.46301579      0.948000014    
        4580  -5.57271385       2.12732553      0.948000014    
        4582  -5.60769415       2.07215548      0.948000014    
        4584  -5.59919739       2.45579123      0.948000014    
        4586  -5.52326488       2.76646805      0.948000014    
        4588  -5.43750906       3.03846359      0.948000014    
        4590  -5.64412069       1.98357141      0.948000014    
        4592  -5.53916121       2.61846018      0.948000014    
        4594  -5.70530605       1.64890599      0.948000014    
        4596  -5.76744270       1.49068785      0.948000014    
        4598  -5.75616837       1.35326517      0.948000014    
        4600  -5.70806217       1.49149001      0.948000014    
        4602  -5.62445068       1.54415774      0.948000014    
        4604  -5.57851171       1.72285926      0.948000014    
        4606  -5.61919594       1.54063153      0.948000014    
        4608  -5.59163713       1.76807272      0.948000014    
        4610  -5.68560648       1.36980462      0.948000014    
        4612  -5.68133545       1.36792076      0.948000014    
        4614  -5.65296364       1.53897393      0.948000014    
        4616  -5.71925068       1.04469144      0.948000014    
        4618  -5.76612806      0.552830815      0.948000014    
        4620  -5.62044716       1.35878968      0.948000014    
        4622  -5.68676186       1.22855687      0.948000014    
        4624  -5.54440880       2.00390530      0.948000014    
        4626  -5.57752609       1.65913641      0.948000014    
        4628  -5.64820862       1.28561425      0.948000014    
        4630  -5.69663191       1.23836172      0.948000014    
        4632  -5.62384081       1.94370520      0.948000014    
        4634  -5.60921955       2.05874777      0.948000014    
        4636  -5.70979881       1.29422712      0.948000014    
        4638  -5.78106403       1.06396043      0.948000014    
        4640  -5.66560078       1.71486211      0.948000014    
        4642  -5.70503092       1.73025548      0.948000014    
        4644  -5.63584995       2.21810150      0.948000014    
        4646  -5.66815996       2.33778334      0.948000014    
        4648  -5.64407301       2.39003873      0.948000014    
        4650  -5.60612345       2.28825116      0.948000014    
        4652  -5.72028446       1.35934341      0.948000014    
        4654  -5.71808720       1.52451062      0.948000014    
        4656  -5.60056829       2.14106131      0.948000014    
        4658  -5.58874989       2.16369224      0.948000014    
        4660  -5.70143652       1.68805110      0.948000014    
        4662  -5.53500986       2.73442554      0.948000014    
        4664  -5.68485785       1.66122234      0.948000014    
        4666  -5.73363113       1.58823681      0.948000014    
        4668  -5.54756641       2.24514365      0.948000014    
        4670  -5.60837507       1.98136699      0.948000014    
        4672  -5.66884708       1.78777325      0.948000014    
        4674  -5.58030748       2.43951297      0.948000014    
        4676  -5.63115168       2.23417091      0.948000014    
        4678  -5.53188038       2.58239555      0.948000014    
        4680  -5.62671995       1.95554912      0.948000014    
        4682  -5.73030853       1.37870765      0.948000014    
        4684  -5.73676825       1.04325402      0.948000014    
        4686  -5.74116659       1.03260696      0.948000014    
        4688  -5.80527830      0.727939665      0.948000014    
        4690  -5.74430513      0.823321462      0.948000014    
        4692  -5.85900593      0.347451657      0.948000014    
        4694  -5.80576181      0.368938446      0.948000014    
        4696  -5.63545084       1.40899014      0.948000014    
        4698  -5.70515871      0.927085698      0.948000014    
        4700  -5.73027658      0.991167307      0.948000014    
        4702  -5.71578789       1.02385962      0.948000014    
        4704  -5.76447105      0.587662339      0.948000014    
        4706  -5.79919910      0.764612794      0.948000014    
        4708  -5.77244616       1.03883708      0.948000014    
        4710  -5.64265823       1.67069757      0.948000014    
        4712  -5.64970160       1.44698358      0.948000014    
        4714  -5.59689999       1.67021334      0.948000014    
        4716  -5.68880749      0.934212923      0.948000014    
        4718  -5.63131809       1.14538515      0.948000014    
        4720  -5.61071014       1.05720866      0.948000014    
        4722  -5.63378191      0.937953472      0.948000014    
        4724  -5.70542192      0.720029175      0.948000014    
        4726  -5.66611147       1.16521490      0.948000014    
        4728  -5.62513351       1.33539808      0.948000014    
        4730  -5.71924448      0.947251320      0.948000014    
        4732  -5.79956722      0.522365510      0.948000014    
        4734  -5.52647781       1.95045364      0.948000014    
        4736  -5.56385612       1.60377812      0.948000014    
        4738  -5.48094082       2.22795463      0.948000014    
        4740  -5.49334908       2.17163777      0.948000014    
        4742  -5.62835455       1.42003787      0.948000014    
        4744  -5.61365271       1.46639585      0.948000014    
        4746  -5.76948547      0.644771814      0.948000014    
        4748  -5.71188784      0.906321883      0.948000014    
        4750  -5.70316124      0.995632291      0.948000014    
        4752  -5.82977629      0.161634549      0.948000014    
        4754  -5.64322805       1.34959769      0.948000014    
        4756  -5.72038078       1.08921182      0.948000014    
        4758  -5.81372023      0.444161713      0.948000014    
        4760  -5.73964691      0.863853455      0.948000014    
        4762  -5.77796459      0.750530124      0.948000014    
        4764  -5.76296902       1.03300405      0.948000014    
        4766  -5.68412066       1.60132694      0.948000014    
        4768  -5.68239784       1.78615415      0.948000014    
        4770  -5.72870445       1.45813012      0.948000014    
        4772  -5.81321907      0.895331919      0.948000014    
        4774  -5.70873737       1.50045633      0.948000014    
        4776  -5.66363811       1.55693054      0.948000014    
        4778  -5.71957064       1.53266811      0.948000014    
        4780  -5.75565958       1.06443405      0.948000014    
        4782  -5.66445303       1.35735369      0.948000014    
        4784  -5.70427942       1.27674556      0.948000014    
        4786  -5.59366846       1.91852713      0.948000014    
        4788  -5.55162859       2.27168369      0.948000014    
        4790  -5.68058872       1.37659395      0.948000014    
        4792  -5.75132942      0.416119456      0.948000014    
        4794  -5.66741180       1.10864437      0.948000014    
        4796  -5.80195665      0.233863965      0.948000014    
        4798  -5.71113539      0.563324213      0.948000014    
        4800  -5.70662260      0.847917020      0.948000014    
        4802  -5.64504671       1.15535033      0.948000014    
        4804  -5.71086168      0.565272868      0.948000014    
        4806  -5.70312214      0.712352574      0.948000014    
        4808  -5.68341255      0.931043506      0.948000014    
        4810  -5.50977612       1.77641571      0.948000014    
        4812  -5.58560133       1.51775992      0.948000014    
        4814  -5.63796186       1.48851371      0.948000014    
        4816  -5.71034908      0.996097445      0.948000014    
        4818  -5.58700418       1.80476618      0.948000014    
        4820  -5.50599813       2.25322676      0.948000014    
        4822  -5.62479591       1.53173804      0.948000014    
        4824  -5.62039232       1.46049082      0.948000014    
        4826  -5.67054844       1.35550237      0.948000014    
        4828  -5.75408792      0.776162267      0.948000014    
        4830  -5.61093998       1.56578243      0.948000014    
        4832  -5.51945829       2.27508759      0.948000014    
        4834  -5.54184723       1.83535779      0.948000014    
        4836  -5.55953693       1.99504578      0.948000014    
        4838  -5.53084373       2.24800944      0.948000014    
        4840  -5.70777845       1.14162815      0.948000014    
        4842  -5.74221516      0.910826027      0.948000014    
        4844  -5.59000349       1.92778873      0.948000014    
        4846  -5.70170832       1.25729692      0.948000014    
        4848  -5.61741066       1.74723029      0.948000014    
        4850  -5.54919004       2.48621321      0.948000014    
        4852  -5.50832081       2.62811542      0.948000014    
        4854  -5.66281128       1.26454031      0.948000014    
        4856  -5.60119438       1.76782918      0.948000014    
        4858  -5.60613775       1.83470058      0.948000014    
        4860  -5.60987854       2.40663266      0.948000014    
        4862  -5.51373005       2.72503495      0.948000014    
        4864  -5.50625467       2.98163223      0.948000014    
        4866  -5.56946039       2.27267027      0.948000014    
        4868  -5.59745455       2.40425849      0.948000014    
        4870  -5.64847469       1.91988111      0.948000014    
        4872  -5.61584711       2.49227929      0.948000014    
        4874  -5.69330454       1.63140094      0.948000014    
        4876  -5.62088871       1.73710167      0.948000014    
        4878  -5.70565605      0.922219038      0.948000014    
        4880  -5.66344261       1.12445796      0.948000014    
        4882  -5.58718252       1.30552459      0.948000014    
        4884  -5.56190968       1.37986219      0.948000014    
        4886  -5.60824251       1.00855410      0.948000014    
        4888  -5.63985729       1.13530529      0.948000014    
        4890  -5.68678236      0.843220651      0.948000014    
        4892  -5.69046068       1.09842336      0.948000014    
        4894  -5.71453094       1.17263114      0.948000014    
        4896  -5.78023291      0.683205545      0.948000014    
        4898  -5.86851168      0.335243136      0.948000014    
        4900  -5.82655859      0.723059893      0.948000014    
        4902  -5.83631611      0.627076805      0.948000014    
        4904  -5.85390139      0.649185181      0.948000014    
        4906  -5.77061033      0.865743697      0.948000014    
        4908  -5.84081602      0.450673461      0.948000014    
        4910  -5.79452467      0.703314900      0.948000014    
        4912  -5.76047182      0.838015199      0.948000014    
        4914  -5.68363857       1.25465918      0.948000014    
        4916  -5.60358000       1.45411050      0.948000014    
        4918  -5.74576712      0.789461076      0.948000014    
        4920  -5.60403204       1.58689976      0.948000014    
        4922  -5.60715151       1.42881894      0.948000014    
        4924  -5.54463720       1.78536582      0.948000014    
        4926  -5.56020498       1.64171922      0.948000014    
        4928  -5.44012070       2.30315948      0.948000014    
        4930  -5.54963446       1.46052492      0.948000014    
        4932  -5.66755819      0.911269426      0.948000014    
        4934  -5.51165724       1.96164584      0.948000014    
        4936  -5.50477362       1.74186313      0.948000014    
        4938  -5.56508636       1.28722584      0.948000014    
        4940  -5.60477972       1.14781761      0.948000014    
        4942  -5.53227139       1.43333733      0.948000014    
        4944  -5.53733301       1.52004278      0.948000014    
        4946  -5.61832571       1.08557510      0.948000014    
        4948  -5.52686453       1.48582435      0.948000014    
        4950  -5.52999163       1.42755890      0.948000014    
        4952  -5.64654350       1.07459903      0.948000014    
        4954  -5.69301796      0.593768179      0.948000014    
        4956  -5.50919724       1.51046002      0.948000014    
        4958  -5.44194555       1.94072449      0.948000014    
        4960  -5.60939026       1.29021442      0.948000014    
        4962  -5.55859804       1.71146977      0.948000014    
        4964  -5.56613922       1.56549942      0.948000014    
        4966  -5.54318237       1.41349649      0.948000014    
        4968  -5.62394047      0.784033179      0.948000014    
        4970  -5.52653790       1.39339769      0.948000014    
        4972  -5.55469990       1.21841788      0.948000014    
        4974  -5.43311501       2.05776167      0.948000014    
        4976  -5.47765636       2.01171374      0.948000014    
        4978  -5.56839371       1.54097331      0.948000014    
        4980  -5.39155769       2.33838868      0.948000014    
        4982  -5.46943903       1.89343905      0.948000014    
        4984  -5.66296482      0.912441373      0.948000014    
        4986  -5.63575745       1.03244078      0.948000014    
        4988  -5.46214151       1.73540223      0.948000014    
        4990  -5.54097939       1.27959561      0.948000014    
        4992  -5.71996307      0.304694504      0.948000014    
        4994  -5.69497108      0.387389004      0.948000014    
        4996  -5.56089449       1.25753856      0.948000014    
        4998  -5.58201694       1.37545586      0.948000014    
        5000  -5.65591764      0.823702216      0.948000014    
        5002  -5.51891375       1.60029757      0.948000014    
        5004  -5.53786850       1.47239935      0.948000014    
        5006  -5.52490759       1.91250932      0.948000014    
        5008  -5.53919506       1.91732371      0.948000014    
        5010  -5.66697693       1.46552598      0.948000014    
        5012  -5.54763746       1.88114190      0.948000014    
        5014  -5.70971489       1.00875735      0.948000014    
        5016  -5.67160225       1.28293073      0.948000014    
        5018  -5.74165440      0.906200945      0.948000014    
        5020  -5.79884958      0.389693409      0.948000014    
        5022  -5.70780897      0.775761783      0.948000014    
        5024  -5.67726135       1.29961336      0.948000014    
        5026  -5.70473051       1.05964005      0.948000014    
        5028  -5.74656010      0.651982069      0.948000014    
        5030  -5.72488594      0.949503124      0.948000014    
        5032  -5.67479515       1.24667788      0.948000014    
        5034  -5.76438570      0.967163146      0.948000014    
        5036  -5.78558969      0.846926391      0.948000014    
        5038  -5.70766783       1.31540680      0.948000014    
        5040  -5.60851002       2.32608032      0.948000014    
        5042  -5.65482187       2.00218320      0.948000014    
        5044  -5.68072796       1.82288349      0.948000014    
        5046  -5.71508503       1.62405276      0.948000014    
        5048  -5.72909689       1.46184134      0.948000014    
        5050  -5.70349693       1.35436404      0.948000014    
        5052  -5.59985542       2.08245611      0.948000014    
        5054  -5.57811499       2.38986349      0.948000014    
        5056  -5.50587082       2.77227116      0.948000014    
        5058  -5.62810802       1.92313886      0.948000014    
        5060  -5.70748997       1.19886756      0.948000014    
        5062  -5.58341837       1.81413102      0.948000014    
        5064  -5.54629517       2.21649027      0.948000014    
        5066  -5.60963583       2.04381037      0.948000014    
        5068  -5.58658409       2.10737109      0.948000014    
        5070  -5.63555670       1.62389457      0.948000014    
        5072  -5.70427179       1.16479063      0.948000014    
        5074  -5.78277731      0.657842696      0.948000014    
        5076  -5.79056358      0.709122062      0.948000014    
        5078  -5.67215633       1.46840286      0.948000014    
        5080  -5.63639355       1.63502395      0.948000014    
        5082  -5.78491163      0.734006166      0.948000014    
        5084  -5.67950821       1.12864709      0.948000014    
        5086  -5.68313599       1.11998379      0.948000014    
        5088  -5.61752367       1.56402886      0.959999979    
        5090  -5.63610029       1.52451110      0.959999979    
        5092  -5.65813446       1.55014491      0.959999979    
        5094  -5.65393686       1.90487254      0.959999979    
        5096  -5.79152775       1.18425345      0.959999979    
        5098  -5.69930410       1.63058698      0.959999979    
        5100  -5.71132994       1.76899946      0.959999979    
        5102  -5.79823208       1.45734632      0.959999979    
        5104  -5.75804663       1.46563673      0.959999979    
        5106  -5.77629805       1.40205026      0.959999979    
        5108  -5.70205164       1.63340187      0.959999979    
        5110  -5.75779724       1.46906972      0.959999979    
        5112  -5.76002026       1.34081650      0.959999979    
        5114  -5.63815451       1.93486154      0.959999979    
        5116  -5.70703459       1.65446377      0.959999979    
        5118  -5.69278240       1.75653255      0.959999979    
        5120  -5.48740149       2.83039093      0.959999979    
        5122  -5.63959360       2.22281814      0.959999979    
        5124  -5.68207884       1.81269348      0.959999979    
        5126  -5.71104479       1.74095953      0.959999979    
        5128  -5.74312544       1.49192142      0.959999979    
        5130  -5.68484974       1.76971066      0.959999979    
        5132  -5.66385365       1.67585206      0.959999979    
        5134  -5.48772287       2.45140266      0.959999979    
        5136  -5.48272228       2.63676119      0.959999979    
        5138  -5.51309299       2.41085410      0.959999979    
        5140  -5.53356695       2.16536760      0.959999979    
        5142  -5.61652708       1.85685146      0.959999979    
        5144  -5.67408133       2.00500464      0.959999979    
        5146  -5.65990877       2.05907583      0.959999979    
        5148  -5.73902750       1.68147039      0.959999979    
        5150  -5.76580715       1.70561814      0.959999979    
        5152  -5.71375370       1.70446634      0.959999979    
        5154  -5.86027670       1.15775788      0.959999979    
        5156  -5.80284023       1.41211939      0.959999979    
        5158  -5.74899626       1.76199639      0.959999979    
        5160  -5.69627237       1.51421893      0.959999979    
        5162  -5.75819874       1.25082076      0.959999979    
        5164  -5.72316217       1.43209374      0.959999979    
        5166  -5.65810061       2.00765681      0.959999979    
        5168  -5.62790489       1.99585748      0.959999979    
        5170  -5.56995916       2.22117043      0.959999979    
        5172  -5.54643250       2.40340424      0.959999979    
        5174  -5.52412844       2.33876705      0.959999979    
        5176  -5.47718096       2.66993809      0.959999979    
        5178  -5.50697517       2.38226128      0.959999979    
        5180  -5.63723040       1.59133077      0.959999979    
        5182  -5.67290688       1.18720174      0.959999979    
        5184  -5.74015284      0.950141430      0.959999979    
        5186  -5.69196701       1.26630235      0.959999979    
        5188  -5.67475414       1.44951510      0.959999979    
        5190  -5.66175604       1.46188772      0.959999979    
        5192  -5.74847794       1.05966401      0.959999979    
        5194  -5.59070635       1.85228574      0.959999979    
        5196  -5.65119505       1.57737660      0.959999979    
        5198  -5.72569084       1.26996613      0.959999979    
        5200  -5.60452747       2.07259130      0.959999979    
        5202  -5.55675268       2.13022113      0.959999979    
        5204  -5.68122387       1.38394821      0.959999979    
        5206  -5.73198032      0.885964811      0.959999979    
        5208  -5.82210255      0.746615648      0.959999979    
        5210  -5.73601484       1.50561297      0.959999979    
        5212  -5.68436527       1.71582544      0.959999979    
        5214  -5.68143320       2.01198912      0.959999979    
        5216  -5.49677944       2.87817383      0.959999979    
        5218  -5.45834398       2.86572742      0.959999979    
        5220  -5.54233789       2.27503347      0.959999979    
        5222  -5.66334677       1.53517067      0.959999979    
        5224  -5.59214306       2.08436871      0.959999979    
        5226  -5.58996582       1.87753832      0.959999979    
        5228  -5.55086184       2.26366544      0.959999979    
        5230  -5.66195107       1.91275620      0.959999979    
        5232  -5.72606516       1.38255286      0.959999979    
        5234  -5.62205887       1.66655254      0.959999979    
        5236  -5.69211626       1.64999998      0.959999979    
        5238  -5.60789299       2.15146184      0.959999979    
        5240  -5.62141418       1.87938738      0.959999979    
        5242  -5.63141632       1.89932203      0.959999979    
        5244  -5.59948683       1.94581103      0.959999979    
        5246  -5.56789160       1.91077077      0.959999979    
        5248  -5.60702085       1.77436841      0.959999979    
        5250  -5.63159132       1.41119194      0.959999979    
        5252  -5.62390137       1.98369813      0.972000003    
        5254  -5.75560522       1.36177623      0.972000003    
        5256  -5.63758373       2.01435184      0.972000003    
        5258  -5.68902349       1.93569052      0.972000003    
        5260  -5.71206760       1.66959941      0.972000003    
        5262  -5.76304626       1.77436781      0.972000003    
        5264  -5.80620670       1.52692640      0.972000003    
        5266  -5.56786346       2.53508735      0.972000003    
        5268  -5.66831064       2.14726019      0.972000003    
        5270  -5.51186895       3.17822623      0.972000003    
        5272  -5.60271788       2.70363331      0.972000003    
        5274  -5.67990780       2.51368523      0.972000003    
        5276  -5.67800903       1.88750720      0.972000003    
        5278  -5.65114737       2.07742810      0.972000003    
        5280  -5.66216326       2.17865896      0.972000003    
        5282  -5.63390160       2.21411967      0.972000003    
        5284  -5.69917440       1.78019583      0.972000003    
        5286  -5.68077278       1.79824913      0.972000003    
        5288  -5.60578823       2.12285423      0.972000003    
        5290  -5.46008492       2.93108249      0.972000003    
        5292  -5.59360075       2.14374304      0.972000003    
        5294  -5.59275055       2.26384211      0.972000003    
        5296  -5.61001492       2.37153983      0.972000003    
        5298  -5.68773556       2.17806125      0.972000003    
        5300  -5.62400198       2.29249668      0.972000003    
        5302  -5.61318159       2.31870365      0.972000003    
        5304  -5.65827417       2.20221567      0.972000003    
        5306  -5.78950262       1.27599275      0.972000003    
        5308  -5.73197842       1.36022890      0.972000003    
        5310  -5.55596542       2.39345002      0.972000003    
        5312  -5.71671152       1.13541126      0.972000003    
        5314  -5.62841272       1.79301882      0.972000003    
        5316  -5.67197180       1.66457689      0.972000003    
        5318  -5.76180077       1.07877958      0.972000003    
        5320  -5.66967392       1.57269537      0.972000003    
        5322  -5.66639376       1.36652982      0.972000003    
        5324  -5.55509949       2.25789714      0.972000003    
        5326  -5.56881094       2.35190487      0.972000003    
        5328  -5.63668489       1.93265998      0.972000003    
        5330  -5.68658972       1.56960440      0.972000003    
        5332  -5.68670321       1.82498717      0.972000003    
        5334  -5.76003647       1.47753894      0.972000003    
        5336  -5.82634401      0.714923024      0.972000003    
        5338  -5.70076418       1.87633181      0.972000003    
        5340  -5.70951319       1.94888031      0.972000003    
        5342  -5.74443865       1.75892031      0.972000003    
        5344  -5.74484444       1.70643437      0.972000003    
        5346  -5.75233173       1.98679686      0.972000003    
        5348  -5.71728134       1.84786034      0.972000003    
        5350  -5.71658659       1.87210166      0.972000003    
        5352  -5.87005997      0.827363431      0.972000003    
        5354  -5.77072716       1.54749095      0.972000003    
        5356  -5.75083494       1.50092983      0.972000003    
        5358  -5.71531773       1.81455076      0.972000003    
        5360  -5.87188864      0.889259577      0.972000003    
        5362  -5.79072905       1.16595638      0.972000003    
        5364  -5.80954409      0.938448489      0.972000003    
        5366  -5.80805254      0.797107697      0.972000003    
        5368  -5.81250191      0.804773748      0.972000003    
        5370  -5.70531416       1.50250018      0.972000003    
        5372  -5.72368145       1.70928836      0.972000003    
        5374  -5.71067619       1.65506685      0.972000003    
        5376  -5.66114998       1.76715350      0.972000003    
        5378  -5.68465328       1.48338115      0.972000003    
        5380  -5.71344423       1.63719559      0.972000003    
        5382  -5.68696308       1.72264719      0.972000003    
        5384  -5.60461044       1.99245250      0.972000003    
        5386  -5.61382961       2.29187274      0.972000003    
        5388  -5.59403801       2.08155990      0.972000003    
        5390  -5.63767242       1.84568381      0.972000003    
        5392  -5.74540329       1.70341921      0.972000003    
        5394  -5.72779608       1.82003045      0.972000003    
        5396  -5.65730095       2.19321704      0.972000003    
        5398  -5.32100582       3.62494111      0.972000003    
        5400  -5.48577213       2.93516040      0.972000003    
        5402  -5.53963184       2.70707560      0.972000003    
        5404  -5.59491253       2.50699973      0.972000003    
        5406  -5.77072287       1.72036552      0.972000003    
        5408  -5.74048948       1.94551075      0.972000003    
        5410  -5.72958565       1.91841924      0.972000003    
        5412  -5.62699747       2.68027401      0.972000003    
        5414  -5.51300097       3.24464989      0.972000003    
        5416  -5.69913483       2.16174865      0.972000003    
        5418  -5.61415672       2.80271864      0.972000003    
        5420  -5.64451027       2.59416294      0.972000003    
        5422  -5.67979765       2.21631193      0.972000003    
        5424  -5.66781187       2.13792920      0.972000003    
        5426  -5.58604002       2.74095678      0.972000003    
        5428  -5.63548613       2.70291638      0.972000003    
        5430  -5.74626684       2.11538792      0.972000003    
        5432  -5.63286304       2.57441902      0.972000003    
        5434  -5.67987156       2.39228463      0.972000003    
        5436  -5.72100115       2.19140697      0.972000003    
        5438  -5.77012205       2.10158491      0.972000003    
        5440  -5.77924061       2.23363996      0.972000003    
        5442  -5.66918564       2.99912930      0.972000003    
        5444  -5.72534800       2.64891672      0.972000003    
        5446  -5.65974665       2.95268440      0.972000003    
        5448  -5.85038471       1.64999187      0.972000003    
        5450  -5.83102322       1.63138449      0.972000003    
        5452  -5.75073433       1.94137120      0.972000003    
        5454  -5.79072809       1.46385860      0.972000003    
        5456  -5.68638372       2.24143410      0.972000003    
        5458  -5.84803534       1.55001211      0.972000003    
        5460  -5.72512627       2.27864456      0.972000003    
        5462  -5.60898638       2.87704349      0.972000003    
        5464  -5.76157188       1.85701346      0.972000003    
        5466  -5.71398020       1.79210198      0.972000003    
        5468  -5.69737530       2.21292090      0.972000003    
        5470  -5.64902878       2.44793630      0.972000003    
        5472  -5.80559921       1.83939242      0.972000003    
        5474  -5.71736574       2.62088752      0.972000003    
        5476  -5.84876156       1.93240249      0.972000003    
        5478  -5.85181618       2.04299402      0.972000003    
        5480  -5.68944550       2.77109122      0.972000003    
        5482  -5.78203964       2.26583934      0.972000003    
        5484  -5.68801308       3.03756452      0.972000003    
        5486  -5.51743174       3.68801975      0.972000003    
        5488  -5.56410789       3.54981995      0.972000003    
        5490  -5.68490791       2.53944755      0.972000003    
        5492  -5.74058104       2.40235591      0.972000003    
        5494  -5.78518152       2.31757951      0.972000003    
        5496  -5.66689634       3.05898190      0.972000003    
        5498  -5.63684607       3.14613080      0.972000003    
        5500  -5.66509104       2.82804203      0.972000003    
        5502  -5.67689228       2.77641821      0.972000003    
        5504  -5.73616600       2.23147702      0.972000003    
        5506  -5.79389811       1.92199910      0.972000003    
        5508  -5.78504705       2.06356692      0.972000003    
        5510  -5.79164982       2.03085184      0.972000003    
        5512  -5.73812914       2.41342664      0.972000003    
        5514  -5.80416203       2.28522849      0.972000003    
        5516  -5.60231018       3.10970187      0.972000003    
        5518  -5.83465624       1.82214952      0.972000003    
        5520  -5.79542971       2.08069539      0.972000003    
        5522  -5.67149496       2.53641009      0.972000003    
        5524  -5.71317959       2.32089067      0.972000003    
        5526  -5.81777287       1.87331712      0.972000003    
        5528  -5.77356863       1.81190038      0.972000003    
        5530  -5.80268192       1.69094884      0.972000003    
        5532  -5.85853052       1.61114717      0.972000003    
        5534  -5.79043436       1.89038670      0.972000003    
        5536  -5.70709085       2.06321836      0.972000003    
        5538  -5.64310932       2.40474057      0.972000003    
        5540  -5.77357435       1.83791184      0.972000003    
        5542  -5.83075047       1.42543590      0.972000003    
        5544  -5.76657438       1.88600206      0.972000003    
        5546  -5.83307409       1.27492797      0.972000003    
        5548  -5.84162569       1.26952374      0.972000003    
        5550  -5.92193794       1.11164343      0.972000003    
        5552  -5.81561470       1.89402318      0.972000003    
        5554  -5.80977154       1.88107491      0.972000003    
        5556  -5.81014204       1.85351479      0.972000003    
        5558  -5.83712959       1.57316589      0.972000003    
        5560  -5.82194328       1.72651768      0.972000003    
        5562  -5.67990255       2.43877339      0.972000003    
        5564  -5.60239267       2.89881420      0.972000003    
        5566  -5.56292295       3.10665751      0.972000003    
        5568  -5.81553221       1.75707459      0.972000003    
        5570  -5.87914991       1.46111917      0.972000003    
        5572  -5.83994246       1.51649678      0.972000003    
        5574  -5.74734306       2.11107516      0.972000003    
        5576  -5.70834780       2.35885835      0.972000003    
        5578  -5.79819107       1.84892559      0.972000003    
        5580  -5.77570581       2.05367208      0.972000003    
        5582  -5.69515181       2.76216722      0.972000003    
        5584  -5.54504871       3.42441297      0.972000003    
        5586  -5.63786077       2.97374225      0.972000003    
        5588  -5.70337296       2.65632772      0.972000003    
        5590  -5.64186096       2.86683464      0.972000003    
        5592  -5.72079945       2.24150562      0.972000003    
        5594  -5.73219013       2.12074590      0.972000003    
        5596  -5.54234171       3.00706887      0.972000003    
        5598  -5.56025839       2.99290466      0.972000003    
        5600  -5.70999908       1.80078137      0.972000003    
        5602  -5.70641327       1.58677328      0.972000003    
        5604  -5.68501282       1.93560171      0.972000003    
        5606  -5.74024916       1.60347462      0.972000003    
        5608  -5.81871414       1.40790749      0.972000003    
        5610  -5.64657831       2.16624713      0.972000003    
        5612  -5.70093107       2.12734127      0.972000003    
        5614  -5.67495632       2.18372750      0.972000003    
        5616  -5.67587471       2.11977649      0.972000003    
        5618  -5.79165411       1.29347944      0.959999979    
        5620  -5.67945337       2.02887869      0.959999979    
        5622  -5.61542606       2.17079782      0.959999979    
        5624  -5.58278227       2.59558105      0.959999979    
        5626  -5.69016504       1.93634427      0.959999979    
        5628  -5.60277176       2.50167203      0.959999979    
        5630  -5.69865179       1.86400187      0.959999979    
        5632  -5.69774103       2.06769419      0.959999979    
        5634  -5.50322819       3.08786535      0.959999979    
        5636  -5.65195131       2.35761166      0.959999979    
        5638  -5.64458227       2.34218001      0.959999979    
        5640  -5.61431313       2.73192668      0.959999979    
        5642  -5.66306925       2.73846674      0.959999979    
        5644  -5.63272142       3.02953577      0.959999979    
        5646  -5.79185677       1.77192485      0.959999979    
        5648  -5.77587080       1.87288988      0.959999979    
        5650  -5.77135229       2.22329473      0.959999979    
        5652  -5.78691864       2.34418559      0.959999979    
        5654  -5.79925251       2.64324641      0.959999979    
        5656  -5.75449562       2.52630258      0.959999979    
        5658  -5.66151571       2.99355578      0.959999979    
        5660  -5.66056681       2.81631708      0.959999979    
        5662  -5.56985235       3.36734438      0.959999979    
        5664  -5.65322065       2.77252078      0.959999979    
        5666  -5.68037939       2.57427716      0.959999979    
        5668  -5.71705627       2.38095880      0.959999979    
        5670  -5.74640799       1.79075944      0.959999979    
        5672  -5.78071928       1.53427637      0.959999979    
        5674  -5.73993397       1.61884391      0.959999979    
        5676  -5.73696613       1.50294757      0.959999979    
        5678  -5.63269091       1.71680892      0.959999979    
        5680  -5.68768930       1.28057778      0.959999979    
        5682  -5.62790823       1.52717853      0.959999979    
        5684  -5.52729845       2.24895835      0.959999979    
        5686  -5.56893253       2.01638389      0.959999979    
        5688  -5.73045111      0.940519869      0.948000014    
        5690  -5.60887194       1.79649770      0.948000014    
        5692  -5.64926195       1.79474413      0.948000014    
        5694  -5.65390396       2.11611629      0.948000014    
        5696  -5.61574268       2.26631999      0.948000014    
        5698  -5.73025036       1.55513310      0.948000014    
        5700  -5.73269749       1.85463393      0.948000014    
        5702  -5.64849520       2.16147685      0.948000014    
        5704  -5.62189817       2.21956515      0.948000014    
        5706  -5.67064571       1.80991614      0.948000014    
        5708  -5.59516144       2.27473307      0.959999979    
        5710  -5.59514189       2.47233772      0.959999979    
        5712  -5.76548719       1.29009569      0.959999979    
        5714  -5.76507521       1.09175050      0.959999979    
        5716  -5.73196507       1.42657936      0.959999979    
        5718  -5.56356335       2.51953769      0.959999979    
        5720  -5.65724754       2.07903647      0.959999979    
        5722  -5.65325403       2.05851412      0.959999979    
        5724  -5.56105328       2.47740364      0.959999979    
        5726  -5.58521748       2.38278413      0.959999979    
        5728  -5.70031404       1.53120708      0.959999979    
        5730  -5.80062771      0.989693105      0.959999979    
        5732  -5.63978338       2.03056717      0.959999979    
        5734  -5.66987228       1.98317087      0.959999979    
        5736  -5.59100723       1.80564868      0.959999979    
        5738  -5.58756256       1.84973955      0.959999979    
        5740  -5.65118885       1.55755436      0.959999979    
        5742  -5.52823830       2.31683564      0.959999979    
        5744  -5.68882275       1.45517671      0.959999979    
        5746  -5.78492975      0.909798563      0.959999979    
        5748  -5.75278902       1.32647538      0.959999979    
        5750  -5.70632744       1.30851090      0.959999979    
        5752  -5.68363380       1.58165348      0.959999979    
        5754  -5.62007332       1.88708043      0.959999979    
        5756  -5.75451136       1.16820931      0.959999979    
        5758  -5.70161581       1.35900199      0.959999979    
        5760  -5.68973780       1.46249294      0.959999979    
        5762  -5.68426514       1.46228218      0.959999979    
        5764  -5.61937237       1.73189986      0.959999979    
        5766  -5.64547157       1.82967627      0.959999979    
        5768  -5.61159134       2.01008916      0.959999979    
        5770  -5.69255304       1.62118757      0.959999979    
        5772  -5.82224846       1.11280549      0.959999979    
        5774  -5.83831644      0.957879186      0.959999979    
        5776  -5.91728449      0.240644947      0.959999979    
        5778  -5.75758219      0.922179043      0.959999979    
        5780  -5.82006884      0.880139351      0.959999979    
        5782  -5.82301664      0.864438593      0.959999979    
        5784  -5.71212578       1.44030571      0.959999979    
        5786  -5.64760447       1.50710678      0.959999979    
        5788  -5.71689367       1.57232189      0.959999979    
        5790  -5.50259161       2.75871944      0.959999979    
        5792  -5.56382990       2.27282834      0.959999979    
        5794  -5.63571739       2.04539466      0.959999979    
        5796  -5.60517311       1.93452537      0.959999979    
        5798  -5.75189447       1.37600243      0.959999979    
        5800  -5.83286762      0.724191487      0.959999979    
        5802  -5.81609201      0.936040640      0.959999979    
        5804  -5.82044172       1.01172245      0.959999979    
        5806  -5.76026344       1.23826635      0.959999979    
        5808  -5.64686251       1.91119134      0.959999979    
        5810  -5.76086664       1.44259858      0.959999979    
        5812  -5.53480673       2.43040776      0.959999979    
        5814  -5.57559633       2.15414596      0.959999979    
        5816  -5.63533258       2.33980918      0.959999979    
        5818  -5.57592058       2.42922568      0.959999979    
        5820  -5.70487309       2.02378869      0.959999979    
        5822  -5.68125010       2.13703847      0.959999979    
        5824  -5.66219711       1.97706592      0.959999979    
        5826  -5.65888691       1.96764421      0.959999979    
        5828  -5.79087639       1.34917939      0.959999979    
        5830  -5.67626715       1.99055386      0.959999979    
        5832  -5.60950899       2.28677821      0.959999979    
        5834  -5.60675097       2.33119440      0.959999979    
        5836  -5.62500811       2.01914477      0.959999979    
        5838  -5.72294855       1.51682711      0.959999979    
        5840  -5.69115448       1.49902344      0.959999979    
        5842  -5.78501368      0.790968001      0.959999979    
        5844  -5.73713541       1.09387553      0.959999979    
        5846  -5.67939520       1.32650995      0.959999979    
        5848  -5.65046501       1.71649969      0.959999979    
        5850  -5.69186687       1.35575831      0.959999979    
        5852  -5.75268316       1.11365747      0.959999979    
        5854  -5.71117640       1.27950251      0.959999979    
        5856  -5.64055586       1.66048479      0.959999979    
        5858  -5.71426439       1.67669582      0.959999979    
        5860  -5.74909973       1.08450007      0.959999979    
        5862  -5.62744045       1.74170840      0.959999979    
        5864  -5.64874458       1.37962449      0.959999979    
        5866  -5.66850471       1.37810707      0.959999979    
        5868  -5.49494076       2.23939419      0.959999979    
        5870  -5.69919491       1.26703680      0.959999979    
        5872  -5.63612938       1.88576710      0.959999979    
        5874  -5.75471449       1.01569963      0.959999979    
        5876  -5.74643278       1.05046964      0.959999979    
        5878  -5.74352837       1.28917098      0.959999979    
        5880  -5.68110418       1.48047459      0.959999979    
        5882  -5.65768814       1.62674856      0.959999979    
        5884  -5.66837549       1.45562959      0.959999979    
        5886  -5.69300270       1.10948992      0.959999979    
        5888  -5.57524681       1.85563171      0.959999979    
        5890  -5.70706654       1.17795360      0.959999979    
        5892  -5.66833258       1.52457476      0.959999979    
        5894  -5.66896296       1.35256410      0.959999979    
        5896  -5.64174509       1.41579938      0.959999979    
        5898  -5.61897945       1.89138901      0.959999979    
        5900  -5.61485291       1.81078494      0.959999979    
        5902  -5.65237617       1.71507323      0.959999979    
        5904  -5.53416204       2.25539589      0.959999979    
        5906  -5.64177465       1.77435231      0.959999979    
        5908  -5.70053053       1.57892060      0.959999979    
        5910  -5.71794558       1.46564865      0.959999979    
        5912  -5.47186470       2.82824492      0.959999979    
        5914  -5.43570471       3.12834048      0.959999979    
        5916  -5.43173122       3.23802495      0.959999979    
        5918  -5.62184334       2.10425401      0.959999979    
        5920  -5.67924881       2.01000762      0.959999979    
        5922  -5.72118616       1.58687222      0.959999979    
        5924  -5.66525841       2.08509874      0.959999979    
        5926  -5.72767258       1.72916782      0.959999979    
        5928  -5.62706089       2.14480090      0.959999979    
        5930  -5.80082798      0.886959374      0.959999979    
        5932  -5.76742935       1.08621383      0.959999979    
        5934  -5.66710758       1.62132716      0.959999979    
        5936  -5.73875570       1.29616463      0.959999979    
        5938  -5.71132851       1.37767339      0.959999979    
        5940  -5.68671751       1.56253743      0.959999979    
        5942  -5.62481260       2.31832337      0.959999979    
        5944  -5.70497084       1.80927289      0.959999979    
        5946  -5.85901928       1.03374124      0.959999979    
        5948  -5.71524906       1.89968729      0.959999979    
        5950  -5.70421600       2.13868165      0.959999979    
        5952  -5.68444586       2.08765197      0.959999979    
        5954  -5.75245857       1.30523252      0.959999979    
        5956  -5.72718716       1.66824174      0.959999979    
        5958  -5.92767429      0.702341676      0.959999979    
        5960  -5.88823843       1.14236283      0.959999979    
        5962  -5.83739471       1.69078970      0.959999979    
        5964  -5.80817890       1.87498653      0.959999979    
        5966  -5.80899143       1.65700924      0.959999979    
        5968  -5.76198387       1.76926458      0.959999979    
        5970  -5.81515694       1.41513371      0.959999979    
        5972  -5.77748346       1.55584097      0.959999979    
        5974  -5.78002071       1.51577997      0.959999979    
        5976  -5.79656744       1.59451985      0.959999979    
        5978  -5.73426867       1.68693328      0.959999979    
        5980  -5.76603985       1.65763795      0.959999979    
        5982  -5.82723904       1.30663133      0.959999979    
        5984  -5.68727064       1.99864113      0.959999979    
        5986  -5.67372274       2.14645624      0.959999979    
        5988  -5.65467739       2.36026859      0.959999979    
        5990  -5.63343096       2.43282175      0.959999979    
        5992  -5.64475060       2.25072551      0.959999979    
        5994  -5.72648096       1.45848787      0.959999979    
        5996  -5.70778036       1.50535083      0.959999979    
        5998  -5.76864672       1.14321530      0.959999979    
        6000  -5.78115034       1.28225672      0.959999979    
        6002  -5.70992947       1.50331128      0.959999979    
        6004  -5.64992237       1.62574112      0.959999979    
        6006  -5.55195045       2.24663568      0.959999979    
        6008  -5.60838842       2.13153100      0.959999979    
        6010  -5.57062387       2.26918077      0.959999979    
        6012  -5.54102516       2.49966455      0.959999979    
        6014  -5.61722803       1.67094254      0.959999979    
        6016  -5.55663395       2.18263483      0.959999979    
        6018  -5.58993864       1.91267121      0.959999979    
        6020  -5.64933586       1.35566866      0.959999979    
        6022  -5.65425777       1.14776468      0.959999979    
        6024  -5.71567631      0.723822057      0.959999979    
        6026  -5.71610165      0.672633946      0.959999979    
        6028  -5.63821983       1.03247821      0.959999979    
        6030  -5.64671898       1.19713938      0.959999979    
        6032  -5.59796381       1.67505062      0.959999979    
        6034  -5.66566706       1.34908593      0.959999979    
        6036  -5.60776663       1.62087822      0.959999979    
        6038  -5.50501156       2.07399392      0.959999979    
        6040  -5.61578798       1.73926818      0.959999979    
        6042  -5.73664045       1.16687036      0.959999979    
        6044  -5.64291811       1.63235939      0.959999979    
        6046  -5.65265656       1.77306998      0.959999979    
        6048  -5.62001753       1.57795000      0.959999979    
        6050  -5.48021650       2.21285844      0.959999979    
        6052  -5.65345573       1.51847827      0.959999979    
        6054  -5.66687727       1.52800500      0.959999979    
        6056  -5.46736002       2.45674014      0.959999979    
        6058  -5.50255919       2.36553335      0.959999979    
        6060  -5.64503527       1.55951595      0.959999979    
        6062  -5.60165691       2.09732628      0.959999979    
        6064  -5.75234604       1.23304272      0.959999979    
        6066  -5.67309427       1.54659128      0.959999979    
        6068  -5.53332281       2.05397773      0.959999979    
        6070  -5.55449295       2.05643940      0.959999979    
        6072  -5.55015135       2.25161386      0.959999979    
        6074  -5.63972521       1.86423171      0.959999979    
        6076  -5.47458506       2.52012873      0.959999979    
        6078  -5.59173489       1.93461955      0.959999979    
        6080  -5.47591782       2.41739845      0.959999979    
        6082  -5.52985001       2.19834018      0.959999979    
        6084  -5.65990543       1.84770679      0.959999979    
        6086  -5.67774248       1.56939077      0.959999979    
        6088  -5.79161167       1.12337744      0.959999979    
        6090  -5.61508131       1.82902789      0.959999979    
        6092  -5.72745085       1.32834411      0.959999979    
        6094  -5.76644468       1.21140170      0.959999979    
        6096  -5.74866343       1.40065002      0.959999979    
        6098  -5.77979231       1.30900824      0.959999979    
        6100  -5.74808311       1.74721980      0.959999979    
        6102  -5.68007660       1.86560619      0.959999979    
        6104  -5.70058346       1.80423725      0.959999979    
        6106  -5.79619408       1.56287825      0.959999979    
        6108  -5.74246597       1.55216861      0.959999979    
        6110  -5.66319561       2.09026837      0.959999979    
        6112  -5.68054581       1.91355264      0.959999979    
        6114  -5.72848701       1.67989028      0.959999979    
        6116  -5.71183109       1.69386697      0.959999979    
        6118  -5.57787323       2.21988845      0.959999979    
        6120  -5.55063343       1.99383938      0.959999979    
        6122  -5.66088867       1.64009404      0.959999979    
        6124  -5.68190670       1.47742164      0.959999979    
        6126  -5.70501852       1.34254658      0.959999979    
        6128  -5.73607540       1.07134759      0.959999979    
        6130  -5.73996925       1.00785840      0.959999979    
        6132  -5.72607470       1.07916474      0.959999979    
        6134  -5.83598804       1.00307155      0.959999979    
        6136  -5.82350254      0.683110893      0.959999979    
        6138  -5.73580217       1.17439914      0.959999979    
        6140  -5.78987837       1.02516627      0.959999979    
        6142  -5.72487259       1.54335821      0.959999979    
        6144  -5.67605352       1.84060502      0.959999979    
        6146  -5.73938131       1.48150814      0.959999979    
        6148  -5.67483473       1.79422069      0.959999979    
        6150  -5.69249058       1.51621425      0.959999979    
        6152  -5.75807571       1.27281928      0.959999979    
        6154  -5.69670963       1.54520154      0.959999979    
        6156  -5.59837341       1.96275711      0.959999979    
        6158  -5.49329615       2.04551816      0.959999979    
        6160  -5.50887108       2.17544198      0.959999979    
        6162  -5.61315775       1.72707307      0.959999979    
        6164  -5.65601540       1.86284971      0.959999979    
        6166  -5.59425497       2.33398938      0.959999979    
        6168  -5.58916950       2.41839910      0.959999979    
        6170  -5.51441813       2.82273650      0.959999979    
        6172  -5.54358482       2.25512338      0.959999979    
        6174  -5.50872183       2.47557402      0.959999979    
        6176  -5.48319340       3.05751014      0.959999979    
        6178  -5.36975050       3.40522480      0.959999979    
        6180  -5.59710407       2.08374476      0.959999979    
        6182  -5.70455599       1.74100661      0.959999979    
        6184  -5.78467655       1.23951805      0.959999979    
        6186  -5.74025917       1.69482768      0.959999979    
        6188  -5.68820190       1.78443921      0.959999979    
        6190  -5.66511154       1.78999281      0.959999979    
        6192  -5.74572945       1.26353705      0.959999979    
        6194  -5.85733366      0.810339034      0.959999979    
        6196  -5.82634163      0.984139562      0.959999979    
        6198  -5.81407785      0.826549053      0.959999979    
        6200  -5.73480463       1.52247441      0.959999979    
        6202  -5.71647120       1.73159599      0.959999979    
        6204  -5.70483923       1.83090246      0.959999979    
        6206  -5.71181917       1.57420015      0.959999979    
        6208  -5.79994154       1.05863607      0.959999979    
        6210  -5.61174488       2.01406717      0.959999979    
        6212  -5.60506916       1.76719844      0.959999979    
        6214  -5.58582687       1.83310902      0.959999979    
        6216  -5.74098969       1.19971132      0.959999979    
        6218  -5.72505665       1.22322476      0.959999979    
        6220  -5.76218414      0.918368042      0.948000014    
        6222  -5.67111731       1.54352617      0.948000014    
        6224  -5.69588709       1.24069452      0.948000014    
        6226  -5.77829933      0.686969221      0.948000014    
        6228  -5.63232183       1.46120620      0.948000014    
        6230  -5.69617367       1.03646076      0.948000014    
        6232  -5.57887459       1.64061809      0.948000014    
        6234  -5.62981892       1.49274457      0.948000014    
        6236  -5.60285759       1.34159052      0.948000014    
        6238  -5.55429935       1.46221197      0.948000014    
        6240  -5.44082260       2.18491340      0.948000014    
        6242  -5.52606249       1.71870708      0.948000014    
        6244  -5.61739731       1.16701567      0.948000014    
        6246  -5.59082699       1.47830379      0.948000014    
        6248  -5.59994888       1.58980155      0.948000014    
        6250  -5.66429090       1.33610010      0.948000014    
        6252  -5.68141508       1.22424412      0.948000014    
        6254  -5.51126719       1.98786545      0.948000014    
        6256  -5.64699650       1.43311357      0.948000014    
        6258  -5.62742186       1.57915854      0.948000014    
        6260  -5.56145430       2.04928422      0.948000014    
        6262  -5.56563234       1.88404322      0.948000014    
        6264  -5.55705118       1.83236456      0.948000014    
        6266  -5.63201189       1.89814568      0.948000014    
        6268  -5.66736317       1.57200611      0.948000014    
        6270  -5.67603683       1.41298938      0.948000014    
        6272  -5.70098925       1.25004935      0.948000014    
        6274  -5.77619362      0.493021309      0.948000014    
        6276  -5.68186140      0.957386613      0.948000014    
        6278  -5.67558479       1.08175766      0.948000014    
        6280  -5.68965626       1.12886405      0.948000014    
        6282  -5.64416838       1.38375449      0.948000014    
        6284  -5.61743832       1.59842038      0.948000014    
        6286  -5.60300493       1.91574454      0.948000014    
        6288  -5.66761446       1.60997832      0.948000014    
        6290  -5.64198351       1.73186970      0.948000014    
        6292  -5.74531031      0.922459841      0.948000014    
        6294  -5.73703289      0.932660460      0.948000014    
        6296  -5.86904621      0.334359378      0.948000014    
        6298  -5.67102909       1.46958673      0.948000014    
        6300  -5.65468550       1.28752804      0.948000014    
        6302  -5.61841297       1.47587550      0.948000014    
        6304  -5.49185610       1.96794212      0.948000014    
        6306  -5.62239981       1.31521642      0.948000014    
        6308  -5.51159716       1.82408381      0.948000014    
        6310  -5.43301630       2.56776595      0.948000014    
        6312  -5.49538279       1.83468568      0.948000014    
        6314  -5.43298388       2.41618729      0.948000014    
        6316  -5.46315002       2.26539564      0.948000014    
        6318  -5.46650648       2.04645777      0.948000014    
        6320  -5.52643776       1.79505634      0.948000014    
        6322  -5.45415545       2.22047544      0.948000014    
        6324  -5.46028328       2.17164350      0.948000014    
        6326  -5.47979021       2.14171243      0.948000014    
        6328  -5.55800152       1.48777235      0.948000014    
        6330  -5.55130863       1.57040286      0.948000014    
        6332  -5.50058413       1.97317839      0.948000014    
        6334  -5.44887114       2.10410190      0.948000014    
        6336  -5.49818420       1.81547046      0.948000014    
        6338  -5.58990383       1.65754580      0.948000014    
        6340  -5.48995829       2.07548928      0.948000014    
        6342  -5.41931152       2.73760819      0.948000014    
        6344  -5.50709677       2.07342982      0.948000014    
        6346  -5.64689445       1.20563567      0.948000014    
        6348  -5.61299086       1.44697809      0.948000014    
        6350  -5.66019773       1.08602858      0.948000014    
        6352  -5.52363157       2.01175714      0.948000014    
        6354  -5.56730843       1.44235444      0.948000014    
        6356  -5.60606003       1.62804556      0.948000014    
        6358  -5.69422007       1.20792103      0.948000014    
        6360  -5.76374340      0.996103168      0.948000014    
        6362  -5.66008615       1.82632101      0.948000014    
        6364  -5.45790815       2.99015331      0.948000014    
        6366  -5.63764763       1.74700785      0.948000014    
        6368  -5.71385813       1.09624040      0.948000014    
        6370  -5.55974674       1.88340604      0.948000014    
        6372  -5.57984066       1.89732039      0.948000014    
        6374  -5.66408825       1.60257900      0.948000014    
        6376  -5.69913101       1.47408819      0.948000014    
        6378  -5.65223885       1.36652374      0.948000014    
        6380  -5.78393412      0.629004300      0.948000014    
        6382  -5.72192860      0.890398622      0.948000014    
        6384  -5.72659349      0.807890475      0.948000014    
        6386  -5.65173054       1.22429264      0.948000014    
        6388  -5.61524105       1.60790610      0.948000014    
        6390  -5.63398075       1.68501258      0.948000014    
        6392  -5.83815002      0.486530721      0.948000014    
        6394  -5.79805613      0.450273782      0.948000014    
        6396  -5.70220566       1.15835512      0.948000014    
        6398  -5.69073153       1.22346604      0.948000014    
        6400  -5.69129324      0.830509365      0.948000014    
        6402  -5.59450388       1.41374803      0.948000014    
        6404  -5.53936434       1.74727607      0.948000014    
        6406  -5.54117775       1.81196654      0.948000014    
        6408  -5.53781652       2.01396441      0.948000014    
        6410  -5.69351864       1.34600401      0.948000014    
        6412  -5.68392515       1.32263339      0.948000014    
        6414  -5.63159609       1.46988273      0.948000014    
        6416  -5.61081028       1.51216471      0.948000014    
        6418  -5.79797077      0.331774831      0.948000014    
        6420  -5.56676674       1.58032286      0.948000014    
        6422  -5.69152069      0.758173704      0.948000014    
        6424  -5.64386559      0.884213448      0.948000014    
        6426  -5.70907736      0.956469476      0.948000014    
        6428  -5.67229319       1.04427147      0.948000014    
        6430  -5.66096640       1.06577873      0.948000014    
        6432  -5.70300531      0.447032660      0.948000014    
        6434  -5.78214216      0.111719601      0.948000014    
        6436  -5.85725737     -0.324434131      0.948000014    
        6438  -5.80850363      -2.94086337E-02  0.948000014    
        6440  -5.72231817      0.532568157      0.948000014    
        6442  -5.72826433      0.708913147      0.948000014    
        6444  -5.58284378       1.45903766      0.948000014    
        6446  -5.64751530      0.983571589      0.948000014    
        6448  -5.61121655       1.07083130      0.948000014    
        6450  -5.59992027       1.13321924      0.948000014    
        6452  -5.49755764       1.64037693      0.948000014    
        6454  -5.51541853       1.35979843      0.948000014    
        6456  -5.52962112       1.33305740      0.948000014    
        6458  -5.54394913       1.25488281      0.948000014    
        6460  -5.46942282       1.70032501      0.948000014    
        6462  -5.43137503       1.97540224      0.948000014    
        6464  -5.54438305       1.46687055      0.948000014    
        6466  -5.62469149      0.974423707      0.948000014    
        6468  -5.61187792       1.12777150      0.948000014    
        6470  -5.63067150       1.28483856      0.948000014    
        6472  -5.71062279      0.856010735      0.948000014    
        6474  -5.69543123       1.31998897      0.948000014    
        6476  -5.56243467       1.91058624      0.948000014    
        6478  -5.58639002       1.76072371      0.948000014    
        6480  -5.59968662       1.82513690      0.948000014    
        6482  -5.70130587       1.25526464      0.948000014    
        6484  -5.72509241       1.12813652      0.948000014    
        6486  -5.57439280       1.67792356      0.948000014    
        6488  -5.68765116       1.25530517      0.948000014    
        6490  -5.65572262       1.53176117      0.948000014    
        6492  -5.81261492      0.978735089      0.948000014    
        6494  -5.70963669       1.19748402      0.948000014    
        6496  -5.76281023      0.914471090      0.948000014    
        6498  -5.57907391       1.71052551      0.948000014    
        6500  -5.61042500       1.81428444      0.948000014    
        6502  -5.70953751       1.19846606      0.948000014    
        6504  -5.62744236       1.59543979      0.948000014    
        6506  -5.76471853      0.897851527      0.948000014    
        6508  -5.70520639       1.38365102      0.948000014    
        6510  -5.69057941       1.48778474      0.948000014    
        6512  -5.63109016       2.29660892      0.959999979    
        6514  -5.73011065       1.85490668      0.959999979    
        6516  -5.79665852       1.58501041      0.959999979    
        6518  -5.91570330      0.889735401      0.959999979    
        6520  -5.85565281       1.01306438      0.959999979    
        6522  -5.93651628      0.679722905      0.959999979    
        6524  -5.76368046       1.59525359      0.959999979    
        6526  -5.66833782       2.22472525      0.959999979    
        6528  -5.73181391       1.77114272      0.959999979    
        6530  -5.83203316       1.56927371      0.959999979    
        6532  -5.83602476       1.48571908      0.959999979    
        6534  -5.88348866       1.44992971      0.959999979    
        6536  -5.90496969       1.17914617      0.959999979    
        6538  -5.90066910       1.14508402      0.959999979    
        6540  -5.77972555       1.63487434      0.959999979    
        6542  -5.83421326       1.52957451      0.959999979    
        6544  -5.87776899       1.32274270      0.959999979    
        6546  -5.68571377       2.26184177      0.959999979    
        6548  -5.71915865       2.26262927      0.959999979    
        6550  -5.71758890       2.21080494      0.959999979    
        6552  -5.78046131       1.69504642      0.959999979    
        6554  -5.75957918       1.66318393      0.959999979    
        6556  -5.75513363       1.70606625      0.959999979    
        6558  -5.70945883       1.57512808      0.959999979    
        6560  -5.54480076       2.73976779      0.959999979    
        6562  -5.55278444       2.72957325      0.959999979    
        6564  -5.64305115       2.35669208      0.959999979    
        6566  -5.67068243       2.45514679      0.959999979    
        6568  -5.63293266       2.74703050      0.959999979    
        6570  -5.60424042       2.70537853      0.959999979    
        6572  -5.70030022       2.08395410      0.959999979    
        6574  -5.58434963       2.87713575      0.959999979    
        6576  -5.63157988       2.55912304      0.959999979    
        6578  -5.66652584       2.53347301      0.959999979    
        6580  -5.60122967       2.87623310      0.959999979    
        6582  -5.64446259       2.57151413      0.959999979    
        6584  -5.67482138       2.41213965      0.959999979    
        6586  -5.54843569       3.15517902      0.959999979    
        6588  -5.51787710       3.23664522      0.959999979    
        6590  -5.66383934       2.58009219      0.959999979    
        6592  -5.65446424       2.46950936      0.959999979    
        6594  -5.70845938       2.34428477      0.959999979    
        6596  -5.76259375       2.43863940      0.959999979    
        6598  -5.76191187       2.27494621      0.959999979    
        6600  -5.79897213       1.95243251      0.959999979    
        6602  -5.84719944       1.90418303      0.959999979    
        6604  -5.76712465       2.02710891      0.959999979    
        6606  -5.64589882       2.63881469      0.959999979    
        6608  -5.69030190       2.48721004      0.959999979    
        6610  -5.65502882       2.73637152      0.959999979    
        6612  -5.74706221       2.08752728      0.959999979    
        6614  -5.67572880       2.17512608      0.959999979    
        6616  -5.53329182       3.01700759      0.959999979    
        6618  -5.66437340       2.32704973      0.959999979    
        6620  -5.81177807       1.54148781      0.959999979    
        6622  -5.84100008       1.49710596      0.959999979    
        6624  -5.73880243       2.29046893      0.959999979    
        6626  -5.53968048       3.16900516      0.959999979    
        6628  -5.56466484       3.28695416      0.959999979    
        6630  -5.69571209       2.63978505      0.959999979    
        6632  -5.66544914       2.66920853      0.959999979    
        6634  -5.70305252       2.51517153      0.959999979    
        6636  -5.74348736       2.38901687      0.959999979    
        6638  -5.76457834       2.16456628      0.959999979    
        6640  -5.73412180       1.99465215      0.959999979    
        6642  -5.75792313       1.61923206      0.959999979    
        6644  -5.80527639       1.32656324      0.959999979    
        6646  -5.68039989       2.06243777      0.959999979    
        6648  -5.72673845       1.76678562      0.959999979    
        6650  -5.64632463       2.33488846      0.959999979    
        6652  -5.66895533       2.18099856      0.959999979    
        6654  -5.73472643       1.77478564      0.959999979    
        6656  -5.75263739       1.90087271      0.959999979    
        6658  -5.69630432       2.09426379      0.959999979    
        6660  -5.64486361       2.74604177      0.959999979    
        6662  -5.66276646       2.46074104      0.959999979    
        6664  -5.71841955       2.01765370      0.959999979    
        6666  -5.57944441       2.82698131      0.959999979    
        6668  -5.55689001       2.94370341      0.959999979    
        6670  -5.51651192       2.91379380      0.959999979    
        6672  -5.59480906       2.45719934      0.959999979    
        6674  -5.58835268       2.73037314      0.959999979    
        6676  -5.47729015       3.33473730      0.959999979    
        6678  -5.46389723       3.61190534      0.959999979    
        6680  -5.49551344       3.28139973      0.959999979    
        6682  -5.49763250       3.38220334      0.959999979    
        6684  -5.57383585       2.87850833      0.959999979    
        6686  -5.46580601       3.47274876      0.959999979    
        6688  -5.58054209       2.96713400      0.959999979    
        6690  -5.77417517       2.00197148      0.959999979    
        6692  -5.83097076       1.65242529      0.959999979    
        6694  -5.77059269       1.97035360      0.959999979    
        6696  -5.72111225       2.12465048      0.959999979    
        6698  -5.68197775       2.17408252      0.959999979    
        6700  -5.63188267       2.31085157      0.959999979    
        6702  -5.76156759       2.05269933      0.959999979    
        6704  -5.77921867       1.72091317      0.959999979    
        6706  -5.72274113       2.10841990      0.959999979    
        6708  -5.68317986       2.15462112      0.959999979    
        6710  -5.66138172       2.05977440      0.959999979    
        6712  -5.69695044       1.76578891      0.959999979    
        6714  -5.70617056       2.09510040      0.959999979    
        6716  -5.62872171       2.54964352      0.959999979    
        6718  -5.59735012       2.98086452      0.959999979    
        6720  -5.70367527       2.20672941      0.959999979    
        6722  -5.61363125       2.65758514      0.959999979    
        6724  -5.69973516       2.11698985      0.959999979    
        6726  -5.54538345       2.98277140      0.959999979    
        6728  -5.63069820       2.71364069      0.959999979    
        6730  -5.75817347       1.49772489      0.948000014    
        6732  -5.74068069       1.64188206      0.948000014    
        6734  -5.64774466       1.93811536      0.948000014    
        6736  -5.62076044       2.23176455      0.948000014    
        6738  -5.65249300       2.16163468      0.948000014    
        6740  -5.55267191       2.77858877      0.948000014    
        6742  -5.43217993       3.47288585      0.948000014    
        6744  -5.50847912       3.09420729      0.948000014    
        6746  -5.76167583       1.77822447      0.948000014    
        6748  -5.66838360       2.45685601      0.948000014    
        6750  -5.73210335       2.03262281      0.948000014    
        6752  -5.61524725       2.80418015      0.948000014    
        6754  -5.65639734       2.40581632      0.948000014    
        6756  -5.75489044       2.15122223      0.948000014    
        6758  -5.74498177       2.27553582      0.948000014    
        6760  -5.78367615       2.22345734      0.948000014    
        6762  -5.62716341       2.95539856      0.948000014    
        6764  -5.67082882       2.71568060      0.948000014    
        6766  -5.64867544       2.66622090      0.948000014    
        6768  -5.73061037       2.17104697      0.948000014    
        6770  -5.71000385       2.15077424      0.948000014    
        6772  -5.50442362       3.35428619      0.948000014    
        6774  -5.51424313       3.02413917      0.948000014    
        6776  -5.63397932       2.78934002      0.948000014    
        6778  -5.62973022       2.50403905      0.948000014    
        6780  -5.62276506       2.27390838      0.948000014    
        6782  -5.80188704       1.21599865      0.948000014    
        6784  -5.80074406       1.24693525      0.948000014    
        6786  -5.85071707       1.04020607      0.948000014    
        6788  -5.65990925       1.68635321      0.948000014    
        6790  -5.72008324       1.47621965      0.948000014    
        6792  -5.68470669       1.85610414      0.948000014    
        6794  -5.61886072       2.36056709      0.948000014    
        6796  -5.63155079       2.14768696      0.948000014    
        6798  -5.66182423       2.00574589      0.948000014    
        6800  -5.66782761       1.92867565      0.948000014    
        6802  -5.60131741       1.89396226      0.948000014    
        6804  -5.55297899       2.08942580      0.948000014    
        6806  -5.54385757       2.09248233      0.948000014    
        6808  -5.65794325       1.50733435      0.948000014    
        6810  -5.76201725      0.897327125      0.948000014    
        6812  -5.73040533      0.927234411      0.948000014    
        6814  -5.79489326      0.749113500      0.948000014    
        6816  -5.70174599       1.35768425      0.948000014    
        6818  -5.68434191       1.50079358      0.948000014    
        6820  -5.62623215       1.60583270      0.948000014    
        6822  -5.58157587       1.53917420      0.948000014    
        6824  -5.63301373       1.44421196      0.948000014    
        6826  -5.66017962       1.17858899      0.948000014    
        6828  -5.58328199       1.36672163      0.948000014    
        6830  -5.54306078       1.40126503      0.948000014    
        6832  -5.59311342       1.30617726      0.948000014    
        6834  -5.56133699       1.54373562      0.948000014    
        6836  -5.62879467       1.30773127      0.948000014    
        6838  -5.60951567       1.50159848      0.948000014    
        6840  -5.59106255       1.58199191      0.948000014    
        6842  -5.51530266       1.84891105      0.948000014    
        6844  -5.52230692       1.91382813      0.948000014    
        6846  -5.47261477       2.05467153      0.948000014    
        6848  -5.61300421       1.56935084      0.948000014    
        6850  -5.50870848       1.79032719      0.948000014    
        6852  -5.63101768       1.32386112      0.948000014    
        6854  -5.67115831       1.30751324      0.948000014    
        6856  -5.74065971      0.945192516      0.948000014    
        6858  -5.70104980       1.16349888      0.948000014    
        6860  -5.67933369       1.46007395      0.948000014    
        6862  -5.68647242       1.60823917      0.948000014    
        6864  -5.77168179       1.08572888      0.948000014    
        6866  -5.79446268      0.748783171      0.948000014    
        6868  -5.78814888      0.987745106      0.948000014    
        6870  -5.65415668       1.67510366      0.948000014    
        6872  -5.71694374       1.08440661      0.948000014    
        6874  -5.70569086      0.947932780      0.948000014    
        6876  -5.63268185       1.42086518      0.948000014    
        6878  -5.53780174       2.24020362      0.948000014    
        6880  -5.57982826       2.02727437      0.948000014    
        6882  -5.64129543       1.69522703      0.948000014    
        6884  -5.73757458      0.955146313      0.948000014    
        6886  -5.70796633       1.13026285      0.948000014    
        6888  -5.78022766      0.732340872      0.948000014    
        6890  -5.64015627       1.33327937      0.948000014    
        6892  -5.62878370       1.62212169      0.948000014    
        6894  -5.60840368       1.77208924      0.948000014    
        6896  -5.66462755       1.41400373      0.948000014    
        6898  -5.70830059       1.38319004      0.948000014    
        6900  -5.59750319       2.19073319      0.948000014    
        6902  -5.49731016       2.66991472      0.948000014    
        6904  -5.59436989       2.33750415      0.948000014    
        6906  -5.57226372       2.14075422      0.948000014    
        6908  -5.59569216       1.78299701      0.948000014    
        6910  -5.54339600       1.86664522      0.948000014    
        6912  -5.53366852       2.50399065      0.948000014    
        6914  -5.52107430       2.49065089      0.948000014    
        6916  -5.67721319       1.52229929      0.948000014    
        6918  -5.77198029      0.885863602      0.948000014    
        6920  -5.74966955       1.09529161      0.948000014    
        6922  -5.63783550       1.57089698      0.948000014    
        6924  -5.60055351       1.61905754      0.948000014    
        6926  -5.56989241       1.59012449      0.948000014    
        6928  -5.61761522       1.27586150      0.948000014    
        6930  -5.56644773       1.74792159      0.948000014    
        6932  -5.47594881       2.41099048      0.948000014    
        6934  -5.56201792       1.74522519      0.948000014    
        6936  -5.64569664       1.16849828      0.948000014    
        6938  -5.58867836       1.52594423      0.948000014    
        6940  -5.55278015       1.76871789      0.948000014    
        6942  -5.50839043       1.74635065      0.948000014    
        6944  -5.34358931       2.74217176      0.948000014    
        6946  -5.42244101       2.40775776      0.948000014    
        6948  -5.24184465       3.64344382      0.948000014    
        6950  -5.36804819       2.76829934      0.948000014    
        6952  -5.54180622       1.73288119      0.948000014    
        6954  -5.62197828       1.34977174      0.948000014    
        6956  -5.51693869       1.74610937      0.948000014    
        6958  -5.58100891       1.52327764      0.948000014    
        6960  -5.61076021       1.35151780      0.948000014    
        6962  -5.70382214       1.05796754      0.948000014    
        6964  -5.61168242       1.73508775      0.948000014    
        6966  -5.69623756       1.46274042      0.948000014    
        6968  -5.56523323       1.87055302      0.948000014    
        6970  -5.62460327       1.54288030      0.948000014    
        6972  -5.62157011       1.68733442      0.948000014    
        6974  -5.64212227       1.50517166      0.948000014    
        6976  -5.78381920      0.729723811      0.948000014    
        6978  -5.66919231       1.33266854      0.948000014    
        6980  -5.74430418      0.800391972      0.948000014    
        6982  -5.77175140      0.569432795      0.948000014    
        6984  -5.84549761      0.371103793      0.948000014    
        6986  -5.73864079       1.08353758      0.948000014    
        6988  -5.67208338       1.36091113      0.948000014    
        6990  -5.58458328       2.02739525      0.948000014    
        6992  -5.54457569       2.25738454      0.948000014    
        6994  -5.63229132       1.95324826      0.948000014    
        6996  -5.69622660       1.84763825      0.948000014    
        6998  -5.64234781       2.20498180      0.948000014    
        7000  -5.58100080       2.32701278      0.948000014    
        7002  -5.65681601       1.74996626      0.948000014    
        7004  -5.74656057       1.46398854      0.948000014    
        7006  -5.73898649       1.40641725      0.948000014    
        7008  -5.73688269       1.59877944      0.948000014    
        7010  -5.62874031       1.90888035      0.948000014    
        7012  -5.70082140       1.61774182      0.948000014    
        7014  -5.59585810       2.14101291      0.948000014    
        7016  -5.75115204       1.39675891      0.948000014    
        7018  -5.68509769       2.07096052      0.959999979    
        7020  -5.72593212       1.65949118      0.959999979    
        7022  -5.61500216       2.46626711      0.959999979    
        7024  -5.77856541       1.58122849      0.959999979    
        7026  -5.74858236       1.58770895      0.959999979    
        7028  -5.69120312       1.75699532      0.959999979    
        7030  -5.69555759       1.91006994      0.959999979    
        7032  -5.77343035       1.48717654      0.959999979    
        7034  -5.75714970       1.62640011      0.959999979    
        7036  -5.61407804       1.86880362      0.959999979    
        7038  -5.64525366       1.94779897      0.959999979    
        7040  -5.57818317       2.31405592      0.959999979    
        7042  -5.62998915       2.26106620      0.959999979    
        7044  -5.68703127       1.71108317      0.959999979    
        7046  -5.68394089       1.81998646      0.959999979    
        7048  -5.75882721       1.39721811      0.959999979    
        7050  -5.81317997       1.32195008      0.959999979    
        7052  -5.85474443       1.24923980      0.959999979    
        7054  -5.80963182       1.51612854      0.959999979    
        7056  -5.91181612       1.18832016      0.959999979    
        7058  -5.76767302       1.74250281      0.959999979    
        7060  -5.68406248       2.07940125      0.959999979    
        7062  -5.72644043       2.13578033      0.959999979    
        7064  -5.86503553       1.40951085      0.959999979    
        7066  -5.81641722       1.64108622      0.959999979    
        7068  -5.70056200       2.38166380      0.959999979    
        7070  -5.89950323       1.38910484      0.959999979    
        7072  -5.82133818       1.79952669      0.959999979    
        7074  -5.74939203       1.88528907      0.959999979    
        7076  -5.84978247       1.26408267      0.959999979    
        7078  -5.79641676       1.55308521      0.959999979    
        7080  -5.80725241       1.44837999      0.959999979    
        7082  -5.80056334       1.34262133      0.959999979    
        7084  -5.81043434       1.43803966      0.959999979    
        7086  -5.90802860       1.29356503      0.972000003    
        7088  -5.77413893       2.25793886      0.972000003    
        7090  -5.87018681       1.65367138      0.972000003    
        7092  -5.79434681       1.92719340      0.972000003    
        7094  -5.81006002       1.96616113      0.972000003    
        7096  -5.72729206       2.50193954      0.972000003    
        7098  -5.75079536       2.10592842      0.972000003    
        7100  -5.65268993       2.64037442      0.972000003    
        7102  -5.66975355       2.70015430      0.972000003    
        7104  -5.71757841       2.24339938      0.972000003    
        7106  -5.81899214       1.81068075      0.972000003    
        7108  -5.73713207       2.25689793      0.972000003    
        7110  -5.84568787       2.00135183      0.972000003    
        7112  -5.84333181       2.47135639      0.972000003    
        7114  -5.76480293       3.02613688      0.972000003    
        7116  -5.72945786       2.97275519      0.972000003    
        7118  -5.88010454       2.01821065      0.972000003    
        7120  -5.81908512       2.24925041      0.972000003    
        7122  -5.67006588       3.02439451      0.972000003    
        7124  -5.73575115       2.83323789      0.972000003    
        7126  -5.75076199       2.60296011      0.972000003    
        7128  -5.72440004       2.90345597      0.972000003    
        7130  -5.63418341       3.49487448      0.972000003    
        7132  -5.63685608       3.63035274      0.972000003    
        7134  -5.71925783       2.40765905      0.972000003    
        7136  -5.77429342       2.18644428      0.972000003    
        7138  -5.76412487       2.37596822      0.972000003    
        7140  -5.76174545       2.12750983      0.972000003    
        7142  -5.84548950       1.85146248      0.972000003    
        7144  -5.77727509       2.31451988      0.972000003    
        7146  -5.88734150       1.64648771      0.972000003    
        7148  -5.92834711       1.48879194      0.972000003    
        7150  -5.80743694       2.24780750      0.972000003    
        7152  -5.85254478       1.76947343      0.972000003    
        7154  -5.76207447       2.17504930      0.972000003    
        7156  -5.74903488       2.07075977      0.972000003    
        7158  -5.73320341       2.24502873      0.972000003    
        7160  -5.70758009       2.45646334      0.972000003    
        7162  -5.80432320       1.93403101      0.972000003    
        7164  -5.79116535       2.22324753      0.972000003    
        7166  -5.83719254       1.85611081      0.972000003    
        7168  -5.77118635       2.19557047      0.984000027    
        7170  -5.81776190       2.26883101      0.984000027    
        7172  -5.69367743       2.62903738      0.984000027    
        7174  -5.77135468       2.54513431      0.984000027    
        7176  -5.95216084       1.47040045      0.984000027    
        7178  -5.82470131       1.99818468      0.984000027    
        7180  -5.89590979       1.71837914      0.984000027    
        7182  -5.90326023       1.93700123      0.984000027    
        7184  -5.90986633       2.00717807      0.984000027    
        7186  -5.94527674       1.78244662      0.984000027    
        7188  -5.97092247       1.64086998      0.984000027    
        7190  -5.88684559       1.91237700      0.984000027    
        7192  -5.81456232       2.55242252      0.984000027    
        7194  -5.79623652       2.22234464      0.984000027    
        7196  -5.80753326       2.27636671      0.984000027    
        7198  -5.64678335       3.11297655      0.984000027    
        7200  -5.80386877       2.18215775      0.984000027    
        7202  -5.76570463       2.29703450      0.984000027    
        7204  -5.79141331       2.27675939      0.984000027    
        7206  -5.72951365       2.49245644      0.984000027    
        7208  -5.75704956       2.33906722      0.984000027    
        7210  -5.88088989       1.74067378      0.984000027    
        7212  -5.75178814       2.60260868      0.984000027    
        7214  -5.80639887       2.13690329      0.984000027    
        7216  -5.75788450       2.66346478      0.984000027    
        7218  -5.81732655       2.25371408      0.984000027    
        7220  -5.85032606       2.09065771      0.984000027    
        7222  -5.80167627       2.40529370      0.984000027    
        7224  -5.71071529       2.85054851      0.984000027    
        7226  -5.69494772       2.76682758      0.984000027    
        7228  -5.76709509       2.58844399      0.984000027    
        7230  -5.70170307       2.69878602      0.984000027    
        7232  -5.68357611       2.73935175      0.984000027    
        7234  -5.79530668       1.93648529      0.984000027    
        7236  -5.82552719       2.09923363      0.984000027    
        7238  -5.82999516       1.97792470      0.984000027    
        7240  -5.75517225       2.17358875      0.984000027    
        7242  -5.85416269       1.58732724      0.984000027    
        7244  -5.79257727       1.77957475      0.984000027    
        7246  -5.88080311       1.14871013      0.984000027    
        7248  -5.79718685       1.72573614      0.984000027    
        7250  -5.78617716       1.60627234      0.984000027    
        7252  -5.74940109       2.19663620      0.984000027    
        7254  -5.68167162       2.41061687      0.984000027    
        7256  -5.72482443       2.22749138      0.984000027    
        7258  -5.62408495       2.85641050      0.984000027    
        7260  -5.66224194       2.56758714      0.984000027    
        7262  -5.66047382       2.54510355      0.984000027    
        7264  -5.70556116       2.40269995      0.984000027    
        7266  -5.68474054       2.53201771      0.984000027    
        7268  -5.55611372       3.34091258      0.984000027    
        7270  -5.65040970       2.70262980      0.984000027    
        7272  -5.72136116       2.21494532      0.984000027    
        7274  -5.63859558       2.76176906      0.984000027    
        7276  -5.69063854       2.12884808      0.984000027    
        7278  -5.75328779       1.71200705      0.984000027    
        7280  -5.82363844       1.32035840      0.984000027    
        7282  -5.77353001       1.46209121      0.984000027    
        7284  -5.71951294       1.73380876      0.984000027    
        7286  -5.79029465       1.47930670      0.984000027    
        7288  -5.88126564      0.941642225      0.984000027    
        7290  -5.71046209       1.94622815      0.984000027    
        7292  -5.70211029       2.19702911      0.984000027    
        7294  -5.62557220       2.38286400      0.984000027    
        7296  -5.72202206       1.95292878      0.984000027    
        7298  -5.71906948       2.18155503      0.984000027    
        7300  -5.69718695       2.28080606      0.984000027    
        7302  -5.78734684       1.82912743      0.984000027    
        7304  -5.70485544       2.08784294      0.984000027    
        7306  -5.76201296       1.92384267      0.984000027    
        7308  -5.80217695       1.71487355      0.984000027    
        7310  -5.74755049       2.14902067      0.984000027    
        7312  -5.65599537       2.44575071      0.984000027    
        7314  -5.71196556       2.16063881      0.984000027    
        7316  -5.86253738       1.31105876      0.984000027    
        7318  -5.72686625       2.05703688      0.984000027    
        7320  -5.72382355       1.89034247      0.984000027    
        7322  -5.83813953       1.13855791      0.984000027    
        7324  -5.71920204       1.67242360      0.984000027    
        7326  -5.80111742       1.48484504      0.984000027    
        7328  -5.75590611       1.85261452      0.984000027    
        7330  -5.93180990       1.15436006      0.984000027    
        7332  -5.88814545       1.13729429      0.984000027    
        7334  -5.73041058       1.98598087      0.984000027    
        7336  -5.73376989       2.25516677      0.984000027    
        7338  -5.84011745       1.45291293      0.984000027    
        7340  -5.75052357       1.67081046      0.984000027    
        7342  -5.74702120       1.51231432      0.984000027    
        7344  -5.77617311       1.35588944      0.984000027    
        7346  -5.81373692       1.19462609      0.984000027    
        7348  -5.80918026       1.21149111      0.984000027    
        7350  -5.73391151       1.64744723      0.984000027    
        7352  -5.70775509       1.70020413      0.984000027    
        7354  -5.66303968       2.14782476      0.984000027    
        7356  -5.78909397       1.57933569      0.984000027    
        7358  -5.81661749       1.54648161      0.984000027    
        7360  -5.72834730       2.29968953      0.984000027    
        7362  -5.83272362       1.56874847      0.984000027    
        7364  -5.82940817       1.63971758      0.984000027    
        7366  -5.75431299       1.77406383      0.984000027    
        7368  -5.69595242       1.81293714      0.984000027    
        7370  -5.78887224       1.49156499      0.984000027    
        7372  -5.73572016       2.08464241      0.984000027    
        7374  -5.78108358       1.82496881      0.984000027    
        7376  -5.82330990       1.65626359      0.984000027    
        7378  -5.73271513       2.14910507      0.984000027    
        7380  -5.65623474       2.72793627      0.984000027    
        7382  -5.71306515       2.30213714      0.984000027    
        7384  -5.71868038       2.20689559      0.984000027    
        7386  -5.66942024       2.46125031      0.984000027    
        7388  -5.61550188       2.86715007      0.984000027    
        7390  -5.68565464       2.48828316      0.984000027    
        7392  -5.70670509       1.84307122      0.984000027    
        7394  -5.69553375       2.01048756      0.984000027    
        7396  -5.77367687       1.56753492      0.984000027    
        7398  -5.65234804       2.25074816      0.984000027    
        7400  -5.76534891       1.88336813      0.984000027    
        7402  -5.80068445       1.67224407      0.984000027    
        7404  -5.91459608      0.920739830      0.984000027    
        7406  -5.88878441       1.02865613      0.984000027    
        7408  -5.81370974       1.52574861      0.984000027    
        7410  -5.90792179       1.03347111      0.984000027    
        7412  -5.84368277      0.979918778      0.984000027    
        7414  -5.91958189      0.389435023      0.984000027    
        7416  -5.82327795      0.868439496      0.984000027    
        7418  -5.84110022      0.813934028      0.984000027    
        7420  -5.89061165      0.689526260      0.984000027    
        7422  -5.92219782      0.497436911      0.984000027    
        7424  -5.87272692       1.06466937      0.984000027    
        7426  -5.81209564       1.35789216      0.984000027    
        7428  -5.67109776       2.04515529      0.984000027    
        7430  -5.74320030       1.80150425      0.984000027    
        7432  -5.68845177       2.41620970      0.984000027    
        7434  -5.72034740       2.21141171      0.984000027    
        7436  -5.72874403       2.35084605      0.984000027    
        7438  -5.70680809       2.38684130      0.984000027    
        7440  -5.69751549       2.46109796      0.984000027    
        7442  -5.71294117       2.07541370      0.984000027    
        7444  -5.75312519       1.73710465      0.984000027    
        7446  -5.76288366       1.67782795      0.984000027    
        7448  -5.77969074       1.66685116      0.984000027    
        7450  -5.80147266       1.50218892      0.984000027    
        7452  -5.67634296       2.32234716      0.984000027    
        7454  -5.72176075       2.14387321      0.984000027    
        7456  -5.71790504       2.55765438      0.984000027    
        7458  -5.62704372       2.63807607      0.984000027    
        7460  -5.70585489       2.51232004      0.984000027    
        7462  -5.70282936       2.45604587      0.984000027    
        7464  -5.72750139       2.26669455      0.984000027    
        7466  -5.79898834       1.76428664      0.984000027    
        7468  -5.59802723       2.69588470      0.984000027    
        7470  -5.69606972       2.10954618      0.984000027    
        7472  -5.72599363       2.22581840      0.984000027    
        7474  -5.77109671       1.90924716      0.984000027    
        7476  -5.74390316       1.82520330      0.984000027    
        7478  -5.91344357       1.03957355      0.984000027    
        7480  -5.86919737       1.21505642      0.984000027    
        7482  -5.80596113       1.25865221      0.984000027    
        7484  -5.82309866       1.39817548      0.984000027    
        7486  -5.91861820       1.02299118      0.984000027    
        7488  -5.85027409       1.48557007      0.984000027    
        7490  -6.00065327      0.656129777      0.984000027    
        7492  -5.82609272       1.60363984      0.984000027    
        7494  -5.82941580       1.38564348      0.984000027    
        7496  -5.70793486       1.87457407      0.984000027    
        7498  -5.78915453       1.46406090      0.984000027    
        7500  -5.82429457       1.25893390      0.984000027    
        7502  -5.90913963      0.976610601      0.984000027    
        7504  -5.85875177       1.39759636      0.984000027    
        7506  -5.73164225       2.23223400      0.984000027    
        7508  -5.75631285       1.77753007      0.984000027    
        7510  -5.88117599       1.26389968      0.984000027    
        7512  -5.74223328       1.89609349      0.984000027    
        7514  -5.63907290       2.25757098      0.984000027    
        7516  -5.60224771       2.59180665      0.984000027    
        7518  -5.75341225       2.11156082      0.984000027    
        7520  -5.75472879       2.15586567      0.984000027    
        7522  -5.74374008       2.12073016      0.984000027    
        7524  -5.80204725       1.78503597      0.984000027    
        7526  -5.72576475       1.83880818      0.984000027    
        7528  -5.69753408       2.03955579      0.984000027    
        7530  -5.69287252       2.21817303      0.984000027    
        7532  -5.70555830       2.24371481      0.984000027    
        7534  -5.71203947       2.12931252      0.984000027    
        7536  -5.84593439       1.17780566      0.984000027    
        7538  -5.93903208      0.590265512      0.984000027    
        7540  -5.94935465      0.582961142      0.984000027    
        7542  -5.95774841      0.491275162      0.984000027    
        7544  -5.82583141       1.23167729      0.984000027    
        7546  -5.84165430      0.973688304      0.984000027    
        7548  -5.72435951       1.65611494      0.984000027    
        7550  -5.62195015       2.25375032      0.984000027    
        7552  -5.65409994       2.30176425      0.984000027    
        7554  -5.71666813       1.88191307      0.984000027    
        7556  -5.77836275       1.65618849      0.984000027    
        7558  -5.63292265       2.11107564      0.984000027    
        7560  -5.52937126       2.66968083      0.984000027    
        7562  -5.63055038       2.14067316      0.984000027    
        7564  -5.55583525       2.67719531      0.984000027    
        7566  -5.82649755       1.27762330      0.984000027    
        7568  -5.88728523      0.638989627      0.984000027    
        7570  -5.87016869       1.09823930      0.984000027    
        7572  -5.84450293       1.04440999      0.984000027    
        7574  -5.85313845       1.23225534      0.984000027    
        7576  -5.77857494       1.63740313      0.984000027    
        7578  -5.68724298       2.35618162      0.984000027    
        7580  -5.77799845       2.04867744      0.984000027    
        7582  -5.75863314       2.38538313      0.984000027    
        7584  -5.68026495       2.71160197      0.984000027    
        7586  -5.77272987       2.02051044      0.984000027    
        7588  -5.72285414       2.10625315      0.984000027    
        7590  -5.81128407       1.53818190      0.984000027    
        7592  -5.72349548       1.97669685      0.984000027    
        7594  -5.60522032       2.59025192      0.984000027    
        7596  -5.62436724       2.39599919      0.984000027    
        7598  -5.86645174       1.36621869      0.984000027    
        7600  -5.80493736       1.77223730      0.984000027    
        7602  -5.83056831       1.39265347      0.984000027    
        7604  -5.68644762       2.03636885      0.984000027    
        7606  -5.71819544       1.93679523      0.984000027    
        7608  -5.63725758       2.45660615      0.984000027    
        7610  -5.74350548       1.88350058      0.984000027    
        7612  -5.80889893       1.48739278      0.984000027    
        7614  -5.80217218       1.68274891      0.984000027    
        7616  -5.78744698       1.86971366      0.984000027    
        7618  -5.68114424       2.47560692      0.984000027    
        7620  -5.65896416       2.82128167      0.984000027    
        7622  -5.77614212       2.06974030      0.984000027    
        7624  -5.78403521       1.91050363      0.984000027    
        7626  -5.77867126       2.10628796      0.984000027    
        7628  -5.80888462       1.90977919      0.984000027    
        7630  -5.71489763       2.42604017      0.984000027    
        7632  -5.80323076       2.20766997      0.984000027    
        7634  -5.66010141       3.06271005      0.984000027    
        7636  -5.56739569       3.39371800      0.984000027    
        7638  -5.80273008       2.01455140      0.984000027    
        7640  -5.75510693       2.21268725      0.984000027    
        7642  -5.78799677       2.22820759      0.984000027    
        7644  -5.85887575       1.91497087      0.984000027    
        7646  -5.70924282       2.61142087      0.984000027    
        7648  -5.79153967       2.09576321      0.984000027    
        7650  -5.79459000       2.13503504      0.984000027    
        7652  -5.79270077       1.97556829      0.984000027    
        7654  -5.77017832       2.06960249      0.984000027    
        7656  -5.65832472       2.71825314      0.984000027    
        7658  -5.78636885       2.19656897      0.984000027    
        7660  -5.78147650       2.02933478      0.984000027    
        7662  -5.81022930       1.79436851      0.984000027    
        7664  -5.82179689       1.99584281      0.984000027    
        7666  -5.79289436       1.76149523      0.984000027    
        7668  -5.72479105       1.95883298      0.984000027    
        7670  -5.86714077       1.20913041      0.984000027    
        7672  -5.78387070       1.57329667      0.984000027    
        7674  -5.79784489       1.58394611      0.984000027    
        7676  -5.74014473       1.66688669      0.984000027    
        7678  -5.56187248       2.76429439      0.984000027    
        7680  -5.78018999       1.69905388      0.984000027    
        7682  -5.91060019      0.901667118      0.984000027    
        7684  -5.77082348       1.70308626      0.984000027    
        7686  -5.71809483       2.09063601      0.984000027    
        7688  -5.65478182       2.50800061      0.984000027    
        7690  -5.69106388       2.38568377      0.984000027    
        7692  -5.80853558       1.80700958      0.984000027    
        7694  -5.90193367       1.00309861      0.984000027    
        7696  -5.87021828       1.34269190      0.984000027    
        7698  -5.88438368       1.12841558      0.984000027    
        7700  -5.74662399       1.60877383      0.984000027    
        7702  -5.64476156       2.34567809      0.984000027    
        7704  -5.82180738       1.62190032      0.984000027    
        7706  -5.85115242       1.52828813      0.984000027    
        7708  -5.78481245       1.91310155      0.984000027    
        7710  -5.81904650       1.74888146      0.984000027    
        7712  -5.77616501       1.77521574      0.984000027    
        7714  -5.72391224       1.58836460      0.984000027    
        7716  -5.81099272       1.34372497      0.984000027    
        7718  -5.87888765       1.21004093      0.984000027    
        7720  -5.72156811       2.15041304      0.984000027    
        7722  -5.76148081       2.09267950      0.984000027    
        7724  -5.87000990       1.44818616      0.984000027    
        7726  -5.82052374       1.85273910      0.984000027    
        7728  -5.87683916       1.71625733      0.984000027    
        7730  -5.79879665       2.16196561      0.984000027    
        7732  -5.73183870       2.35267425      0.984000027    
        7734  -5.66928387       2.62555003      0.984000027    
        7736  -5.68023205       2.82316780      0.984000027    
        7738  -5.60752487       3.29593277      0.984000027    
        7740  -5.66772079       2.92330813      0.984000027    
        7742  -5.53663635       3.52945852      0.984000027    
        7744  -5.75986195       2.32978415      0.984000027    
        7746  -5.74679565       2.53488159      0.984000027    
        7748  -5.84418869       2.26124096      0.984000027    
        7750  -5.78122139       2.51579952      0.984000027    
        7752  -5.57480955       3.76804662      0.984000027    
        7754  -5.73581457       3.21260595      0.984000027    
        7756  -5.67312956       3.61227489      0.984000027    
        7758  -5.78129721       2.73927236      0.984000027    
        7760  -5.77079105       2.87139535      0.984000027    
        7762  -5.79884815       2.62529159      0.984000027    
        7764  -5.81413174       2.64680028      0.984000027    
        7766  -5.75605011       3.00301766      0.984000027    
        7768  -5.81028986       2.66150928      0.984000027    
        7770  -5.74664211       2.94467759      0.984000027    
        7772  -5.88034391       1.91644442      0.984000027    
        7774  -5.77312279       2.26035500      0.984000027    
        7776  -5.82164049       2.14863777      0.984000027    
        7778  -5.79167414       2.24957299      0.984000027    
        7780  -5.78367329       2.36672330      0.984000027    
        7782  -5.94914865       1.36714911      0.984000027    
        7784  -5.92337465       1.31606615      0.984000027    
        7786  -5.82781315       1.86890697      0.984000027    
        7788  -5.89080858       1.32219815      0.984000027    
        7790  -5.85431433       1.52175629      0.984000027    
        7792  -5.90414858       1.70867860      0.984000027    
        7794  -5.82893610       2.14259124      0.984000027    
        7796  -5.74634647       2.48740244      0.984000027    
        7798  -5.74736881       2.56807590      0.984000027    
        7800  -5.71166706       2.65865254      0.984000027    
        7802  -5.71657419       2.57970405      0.984000027    
        7804  -5.61135387       3.03255701      0.984000027    
        7806  -5.66184378       2.78954911      0.984000027    
        7808  -5.75476837       2.32712412      0.984000027    
        7810  -5.68700600       2.61119819      0.984000027    
        7812  -5.80872440       2.10098529      0.984000027    
        7814  -5.69280148       2.37189484      0.984000027    
        7816  -5.79762459       1.71754313      0.984000027    
        7818  -5.86037636       1.36408687      0.984000027    
        7820  -5.77044058       1.97130513      0.984000027    
        7822  -5.75202131       1.90163159      0.984000027    
        7824  -5.84675837       1.29607558      0.984000027    
        7826  -5.78782749       1.63238013      0.984000027    
        7828  -5.79549789       1.71554053      0.984000027    
        7830  -5.80162477       1.76166737      0.984000027    
        7832  -5.79320908       1.78209460      0.984000027    
        7834  -5.70208979       2.12254524      0.984000027    
        7836  -5.54853296       2.85474205      0.984000027    
        7838  -5.65585709       2.38545394      0.984000027    
        7840  -5.70929193       1.88456511      0.984000027    
        7842  -5.81160164       1.31783676      0.984000027    
        7844  -5.85446453       1.31272757      0.984000027    
        7846  -5.76792908       1.42735577      0.984000027    
        7848  -5.76672173       1.88007426      0.984000027    
        7850  -5.78874445       1.67306900      0.984000027    
        7852  -5.83371782       1.58005750      0.984000027    
        7854  -5.83637047       1.65307951      0.984000027    
        7856  -5.90203047       1.40241885      0.984000027    
        7858  -5.92448807       1.24270713      0.984000027    
        7860  -5.94213820       1.27431703      0.984000027    
        7862  -5.90438604       1.41894329      0.984000027    
        7864  -5.87680483       1.37384963      0.984000027    
        7866  -5.83031511       1.61273217      0.984000027    
        7868  -5.75243044       2.16818070      0.984000027    
        7870  -5.77438211       2.06362915      0.984000027    
        7872  -5.74715042       2.27320266      0.984000027    
        7874  -5.72345734       2.44961858      0.984000027    
        7876  -5.74277163       2.26041627      0.984000027    
        7878  -5.80445528       2.25184011      0.984000027    
        7880  -5.83406019       2.13772655      0.984000027    
        7882  -5.85544538       1.84453392      0.984000027    
        7884  -5.76646852       2.24767303      0.984000027    
        7886  -5.74914074       2.23494482      0.984000027    
        7888  -5.77957916       1.95858192      0.984000027    
        7890  -5.79200745       1.63349390      0.984000027    
        7892  -5.88766336       1.30486488      0.984000027    
        7894  -5.92931461       1.21433663      0.984000027    
        7896  -5.94990635       1.11369908      0.984000027    
        7898  -5.92322397       1.16582406      0.984000027    
        7900  -5.83785534       1.83748591      0.984000027    
        7902  -5.79767036       2.04976439      0.984000027    
        7904  -5.91665220       1.39270508      0.984000027    
        7906  -5.96045923       1.08149135      0.984000027    
        7908  -5.83870363       1.82610083      0.984000027    
        7910  -5.78404999       2.35483932      0.984000027    
        7912  -5.72540712       2.38166475      0.984000027    
        7914  -5.77892923       2.12294841      0.984000027    
        7916  -5.63873482       2.93895960      0.984000027    
        7918  -5.55382872       2.99845576      0.984000027    
        7920  -5.63512945       2.67807794      0.984000027    
        7922  -5.74405289       1.95579469      0.984000027    
        7924  -5.62565470       2.61314011      0.984000027    
        7926  -5.66538286       2.64675593      0.984000027    
        7928  -5.68095064       2.63751793      0.984000027    
        7930  -5.73846483       2.21446776      0.984000027    
        7932  -5.67855549       2.57830739      0.984000027    
        7934  -5.78169966       2.04231930      0.984000027    
        7936  -5.65350389       2.90665340      0.984000027    
        7938  -5.72363997       2.38439012      0.984000027    
        7940  -5.76455975       2.09575844      0.984000027    
        7942  -5.77373266       1.94234931      0.984000027    
        7944  -5.67655373       2.67104936      0.984000027    
        7946  -5.71474028       2.42127061      0.984000027    
        7948  -5.72012949       2.25447154      0.984000027    
        7950  -5.84917212       1.43391156      0.984000027    
        7952  -5.95724773      0.862755001      0.984000027    
        7954  -5.85152292       1.27428532      0.984000027    
        7956  -5.73545265       1.68197370      0.984000027    
        7958  -5.79439068       1.62284541      0.984000027    
        7960  -5.85086966       1.47154605      0.984000027    
        7962  -5.64363480       2.62565541      0.984000027    
        7964  -5.75324631       2.21951318      0.984000027    
        7966  -5.78834438       1.89943397      0.984000027    
        7968  -5.81096697       1.72968853      0.984000027    
        7970  -5.86041641       1.25611567      0.984000027    
        7972  -5.83711195       1.30390537      0.984000027    
        7974  -5.91061306      0.795288026      0.984000027    
        7976  -5.88305235      0.990324974      0.984000027    
        7978  -5.86841488       1.32363164      0.984000027    
        7980  -5.73469543       1.87668455      0.984000027    
        7982  -5.74258661       1.84629869      0.984000027    
        7984  -5.84933043       1.39784694      0.984000027    
        7986  -5.78060675       1.55278111      0.984000027    
        7988  -5.88871145      0.835762858      0.984000027    
        7990  -5.84513807       1.03301001      0.984000027    
        7992  -5.76921988       1.50922823      0.984000027    
        7994  -5.85560226       1.37819231      0.984000027    
        7996  -5.80879736       1.60786438      0.984000027    
        7998  -5.64933538       2.50613785      0.984000027    
        8000  -5.68757343       2.29008126      0.984000027    
        8002  -5.67153263       2.43377113      0.984000027    
        8004  -5.74685335       2.05209088      0.984000027    
        8006  -5.73381519       2.03214908      0.984000027    
        8008  -5.51122618       3.24025846      0.984000027    
        8010  -5.73818684       2.14689946      0.984000027    
        8012  -5.82393217       1.73129082      0.984000027    
        8014  -5.84426403       1.31233180      0.984000027    
        8016  -5.62137556       2.72161460      0.984000027    
        8018  -5.71502733       2.36494184      0.984000027    
        8020  -5.68769407       2.65575218      0.984000027    
        8022  -5.75647354       2.35713172      0.984000027    
        8024  -5.71351194       2.53937721      0.984000027    
        8026  -5.72111845       2.49105930      0.984000027    
        8028  -5.69117928       2.69758034      0.984000027    
        8030  -5.65007973       2.68678761      0.984000027    
        8032  -5.63973618       2.92141604      0.984000027    
        8034  -5.77096891       2.19943380      0.984000027    
        8036  -5.78672791       1.89001000      0.984000027    
        8038  -5.80944872       1.87817466      0.984000027    
        8040  -5.75978756       1.84642613      0.984000027    
        8042  -5.82857704       1.48205078      0.984000027    
        8044  -5.84119749       1.43137443      0.984000027    
        8046  -5.78342819       1.68484092      0.984000027    
        8048  -5.76278734       1.58089221      0.984000027    
        8050  -5.69881773       2.07637954      0.984000027    
        8052  -5.66849566       2.24146032      0.984000027    
        8054  -5.68446636       1.79154086      0.984000027    
        8056  -5.68330288       1.80349004      0.984000027    
        8058  -5.66197300       1.98372531      0.984000027    
        8060  -5.77086782       1.40852320      0.984000027    
        8062  -5.73595047       1.57071698      0.984000027    
        8064  -5.65331841       1.96889758      0.984000027    
        8066  -5.63608789       2.12550235      0.984000027    
        8068  -5.64576292       2.04038119      0.984000027    
        8070  -5.74010420       1.63401067      0.984000027    
        8072  -5.66100931       2.14923048      0.984000027    
        8074  -5.66893339       2.01387548      0.984000027    
        8076  -5.86878872       1.10529339      0.984000027    
        8078  -5.86433220       1.15791416      0.984000027    
        8080  -5.90574980      0.685660660      0.984000027    
        8082  -5.82637405       1.10858476      0.984000027    
        8084  -5.66623974       2.15676951      0.984000027    
        8086  -5.78103828       1.72849214      0.984000027    
        8088  -5.82539749       1.69947171      0.984000027    
        8090  -5.89259434       1.23964238      0.984000027    
        8092  -5.83384943       1.57477903      0.984000027    
        8094  -5.80181360       1.90653515      0.984000027    
        8096  -5.79196596       1.69174671      0.984000027    
        8098  -5.60658455       2.46922827      0.984000027    
        8100  -5.68147802       2.40166140      0.984000027    
        8102  -5.70869637       1.92216277      0.984000027    
        8104  -5.82313299       1.40004659      0.984000027    
        8106  -5.72371912       2.18323636      0.984000027    
        8108  -5.71809149       1.66786885      0.984000027    
        8110  -5.72458267       1.73018479      0.984000027    
        8112  -5.72922945       1.82442117      0.984000027    
        8114  -5.68993855       1.90899932      0.984000027    
        8116  -5.68287611       1.85239935      0.984000027    
        8118  -5.74579620       1.45473707      0.984000027    
        8120  -5.72167301       1.66292107      0.984000027    
        8122  -5.75680733       1.70699799      0.984000027    
        8124  -5.71801758       1.89331937      0.984000027    
        8126  -5.66144705       2.19371462      0.984000027    
        8128  -5.62592459       2.50795436      0.984000027    
        8130  -5.61304808       2.53747439      0.984000027    
        8132  -5.69111061       2.12580848      0.984000027    
        8134  -5.65395880       2.31192422      0.984000027    
        8136  -5.76285791       1.66229701      0.984000027    
        8138  -5.68469858       2.02459979      0.984000027    
        8140  -5.70369768       2.35751772      0.984000027    
        8142  -5.79870272       1.95661640      0.984000027    
        8144  -5.68572569       2.16287470      0.984000027    
        8146  -5.79755735       1.22020316      0.984000027    
        8148  -5.73318005       1.59792709      0.984000027    
        8150  -5.75151682       1.54712272      0.984000027    
        8152  -5.77345276       1.33711267      0.984000027    
        8154  -5.87520790      0.932000697      0.984000027    
        8156  -5.93404007      0.540448129      0.984000027    
        8158  -5.84925270      0.780121088      0.984000027    
        8160  -5.78446198       1.49709594      0.984000027    
        8162  -5.72330999       1.96170139      0.984000027    
        8164  -5.58407593       2.60978389      0.984000027    
        8166  -5.72771358       1.70719457      0.984000027    
        8168  -5.83267069       1.19072306      0.984000027    
        8170  -5.81586027       1.23056483      0.984000027    
        8172  -5.75706530       1.66518354      0.984000027    
        8174  -5.67346096       2.14124608      0.984000027    
        8176  -5.74067211       1.58569968      0.984000027    
        8178  -5.68981218       1.98432255      0.984000027    
        8180  -5.66674900       2.12906384      0.984000027    
        8182  -5.71681738       1.77169883      0.984000027    
        8184  -5.79055262       1.28076899      0.984000027    
        8186  -5.75674152       1.70649648      0.984000027    
        8188  -5.53270912       2.88011503      0.984000027    
        8190  -5.64510345       2.54062343      0.984000027    
        8192  -5.60161638       2.65756297      0.984000027    
        8194  -5.70869589       1.97811007      0.984000027    
        8196  -5.58560419       2.55977774      0.984000027    
        8198  -5.69708824       2.12279701      0.984000027    
        8200  -5.75969315       1.87480736      0.984000027    
        8202  -5.76888418       1.87344718      0.984000027    
        8204  -5.87167931       1.25757217      0.984000027    
        8206  -5.89039612      0.861189365      0.984000027    
        8208  -5.83635139       1.59153783      0.984000027    
        8210  -5.79935789       1.56593180      0.984000027    
        8212  -5.82786417       1.26518989      0.984000027    
        8214  -5.81445694       1.34597266      0.984000027    
        8216  -5.74732876       1.63623679      0.984000027    
        8218  -5.79043007       1.38230383      0.984000027    
        8220  -5.63184166       2.02751970      0.984000027    
        8222  -5.66299248       2.22889137      0.984000027    
        8224  -5.77730513       1.44401050      0.984000027    
        8226  -5.77560043       1.20287240      0.984000027    
        8228  -5.82201576      0.955020308      0.984000027    
        8230  -5.75098419       1.62659526      0.984000027    
        8232  -5.83108997       1.44116664      0.984000027    
        8234  -5.77184820       1.51460493      0.984000027    
        8236  -5.86741161      0.981393158      0.984000027    
        8238  -5.71184158       1.95603204      0.984000027    
        8240  -5.72672939       1.68403661      0.984000027    
        8242  -5.78226757       1.34663129      0.984000027    
        8244  -5.70284271       1.65976298      0.984000027    
        8246  -5.50050211       2.62183762      0.984000027    
        8248  -5.49463797       2.58331609      0.984000027    
        8250  -5.60542965       2.33958077      0.984000027    
        8252  -5.68361378       1.89325333      0.984000027    
        8254  -5.81869125       1.23213363      0.984000027    
        8256  -5.74445200       1.48652291      0.984000027    
        8258  -5.67116499       2.00501156      0.984000027    
        8260  -5.67639780       2.22522831      0.984000027    
        8262  -5.74207926       2.01723146      0.984000027    
        8264  -5.72039938       2.18583536      0.984000027    
        8266  -5.71431732       2.46258092      0.984000027    
        8268  -5.74840879       2.04291105      0.984000027    
        8270  -5.75423431       1.84973395      0.984000027    
        8272  -5.73693752       1.53236175      0.984000027    
        8274  -5.74378920       1.60252571      0.984000027    
        8276  -5.76901817       1.55992723      0.984000027    
        8278  -5.78601551       1.54266357      0.984000027    
        8280  -5.80198002       1.22306681      0.984000027    
        8282  -5.74004459       1.55507791      0.984000027    
        8284  -5.78008032       1.31091380      0.984000027    
        8286  -5.87876892       1.00120449      0.984000027    
        8288  -5.96828508      0.323368996      0.984000027    
        8290  -5.76875210       1.55189860      0.984000027    
        8292  -5.81000757       1.35533369      0.984000027    
        8294  -5.77538586       1.29632092      0.984000027    
        8296  -5.71817398       1.71457744      0.984000027    
        8298  -5.65718603       2.10404062      0.984000027    
        8300  -5.53606606       2.85364223      0.984000027    
        8302  -5.59386063       2.76206470      0.984000027    
        8304  -5.56556511       2.64084554      0.984000027    
        8306  -5.74900770       1.64564586      0.984000027    
        8308  -5.69315529       2.00506568      0.984000027    
        8310  -5.61794996       2.53908134      0.984000027    
        8312  -5.63705540       2.15866089      0.984000027    
        8314  -5.77373552       1.54166007      0.984000027    
        8316  -5.58361912       2.45503712      0.984000027    
        8318  -5.61143064       2.42495918      0.984000027    
        8320  -5.72124958       2.16471934      0.984000027    
        8322  -5.74524927       2.16574097      0.984000027    
        8324  -5.77568388       2.24231911      0.984000027    
        8326  -5.73035955       2.35111213      0.984000027    
        8328  -5.71571970       2.11800122      0.984000027    
        8330  -5.62305260       2.58623624      0.984000027    
        8332  -5.82304335       1.63780606      0.984000027    
        8334  -5.81396294       1.61471701      0.984000027    
        8336  -5.68399191       2.36696935      0.984000027    
        8338  -5.75927114       2.26089525      0.984000027    
        8340  -5.72653627       2.29240465      0.984000027    
        8342  -5.82215977       1.94465506      0.984000027    
        8344  -5.66905260       2.41244149      0.984000027    
        8346  -5.55647469       3.08306003      0.984000027    
        8348  -5.67675352       1.96231115      0.972000003    
        8350  -5.65279388       2.23176503      0.972000003    
        8352  -5.66832018       1.91516089      0.972000003    
        8354  -5.71840858       2.02766776      0.972000003    
        8356  -5.61803102       2.43675518      0.972000003    
        8358  -5.74217224       1.79731750      0.972000003    
        8360  -5.74767447       1.59057057      0.972000003    
        8362  -5.64682341       2.20553184      0.972000003    
        8364  -5.69914293       1.79691112      0.972000003    
        8366  -5.72705317       1.62083745      0.972000003    
        8368  -5.68572283       1.76369405      0.972000003    
        8370  -5.62713242       2.32206464      0.972000003    
        8372  -5.56727886       2.45934653      0.972000003    
        8374  -5.54367971       2.78366828      0.972000003    
        8376  -5.55470181       2.48423290      0.972000003    
        8378  -5.51544476       2.63579154      0.972000003    
        8380  -5.46529961       3.10833931      0.972000003    
        8382  -5.57651997       2.34681487      0.972000003    
        8384  -5.50908089       2.80073833      0.972000003    
        8386  -5.57280779       2.11998606      0.972000003    
        8388  -5.58283710       2.36491156      0.972000003    
        8390  -5.58067942       2.47685885      0.972000003    
        8392  -5.52871370       2.55192494      0.972000003    
        8394  -5.63423872       2.27673697      0.972000003    
        8396  -5.65366125       2.21793222      0.972000003    
        8398  -5.63043165       2.54546762      0.972000003    
        8400  -5.69413567       2.16785669      0.972000003    
        8402  -5.85652542       1.49037766      0.972000003    
        8404  -5.76728487       1.75701284      0.972000003    
        8406  -5.70413494       2.09428048      0.972000003    
        8408  -5.67794800       2.14284849      0.972000003    
        8410  -5.75958824       1.69283521      0.972000003    
        8412  -5.61353922       2.48843336      0.972000003    
        8414  -5.64703846       2.22812366      0.972000003    
        8416  -5.59130573       2.42058492      0.972000003    
        8418  -5.63941717       2.12557316      0.972000003    
        8420  -5.66535425       1.58831203      0.972000003    
        8422  -5.75021315       1.44691050      0.972000003    
        8424  -5.78390837       1.09070230      0.972000003    
        8426  -5.69735765       1.36397457      0.972000003    
        8428  -5.63073063       1.85937953      0.972000003    
        8430  -5.58495474       2.10132146      0.972000003    
        8432  -5.55070925       2.43712807      0.972000003    
        8434  -5.63121128       2.10387707      0.972000003    
        8436  -5.67233229       1.76318407      0.972000003    
        8438  -5.63560772       1.79679179      0.972000003    
        8440  -5.78308344       1.04945469      0.972000003    
        8442  -5.63396025       1.74945045      0.972000003    
        8444  -5.75118446       1.16299355      0.972000003    
        8446  -5.78755569      0.852856040      0.972000003    
        8448  -5.71492624       1.15108263      0.972000003    
        8450  -5.70762873       1.33692837      0.972000003    
        8452  -5.74526072       1.24754453      0.972000003    
        8454  -5.71859217       1.31237805      0.972000003    
        8456  -5.72760630       1.33507276      0.972000003    
        8458  -5.75086784       1.26012421      0.972000003    
        8460  -5.70998144       1.56674421      0.972000003    
        8462  -5.67525244       1.64277923      0.972000003    
        8464  -5.60079145       2.17734814      0.972000003    
        8466  -5.57560444       2.08345842      0.972000003    
        8468  -5.56041431       2.12739301      0.972000003    
        8470  -5.71274757       1.39292812      0.972000003    
        8472  -5.63444662       1.75388944      0.972000003    
        8474  -5.62320900       1.84597921      0.972000003    
        8476  -5.63642168       1.79191720      0.972000003    
        8478  -5.72928572       1.31833839      0.972000003    
        8480  -5.63424921       1.79425573      0.972000003    
        8482  -5.70268917       1.54899764      0.972000003    
        8484  -5.67044735       1.73118579      0.972000003    
        8486  -5.60616589       2.35428500      0.972000003    
        8488  -5.62147856       2.22738051      0.972000003    
        8490  -5.70831347       1.80366540      0.972000003    
        8492  -5.58227587       2.49810386      0.972000003    
        8494  -5.63119984       2.52171183      0.972000003    
        8496  -5.70157862       2.03507423      0.972000003    
        8498  -5.61204004       2.26369762      0.972000003    
        8500  -5.74342632       1.74366832      0.972000003    
        8502  -5.63880539       2.31892300      0.972000003    
        8504  -5.69105339       1.87953544      0.972000003    
        8506  -5.61261225       2.50189233      0.972000003    
        8508  -5.67227316       1.91420937      0.972000003    
        8510  -5.67905426       1.61000812      0.972000003    
        8512  -5.57971716       2.19207525      0.972000003    
        8514  -5.51882696       2.54457259      0.972000003    
        8516  -5.54177952       2.78074431      0.972000003    
        8518  -5.57810450       2.63741946      0.972000003    
        8520  -5.54214525       2.70817018      0.972000003    
        8522  -5.61537886       2.18918467      0.972000003    
        8524  -5.70307732       1.73969328      0.972000003    
        8526  -5.68629456       1.75909412      0.972000003    
        8528  -5.74153996       1.51209438      0.972000003    
        8530  -5.81902838       1.09284186      0.972000003    
        8532  -5.75561714       1.44744372      0.972000003    
        8534  -5.77409601       1.33417058      0.972000003    
        8536  -5.63809156       2.05239725      0.972000003    
        8538  -5.74719810       1.17840099      0.972000003    
        8540  -5.66782856       1.59349048      0.972000003    
        8542  -5.85167933      0.804890633      0.972000003    
        8544  -5.69919443       1.37008214      0.972000003    
        8546  -5.73743200       1.28209639      0.972000003    
        8548  -5.61791563       2.08010125      0.972000003    
        8550  -5.55536032       2.49784636      0.972000003    
        8552  -5.77066183       1.40515006      0.972000003    
        8554  -5.67284393       1.68476582      0.972000003    
        8556  -5.74336243       1.69879973      0.972000003    
        8558  -5.72033453       1.95261276      0.972000003    
        8560  -5.64909744       2.37351656      0.972000003    
        8562  -5.74594021       1.62598634      0.972000003    
        8564  -5.58100176       2.59911561      0.972000003    
        8566  -5.63282537       2.17807627      0.972000003    
        8568  -5.70690727       1.85828638      0.972000003    
        8570  -5.63324928       2.22777009      0.972000003    
        8572  -5.60226393       2.68707132      0.972000003    
        8574  -5.70385551       2.05075526      0.972000003    
        8576  -5.78729010       1.77677405      0.972000003    
        8578  -5.78219318       1.88458753      0.972000003    
        8580  -5.71281099       2.10652709      0.972000003    
        8582  -5.63537502       2.43794537      0.972000003    
        8584  -5.63750029       2.31425118      0.972000003    
        8586  -5.72296858       1.96187007      0.972000003    
        8588  -5.73939085       2.13792181      0.972000003    
        8590  -5.70039320       2.00217843      0.972000003    
        8592  -5.73913908       1.91605008      0.972000003    
        8594  -5.73413324       1.70625412      0.972000003    
        8596  -5.73914003       1.44229186      0.972000003    
        8598  -5.60037804       2.40077066      0.972000003    
        8600  -5.46920967       3.13278389      0.972000003    
        8602  -5.54517126       2.40826321      0.972000003    
        8604  -5.46499777       2.77320600      0.972000003    
        8606  -5.55426407       2.39521194      0.972000003    
        8608  -5.57652998       2.29929495      0.972000003    
        8610  -5.58011055       2.04371405      0.972000003    
        8612  -5.68016481       1.70690227      0.972000003    
        8614  -5.74547577       1.19580543      0.972000003    
        8616  -5.74091959       1.35215473      0.972000003    
        8618  -5.81534100       1.04559159      0.972000003    
        8620  -5.92828035      0.519321680      0.972000003    
        8622  -5.81714916       1.05654383      0.972000003    
        8624  -5.78633881       1.50423193      0.972000003    
        8626  -5.66533041       2.13849354      0.972000003    
        8628  -5.65137434       1.92213857      0.972000003    
        8630  -5.62634182       2.15906715      0.972000003    
        8632  -5.62055492       2.10453534      0.972000003    
        8634  -5.66501999       1.91672540      0.972000003    
        8636  -5.64959621       1.79040253      0.972000003    
        8638  -5.80076361       1.18066919      0.972000003    
        8640  -5.69271660       1.50095844      0.972000003    
        8642  -5.70138597       1.25702953      0.972000003    
        8644  -5.71351767       1.31610525      0.972000003    
        8646  -5.73332500       1.33711159      0.972000003    
        8648  -5.74878931       1.31733930      0.972000003    
        8650  -5.77172613       1.09947813      0.972000003    
        8652  -5.79329157      0.950047731      0.972000003    
        8654  -5.81749725      0.742688060      0.972000003    
        8656  -5.75526619       1.20874047      0.972000003    
        8658  -5.79655266       1.03516197      0.972000003    
        8660  -5.85217381      0.835837603      0.972000003    
        8662  -5.77148533       1.16270769      0.972000003    
        8664  -5.73357964       1.23792803      0.972000003    
        8666  -5.80825138       1.00378740      0.972000003    
        8668  -5.82878780      0.904555142      0.972000003    
        8670  -5.88412237      0.652637482      0.972000003    
        8672  -5.79994392      0.995915353      0.972000003    
        8674  -5.74790335       1.35176551      0.972000003    
        8676  -5.74941969       1.70756066      0.972000003    
        8678  -5.78322029       1.15911484      0.972000003    
        8680  -5.99813032      -5.31028435E-02  0.972000003    
        8682  -5.88069296      0.736131608      0.972000003    
        8684  -5.73600531       1.65784431      0.972000003    
        8686  -5.73578358       1.43803453      0.972000003    
        8688  -5.78500509       1.22480500      0.972000003    
        8690  -5.69181728       1.79024684      0.972000003    
        8692  -5.79342747       1.13925099      0.972000003    
        8694  -5.71469927       1.77672005      0.972000003    
        8696  -5.67790174       1.76575077      0.972000003    
        8698  -5.73321342       1.34973300      0.972000003    
        8700  -5.78849220       1.31201160      0.972000003    
        8702  -5.72180510       1.44012189      0.972000003    
        8704  -5.79597664      0.971052408      0.972000003    
        8706  -5.95788765       2.28809323E-02  0.972000003    
        8708  -5.81089973      0.608569860      0.972000003    
        8710  -5.90984774      0.348580748      0.972000003    
        8712  -5.80482960       1.22717297      0.972000003    
        8714  -5.85449028       1.05435622      0.972000003    
        8716  -5.83764887      0.972366154      0.972000003    
        8718  -5.84338617      0.871136725      0.972000003    
        8720  -5.90897989      0.378447235      0.972000003    
        8722  -5.83433437      0.891173720      0.972000003    
        8724  -5.84490490      0.896094620      0.972000003    
        8726  -5.80959702      0.710591555      0.972000003    
        8728  -5.74061489       1.10314500      0.972000003    
        8730  -5.78073692      0.602200150      0.972000003    
        8732  -5.68494320       1.24029887      0.972000003    
        8734  -5.73237371       1.04722762      0.972000003    
        8736  -5.81792927      0.891921282      0.972000003    
        8738  -5.60724831       2.04089570      0.972000003    
        8740  -5.69755220       1.52280080      0.972000003    
        8742  -5.69307470       1.29662824      0.972000003    
        8744  -5.69914150       1.30229354      0.972000003    
        8746  -5.66399860       1.48254919      0.972000003    
        8748  -5.78393650      0.646855175      0.972000003    
        8750  -5.81667233      0.670642376      0.972000003    
        8752  -5.77769232       1.21091664      0.972000003    
        8754  -5.82678461      0.769857526      0.972000003    
        8756  -5.95746565      -7.88274631E-02  0.972000003    
        8758  -5.99317026      -1.99004076E-03  0.972000003    
        8760  -5.86225510      0.541015744      0.972000003    
        8762  -5.79753065       1.04200530      0.972000003    
        8764  -5.87596416      0.649947822      0.972000003    
        8766  -5.82007599       1.12377930      0.972000003    
        8768  -5.71304321       1.81702471      0.972000003    
        8770  -5.63891125       2.38543844      0.972000003    
        8772  -5.68395042       2.29941988      0.972000003    
        8774  -5.77801180       1.81721735      0.972000003    
        8776  -5.75225735       1.84274364      0.972000003    
        8778  -5.75071907       1.83678532      0.972000003    
        8780  -5.80776596       1.45837021      0.972000003    
        8782  -5.69466543       1.97836804      0.972000003    
        8784  -5.78386259       1.49042177      0.972000003    
        8786  -5.75443602       1.79695773      0.972000003    
        8788  -5.82584667       1.21955192      0.972000003    
        8790  -5.82067728       1.33249545      0.972000003    
        8792  -5.83688450       1.34025025      0.972000003    
        8794  -5.79011059       1.60223222      0.972000003    
        8796  -5.71025991       1.79818439      0.972000003    
        8798  -5.65958929       2.08038163      0.972000003    
        8800  -5.65110922       2.08339262      0.972000003    
        8802  -5.83545828       1.26989591      0.972000003    
        8804  -5.70262861       2.19678617      0.972000003    
        8806  -5.80801249       1.74523902      0.972000003    
        8808  -5.83659315       1.68258500      0.972000003    
        8810  -5.79794931       1.86003327      0.972000003    
        8812  -5.76787758       1.95473492      0.972000003    
        8814  -5.82920027       1.38475513      0.972000003    
        8816  -5.78998137       1.57790947      0.972000003    
        8818  -5.76419735       1.91342044      0.972000003    
        8820  -5.70840454       2.13575244      0.972000003    
        8822  -5.70089006       1.97664309      0.972000003    
        8824  -5.70648432       1.91317225      0.972000003    
        8826  -5.72454023       2.05683231      0.972000003    
        8828  -5.80937529       1.62607014      0.972000003    
        8830  -5.84385443       1.18756902      0.972000003    
        8832  -5.78569174       1.47130954      0.972000003    
        8834  -5.66950893       2.16260052      0.972000003    
        8836  -5.69391823       2.27419853      0.972000003    
        8838  -5.76398802       1.89037001      0.972000003    
        8840  -5.80600119       1.52991164      0.972000003    
        8842  -5.79157114       1.82850838      0.972000003    
        8844  -5.72777987       1.88468134      0.972000003    
        8846  -5.74068975       1.94046652      0.972000003    
        8848  -5.79422712       1.21728039      0.972000003    
        8850  -5.80751610       1.24139023      0.972000003    
        8852  -5.74414253       1.65925217      0.972000003    
        8854  -5.87394524      0.884873331      0.972000003    
        8856  -5.80092144       1.58842123      0.972000003    
        8858  -5.79435015       1.66750121      0.972000003    
        8860  -5.69904613       2.25319719      0.972000003    
        8862  -5.78210497       2.11683178      0.972000003    
        8864  -5.83886147       1.89647853      0.972000003    
        8866  -5.62648249       2.94245601      0.972000003    
        8868  -5.66990232       2.66658211      0.972000003    
        8870  -5.76970959       2.34225154      0.972000003    
        8872  -5.78172922       2.33371854      0.972000003    
        8874  -5.89702892       1.45448923      0.972000003    
        8876  -5.78730011       2.02060866      0.972000003    
        8878  -5.80250788       2.00625157      0.972000003    
        8880  -5.78077793       1.80206740      0.972000003    
        8882  -5.77954054       2.05141664      0.972000003    
        8884  -5.79941082       1.67342877      0.972000003    
        8886  -5.91307354       1.22674704      0.972000003    
        8888  -5.84470224       1.52814305      0.972000003    
        8890  -5.82715988       1.69122553      0.972000003    
        8892  -5.78585386       1.71006203      0.972000003    
        8894  -5.80954599       1.78246129      0.972000003    
        8896  -5.79360056       1.75632679      0.972000003    
        8898  -5.74670839       2.40316248      0.972000003    
        8900  -5.82254696       1.80832326      0.972000003    
        8902  -5.93966961       1.10643709      0.972000003    
        8904  -5.85825729       1.82533598      0.972000003    
        8906  -5.77784967       1.78883576      0.972000003    
        8908  -5.86022997       1.29934168      0.972000003    
        8910  -5.81884336       1.59497905      0.972000003    
        8912  -5.84434795       1.32207072      0.972000003    
        8914  -5.63499594       2.12840724      0.972000003    
        8916  -5.56147289       2.72152972      0.972000003    
        8918  -5.62465143       1.99248409      0.972000003    
        8920  -5.73412466       1.22439492      0.972000003    
        8922  -5.81844616       1.04345357      0.972000003    
        8924  -5.76734209       1.11658657      0.972000003    
        8926  -5.86549807      0.851092458      0.972000003    
        8928  -5.89623833      0.903264046      0.972000003    
        8930  -5.73055983       1.79704022      0.972000003    
        8932  -5.84469748       1.24861550      0.972000003    
        8934  -5.85284090       1.18171787      0.972000003    
        8936  -5.78543186       1.98656821      0.972000003    
        8938  -5.94767189       1.00620294      0.972000003    
        8940  -5.94483519      0.870120406      0.972000003    
        8942  -5.89923429      0.740462840      0.972000003    
        8944  -5.90798521      0.789651394      0.972000003    
        8946  -5.89273405       1.02860212      0.972000003    
        8948  -5.86888838       1.19382393      0.972000003    
        8950  -5.72978544       1.98829925      0.972000003    
        8952  -5.87887192       1.51147521      0.972000003    
        8954  -5.83995581       1.60614061      0.972000003    
        8956  -5.83656979       1.66285169      0.972000003    
        8958  -5.95512819       1.15837097      0.972000003    
        8960  -5.93088007       1.28901792      0.972000003    
        8962  -5.90230942       1.49173212      0.972000003    
        8964  -5.89354801       1.77082276      0.972000003    
        8966  -5.78333044       2.24014497      0.972000003    
        8968  -5.83921242       1.87566876      0.972000003    
        8970  -5.83199453       1.74785793      0.972000003    
        8972  -5.72727013       2.10218120      0.972000003    
        8974  -5.80562544       1.75091422      0.972000003    
        8976  -5.75814962       1.72157311      0.972000003    
        8978  -5.84554720       1.28270447      0.972000003    
        8980  -5.77075052       1.78136730      0.972000003    
        8982  -5.80880499       1.51627266      0.972000003    
        8984  -5.81718302       1.46440494      0.972000003    
        8986  -5.81842947       1.59328926      0.972000003    
        8988  -5.64783573       2.45638824      0.972000003    
        8990  -5.62350273       2.59677482      0.972000003    
        8992  -5.67300367       2.17242885      0.972000003    
        8994  -5.64255476       2.31720328      0.972000003    
        8996  -5.76073837       1.81227267      0.972000003    
        8998  -5.55433702       2.73383498      0.972000003    
        9000  -5.69408655       2.21066403      0.972000003    
        9002  -5.58734369       2.70131445      0.972000003    
        9004  -5.53183174       2.92007113      0.972000003    
        9006  -5.47454405       3.14892721      0.972000003    
        9008  -5.56845522       2.67112923      0.972000003    
        9010  -5.77281666       1.66370142      0.972000003    
        9012  -5.94946671      0.385634273      0.972000003    
        9014  -5.88353634      0.668631375      0.972000003    
        9016  -5.78746319       1.08893406      0.972000003    
        9018  -5.96202707      0.213722661      0.972000003    
        9020  -5.89824581      0.491450697      0.972000003    
        9022  -5.85706949      0.970066011      0.972000003    
        9024  -5.92641401      0.664674044      0.972000003    
        9026  -5.88748169      0.840537906      0.972000003    
        9028  -5.86537409       1.10076571      0.972000003    
        9030  -5.83321714       1.25217247      0.972000003    
        9032  -5.87225723       1.13003421      0.972000003    
        9034  -5.80170012       1.27629697      0.972000003    
        9036  -5.89181376       1.13178444      0.972000003    
        9038  -5.87701559       1.10832155      0.972000003    
        9040  -5.86695719       1.39543486      0.972000003    
        9042  -5.89711905       1.20059812      0.972000003    
        9044  -5.82530785       1.58858013      0.972000003    
        9046  -5.85715199       1.47459090      0.972000003    
        9048  -5.85146046       1.45168912      0.972000003    
        9050  -5.80563259       1.33671415      0.972000003    
        9052  -5.69401360       1.57167578      0.972000003    
        9054  -5.74863958       1.35198140      0.972000003    
        9056  -5.63654375       2.05481815      0.972000003    
        9058  -5.71442556       1.62373924      0.972000003    
        9060  -5.74844170       1.36481118      0.972000003    
        9062  -5.66525984       1.80078256      0.972000003    
        9064  -5.72512102       1.46777320      0.972000003    
        9066  -5.79785585       1.30219901      0.972000003    
        9068  -5.83621120       1.01445079      0.972000003    
        9070  -5.75612831       1.36307061      0.972000003    
        9072  -5.77675819      0.990379930      0.972000003    
        9074  -5.77729273      0.916167557      0.972000003    
        9076  -5.75949383      0.899679661      0.972000003    
        9078  -5.71434259       1.25260258      0.972000003    
        9080  -5.75233555       1.23216498      0.972000003    
        9082  -5.75832224       1.24657702      0.972000003    
        9084  -5.59288406       2.03905034      0.972000003    
        9086  -5.66136789       1.73116565      0.972000003    
        9088  -5.68387794       1.82328594      0.972000003    
        9090  -5.68809175       1.87217093      0.972000003    
        9092  -5.65512848       2.27210522      0.972000003    
        9094  -5.72154140       1.90131676      0.972000003    
        9096  -5.80290842       1.40943158      0.972000003    
        9098  -5.75666189       1.56182694      0.972000003    
        9100  -5.78303051       1.54709613      0.972000003    
        9102  -5.88449287       1.16937077      0.972000003    
        9104  -5.76221514       1.65994287      0.972000003    
        9106  -5.74863434       1.86568773      0.972000003    
        9108  -5.80675220       1.27360272      0.972000003    
        9110  -5.75489998       1.69867790      0.972000003    
        9112  -5.70482635       1.92478716      0.972000003    
        9114  -5.71883392       1.82157993      0.972000003    
        9116  -5.81310177       1.28769970      0.972000003    
        9118  -5.75960875       1.62637150      0.972000003    
        9120  -5.69984913       2.05863190      0.972000003    
        9122  -5.77820492       1.58202136      0.972000003    
        9124  -5.79628658       1.57600987      0.972000003    
        9126  -5.75296164       1.38716447      0.959999979    
        9128  -5.76681137       1.49701226      0.959999979    
        9130  -5.77473736       1.21960557      0.959999979    
        9132  -5.78661728       1.10425174      0.959999979    
        9134  -5.71914911       1.50731909      0.959999979    
        9136  -5.71876287       1.41861618      0.959999979    
        9138  -5.70774889       1.78647959      0.959999979    
        9140  -5.74785471       1.66588843      0.959999979    
        9142  -5.79288769       1.34224486      0.959999979    
        9144  -5.72644758       1.81550515      0.959999979    
        9146  -5.69844103       1.88169062      0.959999979    
        9148  -5.70452738       1.82475233      0.959999979    
        9150  -5.68710756       1.69186640      0.959999979    
        9152  -5.64247036       1.84663296      0.959999979    
        9154  -5.61597395       1.96686459      0.959999979    
        9156  -5.63637495       1.59452724      0.959999979    
        9158  -5.71019650       1.03863442      0.959999979    
        9160  -5.72992134       1.11612272      0.959999979    
        9162  -5.82864857      0.631636739      0.959999979    
        9164  -5.74481201       1.02028751      0.959999979    
        9166  -5.69076586       1.34156036      0.959999979    
        9168  -5.75590134      0.993928492      0.959999979    
        9170  -5.70295572       1.25018346      0.959999979    
        9172  -5.60078144       2.02203536      0.959999979    
        9174  -5.50518322       2.34611678      0.959999979    
        9176  -5.43637514       3.03146362      0.959999979    
        9178  -5.57451057       2.46383715      0.959999979    
        9180  -5.49138308       2.97790194      0.972000003    
        9182  -5.51036119       2.86320114      0.972000003    
        9184  -5.54848766       2.76680517      0.972000003    
        9186  -5.60060406       2.38987446      0.972000003    
        9188  -5.64347363       2.31105256      0.972000003    
        9190  -5.67091799       1.89781487      0.972000003    
        9192  -5.63009977       1.91982508      0.972000003    
        9194  -5.60883665       2.05332041      0.972000003    
        9196  -5.67044258       1.48307002      0.972000003    
        9198  -5.75133276       1.12898433      0.972000003    
        9200  -5.73052597       1.43924570      0.972000003    
        9202  -5.72576094       1.57970321      0.972000003    
        9204  -5.70654011       1.45067227      0.972000003    
        9206  -5.75738668       1.42553163      0.972000003    
        9208  -5.78027010       1.02171314      0.972000003    
        9210  -5.71033812       1.59010780      0.972000003    
        9212  -5.80490780       1.18354654      0.972000003    
        9214  -5.86556864      0.929875374      0.972000003    
        9216  -5.82549620       1.26173604      0.972000003    
        9218  -5.72694206       1.72881269      0.972000003    
        9220  -5.66974878       2.09941411      0.972000003    
        9222  -5.67188406       1.88000035      0.972000003    
        9224  -5.74010324       1.34422219      0.972000003    
        9226  -5.85249519      0.659787834      0.972000003    
        9228  -5.81267643      0.615228772      0.972000003    
        9230  -5.66587543       1.56175208      0.972000003    
        9232  -5.67663050       1.61177683      0.972000003    
        9234  -5.51969099       2.43377495      0.972000003    
        9236  -5.66346788       1.75805676      0.972000003    
        9238  -5.59339094       2.00530410      0.972000003    
        9240  -5.56003380       2.25225544      0.972000003    
        9242  -5.60932302       2.18636370      0.972000003    
        9244  -5.61412573       1.84803522      0.972000003    
        9246  -5.76555634       1.04058468      0.972000003    
        9248  -5.76552534       1.11529207      0.972000003    
        9250  -5.72730875       1.34013307      0.972000003    
        9252  -5.74676657       1.39690447      0.972000003    
        9254  -5.73830986       1.47064173      0.972000003    
        9256  -5.82388926       1.24329889      0.972000003    
        9258  -5.80994892       1.52267671      0.972000003    
        9260  -5.61063099       2.59128857      0.972000003    
        9262  -5.81298447       1.54483902      0.972000003    
        9264  -5.94824934      0.640600562      0.972000003    
        9266  -5.90486050       1.17683816      0.972000003    
        9268  -5.72991180       2.33118200      0.972000003    
        9270  -5.77019358       1.79069078      0.972000003    
        9272  -5.63198233       2.38258290      0.972000003    
        9274  -5.57103968       2.51107955      0.972000003    
        9276  -5.72073030       1.72741818      0.972000003    
        9278  -5.69595289       1.82188046      0.972000003    
        9280  -5.66576099       1.89262795      0.972000003    
        9282  -5.69249153       1.39635777      0.972000003    
        9284  -5.57250881       2.22349453      0.972000003    
        9286  -5.63132715       2.02004409      0.972000003    
        9288  -5.73681641       1.39386141      0.972000003    
        9290  -5.80560207      0.907755435      0.972000003    
        9292  -5.79441357      0.958834291      0.972000003    
        9294  -5.83124399      0.743351221      0.972000003    
        9296  -5.91433430      0.560197532      0.972000003    
        9298  -5.84418058      0.898811698      0.972000003    
        9300  -5.79178143       1.38024020      0.972000003    
        9302  -5.66105938       2.29167843      0.972000003    
        9304  -5.63296223       2.64020514      0.972000003    
        9306  -5.70223999       2.28644133      0.972000003    
        9308  -5.74357176       1.58554244      0.972000003    
        9310  -5.79835749       1.45083988      0.972000003    
        9312  -5.84115744       1.26677406      0.972000003    
        9314  -5.75591660       1.90565884      0.972000003    
        9316  -5.71888208       1.99672985      0.972000003    
        9318  -5.65903234       2.36950088      0.972000003    
        9320  -5.79285574       1.53734243      0.972000003    
        9322  -5.74250746       1.79829466      0.972000003    
        9324  -5.68465137       2.14150763      0.972000003    
        9326  -5.72427034       1.89400542      0.972000003    
        9328  -5.84256554       1.10058522      0.972000003    
        9330  -5.78182745       1.59524238      0.972000003    
        9332  -5.70872545       1.91519189      0.972000003    
        9334  -5.73578930       1.90734363      0.972000003    
        9336  -5.84777832       1.03534389      0.972000003    
        9338  -5.78973436       1.32672799      0.972000003    
        9340  -5.63527727       2.10713577      0.972000003    
        9342  -5.73503828       1.69593990      0.972000003    
        9344  -5.77249146       1.52134979      0.972000003    
        9346  -5.68186808       1.94633532      0.972000003    
        9348  -5.79985142       1.11432159      0.972000003    
        9350  -5.65901279       1.86497092      0.972000003    
        9352  -5.76279068       1.28656256      0.972000003    
        9354  -5.82347298      0.786521733      0.972000003    
        9356  -5.69396257       1.51595569      0.972000003    
        9358  -5.84446049      0.875325561      0.972000003    
        9360  -5.78124142       1.22113645      0.972000003    
        9362  -5.76751614       1.48150051      0.972000003    
        9364  -5.67773724       1.91336274      0.972000003    
        9366  -5.86873150      0.838247776      0.972000003    
        9368  -5.75277662       1.31730080      0.972000003    
        9370  -5.79282427       1.17328107      0.972000003    
        9372  -5.77897120      0.883604050      0.972000003    
        9374  -5.75516367       1.65690088      0.972000003    
        9376  -5.66675282       2.05807495      0.972000003    
        9378  -5.71575022       1.83212686      0.972000003    
        9380  -5.56000423       2.67108512      0.972000003    
        9382  -5.66792059       2.02854872      0.972000003    
        9384  -5.68590117       1.78334367      0.972000003    
        9386  -5.65996790       1.71103239      0.972000003    
        9388  -5.74369431       1.10461140      0.972000003    
        9390  -5.58505774       1.72729397      0.972000003    
        9392  -5.66551971       1.17937958      0.972000003    
        9394  -5.64459562       1.51161528      0.972000003    
        9396  -5.77686119      0.998980284      0.972000003    
        9398  -5.65265560       1.64558160      0.972000003    
        9400  -5.66881132       1.35353470      0.972000003    
        9402  -5.64737368       1.79881287      0.972000003    
        9404  -5.78559065       1.30481207      0.972000003    
        9406  -5.76396894       1.39247870      0.972000003    
        9408  -5.65713406       1.85962176      0.972000003    
        9410  -5.69329453       1.52324617      0.972000003    
        9412  -5.74475384       1.30067647      0.972000003    
        9414  -5.63561964       1.55725276      0.972000003    
        9416  -5.68287706       1.65936828      0.972000003    
        9418  -5.72653532       1.32117152      0.972000003    
        9420  -5.76736546       1.07307255      0.972000003    
        9422  -5.71808529       1.35889196      0.972000003    
        9424  -5.63170242       1.95630658      0.972000003    
        9426  -5.66699314       1.69999230      0.972000003    
        9428  -5.67392588       1.82423329      0.972000003    
        9430  -5.86874008      0.856528938      0.972000003    
        9432  -5.79677868       1.44374013      0.972000003    
        9434  -5.76837349       1.25672877      0.972000003    
        9436  -5.71657848       1.48714483      0.972000003    
        9438  -5.73824120       1.48853278      0.972000003    
        9440  -5.77804565       1.37051439      0.972000003    
        9442  -5.69600821       1.46573663      0.972000003    
        9444  -5.80069494       1.19786966      0.972000003    
        9446  -5.65572548       1.59802270      0.972000003    
        9448  -5.71161032       1.44961643      0.972000003    
        9450  -5.79753065       1.23820877      0.972000003    
        9452  -5.80393505       1.15992582      0.972000003    
        9454  -5.76041842      0.977015734      0.972000003    
        9456  -5.71648121       1.37003183      0.972000003    
        9458  -5.69349527       1.48485994      0.972000003    
        9460  -5.81459761      0.777911127      0.972000003    
        9462  -5.66927290       1.30310214      0.972000003    
        9464  -5.67968655       1.48874855      0.972000003    
        9466  -5.64841270       1.45143163      0.972000003    
        9468  -5.53707552       2.28556585      0.972000003    
        9470  -5.63280630       1.62171495      0.972000003    
        9472  -5.57277441       2.01537156      0.972000003    
        9474  -5.71328163       1.42089605      0.972000003    
        9476  -5.74354219       1.32248795      0.972000003    
        9478  -5.67859936       1.71038830      0.972000003    
        9480  -5.57046795       2.32989430      0.972000003    
        9482  -5.67804146       1.72795415      0.972000003    
        9484  -5.43391275       2.77332568      0.972000003    
        9486  -5.59013414       2.20748425      0.972000003    
        9488  -5.65393066       1.83143258      0.972000003    
        9490  -5.55914307       2.03731441      0.972000003    
        9492  -5.48435497       2.37200332      0.972000003    
        9494  -5.53456259       2.23488975      0.972000003    
        9496  -5.49470282       2.41963291      0.972000003    
        9498  -5.55083561       2.42211413      0.972000003    
        9500  -5.59823370       1.88579845      0.972000003    
        9502  -5.53627872       1.93661654      0.972000003    
        9504  -5.67997217       1.18109024      0.972000003    
        9506  -5.72904015      0.970409751      0.972000003    
        9508  -5.66641903       1.58120859      0.972000003    
        9510  -5.75727510       1.11914825      0.972000003    
        9512  -5.67915106       1.81634510      0.972000003    
        9514  -5.57475948       2.22862387      0.959999979    
        9516  -5.66527414       1.91406763      0.959999979    
        9518  -5.73594475       1.38260627      0.959999979    
        9520  -5.71394634       1.56599140      0.959999979    
        9522  -5.66244793       2.04314446      0.959999979    
        9524  -5.64028931       1.98253834      0.959999979    
        9526  -5.73949146       1.83073080      0.959999979    
        9528  -5.82719183       1.45023787      0.959999979    
        9530  -5.90118074      0.739376426      0.959999979    
        9532  -5.72727442       1.39766228      0.959999979    
        9534  -5.76716423       1.38169074      0.959999979    
        9536  -5.77962112       1.42934656      0.959999979    
        9538  -5.73187304       1.78179955      0.959999979    
        9540  -5.70514631       1.71661973      0.959999979    
        9542  -5.76992273       1.50595486      0.959999979    
        9544  -5.68550968       1.90115416      0.959999979    
        9546  -5.67527199       1.97147989      0.959999979    
        9548  -5.66882706       1.87802589      0.959999979    
        9550  -5.63690615       1.99639881      0.959999979    
        9552  -5.73237848       1.23659599      0.959999979    
        9554  -5.79145670       1.03025055      0.959999979    
        9556  -5.71424723       1.64639652      0.959999979    
        9558  -5.68904686       1.73629332      0.959999979    
        9560  -5.71834755       1.73430395      0.959999979    
        9562  -5.71327925       1.66894877      0.959999979    
        9564  -5.74536991       1.29723644      0.959999979    
        9566  -5.48613548       2.55716372      0.959999979    
        9568  -5.52441359       2.52299190      0.959999979    
        9570  -5.62162066       2.12087631      0.959999979    
        9572  -5.63259554       1.95273507      0.959999979    
        9574  -5.70358515       1.70707285      0.959999979    
        9576  -5.71527815       1.44199204      0.959999979    
        9578  -5.81356287       1.13588357      0.959999979    
        9580  -5.61474895       2.21495914      0.959999979    
        9582  -5.64478254       1.95937502      0.959999979    
        9584  -5.64138794       1.74667823      0.959999979    
        9586  -5.59046745       2.13526416      0.959999979    
        9588  -5.63465071       1.85973907      0.959999979    
        9590  -5.61729383       2.00559378      0.959999979    
        9592  -5.50976944       2.85145807      0.959999979    
        9594  -5.54273558       2.65018892      0.959999979    
        9596  -5.54262543       2.44007635      0.959999979    
        9598  -5.64941216       1.87830853      0.959999979    
        9600  -5.59589911       2.01591301      0.959999979    
        9602  -5.49179649       2.25675225      0.959999979    
        9604  -5.36823845       3.04880214      0.959999979    
        9606  -5.50708103       2.43993640      0.959999979    
        9608  -5.53039598       2.33738995      0.959999979    
        9610  -5.65966511       1.53936338      0.959999979    
        9612  -5.69370794       1.46802485      0.959999979    
        9614  -5.54814291       2.32046223      0.959999979    
        9616  -5.62755346       1.80079031      0.959999979    
        9618  -5.52823544       2.67691064      0.959999979    
        9620  -5.58020115       2.32825327      0.959999979    
        9622  -5.67439508       1.74186409      0.959999979    
        9624  -5.67486000       1.73962939      0.959999979    
        9626  -5.67925262       1.65400386      0.959999979    
        9628  -5.64899445       1.93162179      0.959999979    
        9630  -5.73124886       1.73048282      0.959999979    
        9632  -5.72929096       1.80293608      0.959999979    
        9634  -5.67847252       2.26672053      0.959999979    
        9636  -5.71413517       1.90133560      0.959999979    
        9638  -5.79717445       1.44981539      0.959999979    
        9640  -5.82133770       1.31453753      0.959999979    
        9642  -5.81741095       1.41303682      0.959999979    
        9644  -5.82639694      0.988578856      0.959999979    
        9646  -5.78368473       1.46430647      0.959999979    
        9648  -5.72361898       1.81164634      0.959999979    
        9650  -5.68941593       1.80706418      0.959999979    
        9652  -5.70820618       1.58424914      0.959999979    
        9654  -5.65998411       1.91413617      0.959999979    
        9656  -5.66977215       1.80007660      0.959999979    
        9658  -5.61278868       2.19724607      0.959999979    
        9660  -5.60181952       2.12653017      0.959999979    
        9662  -5.73970604       1.52925670      0.959999979    
        9664  -5.53859854       2.40276456      0.959999979    
        9666  -5.59418154       1.88382244      0.959999979    
        9668  -5.65558815       1.63433921      0.959999979    
        9670  -5.74436951       1.19388497      0.959999979    
        9672  -5.70742226       1.59141278      0.959999979    
        9674  -5.80727434       1.51989985      0.972000003    
        9676  -5.69944668       2.27150440      0.972000003    
        9678  -5.70812273       2.23645258      0.972000003    
        9680  -5.74348545       2.19398570      0.972000003    
        9682  -5.70614004       2.01988530      0.972000003    
        9684  -5.66558361       2.23438406      0.972000003    
        9686  -5.61187649       2.61576080      0.972000003    
        9688  -5.62714386       2.66697097      0.972000003    
        9690  -5.64392853       2.42378402      0.972000003    
        9692  -5.63450289       2.45450377      0.972000003    
        9694  -5.70113182       1.49357486      0.972000003    
        9696  -5.62304544       1.87010598      0.972000003    
        9698  -5.63004112       1.81120849      0.972000003    
        9700  -5.62248945       2.25992250      0.972000003    
        9702  -5.68797445       1.72286451      0.972000003    
        9704  -5.73612690       1.83474779      0.972000003    
        9706  -5.71682024       1.91768646      0.972000003    
        9708  -5.72467375       2.01167488      0.972000003    
        9710  -5.75137329       1.73247337      0.972000003    
        9712  -5.80541372       1.38528907      0.972000003    
        9714  -5.75764322       1.95681977      0.972000003    
        9716  -5.77642775       1.92997718      0.972000003    
        9718  -5.83386564       1.67350137      0.972000003    
        9720  -5.71899128       2.08417892      0.972000003    
        9722  -5.72633171       2.14496899      0.972000003    
        9724  -5.75861549       1.96540070      0.972000003    
        9726  -5.83288765       1.58819938      0.972000003    
        9728  -5.93926382       1.11220980      0.972000003    
        9730  -5.66357374       2.59951138      0.972000003    
        9732  -5.83382940       1.70218909      0.972000003    
        9734  -5.86993790       1.72681153      0.972000003    
        9736  -5.84857512       1.96942854      0.972000003    
        9738  -5.81568575       2.42146754      0.972000003    
        9740  -5.82173491       2.11017323      0.972000003    
        9742  -5.72264862       2.61679554      0.972000003    
        9744  -5.74228382       2.54602456      0.972000003    
        9746  -5.72359657       2.31204915      0.972000003    
        9748  -5.64711714       2.78644276      0.972000003    
        9750  -5.69974709       2.34713078      0.972000003    
        9752  -5.66683292       2.20459700      0.972000003    
        9754  -5.70510054       1.92996323      0.972000003    
        9756  -5.71005583       1.82178712      0.972000003    
        9758  -5.71581078       1.83757281      0.972000003    
        9760  -5.70250368       2.10534716      0.972000003    
        9762  -5.81798124       1.46173966      0.972000003    
        9764  -5.71538734       1.89211309      0.972000003    
        9766  -5.76982307       1.69486380      0.972000003    
        9768  -5.72747564       1.75277436      0.972000003    
        9770  -5.74174356       1.69570863      0.972000003    
        9772  -5.67706108       1.96511292      0.972000003    
        9774  -5.63938522       2.15055013      0.972000003    
        9776  -5.69427109       1.89537704      0.972000003    
        9778  -5.72025871       1.97655535      0.972000003    
        9780  -5.81013727       1.74853718      0.972000003    
        9782  -5.81671000       1.64415932      0.972000003    
        9784  -5.78969860       1.79528248      0.972000003    
        9786  -5.82903719       1.39722562      0.972000003    
        9788  -5.71201086       2.01933026      0.972000003    
        9790  -5.81148434       1.70641220      0.972000003    
        9792  -5.81530952       1.57433927      0.972000003    
        9794  -5.74095678       1.78026700      0.972000003    
        9796  -5.68508387       1.95611048      0.972000003    
        9798  -5.66581488       2.19255495      0.972000003    
        9800  -5.61012220       2.50473046      0.972000003    
        9802  -5.66055822       2.28652382      0.972000003    
        9804  -5.71525955       2.01509619      0.972000003    
        9806  -5.77325869       1.70992172      0.972000003    
        9808  -5.63679361       2.51338744      0.972000003    
        9810  -5.74787474       1.93317258      0.972000003    
        9812  -5.63232231       2.57525754      0.972000003    
        9814  -5.57998562       2.74949241      0.972000003    
        9816  -5.75093174       1.80275083      0.972000003    
        9818  -5.76094961       1.82060456      0.972000003    
        9820  -5.79914331       1.76683021      0.972000003    
        9822  -5.69279289       2.32764077      0.972000003    
        9824  -5.64829540       2.48162675      0.972000003    
        9826  -5.65961933       2.59376335      0.972000003    
        9828  -5.54618359       2.95108080      0.972000003    
        9830  -5.47878218       3.15088272      0.972000003    
        9832  -5.56346512       2.90748882      0.972000003    
        9834  -5.57577896       2.82095003      0.972000003    
        9836  -5.64008284       2.42009211      0.972000003    
        9838  -5.84682035       1.60305202      0.972000003    
        9840  -5.75333309       2.02446461      0.972000003    
        9842  -5.79117250       1.72332335      0.972000003    
        9844  -5.74472237       1.75030351      0.972000003    
        9846  -5.83121300       1.65203011      0.972000003    
        9848  -5.80167866       1.54107249      0.972000003    
        9850  -5.76976204       1.63622415      0.972000003    
        9852  -5.69266605       2.10272193      0.972000003    
        9854  -5.66285896       2.31744075      0.972000003    
        9856  -5.79019165       1.69992030      0.972000003    
        9858  -5.81552887       1.62078905      0.972000003    
        9860  -5.89757586       1.09374428      0.972000003    
        9862  -5.84821606       1.38078153      0.972000003    
        9864  -5.81256723       1.47315466      0.972000003    
        9866  -5.91543388      0.914946258      0.972000003    
        9868  -5.87088728       1.42561030      0.972000003    
        9870  -5.80175734       1.78292561      0.972000003    
        9872  -5.63172102       2.42458487      0.972000003    
        9874  -5.61706591       2.46459699      0.972000003    
        9876  -5.71341562       1.94717062      0.972000003    
        9878  -5.78930283       1.52727044      0.972000003    
        9880  -5.74760246       1.82580411      0.972000003    
        9882  -5.59817505       2.72896838      0.972000003    
        9884  -5.58321381       2.95510769      0.972000003    
        9886  -5.51652098       3.24770975      0.972000003    
        9888  -5.48447418       3.41294050      0.972000003    
        9890  -5.45788527       3.41048455      0.972000003    
        9892  -5.42547703       3.70104098      0.972000003    
        9894  -5.60583544       2.51417708      0.972000003    
        9896  -5.53266716       2.70999622      0.972000003    
        9898  -5.48741388       2.89825773      0.972000003    
        9900  -5.49579334       2.90911126      0.972000003    
        9902  -5.43746471       3.25441980      0.972000003    
        9904  -5.54161215       2.44102478      0.972000003    
        9906  -5.68036604       1.80163980      0.972000003    
        9908  -5.63711691       2.19838905      0.972000003    
        9910  -5.83783054       1.06648839      0.972000003    
        9912  -5.79306602       1.15215182      0.972000003    
        9914  -5.80194092       1.10856509      0.972000003    
        9916  -5.76849079       1.45059371      0.972000003    
        9918  -5.76794577       1.24867427      0.972000003    
        9920  -5.84690046      0.861530662      0.972000003    
        9922  -5.83993196      0.657445550      0.972000003    
        9924  -5.78076935       1.15476251      0.972000003    
        9926  -5.52228403       2.75275350      0.972000003    
        9928  -5.60855055       2.26361346      0.972000003    
        9930  -5.57371521       2.34992933      0.972000003    
        9932  -5.63994360       2.19421124      0.972000003    
        9934  -5.67826843       2.05817556      0.972000003    
        9936  -5.54726458       2.71270609      0.972000003    
        9938  -5.60747957       2.34991312      0.972000003    
        9940  -5.68928957       1.91299498      0.972000003    
        9942  -5.75844812       1.90752649      0.972000003    
        9944  -5.71806717       2.30971718      0.972000003    
        9946  -5.63067150       2.85387468      0.972000003    
        9948  -5.58417368       2.83934307      0.972000003    
        9950  -5.53818893       3.17217684      0.972000003    
        9952  -5.62960339       2.66621304      0.972000003    
        9954  -5.65688086       2.59434557      0.972000003    
        9956  -5.75072670       2.00939250      0.972000003    
        9958  -5.68547297       2.14718723      0.972000003    
        9960  -5.56253433       2.62032199      0.972000003    
        9962  -5.58314753       2.64831567      0.972000003    
        9964  -5.76534128       1.80221045      0.972000003    
        9966  -5.84700155       1.18136191      0.972000003    
        9968  -5.82050085       1.31982970      0.972000003    
        9970  -5.86399031       1.08762133      0.972000003    
        9972  -5.86418962      0.920928419      0.972000003    
        9974  -5.87484169       1.11047959      0.972000003    
        9976  -5.78676319       1.93775153      0.972000003    
        9978  -5.73144054       2.62137365      0.972000003    
        9980  -5.72443819       2.71372271      0.972000003    
        9982  -5.71172762       2.72096515      0.972000003    
        9984  -5.70899487       2.51325107      0.972000003    
        9986  -5.73069191       2.18356514      0.972000003    
        9988  -5.77106810       2.08551073      0.972000003    
        9990  -5.69627380       2.49096465      0.972000003    
        9992  -5.69975615       2.58112788      0.972000003    
        9994  -5.80156898       1.87782669      0.972000003    
        9996  -5.70809269       2.63378501      0.972000003    
        9998  -5.78717184       2.10388088      0.972000003    
       10000  -5.73646259       2.38319945      0.972000003    
       10002  -5.72989464       2.25748801      0.972000003    
       10004  -5.75434017       1.67574775      0.972000003    
       10006  -5.69477367       2.22190690      0.972000003    
       10008  -5.72532606       2.05876398      0.972000003    
       10010  -5.77568722       1.78282368      0.972000003    
       10012  -5.82902336       1.68434930      0.972000003    
       10014  -5.73677158       2.11968374      0.972000003    
       10016  -5.82270432       1.65291202      0.972000003    
       10018  -5.78256130       1.73606265      0.972000003    
       10020  -5.78152847       1.62551224      0.972000003    
       10022  -5.68278027       2.11819959      0.972000003    
       10024  -5.72614717       1.97545087      0.972000003    
       10026  -5.72403336       1.79152250      0.972000003    
       10028  -5.81490850       1.63023674      0.972000003    
       10030  -5.78271198       1.81121504      0.972000003    
       10032  -5.79036045       1.94224226      0.972000003    
       10034  -5.89321184       1.12143922      0.972000003    
       10036  -5.75315094       1.49225903      0.972000003    
       10038  -5.73836088       1.35109782      0.972000003    
       10040  -5.83830833      0.766711771      0.972000003    
       10042  -5.85098171      0.998021662      0.972000003    
       10044  -5.74115753       1.79610765      0.972000003    
       10046  -5.81602192       1.59824491      0.972000003    
       10048  -5.77766466       2.06184721      0.972000003    
       10050  -5.80752134       2.18730140      0.972000003    
       10052  -5.80443144       2.03390527      0.972000003    
       10054  -5.69453287       2.33953309      0.972000003    
       10056  -5.67763710       2.66501594      0.972000003    
       10058  -5.65714788       2.48198676      0.972000003    
       10060  -5.65195799       2.54749489      0.972000003    
       10062  -5.68283510       2.39594102      0.972000003    
       10064  -5.66107178       2.39343858      0.972000003    
       10066  -5.70896339       2.22916818      0.972000003    
       10068  -5.73299217       2.39602876      0.972000003    
       10070  -5.58279896       3.20953608      0.972000003    
       10072  -5.68701172       2.68963027      0.972000003    
       10074  -5.63182116       3.04832006      0.972000003    
       10076  -5.60819483       3.08225870      0.972000003    
       10078  -5.64319849       2.86124682      0.972000003    
       10080  -5.69434786       2.47629166      0.972000003    
       10082  -5.76683235       2.33299899      0.972000003    
       10084  -5.79228449       2.02053475      0.972000003    
       10086  -5.68808222       2.63362217      0.972000003    
       10088  -5.67935181       2.68292093      0.972000003    
       10090  -5.76105833       2.62616587      0.972000003    
       10092  -5.54017353       3.68351674      0.972000003    
       10094  -5.56995821       3.41955018      0.972000003    
       10096  -5.65258360       3.12553930      0.972000003    
       10098  -5.49940634       3.66265488      0.972000003    
       10100  -5.58537960       3.30790567      0.972000003    
       10102  -5.76787233       2.57082534      0.972000003    
       10104  -5.65720177       3.03996682      0.972000003    
       10106  -5.64046574       2.97509336      0.972000003    
       10108  -5.67813873       2.63337564      0.972000003    
       10110  -5.73743582       2.54221582      0.972000003    
       10112  -5.76245213       2.09159851      0.972000003    
       10114  -5.72961950       2.49492073      0.972000003    
       10116  -5.59586811       3.40521169      0.972000003    
       10118  -5.60982466       3.09866309      0.972000003    
       10120  -5.56090641       3.69476533      0.972000003    
       10122  -5.56957579       3.34954143      0.972000003    
       10124  -5.60611773       3.11434579      0.972000003    
       10126  -5.53895187       3.63089728      0.972000003    
       10128  -5.49346256       4.02319002      0.972000003    
       10130  -5.54238749       3.53550720      0.959999979    
       10132  -5.57586002       3.25006890      0.959999979    
       10134  -5.60870171       3.15511990      0.959999979    
       10136  -5.77246857       2.42090440      0.959999979    
       10138  -5.73762655       2.67928886      0.959999979    
       10140  -5.72527504       2.66151381      0.959999979    
       10142  -5.62143135       3.27552915      0.959999979    
       10144  -5.67528009       2.81671548      0.959999979    
       10146  -5.65984488       3.21672058      0.959999979    
       10148  -5.68520832       2.71968579      0.959999979    
       10150  -5.69017887       2.55430889      0.959999979    
       10152  -5.69992352       2.75358486      0.959999979    
       10154  -5.63072062       3.19132280      0.959999979    
       10156  -5.77337980       2.69614816      0.959999979    
       10158  -5.82098007       2.54174161      0.959999979    
       10160  -5.79597902       2.59621620      0.959999979    
       10162  -5.73674917       2.73916101      0.959999979    
       10164  -5.74134064       2.43145037      0.959999979    
       10166  -5.76357746       2.82189178      0.972000003    
       10168  -5.70582914       3.36867356      0.972000003    
       10170  -5.84618425       2.37347889      0.972000003    
       10172  -5.81657743       2.56585550      0.972000003    
       10174  -5.87678242       2.17340183      0.972000003    
       10176  -5.91312551       2.00055194      0.972000003    
       10178  -5.81566906       2.62525582      0.972000003    
       10180  -5.78836393       2.56405067      0.972000003    
       10182  -5.80715322       2.65969324      0.972000003    
       10184  -5.84458494       2.45781565      0.972000003    
       10186  -5.92263365       2.08393574      0.972000003    
       10188  -5.72024822       3.14226055      0.972000003    
       10190  -5.76939344       2.83264351      0.972000003    
       10192  -5.64860630       3.57336688      0.972000003    
       10194  -5.78001881       2.66428804      0.972000003    
       10196  -5.87900829       2.16287780      0.972000003    
       10198  -5.73950863       3.12684464      0.972000003    
       10200  -5.73971272       2.78997445      0.972000003    
       10202  -5.72150564       2.96890736      0.972000003    
       10204  -5.77718401       2.62008929      0.972000003    
       10206  -5.87383652       2.09315562      0.972000003    
       10208  -5.76431704       2.53931832      0.972000003    
       10210  -5.76840258       2.42505169      0.972000003    
       10212  -5.63154221       3.12523794      0.972000003    
       10214  -5.75167942       2.44596720      0.972000003    
       10216  -5.67887259       2.75668168      0.972000003    
       10218  -5.73010635       2.49542069      0.972000003    
       10220  -5.83499432       1.94596589      0.972000003    
       10222  -5.69828987       2.83663344      0.972000003    
       10224  -5.76631880       2.66001916      0.972000003    
       10226  -5.70074892       3.17504191      0.984000027    
       10228  -5.72649479       2.99468017      0.984000027    
       10230  -5.70173216       2.85857773      0.984000027    
       10232  -5.77516270       2.51381254      0.984000027    
       10234  -5.82381535       2.12746239      0.984000027    
       10236  -5.69220638       2.63753366      0.984000027    
       10238  -5.67633343       2.83407712      0.984000027    
       10240  -5.80650902       2.14393449      0.984000027    
       10242  -5.65711784       2.91172743      0.984000027    
       10244  -5.63995171       3.08926344      0.984000027    
       10246  -5.62437820       3.52684355      0.984000027    
       10248  -5.67263937       3.05115271      0.984000027    
       10250  -5.73170137       2.69272876      0.984000027    
       10252  -5.71368599       2.78408217      0.984000027    
       10254  -5.73395824       2.71747422      0.984000027    
       10256  -5.90792847       1.70963240      0.984000027    
       10258  -6.00934601       1.14238346      0.984000027    
       10260  -5.82036543       2.44053578      0.984000027    
       10262  -5.80333996       2.09388471      0.984000027    
       10264  -5.74787998       2.36462903      0.984000027    
       10266  -5.82136011       2.04564095      0.984000027    
       10268  -5.83263731       1.70628774      0.984000027    
       10270  -5.88738585       1.48897028      0.984000027    
       10272  -5.82848787       1.85483694      0.984000027    
       10274  -5.82699108       1.81000566      0.984000027    
       10276  -5.81204796       1.85365987      0.984000027    
       10278  -5.71520042       2.46733809      0.984000027    
       10280  -5.83022976       1.85418367      0.984000027    
       10282  -5.91712618       1.10961640      0.984000027    
       10284  -5.81938982       1.92017508      0.984000027    
       10286  -5.88027716       1.62073493      0.984000027    
       10288  -5.77942991       2.05342674      0.984000027    
       10290  -5.86666918       1.66523337      0.984000027    
       10292  -5.81851673       1.55662513      0.984000027    
       10294  -5.87190628       1.23985171      0.984000027    
       10296  -5.79122639       1.67518687      0.984000027    
       10298  -5.90935659      0.890889943      0.984000027    
       10300  -5.98350096      0.420136273      0.984000027    
       10302  -5.83378839       1.32130754      0.984000027    
       10304  -5.71700382       2.23707318      0.984000027    
       10306  -5.77799320       1.95151401      0.984000027    
       10308  -5.72429991       2.40546560      0.984000027    
       10310  -5.67163134       2.64601827      0.984000027    
       10312  -5.78549290       1.87103510      0.984000027    
       10314  -5.71006107       2.37274003      0.984000027    
       10316  -5.59929419       3.08276010      0.984000027    
       10318  -5.64342976       2.67949724      0.984000027    
       10320  -5.57116747       2.95859122      0.984000027    
       10322  -5.65693760       2.25893497      0.984000027    
       10324  -5.78297520       1.38956356      0.984000027    
       10326  -5.58827209       2.73556662      0.984000027    
       10328  -5.66699696       2.42963028      0.984000027    
       10330  -5.66630459       2.60975194      0.984000027    
       10332  -5.67626143       2.30196357      0.984000027    
       10334  -5.68323326       2.37250876      0.984000027    
       10336  -5.79834890       1.96573532      0.984000027    
       10338  -5.76429176       2.26069617      0.984000027    
       10340  -5.76922941       2.26880360      0.984000027    
       10342  -5.81372166       1.95613849      0.984000027    
       10344  -5.63304806       3.17256069      0.984000027    
       10346  -5.62484503       3.22391796      0.984000027    
       10348  -5.70846224       2.76820946      0.984000027    
       10350  -5.61819696       3.39291859      0.984000027    
       10352  -5.82456589       2.16944337      0.984000027    
       10354  -5.80216837       2.49425530      0.984000027    
       10356  -5.75678110       2.58970380      0.984000027    
       10358  -5.70396805       2.95910716      0.984000027    
       10360  -5.86152840       2.21009040      0.984000027    
       10362  -5.84530687       2.21392989      0.984000027    
       10364  -5.92907524       1.60615921      0.984000027    
       10366  -5.83067465       2.25466824      0.984000027    
       10368  -5.89124393       2.03455353      0.984000027    
       10370  -5.79662800       2.35760832      0.984000027    
       10372  -5.83600760       2.10192585      0.984000027    
       10374  -5.70738840       2.32199836      0.984000027    
       10376  -5.74862719       2.29387903      0.984000027    
       10378  -5.71321440       2.41062284      0.984000027    
       10380  -5.81109905       1.90483010      0.984000027    
       10382  -5.83493280       1.54533207      0.984000027    
       10384  -5.90711212       1.50097108      0.984000027    
       10386  -5.83733463       1.63249171      0.984000027    
       10388  -5.76205730       2.29260898      0.984000027    
       10390  -5.58107185       3.13958740      0.984000027    
       10392  -5.78720474       2.26306081      0.984000027    
       10394  -5.74259615       2.51089191      0.984000027    
       10396  -5.67038488       2.81668830      0.984000027    
       10398  -5.68662691       2.60212851      0.984000027    
       10400  -5.71440220       2.42598033      0.984000027    
       10402  -5.62261868       2.97624445      0.984000027    
       10404  -5.59865999       2.98522234      0.984000027    
       10406  -5.67656422       2.67110276      0.984000027    
       10408  -5.70069265       2.46563911      0.984000027    
       10410  -5.66811132       2.64173555      0.984000027    
       10412  -5.71388531       2.59663439      0.984000027    
       10414  -5.78559208       2.12288928      0.984000027    
       10416  -5.64784193       2.80947208      0.984000027    
       10418  -5.82877922       1.40600562      0.984000027    
       10420  -5.60880423       2.69157195      0.984000027    
       10422  -5.69778728       2.36689496      0.984000027    
       10424  -5.79549122       1.70003402      0.984000027    
       10426  -5.77992725       1.77355158      0.984000027    
       10428  -5.81314659       1.37074018      0.984000027    
       10430  -5.74096823       1.79748619      0.984000027    
       10432  -5.76572466       1.73371804      0.984000027    
       10434  -5.74419975       1.90105879      0.984000027    
       10436  -5.66139078       2.69825935      0.984000027    
       10438  -5.67313910       2.76061106      0.984000027    
       10440  -5.79335070       1.79577529      0.984000027    
       10442  -5.71265173       2.19850516      0.984000027    
       10444  -5.79406881       2.08621073      0.984000027    
       10446  -5.62028408       2.98297715      0.984000027    
       10448  -5.80287647       2.21401334      0.984000027    
       10450  -5.69426823       2.78125429      0.984000027    
       10452  -5.68558693       2.69511008      0.984000027    
       10454  -5.56899118       3.15469980      0.984000027    
       10456  -5.72999382       2.33430243      0.984000027    
       10458  -5.70811558       2.84192085      0.984000027    
       10460  -5.69040680       2.84544277      0.984000027    
       10462  -5.60971832       3.13895702      0.984000027    
       10464  -5.66256952       3.04877448      0.984000027    
       10466  -5.78674793       2.17013264      0.984000027    
       10468  -5.80634308       2.09391856      0.984000027    
       10470  -5.87729073       1.88776588      0.984000027    
       10472  -5.79379416       2.35789776      0.984000027    
       10474  -5.82980204       2.22192526      0.984000027    
       10476  -5.81885958       2.18309355      0.984000027    
       10478  -5.91466427       1.63234460      0.984000027    
       10480  -5.77825785       2.45183015      0.984000027    
       10482  -5.71373081       2.72664142      0.984000027    
       10484  -5.69708920       2.45512986      0.984000027    
       10486  -5.60049057       3.13573313      0.984000027    
       10488  -5.65630627       2.51191521      0.972000003    
       10490  -5.67231274       2.62182474      0.972000003    
       10492  -5.66116381       2.72580361      0.972000003    
       10494  -5.54439926       3.11494946      0.972000003    
       10496  -5.76890278       1.95882010      0.972000003    
       10498  -5.71915722       2.00580263      0.972000003    
       10500  -5.79131937       1.58859622      0.959999979    
       10502  -5.69967890       1.80072188      0.959999979    
       10504  -5.64076281       2.10981154      0.959999979    
       10506  -5.78417349       1.55038273      0.959999979    
       10508  -5.64770269       2.34299636      0.959999979    
       10510  -5.74666834       2.03879380      0.959999979    
       10512  -5.74527502       1.83680904      0.959999979    
       10514  -5.65880775       2.26481247      0.959999979    
       10516  -5.70588207       2.22845101      0.959999979    
       10518  -5.70509672       2.09410048      0.959999979    
       10520  -5.83276987       1.34669876      0.959999979    
       10522  -5.82804775       1.28146267      0.959999979    
       10524  -5.73165274       1.75837421      0.959999979    
       10526  -5.70638657       1.88849962      0.959999979    
       10528  -5.70594835       1.95610046      0.959999979    
       10530  -5.72864437       1.55933380      0.959999979    
       10532  -5.75354242       1.69906938      0.959999979    
       10534  -5.81123304       1.57230031      0.959999979    
       10536  -5.74402714       1.91360188      0.959999979    
       10538  -5.72592735       1.88891447      0.959999979    
       10540  -5.63705969       2.36555004      0.959999979    
       10542  -5.65472889       2.34514809      0.959999979    
       10544  -5.67796564       1.89313996      0.959999979    
       10546  -5.65027571       2.06859398      0.959999979    
       10548  -5.63534880       2.47523332      0.959999979    
       10550  -5.69883156       1.99172211      0.959999979    
       10552  -5.69858170       1.94383538      0.959999979    
       10554  -5.70626116       1.89576793      0.959999979    
       10556  -5.61937094       2.32313752      0.959999979    
       10558  -5.73293066       1.73412049      0.959999979    
       10560  -5.72736073       1.80712664      0.959999979    
       10562  -5.74306917       1.61264420      0.959999979    
       10564  -5.58484888       2.50291753      0.959999979    
       10566  -5.57591438       2.66484904      0.959999979    
       10568  -5.64218140       2.25016117      0.959999979    
       10570  -5.67878628       2.06037569      0.959999979    
       10572  -5.70805740       1.91016293      0.959999979    
       10574  -5.61519432       2.43956661      0.959999979    
       10576  -5.66907883       2.07386351      0.959999979    
       10578  -5.65176535       2.32666230      0.959999979    
       10580  -5.68210506       2.17617798      0.959999979    
       10582  -5.75026608       1.69703519      0.959999979    
       10584  -5.73757935       1.82065344      0.959999979    
       10586  -5.66125250       2.12565851      0.959999979    
       10588  -5.59242487       2.49406672      0.959999979    
       10590  -5.58852243       2.37444925      0.959999979    
       10592  -5.77144098       1.58717239      0.959999979    
       10594  -5.77592897       1.76041520      0.959999979    
       10596  -5.57662582       3.26780224      0.959999979    
       10598  -5.67795229       2.73227191      0.959999979    
       10600  -5.58795118       3.20766640      0.959999979    
       10602  -5.64348888       2.57429409      0.959999979    
       10604  -5.49856472       3.06263065      0.959999979    
       10606  -5.53561354       2.73760939      0.959999979    
       10608  -5.47182417       3.29835916      0.959999979    
       10610  -5.67462730       2.10062122      0.959999979    
       10612  -5.71348619       1.84034693      0.959999979    
       10614  -5.53218317       2.73315859      0.959999979    
       10616  -5.59398270       2.63420296      0.959999979    
       10618  -5.65138721       2.40499401      0.959999979    
       10620  -5.64054012       2.35717225      0.959999979    
       10622  -5.65919638       2.21773911      0.959999979    
       10624  -5.59517241       2.55285430      0.959999979    
       10626  -5.70015478       1.95461428      0.959999979    
       10628  -5.65854502       2.07160258      0.959999979    
       10630  -5.75724363       1.60076630      0.959999979    
       10632  -5.70971537       1.81698239      0.959999979    
       10634  -5.72587013       1.78226531      0.959999979    
       10636  -5.58583403       2.49194908      0.959999979    
       10638  -5.52692795       2.77474451      0.959999979    
       10640  -5.69082689       1.92858350      0.959999979    
       10642  -5.63482094       2.34235525      0.959999979    
       10644  -5.71009827       1.77380931      0.959999979    
       10646  -5.65730810       2.08753109      0.959999979    
       10648  -5.72339678       1.78523886      0.959999979    
       10650  -5.70350218       1.85557795      0.959999979    
       10652  -5.68837166       1.81847668      0.959999979    
       10654  -5.68124676       2.00137258      0.959999979    
       10656  -5.63415480       2.28303146      0.959999979    
       10658  -5.63771582       2.40032673      0.959999979    
       10660  -5.73028088       2.06758904      0.959999979    
       10662  -5.78770351       1.44091570      0.959999979    
       10664  -5.67713165       1.96362782      0.959999979    
       10666  -5.67791700       1.98011243      0.959999979    
       10668  -5.71574736       2.13248181      0.959999979    
       10670  -5.69230080       2.48681831      0.972000003    
       10672  -5.62642193       2.51509261      0.972000003    
       10674  -5.71466064       1.80767858      0.972000003    
       10676  -5.79509354       1.12530708      0.972000003    
       10678  -5.80949068       1.12416089      0.972000003    
       10680  -5.62608290       2.48957896      0.972000003    
       10682  -5.65318584       2.05264902      0.972000003    
       10684  -5.61675644       2.35159731      0.972000003    
       10686  -5.61927176       2.47076535      0.972000003    
       10688  -5.68591070       2.11172771      0.972000003    
       10690  -5.69037342       1.83376515      0.972000003    
       10692  -5.77049875       1.52125549      0.972000003    
       10694  -5.68218946       2.13747144      0.972000003    
       10696  -5.79715109       1.45868742      0.972000003    
       10698  -5.75784206       1.95318604      0.972000003    
       10700  -5.72703123       2.14383936      0.972000003    
       10702  -5.75520277       1.93785608      0.972000003    
       10704  -5.67182398       2.27346969      0.972000003    
       10706  -5.75336075       1.83836055      0.972000003    
       10708  -5.81235266       1.34510136      0.972000003    
       10710  -5.84427834       1.16298425      0.972000003    
       10712  -5.81949234       1.54394460      0.972000003    
       10714  -5.80878735       1.69138300      0.972000003    
       10716  -5.73073816       2.15896487      0.972000003    
       10718  -5.87958956       1.25043547      0.972000003    
       10720  -5.68033743       2.41828465      0.972000003    
       10722  -5.58738756       3.09532166      0.972000003    
       10724  -5.68228245       2.51581478      0.972000003    
       10726  -5.69574118       2.42540932      0.972000003    
       10728  -5.88973665       1.43002570      0.972000003    
       10730  -5.82741404       1.83561897      0.972000003    
       10732  -5.64410210       2.90657282      0.972000003    
       10734  -5.65816927       2.65376592      0.972000003    
       10736  -5.66811657       2.48473859      0.972000003    
       10738  -5.75346661       1.81719315      0.972000003    
       10740  -5.58096218       2.76242328      0.972000003    
       10742  -5.64145517       2.29040051      0.972000003    
       10744  -5.71166515       2.05702543      0.972000003    
       10746  -5.57510138       2.94432020      0.972000003    
       10748  -5.69533062       1.85408914      0.972000003    
       10750  -5.73037052       1.83366466      0.972000003    
       10752  -5.78819180       1.79775023      0.972000003    
       10754  -5.82211304       1.50842345      0.972000003    
       10756  -5.74149609       1.88179934      0.972000003    
       10758  -5.60121489       2.60971189      0.972000003    
       10760  -5.58780432       2.48009801      0.972000003    
       10762  -5.55441523       2.69427323      0.972000003    
       10764  -5.62454987       2.51219201      0.972000003    
       10766  -5.62214375       2.51250482      0.972000003    
       10768  -5.63388252       2.45264149      0.972000003    
       10770  -5.57360792       2.62015247      0.972000003    
       10772  -5.74282646       1.66305184      0.972000003    
       10774  -5.68300152       2.09149885      0.972000003    
       10776  -5.62749863       2.24909115      0.972000003    
       10778  -5.74031830       1.70766914      0.972000003    
       10780  -5.78510666       1.40219927      0.972000003    
       10782  -5.67141008       1.77757847      0.972000003    
       10784  -5.66854048       1.90906703      0.972000003    
       10786  -5.65449238       1.98855996      0.972000003    
       10788  -5.52291536       2.77442145      0.972000003    
       10790  -5.64851522       2.08693981      0.972000003    
       10792  -5.53567839       2.65164065      0.972000003    
       10794  -5.61248112       2.25759149      0.972000003    
       10796  -5.65617752       1.75244355      0.972000003    
       10798  -5.73442173       1.52077878      0.972000003    
       10800  -5.65335989       1.96175992      0.972000003    
       10802  -5.75170660       1.51847970      0.972000003    
       10804  -5.77302122       1.45376372      0.972000003    
       10806  -5.66821861       2.47508097      0.972000003    
       10808  -5.75488901       1.31218255      0.959999979    
       10810  -5.67513800       1.63944912      0.959999979    
       10812  -5.70196152       1.40809524      0.959999979    
       10814  -5.76538086       1.21584582      0.959999979    
       10816  -5.67572927       1.86825669      0.959999979    
       10818  -5.58796024       2.30349112      0.959999979    
       10820  -5.61998749       1.97670293      0.959999979    
       10822  -5.58301830       2.07025003      0.959999979    
       10824  -5.56237888       2.26129222      0.959999979    
       10826  -5.49212599       2.57279277      0.959999979    
       10828  -5.53459787       2.42287326      0.959999979    
       10830  -5.57524872       2.33756495      0.959999979    
       10832  -5.49466896       2.78566289      0.959999979    
       10834  -5.54094028       2.58917904      0.959999979    
       10836  -5.55093002       2.48106360      0.959999979    
       10838  -5.42376566       3.20430803      0.959999979    
       10840  -5.43689775       2.92172337      0.959999979    
       10842  -5.59584427       1.88541913      0.959999979    
       10844  -5.65908813       1.41337740      0.959999979    
       10846  -5.63537169       1.41566873      0.959999979    
       10848  -5.67743063       1.52261388      0.959999979    
       10850  -5.67916727       1.53166676      0.959999979    
       10852  -5.51885939       2.57213402      0.959999979    
       10854  -5.54926586       2.37267542      0.959999979    
       10856  -5.68111658       1.57025301      0.959999979    
       10858  -5.71207142       1.34174442      0.959999979    
       10860  -5.60975456       1.60165107      0.959999979    
       10862  -5.69905329       1.25247693      0.959999979    
       10864  -5.69334745       1.26512921      0.959999979    
       10866  -5.63952160       1.54369032      0.959999979    
       10868  -5.64231491       1.70953202      0.959999979    
       10870  -5.60658741       2.05122399      0.959999979    
       10872  -5.62948370       1.91222107      0.959999979    
       10874  -5.66233778       1.64878261      0.959999979    
       10876  -5.57326365       2.15784264      0.959999979    
       10878  -5.61666012       2.15548944      0.959999979    
       10880  -5.53282833       2.56563163      0.959999979    
       10882  -5.51507044       2.38526154      0.959999979    
       10884  -5.51547098       2.44468498      0.959999979    
       10886  -5.61430788       1.85784185      0.959999979    
       10888  -5.71114731       1.40756178      0.959999979    
       10890  -5.72623587       1.48877966      0.959999979    
       10892  -5.60854912       2.22556877      0.959999979    
       10894  -5.73207045       1.58069706      0.959999979    
       10896  -5.68241262       1.94595432      0.959999979    
       10898  -5.70083475       1.64709616      0.959999979    
       10900  -5.68197346       1.69544816      0.959999979    
       10902  -5.83696079      0.942611575      0.959999979    
       10904  -5.77293444       1.37437654      0.959999979    
       10906  -5.83593130       1.23263502      0.959999979    
       10908  -5.71058130       1.94580877      0.959999979    
       10910  -5.73197126       1.91425431      0.959999979    
       10912  -5.61865664       2.54949307      0.959999979    
       10914  -5.77722168       1.71469676      0.959999979    
       10916  -5.65184498       2.17557764      0.959999979    
       10918  -5.66643381       2.16010141      0.959999979    
       10920  -5.60766792       2.26913977      0.959999979    
       10922  -5.53739786       2.77429676      0.959999979    
       10924  -5.61389446       2.12998700      0.959999979    
       10926  -5.57977581       2.60427999      0.959999979    
       10928  -5.62102127       2.40995359      0.959999979    
       10930  -5.65211296       2.03370237      0.948000014    
       10932  -5.69447327       1.77224720      0.948000014    
       10934  -5.63891172       2.06485295      0.948000014    
       10936  -5.62503386       2.14885807      0.948000014    
       10938  -5.74279881       1.41758204      0.948000014    
       10940  -5.73610592       1.41928101      0.948000014    
       10942  -5.52902603       2.39375687      0.948000014    
       10944  -5.80319405       1.06160986      0.948000014    
       10946  -5.73663902       1.33545864      0.948000014    
       10948  -5.68471098       1.60214734      0.948000014    
       10950  -5.76003742       1.37526488      0.948000014    
       10952  -5.69545460       1.75120008      0.948000014    
       10954  -5.61055565       2.17778850      0.948000014    
       10956  -5.69285631       1.55768371      0.948000014    
       10958  -5.64826584       1.71604216      0.948000014    
       10960  -5.62278318       1.77341354      0.948000014    
       10962  -5.64677715       1.52613127      0.948000014    
       10964  -5.52789783       2.19647217      0.948000014    
       10966  -5.61444998       1.89489448      0.948000014    
       10968  -5.62208843       1.81423783      0.948000014    
       10970  -5.53655624       2.05260611      0.948000014    
       10972  -5.59654236       1.79642451      0.948000014    
       10974  -5.57274055       1.68370438      0.948000014    
       10976  -5.53183794       2.08304548      0.948000014    
       10978  -5.47876787       2.32837248      0.948000014    
       10980  -5.53443241       2.11407351      0.948000014    
       10982  -5.65826225       1.44787252      0.948000014    
       10984  -5.61675358       1.60658395      0.948000014    
       10986  -5.57899237       2.01782727      0.948000014    
       10988  -5.68825626       1.96974659      0.959999979    
       10990  -5.73076725       1.73749316      0.959999979    
       10992  -5.67372465       1.86426580      0.959999979    
       10994  -5.56511211       2.43539572      0.959999979    
       10996  -5.71029949       1.95107102      0.959999979    
       10998  -5.55074167       2.85523438      0.959999979    
       11000  -5.66748810       2.03135109      0.959999979    
       11002  -5.64179850       2.15532112      0.959999979    
       11004  -5.74622440       1.84923291      0.972000003    
       11006  -5.64384270       2.46555471      0.972000003    
       11008  -5.61088896       2.97225761      0.972000003    
       11010  -5.65418625       2.69216013      0.972000003    
       11012  -5.69720173       2.46084452      0.972000003    
       11014  -5.76080751       2.19280791      0.972000003    
       11016  -5.76239967       1.57209647      0.972000003    
       11018  -5.64705276       2.27234030      0.972000003    
       11020  -5.60505629       2.47769856      0.972000003    
       11022  -5.59401608       2.86845183      0.972000003    
       11024  -5.61243868       2.50632691      0.972000003    
       11026  -5.68283129       2.33943272      0.972000003    
       11028  -5.71540642       2.23556972      0.972000003    
       11030  -5.71800232       2.13751435      0.972000003    
       11032  -5.66942453       2.49112558      0.972000003    
       11034  -5.59294176       2.80663466      0.972000003    
       11036  -5.66359186       2.52230644      0.972000003    
       11038  -5.62262249       2.70120192      0.972000003    
       11040  -5.69858742       2.28821397      0.972000003    
       11042  -5.78671598       1.73426032      0.972000003    
       11044  -5.81145525       1.66481590      0.972000003    
       11046  -5.72814703       1.98366463      0.972000003    
       11048  -5.67487860       2.11123800      0.972000003    
       11050  -5.65442705       2.08863163      0.972000003    
       11052  -5.48704529       2.81668878      0.972000003    
       11054  -5.63582516       1.91401851      0.972000003    
       11056  -5.69812012       1.39279723      0.972000003    
       11058  -5.68492603       1.45021963      0.972000003    
       11060  -5.69670582       1.26996815      0.972000003    
       11062  -5.70782232      0.968994319      0.972000003    
       11064  -5.65155935       1.38572705      0.972000003    
       11066  -5.60726166       1.73331702      0.972000003    
       11068  -5.61106205       1.83737993      0.972000003    
       11070  -5.47503376       2.91933560      0.972000003    
       11072  -5.54908276       2.60693026      0.972000003    
       11074  -5.54695845       2.74526286      0.972000003    
       11076  -5.53684855       3.10452414      0.972000003    
       11078  -5.46915674       3.28027916      0.972000003    
       11080  -5.52244043       2.94192982      0.972000003    
       11082  -5.59596443       2.35220027      0.972000003    
       11084  -5.67743874       2.05087352      0.972000003    
       11086  -5.64613390       2.13610196      0.972000003    
       11088  -5.42268276       3.46480894      0.972000003    
       11090  -5.38922405       3.84577346      0.972000003    
       11092  -5.47841787       3.26890612      0.972000003    
       11094  -5.56112528       2.77871275      0.972000003    
       11096  -5.61101103       2.69220829      0.972000003    
       11098  -5.43480492       3.57050276      0.972000003    
       11100  -5.57465267       2.92573094      0.972000003    
       11102  -5.66576338       2.28524137      0.972000003    
       11104  -5.62175131       2.50662017      0.972000003    
       11106  -5.66040850       2.35907102      0.972000003    
       11108  -5.71943855       2.11475372      0.972000003    
       11110  -5.71699429       2.04400373      0.972000003    
       11112  -5.59039354       2.75432396      0.972000003    
       11114  -5.73264742       2.12750244      0.972000003    
       11116  -5.64454556       2.35039163      0.972000003    
       11118  -5.74735546       1.99324715      0.972000003    
       11120  -5.71341515       2.19304371      0.972000003    
       11122  -5.58071756       2.85856009      0.972000003    
       11124  -5.60241079       2.97021198      0.972000003    
       11126  -5.66712189       2.56950521      0.972000003    
       11128  -5.74951744       2.02139831      0.972000003    
       11130  -5.74008083       2.44555736      0.972000003    
       11132  -5.68622398       2.58954716      0.972000003    
       11134  -5.56809711       3.34088206      0.972000003    
       11136  -5.64117813       2.82256508      0.972000003    
       11138  -5.56415033       3.37822366      0.972000003    
       11140  -5.58369637       3.18285251      0.972000003    
       11142  -5.55753660       2.96537304      0.959999979    
       11144  -5.60543919       2.85672379      0.959999979    
       11146  -5.60829210       2.65381384      0.959999979    
       11148  -5.68274736       1.97524250      0.959999979    
       11150  -5.63382578       2.28113365      0.959999979    
       11152  -5.63623714       2.40286350      0.959999979    
       11154  -5.62274694       2.36325550      0.959999979    
       11156  -5.69254827       2.06599927      0.959999979    
       11158  -5.70442772       1.84735250      0.959999979    
       11160  -5.58879089       2.58449912      0.959999979    
       11162  -5.59992599       2.42270899      0.959999979    
       11164  -5.65685463       1.93670535      0.959999979    
       11166  -5.50991917       2.45563030      0.959999979    
       11168  -5.61212921       2.15747428      0.959999979    
       11170  -5.62910175       2.42354155      0.959999979    
       11172  -5.55000877       2.55527234      0.959999979    
       11174  -5.55982637       2.57828236      0.959999979    
       11176  -5.50985432       3.07632565      0.959999979    
       11178  -5.55164862       2.75237179      0.959999979    
       11180  -5.50536633       3.03044748      0.959999979    
       11182  -5.47810936       3.17749190      0.959999979    
       11184  -5.52326965       2.85204816      0.959999979    
       11186  -5.56531858       3.02607393      0.959999979    
       11188  -5.54072475       3.00230527      0.959999979    
       11190  -5.57261801       2.48533797      0.959999979    
       11192  -5.65018892       1.71312010      0.959999979    
       11194  -5.64768124       1.88233030      0.959999979    
       11196  -5.55178690       2.23228741      0.959999979    
       11198  -5.55086946       2.29462886      0.959999979    
       11200  -5.63318682       1.67317557      0.959999979    
       11202  -5.68621826       1.44249797      0.959999979    
       11204  -5.65775585       1.53296876      0.959999979    
       11206  -5.50590181       2.52103710      0.959999979    
       11208  -5.63581038       1.84392297      0.959999979    
       11210  -5.58875084       1.99090767      0.959999979    
       11212  -5.32616568       3.34848046      0.959999979    
       11214  -5.37005281       3.04272699      0.959999979    
       11216  -5.54995441       1.95613897      0.959999979    
       11218  -5.66620493       1.39454663      0.959999979    
       11220  -5.70023394       1.30364656      0.959999979    
       11222  -5.71302128       1.23015618      0.959999979    
       11224  -5.62056160       1.96820939      0.959999979    
       11226  -5.61998749       2.26506019      0.959999979    
       11228  -5.58138704       2.38643885      0.959999979    
       11230  -5.57003498       2.30969715      0.959999979    
       11232  -5.52197075       2.29349732      0.959999979    
       11234  -5.52961922       2.22813869      0.959999979    
       11236  -5.53740501       2.01668859      0.959999979    
       11238  -5.51284456       2.10742688      0.959999979    
       11240  -5.48343039       2.15794802      0.959999979    
       11242  -5.61240196       1.67447722      0.959999979    
       11244  -5.62104511       1.72316682      0.959999979    
       11246  -5.69809151       1.23461497      0.959999979    
       11248  -5.75240088       1.04170477      0.959999979    
       11250  -5.71377659       1.11741662      0.959999979    
       11252  -5.75953817       1.17268443      0.959999979    
       11254  -5.73922396       1.42910373      0.959999979    
       11256  -5.71073627       1.43147838      0.959999979    
       11258  -5.56722546       2.22747636      0.959999979    
       11260  -5.59686232       2.00424600      0.959999979    
       11262  -5.65329266       1.58753204      0.959999979    
       11264  -5.63512087       1.93143070      0.959999979    
       11266  -5.59117794       2.06987262      0.959999979    
       11268  -5.68037558       1.56638861      0.959999979    
       11270  -5.65237093       1.48949265      0.959999979    
       11272  -5.58856487       1.73210061      0.959999979    
       11274  -5.66716194       1.43255687      0.959999979    
       11276  -5.52703619       1.95280766      0.959999979    
       11278  -5.54020596       1.90168011      0.959999979    
       11280  -5.64850426       1.43889940      0.959999979    
       11282  -5.67612410       1.34514928      0.959999979    
       11284  -5.74956846       1.37016249      0.959999979    
       11286  -5.60305691       2.35928917      0.959999979    
       11288  -5.51846790       2.74386096      0.959999979    
       11290  -5.49031115       2.60351396      0.959999979    
       11292  -5.62959671       1.81071079      0.959999979    
       11294  -5.56794786       2.39940119      0.959999979    
       11296  -5.52019262       2.83587360      0.959999979    
       11298  -5.28083038       3.82863617      0.959999979    
       11300  -5.34489298       3.73504949      0.959999979    
       11302  -5.32499456       3.46780038      0.959999979    
       11304  -5.41318178       3.17814302      0.959999979    
       11306  -5.62524223       2.16999292      0.959999979    
       11308  -5.66680431       1.81357098      0.959999979    
       11310  -5.66530323       1.84667945      0.959999979    
       11312  -5.71569777       1.64964938      0.959999979    
       11314  -5.57837534       2.41064835      0.959999979    
       11316  -5.61118078       2.35646558      0.959999979    
       11318  -5.73957872       1.51699626      0.959999979    
       11320  -5.67314291       1.79118752      0.959999979    
       11322  -5.53612709       2.47291207      0.959999979    
       11324  -5.57054329       2.40328336      0.959999979    
       11326  -5.75058413       1.45930707      0.959999979    
       11328  -5.59561539       2.19671321      0.959999979    
       11330  -5.65374517       1.99761558      0.959999979    
       11332  -5.61411238       2.09872651      0.959999979    
       11334  -5.65518522       2.04999661      0.959999979    
       11336  -5.71662521       1.61381364      0.959999979    
       11338  -5.71327353       1.31450236      0.959999979    
       11340  -5.87202358      0.590751231      0.959999979    
       11342  -5.86396694      0.654071748      0.959999979    
       11344  -5.71541643       1.32753813      0.959999979    
       11346  -5.71720695       1.43871868      0.959999979    
       11348  -5.63825893       1.62290049      0.959999979    
       11350  -5.74184036       1.23057842      0.959999979    
       11352  -5.62369013       1.83060575      0.959999979    
       11354  -5.60712337       1.85083675      0.959999979    
       11356  -5.61923170       1.69925785      0.959999979    
       11358  -5.58197165       2.12288904      0.959999979    
       11360  -5.47514057       2.82221818      0.959999979    
       11362  -5.62257385       2.30446362      0.959999979    
       11364  -5.62080383       2.16491270      0.959999979    
       11366  -5.58200645       2.35246539      0.959999979    
       11368  -5.59854078       2.21425223      0.959999979    
       11370  -5.55549049       2.45885921      0.959999979    
       11372  -5.47903967       3.06118250      0.959999979    
       11374  -5.66843128       1.86426878      0.959999979    
       11376  -5.58278990       2.10568094      0.959999979    
       11378  -5.58543205       2.28441334      0.959999979    
       11380  -5.71541357       1.29007506      0.959999979    
       11382  -5.69298124       1.52362096      0.959999979    
       11384  -5.65938282       1.85552371      0.959999979    
       11386  -5.78910875       1.33069992      0.959999979    
       11388  -5.64984703       2.13261604      0.959999979    
       11390  -5.67987251       2.13534045      0.959999979    
       11392  -5.70308495       1.69848323      0.959999979    
       11394  -5.65970087       1.78238451      0.959999979    
       11396  -5.60143757       2.09601116      0.959999979    
       11398  -5.67276144       1.72661352      0.959999979    
       11400  -5.73511744       1.46717274      0.959999979    
       11402  -5.72976971       1.65773642      0.959999979    
       11404  -5.69090605       1.79043138      0.959999979    
       11406  -5.53905630       2.39128280      0.959999979    
       11408  -5.63631821       2.03538442      0.959999979    
       11410  -5.63862801       2.07219362      0.959999979    
       11412  -5.64520597       2.16950369      0.959999979    
       11414  -5.62688971       2.55561018      0.959999979    
       11416  -5.65073013       2.39402413      0.959999979    
       11418  -5.66200686       2.31696391      0.959999979    
       11420  -5.58302975       2.67211771      0.959999979    
       11422  -5.64603901       2.46823883      0.959999979    
       11424  -5.56152821       2.83550739      0.959999979    
       11426  -5.58998060       2.61087823      0.959999979    
       11428  -5.55379677       2.85236096      0.959999979    
       11430  -5.65373373       2.39973474      0.959999979    
       11432  -5.56947756       2.76775455      0.959999979    
       11434  -5.67138100       2.26258254      0.959999979    
       11436  -5.63329029       2.29833531      0.959999979    
       11438  -5.61677885       2.36081767      0.959999979    
       11440  -5.58374166       2.22999883      0.959999979    
       11442  -5.64180756       1.95845366      0.959999979    
       11444  -5.53829145       2.62514830      0.959999979    
       11446  -5.51035023       2.75417137      0.959999979    
       11448  -5.53194714       2.79904795      0.959999979    
       11450  -5.50930882       3.02691364      0.959999979    
       11452  -5.59872484       2.34052944      0.959999979    
       11454  -5.54651833       2.71686292      0.959999979    
       11456  -5.58675289       2.66874051      0.959999979    
       11458  -5.54222822       2.73311901      0.959999979    
       11460  -5.48853683       3.02626252      0.959999979    
       11462  -5.53629255       2.60252047      0.959999979    
       11464  -5.56911516       2.31477785      0.959999979    
       11466  -5.60072851       2.31619835      0.959999979    
       11468  -5.61102343       2.28091002      0.959999979    
       11470  -5.51310492       2.74772763      0.959999979    
       11472  -5.59559298       2.12495065      0.959999979    
       11474  -5.52240038       2.38548064      0.959999979    
       11476  -5.57185078       2.25034165      0.959999979    
       11478  -5.52641869       2.55549550      0.959999979    
       11480  -5.42741632       2.89163470      0.959999979    
       11482  -5.47024012       2.67150235      0.959999979    
       11484  -5.59934473       1.88204181      0.959999979    
       11486  -5.52044582       2.11965680      0.959999979    
       11488  -5.53346539       2.05672717      0.959999979    
       11490  -5.65861320       1.67468321      0.959999979    
       11492  -5.52886581       2.30430818      0.959999979    
       11494  -5.49059772       2.36494732      0.959999979    
       11496  -5.56526518       1.82449651      0.959999979    
       11498  -5.44381189       2.21288610      0.959999979    
       11500  -5.59553242       1.54904473      0.959999979    
       11502  -5.63658428       1.53175581      0.959999979    
       11504  -5.61017656       1.98469484      0.959999979    
       11506  -5.63582420       2.06527948      0.959999979    
       11508  -5.44965124       2.87047482      0.959999979    
       11510  -5.47288132       2.64649701      0.959999979    
       11512  -5.59096956       2.15077782      0.959999979    
       11514  -5.68631220       1.61238825      0.959999979    
       11516  -5.68732977       1.64823639      0.959999979    
       11518  -5.58726406       2.20802569      0.959999979    
       11520  -5.75321054       1.33638430      0.959999979    
       11522  -5.68117857       1.68210316      0.959999979    
       11524  -5.62222099       1.85313022      0.959999979    
       11526  -5.66009760       1.77380621      0.959999979    
       11528  -5.61179972       1.94048917      0.959999979    
       11530  -5.47711468       2.56508756      0.959999979    
       11532  -5.37310553       3.29483771      0.959999979    
       11534  -5.51998472       2.62267613      0.959999979    
       11536  -5.45577145       2.89920640      0.959999979    
       11538  -5.63885164       1.94719434      0.959999979    
       11540  -5.63257980       1.89069057      0.959999979    
       11542  -5.50097990       2.43266940      0.959999979    
       11544  -5.47291994       2.48038936      0.959999979    
       11546  -5.43689251       2.72668695      0.959999979    
       11548  -5.41565895       3.11217904      0.959999979    
       11550  -5.46553516       2.68472743      0.959999979    
       11552  -5.50433540       2.50786901      0.959999979    
       11554  -5.52356768       2.53639078      0.959999979    
       11556  -5.59718800       2.14513326      0.959999979    
       11558  -5.54361820       2.35549498      0.959999979    
       11560  -5.58255529       1.73297668      0.959999979    
       11562  -5.59589434       1.64979172      0.959999979    
       11564  -5.54139853       1.84139085      0.959999979    
       11566  -5.60640287       1.61093342      0.959999979    
       11568  -5.51310539       2.23673749      0.959999979    
       11570  -5.60783768       1.69088447      0.959999979    
       11572  -5.59869194       1.84159338      0.959999979    
       11574  -5.66391754       1.67294765      0.959999979    
       11576  -5.57131290       2.35849237      0.959999979    
       11578  -5.55341339       2.33939147      0.959999979    
       11580  -5.58026171       2.13920069      0.959999979    
       11582  -5.44305134       2.91678333      0.959999979    
       11584  -5.36442757       3.45693016      0.959999979    
       11586  -5.53828096       2.44658804      0.959999979    
       11588  -5.51051378       2.50425673      0.959999979    
       11590  -5.40119123       3.15137815      0.959999979    
       11592  -5.45839119       2.84188128      0.959999979    
       11594  -5.69505692       1.77509296      0.959999979    
       11596  -5.49271965       2.74892044      0.959999979    
       11598  -5.50025797       2.54745507      0.959999979    
       11600  -5.38600779       3.39121342      0.959999979    
       11602  -5.57962275       2.36559844      0.959999979    
       11604  -5.54978037       2.57320976      0.959999979    
       11606  -5.56484747       2.72661877      0.959999979    
       11608  -5.52639771       2.79264903      0.959999979    
       11610  -5.45259666       3.31331229      0.959999979    
       11612  -5.30242920       3.88426781      0.959999979    
       11614  -5.48123503       2.93312907      0.959999979    
       11616  -5.36063385       3.45956302      0.959999979    
       11618  -5.46804523       2.77716708      0.959999979    
       11620  -5.48918819       2.53438354      0.959999979    
       11622  -5.41302347       2.88035417      0.959999979    
       11624  -5.52243233       2.62483859      0.959999979    
       11626  -5.46529388       2.60050988      0.948000014    
       11628  -5.24358892       3.66124249      0.948000014    
       11630  -5.17813540       3.99446750      0.948000014    
       11632  -5.60480642       2.07177877      0.948000014    
       11634  -5.61492395       1.73270154      0.948000014    
       11636  -5.59068823       1.93959832      0.948000014    
       11638  -5.61758232       1.77628589      0.948000014    
       11640  -5.61795759       1.97487271      0.948000014    
       11642  -5.60379314       1.95997488      0.948000014    
       11644  -5.76295710       1.23420084      0.948000014    
       11646  -5.75664711       1.00147581      0.948000014    
       11648  -5.63433981       1.70373070      0.948000014    
       11650  -5.68543482       1.62379980      0.948000014    
       11652  -5.59838343       2.15008140      0.948000014    
       11654  -5.58018923       2.21123075      0.948000014    
       11656  -5.62204218       1.84006882      0.948000014    
       11658  -5.67210054       1.53354049      0.948000014    
       11660  -5.63774490       1.62782741      0.948000014    
       11662  -5.72922182       1.40924633      0.948000014    
       11664  -5.62164593       1.96178365      0.948000014    
       11666  -5.54221821       2.30357718      0.948000014    
       11668  -5.50020933       3.36286402      0.959999979    
       11670  -5.60028315       2.66442966      0.959999979    
       11672  -5.57001162       2.75891280      0.959999979    
       11674  -5.71898890       2.23918152      0.959999979    
       11676  -5.73015165       2.17205858      0.959999979    
       11678  -5.66513252       2.41941237      0.959999979    
       11680  -5.68668604       2.33226132      0.959999979    
       11682  -5.74609804       2.26673770      0.959999979    
       11684  -5.69581175       2.73923397      0.959999979    
       11686  -5.64058304       2.79758167      0.959999979    
       11688  -5.64195824       2.86834431      0.959999979    
       11690  -5.51122046       3.68861604      0.959999979    
       11692  -5.59035301       3.11252284      0.959999979    
       11694  -5.60715342       2.96818256      0.959999979    
       11696  -5.66851187       2.37055397      0.959999979    
       11698  -5.69475937       1.85300958      0.959999979    
       11700  -5.56081963       2.72058201      0.959999979    
       11702  -5.65713358       1.89490712      0.959999979    
       11704  -5.60350323       2.09498978      0.959999979    
       11706  -5.62017155       1.69887471      0.959999979    
       11708  -5.82294035       1.15106535      0.959999979    
       11710  -5.78798580       1.39406896      0.959999979    
       11712  -5.77976370       1.48978150      0.959999979    
       11714  -5.72739887       2.04117966      0.959999979    
       11716  -5.60281706       2.52787590      0.959999979    
       11718  -5.52630472       3.03164721      0.959999979    
       11720  -5.69857740       2.24774098      0.959999979    
       11722  -5.65923882       2.26522732      0.959999979    
       11724  -5.70367670       2.10653782      0.959999979    
       11726  -5.75117111       1.49144268      0.959999979    
       11728  -5.74244976       1.36583090      0.959999979    
       11730  -5.65020800       2.06631756      0.959999979    
       11732  -5.68159676       1.78324521      0.959999979    
       11734  -5.68035889       1.96802688      0.959999979    
       11736  -5.75823450       1.61678362      0.959999979    
       11738  -5.81165218       1.29737616      0.959999979    
       11740  -5.84161901       1.26208377      0.959999979    
       11742  -5.68298674       1.83803046      0.959999979    
       11744  -5.71760845       1.66010630      0.959999979    
       11746  -5.59460497       2.41613555      0.959999979    
       11748  -5.54818630       2.48592281      0.959999979    
       11750  -5.58831358       2.25194430      0.959999979    
       11752  -5.72968817       1.70864105      0.959999979    
       11754  -5.59230518       2.24379683      0.959999979    
       11756  -5.57916451       2.24898028      0.959999979    
       11758  -5.61131239       2.13621998      0.959999979    
       11760  -5.56673574       2.55642152      0.959999979    
       11762  -5.52691460       2.91614294      0.959999979    
       11764  -5.60019159       2.46195650      0.959999979    
       11766  -5.77082586       1.37803388      0.959999979    
       11768  -5.74418449       1.09741139      0.959999979    
       11770  -5.55056620       2.08497214      0.959999979    
       11772  -5.62885237       1.56969202      0.959999979    
       11774  -5.64881992       1.31175435      0.959999979    
       11776  -5.63898230       1.35996115      0.959999979    
       11778  -5.52844572       2.01250052      0.959999979    
       11780  -5.51098442       2.03124928      0.959999979    
       11782  -5.50425768       2.07749510      0.959999979    
       11784  -5.58030510       1.59576035      0.959999979    
       11786  -5.71241522       1.23872769      0.959999979    
       11788  -5.61344242       1.81583703      0.959999979    
       11790  -5.55232334       1.95606279      0.959999979    
       11792  -5.57639885       2.09985638      0.959999979    
       11794  -5.65119696       1.83329248      0.959999979    
       11796  -5.67450619       1.53711355      0.959999979    
       11798  -5.66398859       1.35130179      0.959999979    
       11800  -5.67201853       1.54110026      0.959999979    
       11802  -5.65662670       1.48251677      0.959999979    
       11804  -5.66213036       1.37614262      0.959999979    
       11806  -5.60271788       1.69134533      0.959999979    
       11808  -5.48615265       2.03360176      0.959999979    
       11810  -5.55598116       1.71397996      0.959999979    
       11812  -5.52504110       1.95619130      0.959999979    
       11814  -5.48316193       1.84766459      0.959999979    
       11816  -5.57488155       1.49441934      0.959999979    
       11818  -5.44015360       2.46658301      0.959999979    
       11820  -5.52401781       1.82997966      0.959999979    
       11822  -5.51495743       1.92337370      0.959999979    
       11824  -5.65201712       1.19961476      0.959999979    
       11826  -5.59383106       1.57633984      0.959999979    
       11828  -5.56473255       2.01541376      0.959999979    
       11830  -5.73917961       1.10980451      0.959999979    
       11832  -5.74855137       1.02938986      0.959999979    
       11834  -5.58038521       1.71781611      0.959999979    
       11836  -5.59437799       1.66360772      0.959999979    
       11838  -5.69017315       1.23348343      0.959999979    
       11840  -5.74749660      0.653306603      0.959999979    
       11842  -5.75469542      0.702771246      0.959999979    
       11844  -5.72203779       1.03201866      0.959999979    
       11846  -5.80409718      0.797016144      0.959999979    
       11848  -5.82506275      0.606645644      0.959999979    
       11850  -5.72562647      0.918998718      0.959999979    
       11852  -5.79734516      0.729309201      0.959999979    
       11854  -5.87998915      0.219668701      0.959999979    
       11856  -5.77878380      0.889926434      0.959999979    
       11858  -5.75078297       1.27999496      0.959999979    
       11860  -5.76414013       1.03881204      0.959999979    
       11862  -5.72094202       1.57066739      0.959999979    
       11864  -5.88522339      0.845127046      0.959999979    
       11866  -5.79833317       1.32243538      0.959999979    
       11868  -5.73651123       1.80819714      0.959999979    
       11870  -5.79701471       1.35702837      0.959999979    
       11872  -5.78939533       1.67127025      0.959999979    
       11874  -5.66944599       2.22958493      0.959999979    
       11876  -5.80112219       1.34490800      0.959999979    
       11878  -5.73084545       1.86981976      0.959999979    
       11880  -5.68151569       1.71501279      0.959999979    
       11882  -5.76743507       1.53515077      0.959999979    
       11884  -5.86024666       1.24144816      0.959999979    
       11886  -5.75459862       1.68432593      0.959999979    
       11888  -5.83193684       1.30110013      0.959999979    
       11890  -5.80919075       1.43274295      0.959999979    
       11892  -5.70515442       1.74662066      0.959999979    
       11894  -5.74245977       1.66408944      0.959999979    
       11896  -5.76444674       1.07335389      0.959999979    
       11898  -5.74035358       1.14492524      0.959999979    
       11900  -5.82766819      0.488984913      0.959999979    
       11902  -5.79826212      0.677773952      0.959999979    
       11904  -5.69218636       1.27630138      0.959999979    
       11906  -5.62586498       1.80995917      0.959999979    
       11908  -5.55702782       1.96650755      0.959999979    
       11910  -5.65845013       1.31103623      0.959999979    
       11912  -5.58321476       1.60502553      0.959999979    
       11914  -5.56254768       1.69485021      0.959999979    
       11916  -5.57730198       1.84891975      0.959999979    
       11918  -5.58992052       1.73709571      0.959999979    
       11920  -5.56253481       1.87572122      0.959999979    
       11922  -5.60385180       1.53797269      0.959999979    
       11924  -5.61753273       1.50829244      0.959999979    
       11926  -5.66262579       1.18498027      0.959999979    
       11928  -5.72672033       1.16722393      0.959999979    
       11930  -5.65026903       1.61685693      0.959999979    
       11932  -5.67536306       1.61703813      0.959999979    
       11934  -5.71323824       1.52003729      0.959999979    
       11936  -5.66737366       1.84627867      0.959999979    
       11938  -5.74891424       1.52850652      0.959999979    
       11940  -5.68481731       1.67986727      0.959999979    
       11942  -5.65541029       1.84706557      0.959999979    
       11944  -5.75530529       1.10390913      0.959999979    
       11946  -5.69501209       1.64104772      0.959999979    
       11948  -5.75713682       1.23435974      0.959999979    
       11950  -5.74144077       1.14389586      0.959999979    
       11952  -5.64017677       2.25733972      0.959999979    
       11954  -5.70253944       1.76115513      0.959999979    
       11956  -5.73216867       1.44220054      0.959999979    
       11958  -5.71890163       1.37260199      0.959999979    
       11960  -5.53303671       2.29501057      0.959999979    
       11962  -5.61517096       2.16536498      0.959999979    
       11964  -5.55496550       2.36655140      0.959999979    
       11966  -5.60941887       2.04959106      0.959999979    
       11968  -5.57869148       2.23269105      0.959999979    
       11970  -5.56270790       2.66609049      0.959999979    
       11972  -5.51259899       2.84000611      0.959999979    
       11974  -5.50953293       2.68517160      0.959999979    
       11976  -5.53122997       2.52448249      0.959999979    
       11978  -5.49026346       2.86704516      0.959999979    
       11980  -5.59184790       2.08747482      0.959999979    
       11982  -5.69049406       1.46060729      0.959999979    
       11984  -5.73330355       1.45825219      0.959999979    
       11986  -5.69112635       1.57411802      0.959999979    
       11988  -5.61057329       1.85142314      0.959999979    
       11990  -5.66999388       1.43404531      0.959999979    
       11992  -5.64583635       1.62331200      0.959999979    
       11994  -5.62693739       1.60167611      0.959999979    
       11996  -5.56136751       2.08087277      0.959999979    
       11998  -5.60538483       1.94985104      0.959999979    
       12000  -5.58744669       2.15311289      0.959999979    
       12002  -5.57873869       1.92510831      0.959999979    
       12004  -5.64094257       1.52987468      0.959999979    
       12006  -5.62724924       1.75671613      0.959999979    
       12008  -5.51281881       2.21993637      0.959999979    
       12010  -5.50291920       2.50698876      0.959999979    
       12012  -5.62245178       1.88285065      0.959999979    
       12014  -5.67630768       1.59975195      0.959999979    
       12016  -5.68298054       1.57884347      0.959999979    
       12018  -5.73070288       1.80884182      0.959999979    
       12020  -5.72227001       1.57894230      0.959999979    
       12022  -5.68949127       1.66112828      0.959999979    
       12024  -5.63744688       1.97795403      0.959999979    
       12026  -5.69635344       1.74615562      0.959999979    
       12028  -5.69083500       1.66660452      0.959999979    
       12030  -5.69436264       1.64752364      0.959999979    
       12032  -5.73160076       1.42596495      0.959999979    
       12034  -5.65288210       1.61697006      0.959999979    
       12036  -5.67414761       1.41505718      0.959999979    
       12038  -5.63751268       1.46558809      0.959999979    
       12040  -5.68910980       1.28296149      0.959999979    
       12042  -5.62657309       1.43124282      0.959999979    
       12044  -5.78942251      0.608713865      0.959999979    
       12046  -5.67707396       1.26617062      0.959999979    
       12048  -5.74351883       1.11440623      0.959999979    
       12050  -5.80241919      0.654326737      0.959999979    
       12052  -5.75808096      0.864745855      0.959999979    
       12054  -5.55642509       1.98920500      0.959999979    
       12056  -5.54873371       2.12038016      0.959999979    
       12058  -5.57331705       2.05595207      0.959999979    
       12060  -5.46996689       2.52183366      0.959999979    
       12062  -5.44275379       2.90788937      0.959999979    
       12064  -5.58913851       2.09388041      0.959999979    
       12066  -5.66948175       1.53701890      0.959999979    
       12068  -5.62670231       1.90093482      0.959999979    
       12070  -5.60320997       1.93731880      0.959999979    
       12072  -5.70655584       1.41968358      0.959999979    
       12074  -5.74433756       1.13291860      0.959999979    
       12076  -5.64739370       1.57158673      0.959999979    
       12078  -5.72120237       1.47441101      0.959999979    
       12080  -5.59379292       2.04109621      0.959999979    
       12082  -5.47128677       3.04249501      0.959999979    
       12084  -5.59380627       2.51705432      0.959999979    
       12086  -5.65815353       1.96270144      0.959999979    
       12088  -5.60911655       2.09414554      0.959999979    
       12090  -5.67123222       1.82942319      0.959999979    
       12092  -5.72944689       1.68117988      0.959999979    
       12094  -5.66859055       2.10381699      0.959999979    
       12096  -5.78786373       1.58671820      0.959999979    
       12098  -5.83691406       1.15820551      0.959999979    
       12100  -5.67026329       1.71729910      0.959999979    
       12102  -5.61245966       2.10358000      0.959999979    
       12104  -5.72199059       1.68513107      0.959999979    
       12106  -5.65945578       1.97640789      0.959999979    
       12108  -5.69067574       1.87761843      0.959999979    
       12110  -5.70569181       1.87932515      0.959999979    
       12112  -5.67364025       1.71764457      0.959999979    
       12114  -5.66506147       1.72929549      0.959999979    
       12116  -5.60629892       1.93182373      0.959999979    
       12118  -5.54484749       2.16082311      0.959999979    
       12120  -5.54424381       2.12704015      0.959999979    
       12122  -5.51760674       2.43952489      0.959999979    
       12124  -5.58660793       2.32189941      0.959999979    
       12126  -5.49352169       2.77772307      0.959999979    
       12128  -5.44012213       3.40872526      0.959999979    
       12130  -5.39495230       3.64609504      0.959999979    
       12132  -5.51756620       2.95522070      0.959999979    
       12134  -5.57640886       2.39533806      0.959999979    
       12136  -5.54259777       2.46920490      0.959999979    
       12138  -5.52698946       2.69023180      0.959999979    
       12140  -5.56541967       2.54889083      0.959999979    
       12142  -5.48391056       2.96809316      0.959999979    
       12144  -5.48002720       2.75757146      0.959999979    
       12146  -5.38388681       3.09646153      0.959999979    
       12148  -5.51397371       2.31324601      0.959999979    
       12150  -5.44094133       2.55719376      0.959999979    
       12152  -5.45472336       2.58980465      0.959999979    
       12154  -5.45140314       2.47179914      0.959999979    
       12156  -5.42058039       2.65716600      0.959999979    
       12158  -5.34876871       3.11091948      0.959999979    
       12160  -5.40369606       2.90697408      0.959999979    
       12162  -5.36710691       3.15857840      0.959999979    
       12164  -5.47144842       2.51403403      0.959999979    
       12166  -5.34777355       3.39968133      0.959999979    
       12168  -5.45262003       2.99233198      0.959999979    
       12170  -5.67129660       1.70042729      0.959999979    
       12172  -5.49068928       2.74378753      0.959999979    
       12174  -5.37248659       3.38382697      0.959999979    
       12176  -5.55346823       2.27086091      0.959999979    
       12178  -5.59889889       1.90726399      0.959999979    
       12180  -5.52012491       2.22535419      0.959999979    
       12182  -5.36836100       2.96492457      0.959999979    
       12184  -5.50957060       2.25826287      0.959999979    
       12186  -5.53335476       2.05330467      0.959999979    
       12188  -5.55124140       1.94184709      0.959999979    
       12190  -5.56829500       1.71688223      0.959999979    
       12192  -5.56290054       1.73308766      0.959999979    
       12194  -5.59558868       1.60249233      0.959999979    
       12196  -5.57182884       1.54651070      0.959999979    
       12198  -5.58902311       1.53969765      0.959999979    
       12200  -5.51078129       1.94115257      0.959999979    
       12202  -5.52647638       1.89749265      0.959999979    
       12204  -5.55556917       2.00250244      0.959999979    
       12206  -5.61483049       1.80296838      0.959999979    
       12208  -5.63770008       1.75446284      0.959999979    
       12210  -5.68969297       1.58702242      0.959999979    
       12212  -5.69465923       1.53323758      0.959999979    
       12214  -5.57147789       2.31832910      0.959999979    
       12216  -5.62783003       1.96312022      0.959999979    
       12218  -5.53085852       2.45148277      0.959999979    
       12220  -5.54138660       2.64493918      0.959999979    
       12222  -5.60199690       2.28153682      0.959999979    
       12224  -5.69885540       2.08254123      0.959999979    
       12226  -5.62783241       2.39407802      0.959999979    
       12228  -5.51813221       2.93140531      0.959999979    
       12230  -5.57418251       2.69791746      0.959999979    
       12232  -5.58567333       3.24031949      0.972000003    
       12234  -5.61811829       3.15518737      0.972000003    
       12236  -5.52206230       3.48868418      0.972000003    
       12238  -5.50609303       3.67298579      0.972000003    
       12240  -5.51803160       3.52128863      0.972000003    
       12242  -5.68084669       2.83276176      0.972000003    
       12244  -5.63617229       2.87101197      0.972000003    
       12246  -5.73260117       2.39769554      0.972000003    
       12248  -5.62486315       2.98495173      0.972000003    
       12250  -5.65030384       2.72740412      0.972000003    
       12252  -5.67073631       2.54226542      0.972000003    
       12254  -5.72027540       2.43475413      0.972000003    
       12256  -5.72445202       2.42455006      0.972000003    
       12258  -5.75065660       2.19868088      0.972000003    
       12260  -5.57540560       3.10997868      0.972000003    
       12262  -5.62704468       3.06671166      0.972000003    
       12264  -5.59959412       3.16736507      0.972000003    
       12266  -5.73100662       2.33969259      0.972000003    
       12268  -5.81342316       1.58668494      0.972000003    
       12270  -5.75235319       2.30591297      0.972000003    
       12272  -5.77497816       2.30184436      0.972000003    
       12274  -5.73841333       2.58332610      0.972000003    
       12276  -5.76257801       2.37116122      0.972000003    
       12278  -5.73749113       2.28444171      0.972000003    
       12280  -5.70123434       2.54402590      0.972000003    
       12282  -5.72671080       2.21615291      0.972000003    
       12284  -5.61161613       2.81378341      0.972000003    
       12286  -5.64253712       2.56607461      0.972000003    
       12288  -5.72760344       2.38423681      0.972000003    
       12290  -5.90829182       1.17373621      0.972000003    
       12292  -5.89680624      0.993485928      0.972000003    
       12294  -5.84299183       1.59178162      0.972000003    
       12296  -5.77619457       2.05209804      0.972000003    
       12298  -5.72847748       2.47148371      0.972000003    
       12300  -5.79460669       2.21922493      0.972000003    
       12302  -5.71374941       2.55481791      0.972000003    
       12304  -5.72915411       2.63836622      0.972000003    
       12306  -5.87200689       1.92240286      0.972000003    
       12308  -5.83255386       2.11803842      0.972000003    
       12310  -5.82619572       1.93034101      0.972000003    
       12312  -5.83747816       1.96924829      0.972000003    
       12314  -5.77714300       2.24854255      0.972000003    
       12316  -5.81601048       1.86876583      0.972000003    
       12318  -5.69380713       2.43851447      0.972000003    
       12320  -5.76112509       2.21217704      0.972000003    
       12322  -5.74939537       1.97956705      0.972000003    
       12324  -5.68739367       2.46784902      0.972000003    
       12326  -5.68734837       2.32037950      0.972000003    
       12328  -5.71911764       2.17331767      0.972000003    
       12330  -5.74153471       2.12347555      0.972000003    
       12332  -5.70855761       2.51172161      0.972000003    
       12334  -5.69875145       2.53620434      0.972000003    
       12336  -5.86748791       1.42208576      0.972000003    
       12338  -5.85897923       1.34994066      0.972000003    
       12340  -5.87271452       1.38024628      0.972000003    
       12342  -5.80432081       1.79590189      0.972000003    
       12344  -5.80799055       1.62041080      0.972000003    
       12346  -5.73438263       2.32482481      0.972000003    
       12348  -5.65914059       2.48022079      0.972000003    
       12350  -5.59476423       2.97894335      0.972000003    
       12352  -5.48971796       3.37426448      0.972000003    
       12354  -5.53028154       3.59914970      0.972000003    
       12356  -5.58166075       2.94511414      0.972000003    
       12358  -5.64577198       2.56590390      0.972000003    
       12360  -5.73022795       2.13540268      0.972000003    
       12362  -5.62707663       3.03011751      0.972000003    
       12364  -5.56449747       3.41993213      0.972000003    
       12366  -5.63631153       2.75758839      0.972000003    
       12368  -5.59084320       3.01268291      0.972000003    
       12370  -5.57921600       3.02170181      0.972000003    
       12372  -5.64495611       2.69865751      0.972000003    
       12374  -5.78781414       1.87997282      0.972000003    
       12376  -5.73179770       2.32837296      0.972000003    
       12378  -5.85664082       1.49249971      0.972000003    
       12380  -5.68979883       2.17853355      0.972000003    
       12382  -5.72352648       2.15404773      0.972000003    
       12384  -5.72481346       1.94490230      0.972000003    
       12386  -5.76827478       1.75879276      0.972000003    
       12388  -5.75438213       1.90580940      0.972000003    
       12390  -5.79817820       1.83109713      0.972000003    
       12392  -5.83300066       1.55394280      0.972000003    
       12394  -5.84362364       1.42156708      0.972000003    
       12396  -5.85338402       1.30523920      0.972000003    
       12398  -5.82952785       1.49058986      0.972000003    
       12400  -5.85147810       1.27609658      0.972000003    
       12402  -5.80182362       1.49958074      0.972000003    
       12404  -5.76874638       1.85662854      0.972000003    
       12406  -5.69345999       2.45662880      0.972000003    
       12408  -5.53856659       3.26114488      0.972000003    
       12410  -5.55124426       3.23290133      0.972000003    
       12412  -5.54121590       3.02149558      0.972000003    
       12414  -5.80029631       1.75601876      0.972000003    
       12416  -5.60208321       2.54525876      0.972000003    
       12418  -5.66131210       2.36210942      0.972000003    
       12420  -5.70134401       2.09079576      0.972000003    
       12422  -5.68409729       2.45488930      0.972000003    
       12424  -5.81957245       1.66667485      0.972000003    
       12426  -5.78973675       1.86936855      0.972000003    
       12428  -5.76130056       2.19493604      0.972000003    
       12430  -5.73987341       2.07228136      0.972000003    
       12432  -5.83004379       1.76375985      0.972000003    
       12434  -5.74565792       2.52897573      0.984000027    
       12436  -5.72279644       2.78399372      0.984000027    
       12438  -5.73989916       2.55827427      0.984000027    
       12440  -5.75309324       2.44710064      0.984000027    
       12442  -5.81280518       2.25178170      0.984000027    
       12444  -5.92207432       1.79410648      0.984000027    
       12446  -5.88246346       2.09744287      0.984000027    
       12448  -5.78139544       2.60986185      0.984000027    
       12450  -5.93484402       1.83338988      0.984000027    
       12452  -5.90766668       2.03444815      0.984000027    
       12454  -5.83712626       2.47978997      0.984000027    
       12456  -5.89256430       2.10401559      0.984000027    
       12458  -5.87234163       2.78591418      0.984000027    
       12460  -5.84950018       2.56137180      0.984000027    
       12462  -5.84635305       2.70640850      0.984000027    
       12464  -5.77431583       3.06678414      0.984000027    
       12466  -5.87085104       2.43979931      0.984000027    
       12468  -5.84151983       2.65105081      0.984000027    
       12470  -5.77132130       2.88928676      0.984000027    
       12472  -5.82120895       2.44699645      0.972000003    
       12474  -5.87790155       2.15630078      0.972000003    
       12476  -5.82640314       2.60748816      0.972000003    
       12478  -5.66650772       3.42932868      0.972000003    
       12480  -5.90648794       2.26183867      0.972000003    
       12482  -5.84931660       2.78758001      0.972000003    
       12484  -5.80668831       2.78394794      0.972000003    
       12486  -5.80606556       2.72144055      0.972000003    
       12488  -5.89120960       2.35677552      0.972000003    
       12490  -5.84829044       2.54582024      0.972000003    
       12492  -5.77596998       2.61876869      0.972000003    
       12494  -5.82938910       1.94654584      0.972000003    
       12496  -5.77123356       2.62559891      0.972000003    
       12498  -5.73814678       2.70581579      0.972000003    
       12500  -5.73096895       3.00126457      0.972000003    
       12502  -5.67035389       3.25457668      0.972000003    
       12504  -5.69851446       3.08426595      0.972000003    
       12506  -5.68508577       3.09694147      0.972000003    
       12508  -5.77513838       2.85447216      0.972000003    
       12510  -5.86274624       2.28533268      0.972000003    
       12512  -5.90435553       2.09159923      0.972000003    
       12514  -5.85540867       2.69489408      0.972000003    
       12516  -5.82323074       2.54420662      0.972000003    
       12518  -5.83108091       2.79724216      0.972000003    
       12520  -5.84272671       2.56476426      0.972000003    
       12522  -5.85961914       2.43290663      0.972000003    
       12524  -5.70705700       3.41624022      0.972000003    
       12526  -5.66451979       3.60202050      0.972000003    
       12528  -5.61841440       3.80775762      0.972000003    
       12530  -5.78453827       3.01750422      0.972000003    
       12532  -5.71142673       3.58453321      0.972000003    
       12534  -5.77453852       3.29399967      0.972000003    
       12536  -5.72444868       3.82838035      0.972000003    
       12538  -5.86959648       3.01793432      0.972000003    
       12540  -5.84285355       3.24707007      0.972000003    
       12542  -5.71579552       3.80758476      0.972000003    
       12544  -5.72597647       3.57987857      0.972000003    
       12546  -5.78484488       3.12906694      0.972000003    
       12548  -5.71894646       3.83827639      0.972000003    
       12550  -5.74466372       3.66327190      0.972000003    
       12552  -5.73170996       3.44060278      0.972000003    
       12554  -5.82991266       2.95005965      0.972000003    
       12556  -5.94367695       2.23795319      0.972000003    
       12558  -5.91510773       2.34810233      0.972000003    
       12560  -5.88328981       2.54869676      0.972000003    
       12562  -5.93531704       2.35745406      0.972000003    
       12564  -5.85130167       2.52470994      0.972000003    
       12566  -5.92687035       2.31194735      0.972000003    
       12568  -5.87216997       2.66886282      0.972000003    
       12570  -5.97515917       1.96531045      0.972000003    
       12572  -6.00842428       1.62214017      0.972000003    
       12574  -5.83664083       2.37897539      0.972000003    
       12576  -5.70379210       3.08503556      0.972000003    
       12578  -5.77910233       2.64007068      0.972000003    
       12580  -5.60281944       3.44140959      0.972000003    
       12582  -5.66071129       3.06382418      0.972000003    
       12584  -5.73703337       3.23788285      0.972000003    
       12586  -5.76179600       2.94626927      0.972000003    
       12588  -5.78629255       2.92981124      0.972000003    
       12590  -5.81059790       2.54966927      0.972000003    
       12592  -5.58886433       3.70566702      0.972000003    
       12594  -5.65028381       3.15574956      0.972000003    
       12596  -5.79945326       2.23527527      0.972000003    
       12598  -5.61671400       3.20724368      0.972000003    
       12600  -5.83320522       1.96103072      0.972000003    
       12602  -5.77310562       2.32886481      0.972000003    
       12604  -5.84007311       1.91228175      0.972000003    
       12606  -5.82747364       1.81128931      0.972000003    
       12608  -5.76545763       2.08841968      0.972000003    
       12610  -5.82726479       1.93052578      0.972000003    
       12612  -5.86719942       1.90829217      0.972000003    
       12614  -5.87627125       1.73684728      0.972000003    
       12616  -5.90593147       1.67146003      0.972000003    
       12618  -5.98643494       1.29270387      0.972000003    
       12620  -5.89634848       1.64463508      0.972000003    
       12622  -5.81211567       2.25167561      0.972000003    
       12624  -5.93514585       1.47914004      0.972000003    
       12626  -5.90387964       1.59966183      0.972000003    
       12628  -5.81466961       2.00593615      0.972000003    
       12630  -5.71561003       2.67408109      0.972000003    
       12632  -5.76568556       2.10023379      0.972000003    
       12634  -5.73651743       2.28557253      0.972000003    
       12636  -5.68352365       2.63067245      0.972000003    
       12638  -5.53991365       3.56263518      0.972000003    
       12640  -5.68283749       2.81756115      0.972000003    
       12642  -5.60476828       3.20760322      0.972000003    
       12644  -5.70792246       2.81003737      0.972000003    
       12646  -5.78121614       2.18913794      0.972000003    
       12648  -5.83683681       1.98283374      0.972000003    
       12650  -5.79594040       2.09201574      0.972000003    
       12652  -5.67672968       2.51231170      0.972000003    
       12654  -5.60695314       2.96882915      0.972000003    
       12656  -5.65950108       2.67003632      0.972000003    
       12658  -5.72454834       2.57440376      0.972000003    
       12660  -5.75165892       2.56697106      0.972000003    
       12662  -5.74118662       3.05641437      0.972000003    
       12664  -5.69151926       3.57466626      0.972000003    
       12666  -5.77453899       3.36333752      0.972000003    
       12668  -5.88770771       2.77368140      0.972000003    
       12670  -5.86069918       2.76864481      0.972000003    
       12672  -5.87768316       2.52482390      0.972000003    
       12674  -5.88572025       2.79602385      0.972000003    
       12676  -5.88677979       2.79044127      0.972000003    
       12678  -5.98148060       2.00310826      0.972000003    
       12680  -5.76393366       3.48887730      0.972000003    
       12682  -5.74397850       3.72071242      0.972000003    
       12684  -5.93635798       2.63898516      0.972000003    
       12686  -5.87239170       2.67876124      0.972000003    
       12688  -5.80918169       3.19743443      0.972000003    
       12690  -5.70133543       3.96199036      0.972000003    
       12692  -5.73180103       3.62337494      0.972000003    
       12694  -5.82147312       3.06206822      0.972000003    
       12696  -5.80408812       3.09333658      0.972000003    
       12698  -5.84620810       2.81036592      0.972000003    
       12700  -5.90295744       2.37692165      0.972000003    
       12702  -5.93756390       2.40384912      0.972000003    
       12704  -5.90594387       2.62632513      0.972000003    
       12706  -5.92093039       2.49651861      0.972000003    
       12708  -5.80777740       3.15450406      0.972000003    
       12710  -5.85943651       2.62314582      0.972000003    
       12712  -5.80181408       2.80934453      0.972000003    
       12714  -5.93727207       1.93642151      0.972000003    
       12716  -5.85342169       2.62881780      0.972000003    
       12718  -5.75419474       3.01694036      0.972000003    
       12720  -5.89297628       2.35883689      0.972000003    
       12722  -5.86793852       2.39047647      0.972000003    
       12724  -5.88544941       2.10465407      0.972000003    
       12726  -5.86260939       2.45384669      0.972000003    
       12728  -5.86028910       2.47310829      0.972000003    
       12730  -5.88578129       2.61837435      0.972000003    
       12732  -5.79097700       3.32752848      0.984000027    
       12734  -5.86892509       2.74334168      0.984000027    
       12736  -5.95496416       2.08605623      0.972000003    
       12738  -5.91664505       1.84102583      0.972000003    
       12740  -5.86273909       2.03379107      0.972000003    
       12742  -5.87977695       1.99963212      0.972000003    
       12744  -5.88692570       2.04296517      0.972000003    
       12746  -5.93981266       1.80071831      0.972000003    
       12748  -5.89370871       2.11433434      0.972000003    
       12750  -5.85865307       1.91973531      0.972000003    
       12752  -5.77518272       2.53129935      0.972000003    
       12754  -5.86960125       2.09796214      0.972000003    
       12756  -5.90331602       1.72626972      0.972000003    
       12758  -5.91012478       1.53374338      0.972000003    
       12760  -5.95251846       1.58985710      0.972000003    
       12762  -6.01525116       1.08333862      0.972000003    
       12764  -6.08316088      0.843831182      0.972000003    
       12766  -6.10436392       1.23079145      0.972000003    
       12768  -5.96687984       1.79424727      0.972000003    
       12770  -6.09512472       1.04859543      0.972000003    
       12772  -5.79289770       2.28608894      0.972000003    
       12774  -6.07861996      0.894091725      0.972000003    
       12776  -6.00778246       1.57801056      0.972000003    
       12778  -5.94920158       1.88310695      0.972000003    
       12780  -5.85964203       2.53225279      0.972000003    
       12782  -5.89288378       2.52929711      0.972000003    
       12784  -6.04955339       1.74725652      0.972000003    
       12786  -5.98895693       1.80233717      0.972000003    
       12788  -6.03779030       1.13554764      0.972000003    
       12790  -6.02232409       1.08508086      0.972000003    
       12792  -5.93649244       1.25017416      0.972000003    
       12794  -5.83787346       1.97915995      0.972000003    
       12796  -5.73941755       2.50667167      0.972000003    
       12798  -5.77545309       2.19249654      0.972000003    
       12800  -5.70554256       2.64905882      0.972000003    
       12802  -5.94721794       1.33550882      0.972000003    
       12804  -5.88599539       1.68813074      0.972000003    
       12806  -5.92650509       1.62528169      0.972000003    
       12808  -5.89777708       1.73698556      0.972000003    
       12810  -5.85798311       1.77548361      0.972000003    
       12812  -5.83972883       1.74724352      0.972000003    
       12814  -5.94977093       1.19878304      0.972000003    
       12816  -5.87225580       1.70506287      0.972000003    
       12818  -5.78784227       2.07191133      0.972000003    
       12820  -5.72473717       2.31170011      0.972000003    
       12822  -5.62066221       3.06801939      0.972000003    
       12824  -5.70010805       2.86719060      0.972000003    
       12826  -5.81510544       2.39167762      0.972000003    
       12828  -5.93013287       1.48236048      0.972000003    
       12830  -5.76008749       2.44689202      0.972000003    
       12832  -5.71289587       2.75595570      0.972000003    
       12834  -5.64049435       3.44477940      0.972000003    
       12836  -5.61363173       3.37919593      0.972000003    
       12838  -5.65917969       3.24315691      0.972000003    
       12840  -5.61202002       3.31116796      0.972000003    
       12842  -5.67405558       2.81993890      0.972000003    
       12844  -5.84654474       1.70788920      0.972000003    
       12846  -5.68020439       2.57953930      0.972000003    
       12848  -5.85103083       1.51208353      0.972000003    
       12850  -5.86851835       1.38832867      0.972000003    
       12852  -5.91436005       1.23336697      0.972000003    
       12854  -5.89549255       1.05451930      0.972000003    
       12856  -5.79065037       1.60326958      0.972000003    
       12858  -5.81277704       1.60726368      0.972000003    
       12860  -5.91406298      0.890041888      0.972000003    
       12862  -5.99287224      0.414860964      0.972000003    
       12864  -5.89151764       1.05984747      0.972000003    
       12866  -5.85429955      0.968526721      0.972000003    
       12868  -5.81928825       1.25568616      0.972000003    
       12870  -5.82236481       1.70197272      0.972000003    
       12872  -5.87672663       1.58252501      0.972000003    
       12874  -5.82617998       1.63039219      0.972000003    
       12876  -5.84563446       1.70617449      0.972000003    
       12878  -5.85555887       1.53762972      0.972000003    
       12880  -5.73919249       2.02148318      0.972000003    
       12882  -5.72996521       2.02739000      0.972000003    
       12884  -5.85641718       1.65715468      0.972000003    
       12886  -5.93339682       1.30966234      0.972000003    
       12888  -5.84709740       1.97690833      0.972000003    
       12890  -5.83806181       1.75139928      0.972000003    
       12892  -5.61953402       3.00152683      0.972000003    
       12894  -5.79660988       1.87724292      0.972000003    
       12896  -5.84378529       1.91829693      0.972000003    
       12898  -5.81313848       1.75494468      0.972000003    
       12900  -5.91162395       1.46700752      0.972000003    
       12902  -5.90181589       1.63583589      0.972000003    
       12904  -5.84927464       1.69033504      0.972000003    
       12906  -5.95583391       1.19033980      0.972000003    
       12908  -5.92356110       1.34305501      0.972000003    
       12910  -5.84385490       2.06110978      0.972000003    
       12912  -5.84269333       2.15570498      0.972000003    
       12914  -5.86438179       2.25789046      0.972000003    
       12916  -5.93159199       2.20556808      0.972000003    
       12918  -5.92447329       2.21110344      0.972000003    
       12920  -5.94343042       2.09108353      0.972000003    
       12922  -5.69744349       3.61588383      0.972000003    
       12924  -5.87510252       2.55245829      0.972000003    
       12926  -5.83706427       3.10741258      0.972000003    
       12928  -5.88608027       2.56676006      0.972000003    
       12930  -5.76833105       3.04921675      0.972000003    
       12932  -5.77044392       2.80738449      0.972000003    
       12934  -5.92415380       2.07968616      0.972000003    
       12936  -5.99624300       1.40757334      0.972000003    
       12938  -5.99661207       1.35244334      0.972000003    
       12940  -6.03099108       1.26846421      0.972000003    
       12942  -5.86269808       2.03890061      0.972000003    
       12944  -5.86453819       2.07697368      0.972000003    
       12946  -5.95947266       1.38388336      0.972000003    
       12948  -5.77027035       2.15100908      0.972000003    
       12950  -5.69825315       2.89318037      0.972000003    
       12952  -5.82173824       2.61777997      0.972000003    
       12954  -5.93925762       2.14730072      0.972000003    
       12956  -5.82342339       2.85361218      0.972000003    
       12958  -5.84865427       2.63715696      0.972000003    
       12960  -5.75722170       3.03406906      0.972000003    
       12962  -5.86214495       2.44621539      0.972000003    
       12964  -5.80630779       2.36351776      0.972000003    
       12966  -5.90686131       1.61350965      0.972000003    
       12968  -5.91144419       1.60979819      0.972000003    
       12970  -5.90495253       1.90465724      0.972000003    
       12972  -5.87476778       1.95769906      0.972000003    
       12974  -5.92106867       1.60076571      0.972000003    
       12976  -5.82576275       2.05823612      0.972000003    
       12978  -5.80923748       2.78418589      0.972000003    
       12980  -5.87992859       2.17295456      0.972000003    
       12982  -5.82841635       2.39394903      0.972000003    
       12984  -5.79524899       2.91899943      0.972000003    
       12986  -5.90174294       2.14675975      0.972000003    
       12988  -5.93139172       1.76359797      0.972000003    
       12990  -5.86100674       2.32046318      0.972000003    
       12992  -5.84323025       2.50329781      0.972000003    
       12994  -5.82100439       2.49032497      0.972000003    
       12996  -5.79713202       2.70988369      0.972000003    
       12998  -5.85492563       2.21706414      0.972000003    
       13000  -5.75841570       2.53198981      0.972000003    
       13002  -5.84649420       2.07280016      0.972000003    
       13004  -5.82325935       2.41968274      0.972000003    
       13006  -5.83519650       2.23105335      0.972000003    
       13008  -5.91722202       2.00024366      0.972000003    
       13010  -5.82517815       2.62662339      0.972000003    
       13012  -5.77034473       2.64119053      0.972000003    
       13014  -5.85138988       2.34781241      0.972000003    
       13016  -5.95045805       1.70822191      0.972000003    
       13018  -5.81656027       1.98325336      0.972000003    
       13020  -5.77484846       2.06513643      0.972000003    
       13022  -5.83799458       2.02767086      0.972000003    
       13024  -5.76544476       2.31574821      0.972000003    
       13026  -5.94387436       1.57862628      0.972000003    
       13028  -5.93103933       1.45285130      0.972000003    
       13030  -5.92517662       1.62467122      0.972000003    
       13032  -5.88630199       2.05428195      0.972000003    
       13034  -5.91931438       1.88751209      0.972000003    
       13036  -5.81035662       2.59765458      0.972000003    
       13038  -5.81786823       2.39980149      0.972000003    
       13040  -5.87758541       2.34175992      0.972000003    
       13042  -5.74493456       2.82446647      0.972000003    
       13044  -5.73377895       2.68663239      0.972000003    
       13046  -5.67993355       2.88058519      0.972000003    
       13048  -5.72316694       2.83843207      0.984000027    
       13050  -5.76487684       2.65122986      0.984000027    
       13052  -5.70568180       2.78085828      0.984000027    
       13054  -5.64206219       3.40745592      0.984000027    
       13056  -5.67921686       3.10040998      0.984000027    
       13058  -5.71967077       2.79589438      0.984000027    
       13060  -5.74592972       2.81541777      0.984000027    
       13062  -5.85655546       2.03030920      0.984000027    
       13064  -5.94638348       1.79605019      0.984000027    
       13066  -5.84868765       2.34755898      0.984000027    
       13068  -5.78961134       2.63196039      0.984000027    
       13070  -5.78299999       2.44280005      0.984000027    
       13072  -5.79157782       2.65335822      0.984000027    
       13074  -5.75973129       2.80325103      0.984000027    
       13076  -5.88255692       2.17890978      0.984000027    
       13078  -5.84814692       2.27019310      0.984000027    
       13080  -5.61252022       3.30839562      0.984000027    
       13082  -5.58509064       3.53905606      0.984000027    
       13084  -5.61722565       3.36602068      0.984000027    
       13086  -5.58837557       3.53081894      0.984000027    
       13088  -5.60066366       3.78800941      0.984000027    
       13090  -5.67574930       3.28856063      0.984000027    
       13092  -5.65596247       3.26283073      0.984000027    
       13094  -5.67970467       3.00742912      0.984000027    
       13096  -5.68957472       3.30957198      0.984000027    
       13098  -5.68181610       3.82257175      0.984000027    
       13100  -5.61587286       4.08731270      0.984000027    
       13102  -5.64895105       3.90362287      0.984000027    
       13104  -5.77185631       3.28069091      0.984000027    
       13106  -5.87973309       2.66390753      0.984000027    
       13108  -5.87634611       2.58311415      0.984000027    
       13110  -5.78143644       3.12527108      0.984000027    
       13112  -5.86831617       3.13242817      0.984000027    
       13114  -5.94252825       2.68123460      0.984000027    
       13116  -5.85298109       3.39010310      0.984000027    
       13118  -6.03621626       1.93853188      0.984000027    
       13120  -5.95350552       2.50388908      0.984000027    
       13122  -5.77710915       3.33526063      0.984000027    
       13124  -5.87774611       2.98256111      0.984000027    
       13126  -5.85361528       3.13132048      0.984000027    
       13128  -5.90172768       2.88726974      0.984000027    
       13130  -5.90912962       2.49561858      0.984000027    
       13132  -5.92729187       2.63111734      0.984000027    
       13134  -5.82601452       3.07464480      0.984000027    
       13136  -5.79503918       3.00154662      0.984000027    
       13138  -5.79153109       3.04919696      0.984000027    
       13140  -5.53429747       4.42412615      0.995999992    
       13142  -5.71891165       3.40632558      0.995999992    
       13144  -5.73469925       3.63341594      0.995999992    
       13146  -5.89586306       2.63342857      0.995999992    
       13148  -5.75098562       3.41974831      0.995999992    
       13150  -5.79065514       3.14016461      0.995999992    
       13152  -5.73312807       3.33273888      0.995999992    
       13154  -5.84544373       3.04349732      0.995999992    
       13156  -5.84270906       3.23013043      0.995999992    
       13158  -5.82117701       3.43862700      0.995999992    
       13160  -5.74911165       3.41421628      0.995999992    
       13162  -5.82188368       3.26033545      0.995999992    
       13164  -5.72891378       3.67221761      0.995999992    
       13166  -5.85733938       2.97608829      0.995999992    
       13168  -5.87730169       2.81568861      0.995999992    
       13170  -5.86418915       2.79653311      0.995999992    
       13172  -5.98270607       2.03382063      0.995999992    
       13174  -6.02015066       1.60696495      0.995999992    
       13176  -5.94456625       1.89310014      0.995999992    
       13178  -5.97205639       1.66443145      0.995999992    
       13180  -5.94342136       1.74940622      0.995999992    
       13182  -5.96058750       1.76890850      0.995999992    
       13184  -5.87751770       2.38026667      0.995999992    
       13186  -5.94710779       2.22259927      0.995999992    
       13188  -5.87992239       2.58563256      0.995999992    
       13190  -5.78458977       3.10356498      0.995999992    
       13192  -5.71349573       3.59687996      0.995999992    
       13194  -5.82063961       3.01215625      0.995999992    
       13196  -5.86842918       2.64052892      0.995999992    
       13198  -5.85369635       2.71938705      0.995999992    
       13200  -5.80747318       3.09504604      0.995999992    
       13202  -5.67192507       3.79079247      0.995999992    
       13204  -5.80342388       2.84127593      0.995999992    
       13206  -5.87050819       2.55967116      0.995999992    
       13208  -5.86247349       2.64941621      0.995999992    
       13210  -5.75999117       3.33040619      0.995999992    
       13212  -5.67834234       3.81239080      0.995999992    
       13214  -5.68522739       3.87261438      0.995999992    
       13216  -5.60641766       4.64852715      0.995999992    
       13218  -5.59580088       4.56503487      0.995999992    
       13220  -5.54945087       4.64761496      0.995999992    
       13222  -5.71849012       3.77289462      0.995999992    
       13224  -5.72472143       3.92374873      0.995999992    
       13226  -5.74899340       3.79059958      0.995999992    
       13228  -5.77677536       3.44012856      0.995999992    
       13230  -5.62931061       4.03791761      0.995999992    
       13232  -5.58902264       4.51624155      0.995999992    
       13234  -5.81638145       3.21963310      0.995999992    
       13236  -5.79378319       3.09653091      0.995999992    
       13238  -5.81084442       3.15790701      0.995999992    
       13240  -5.92491436       2.64509559      0.995999992    
       13242  -5.87306023       3.14450550      0.995999992    
       13244  -5.93438816       2.76650548      0.995999992    
       13246  -5.90357065       2.93676710      0.995999992    
       13248  -5.75103903       3.71439028      0.995999992    
       13250  -5.83406687       3.13241172      0.995999992    
       13252  -5.70512247       3.67700100      0.995999992    
       13254  -5.86860609       2.79733396      0.995999992    
       13256  -5.75514698       3.18486905      0.995999992    
       13258  -5.59736204       4.08019686      0.995999992    
       13260  -5.49918079       4.50762987      0.995999992    
       13262  -5.67415285       3.50367665      0.995999992    
       13264  -5.63947296       3.60399437      0.995999992    
       13266  -5.73282576       3.12634540      0.995999992    
       13268  -5.77135086       2.81399345      0.995999992    
       13270  -5.61029053       3.83219028      0.995999992    
       13272  -5.87289000       2.24908662      0.995999992    
       13274  -5.82916212       2.40345979      0.995999992    
       13276  -5.80492353       2.74680138      0.995999992    
       13278  -5.80952787       2.62319303      0.995999992    
       13280  -5.98420000       1.54528379      0.995999992    
       13282  -5.90994358       1.81609070      0.995999992    
       13284  -5.81017399       2.29828310      0.995999992    
       13286  -5.62575912       3.32577062      0.995999992    
       13288  -5.68489838       3.10623479      0.995999992    
       13290  -5.79816628       2.63799310      0.995999992    
       13292  -5.82715273       2.86232233      0.995999992    
       13294  -5.81471491       3.10024691      0.995999992    
       13296  -5.94424009       2.60678458      0.995999992    
       13298  -5.86388731       3.11114955      0.995999992    
       13300  -5.85601091       3.02814722      0.995999992    
       13302  -5.90543079       2.93041992      0.995999992    
       13304  -5.97012424       2.07512522      0.995999992    
       13306  -5.79240561       3.08606863      0.995999992    
       13308  -5.78989363       2.99383569      0.995999992    
       13310  -5.85983086       2.89917731      0.995999992    
       13312  -5.92131186       2.39567852      0.995999992    
       13314  -5.85019445       2.64098287      0.995999992    
       13316  -5.85852766       2.74601102      0.995999992    
       13318  -5.93000364       2.25902414      0.995999992    
       13320  -5.87352896       2.46149945      0.995999992    
       13322  -5.97428751       1.70601964      0.995999992    
       13324  -6.02554226       1.44972014      0.995999992    
       13326  -5.88646746       2.19613314      0.995999992    
       13328  -5.85412741       2.58017540      0.995999992    
       13330  -5.67657852       3.61026669      0.995999992    
       13332  -5.67221546       3.58674788      0.995999992    
       13334  -5.74478292       3.33294535      0.995999992    
       13336  -5.72983408       3.46120906      0.995999992    
       13338  -5.78660774       3.46167445      0.995999992    
       13340  -5.89654255       3.02146482      0.995999992    
       13342  -5.98084831       2.22860837      0.995999992    
       13344  -5.93269157       2.72328734      0.995999992    
       13346  -5.87345123       3.40148759      0.995999992    
       13348  -5.92190170       3.08054781      0.995999992    
       13350  -5.75567293       3.89165163      0.995999992    
       13352  -5.81073332       3.47480679      0.995999992    
       13354  -5.74984074       3.77248073      0.995999992    
       13356  -5.67992353       4.00473356      0.995999992    
       13358  -5.77874088       3.27953243      0.995999992    
       13360  -5.62484694       4.13453150      0.995999992    
       13362  -5.67561531       3.79368448      0.995999992    
       13364  -5.69480181       3.81723547      0.995999992    
       13366  -5.66430569       3.99920893      0.995999992    
       13368  -5.77948809       3.30469799      0.995999992    
       13370  -5.85071993       2.79085755      0.995999992    
       13372  -5.83368397       2.97901917      0.995999992    
       13374  -5.78261232       3.06319070      0.995999992    
       13376  -5.75978565       3.42228532      0.995999992    
       13378  -5.79463530       2.98527169      0.995999992    
       13380  -5.81779146       2.90732479      0.995999992    
       13382  -5.76267052       2.95774245      0.995999992    
       13384  -5.57349873       4.00668287      0.995999992    
       13386  -5.69156647       3.58171010      0.995999992    
       13388  -5.56470060       4.43165588      0.995999992    
       13390  -5.51997709       4.57726860      0.995999992    
       13392  -5.63631582       4.01167107      0.995999992    
       13394  -5.77345848       3.55076075      0.995999992    
       13396  -5.82308578       3.24883723      0.995999992    
       13398  -5.81525135       3.18441629      0.995999992    
       13400  -5.73263836       3.59639764      0.995999992    
       13402  -5.67111301       3.93457961      0.995999992    
       13404  -5.60331726       4.23509979      0.995999992    
       13406  -5.65136671       4.04625654      0.995999992    
       13408  -5.79610872       3.22879434      0.995999992    
       13410  -5.77683878       3.42503262      0.995999992    
       13412  -5.89843559       2.97965980      0.995999992    
       13414  -5.95181608       2.66920590      0.995999992    
       13416  -5.80220747       3.24063015      0.995999992    
       13418  -5.84109545       3.09675097      0.995999992    
       13420  -5.81370783       3.29781961      0.995999992    
       13422  -5.81463861       3.18115330      0.995999992    
       13424  -5.80297995       3.18206859      0.995999992    
       13426  -5.92058039       2.39021087      0.995999992    
       13428  -5.84648323       2.70748234      0.995999992    
       13430  -5.99389648       1.86095011      0.995999992    
       13432  -5.88914633       2.38264370      0.995999992    
       13434  -5.86016989       2.45233440      0.995999992    
       13436  -5.82865858       2.75741363      0.995999992    
       13438  -5.75457287       3.10863566      0.995999992    
       13440  -5.76480436       2.94959593      0.995999992    
       13442  -5.71342659       3.25862288      0.995999992    
       13444  -5.74363565       2.97464967      0.995999992    
       13446  -5.82869625       2.70236230      0.995999992    
       13448  -5.67079306       3.81991005      0.995999992    
       13450  -5.75186682       3.05912137      0.995999992    
       13452  -5.75312042       3.05608916      0.995999992    
       13454  -5.68137598       3.29973841      0.995999992    
       13456  -5.52416897       4.27607250      0.995999992    
       13458  -5.63218307       3.78455186      0.995999992    
       13460  -5.62811565       3.60142207      0.995999992    
       13462  -5.67792511       3.14689112      0.995999992    
       13464  -5.72252178       3.07606864      0.995999992    
       13466  -5.69054937       3.00213575      0.995999992    
       13468  -5.69607592       3.05846834      0.995999992    
       13470  -5.67599249       3.03228974      0.995999992    
       13472  -5.64137936       2.85072613      0.995999992    
       13474  -5.81591129       2.03450036      0.995999992    
       13476  -5.79826975       2.02310824      0.995999992    
       13478  -5.68614769       2.81622148      0.995999992    
       13480  -5.66892481       2.86979246      0.995999992    
       13482  -5.86094618       2.00766706      0.995999992    
       13484  -5.68659210       2.93535328      0.995999992    
       13486  -5.64212704       3.19083261      0.995999992    
       13488  -5.61244297       3.31319952      0.995999992    
       13490  -5.76034880       2.68415928      0.995999992    
       13492  -5.79553032       2.44769931      0.995999992    
       13494  -5.72639513       2.55221081      0.995999992    
       13496  -5.83179712       2.05995798      0.995999992    
       13498  -5.75614643       2.24134612      0.995999992    
       13500  -5.68205404       2.81692433      0.995999992    
       13502  -5.75725365       2.44639611      0.995999992    
       13504  -5.82169437       2.12538362      0.995999992    
       13506  -5.68629837       2.70487738      0.995999992    
       13508  -5.81805849       2.09093761      0.995999992    
       13510  -5.62161875       3.20586014      0.995999992    
       13512  -5.55906868       3.68512201      0.995999992    
       13514  -5.68735170       2.89140987      0.995999992    
       13516  -5.67484379       2.76781726      0.995999992    
       13518  -5.62927485       2.89569235      0.995999992    
       13520  -5.60061455       3.50658011      0.995999992    
       13522  -5.61975288       3.82297873      0.995999992    
       13524  -5.73350811       3.07690144      0.995999992    
       13526  -5.72452497       3.10356903      0.995999992    
       13528  -5.86215544       2.48462844      0.995999992    
       13530  -5.72898912       3.23442817      0.995999992    
       13532  -5.73329353       2.72264600      0.984000027    
       13534  -5.82848549       2.34617066      0.984000027    
       13536  -5.71779776       2.81300831      0.984000027    
       13538  -5.86637974       2.16255093      0.984000027    
       13540  -5.62304592       3.35006523      0.984000027    
       13542  -5.54801369       3.62010741      0.984000027    
       13544  -5.72062254       2.72610116      0.984000027    
       13546  -5.53642130       3.85508084      0.984000027    
       13548  -5.58318043       3.51209140      0.984000027    
       13550  -5.77499914       2.58530807      0.984000027    
       13552  -5.75460148       2.69838452      0.984000027    
       13554  -5.81076384       2.33069873      0.984000027    
       13556  -5.75038481       2.45566273      0.984000027    
       13558  -5.92405176       1.44757247      0.984000027    
       13560  -5.74124098       2.47759295      0.984000027    
       13562  -5.74400568       2.44415641      0.984000027    
       13564  -5.73135662       2.16419220      0.984000027    
       13566  -5.77297544       2.26022744      0.984000027    
       13568  -5.76354599       2.13713622      0.984000027    
       13570  -5.77139950       1.89934850      0.984000027    
       13572  -5.81366968       1.67218781      0.984000027    
       13574  -5.86111021       1.02879345      0.984000027    
       13576  -5.90233231      0.900422990      0.984000027    
       13578  -5.77290058       1.73171008      0.984000027    
       13580  -5.84469128       1.53696609      0.984000027    
       13582  -5.78613710       1.59548116      0.984000027    
       13584  -5.70501375       1.92561042      0.984000027    
       13586  -5.88843918       1.10145819      0.984000027    
       13588  -5.79635382       1.33637810      0.984000027    
       13590  -5.68034935       2.04279160      0.984000027    
       13592  -5.70902395       1.80595791      0.984000027    
       13594  -5.78976679       1.46101940      0.984000027    
       13596  -5.77055740       1.67513299      0.984000027    
       13598  -5.91997385      0.992172956      0.984000027    
       13600  -5.88859987       1.28686833      0.984000027    
       13602  -5.85134792       1.71919549      0.984000027    
       13604  -5.86132193       1.55764365      0.984000027    
       13606  -5.76145506       2.18072915      0.984000027    
       13608  -5.85101700       1.49674714      0.984000027    
       13610  -5.80438280       1.80707014      0.984000027    
       13612  -5.70349932       2.28101873      0.984000027    
       13614  -5.93356609      0.938759923      0.984000027    
       13616  -5.86970091       1.32722795      0.984000027    
       13618  -5.87489176       1.37071764      0.984000027    
       13620  -5.93094397       1.11050451      0.984000027    
       13622  -5.87750721       1.45664537      0.984000027    
       13624  -5.88420248       1.49302685      0.984000027    
       13626  -5.84418297       1.75469398      0.984000027    
       13628  -5.88964987       1.40841484      0.984000027    
       13630  -5.83929300       1.93378770      0.984000027    
       13632  -5.83412409       1.77616072      0.984000027    
       13634  -5.82268620       1.72820103      0.984000027    
       13636  -5.88637352       1.38779926      0.984000027    
       13638  -5.94092703      0.858495712      0.984000027    
       13640  -5.83997631       1.55778503      0.984000027    
       13642  -5.71784735       2.29011726      0.984000027    
       13644  -5.79742670       1.71470726      0.984000027    
       13646  -5.68599558       2.41066575      0.984000027    
       13648  -5.77409410       1.87812054      0.984000027    
       13650  -5.65806484       2.84730911      0.984000027    
       13652  -5.62417698       2.99590731      0.984000027    
       13654  -5.70443535       2.43333530      0.984000027    
       13656  -5.67997169       2.49928045      0.984000027    
       13658  -5.74329185       2.15818667      0.984000027    
       13660  -5.76031923       2.18657112      0.984000027    
       13662  -5.70303774       1.97926915      0.972000003    
       13664  -5.71406984       1.97218955      0.972000003    
       13666  -5.63013840       2.50922537      0.972000003    
       13668  -5.65708303       2.23253226      0.972000003    
       13670  -5.64740229       2.43255568      0.972000003    
       13672  -5.77670622       1.71357155      0.972000003    
       13674  -5.61907244       2.57481694      0.972000003    
       13676  -5.83936262       1.28540325      0.972000003    
       13678  -5.84673500       1.56340837      0.972000003    
       13680  -5.87234259       1.66511154      0.972000003    
       13682  -5.93043900       1.31410766      0.972000003    
       13684  -5.78890324       2.10801053      0.972000003    
       13686  -5.71824312       2.71002221      0.972000003    
       13688  -5.64314842       3.00604987      0.972000003    
       13690  -5.68940639       2.80504346      0.972000003    
       13692  -5.72893143       2.77331877      0.972000003    
       13694  -5.71795416       2.61153722      0.972000003    
       13696  -5.73438597       2.78708005      0.984000027    
       13698  -5.74225855       2.88150120      0.984000027    
       13700  -5.79742527       2.34728575      0.984000027    
       13702  -5.77124357       2.19504213      0.984000027    
       13704  -5.79727364       2.03188586      0.984000027    
       13706  -5.72463417       2.56726217      0.984000027    
       13708  -5.71911955       2.48340797      0.984000027    
       13710  -5.71965170       2.34826112      0.984000027    
       13712  -5.65854454       2.94958186      0.984000027    
       13714  -5.69108200       2.90996742      0.984000027    
       13716  -5.61614227       3.08982420      0.984000027    
       13718  -5.77534437       2.45385075      0.984000027    
       13720  -5.84441376       1.99214268      0.984000027    
       13722  -5.72680855       3.05638313      0.984000027    
       13724  -5.78315067       3.00606608      0.984000027    
       13726  -5.72506618       3.28995681      0.984000027    
       13728  -5.76990700       2.78113961      0.984000027    
       13730  -5.73742580       3.34346199      0.984000027    
       13732  -5.74674177       3.34311843      0.984000027    
       13734  -5.68498468       3.64771867      0.984000027    
       13736  -5.69473648       3.73625851      0.984000027    
       13738  -5.62338305       3.67913437      0.984000027    
       13740  -5.60835934       4.02965212      0.984000027    
       13742  -5.70153761       3.23281837      0.984000027    
       13744  -5.70896626       3.04419589      0.984000027    
       13746  -5.53711128       3.98075056      0.984000027    
       13748  -5.62945795       3.12522840      0.984000027    
       13750  -5.69100904       2.69012713      0.984000027    
       13752  -5.69214582       2.87317801      0.984000027    
       13754  -5.67183733       2.94860530      0.984000027    
       13756  -5.62740040       3.24323583      0.984000027    
       13758  -5.65940475       3.16053271      0.984000027    
       13760  -5.64539337       3.04476142      0.984000027    
       13762  -5.69684696       2.65231085      0.984000027    
       13764  -5.71625757       2.55326867      0.984000027    
       13766  -5.57722282       3.24589443      0.984000027    
       13768  -5.48503828       3.60083580      0.984000027    
       13770  -5.64641142       2.77791190      0.984000027    
       13772  -5.70254850       2.48798847      0.984000027    
       13774  -5.74147511       2.08439136      0.984000027    
       13776  -5.68289995       2.36372733      0.984000027    
       13778  -5.68142843       2.63091254      0.984000027    
       13780  -5.47995281       3.78142238      0.984000027    
       13782  -5.42060709       4.37471819      0.984000027    
       13784  -5.51019716       4.03214645      0.984000027    
       13786  -5.64232063       3.12431145      0.984000027    
       13788  -5.68140316       2.60799742      0.984000027    
       13790  -5.75425196       2.31740165      0.984000027    
       13792  -5.55101490       2.98942924      0.984000027    
       13794  -5.60064983       2.87697291      0.984000027    
       13796  -5.61459303       2.99318337      0.984000027    
       13798  -5.62684393       2.79276752      0.984000027    
       13800  -5.77613783       2.09526277      0.984000027    
       13802  -5.67933941       2.94462276      0.984000027    
       13804  -5.75674820       2.46534228      0.984000027    
       13806  -5.83024645       1.72043478      0.984000027    
       13808  -5.70676756       2.46078324      0.984000027    
       13810  -5.78716993       1.99867344      0.984000027    
       13812  -5.83680058       1.91605270      0.984000027    
       13814  -5.81372643       1.84344387      0.984000027    
       13816  -5.75710917       1.94351494      0.984000027    
       13818  -5.73579550       1.93743324      0.984000027    
       13820  -5.75672579       1.85583794      0.984000027    
       13822  -5.74591398       2.15549684      0.984000027    
       13824  -5.58068419       3.25503922      0.984000027    
       13826  -5.56310654       3.35915041      0.984000027    
       13828  -5.51880169       3.70572591      0.984000027    
       13830  -5.66958141       2.66188955      0.984000027    
       13832  -5.64059639       2.75834846      0.984000027    
       13834  -5.58469582       3.28995705      0.984000027    
       13836  -5.61262655       2.98459339      0.984000027    
       13838  -5.67613888       2.65839148      0.984000027    
       13840  -5.72442245       2.11706853      0.984000027    
       13842  -5.71595907       2.04678273      0.984000027    
       13844  -5.82974195       1.39033437      0.984000027    
       13846  -5.81917715       1.07613516      0.984000027    
       13848  -5.85352659       1.18307173      0.984000027    
       13850  -5.72724628       2.05471325      0.984000027    
       13852  -5.73750544       1.89484286      0.984000027    
       13854  -5.90779734      0.785346627      0.984000027    
       13856  -5.82472038       1.33958077      0.984000027    
       13858  -5.71540403       2.07925558      0.984000027    
       13860  -5.71018744       2.04719806      0.984000027    
       13862  -5.82359076       1.48023367      0.984000027    
       13864  -5.78254032       1.83007288      0.984000027    
       13866  -5.74514008       2.32697725      0.984000027    
       13868  -5.78480291       1.93636966      0.984000027    
       13870  -5.78894520       1.87692797      0.984000027    
       13872  -5.73248911       2.27228403      0.984000027    
       13874  -5.65792179       2.62616777      0.984000027    
       13876  -5.64107275       2.54483819      0.984000027    
       13878  -5.62948513       2.73859715      0.984000027    
       13880  -5.63303661       2.33463478      0.984000027    
       13882  -5.62440491       2.56441784      0.984000027    
       13884  -5.74312687       2.03472209      0.984000027    
       13886  -5.76731300       1.96693408      0.984000027    
       13888  -5.67529058       2.34205604      0.984000027    
       13890  -5.65214825       2.28617835      0.984000027    
       13892  -5.69371128       2.29397273      0.984000027    
       13894  -5.82154512       1.62174201      0.984000027    
       13896  -5.87927628       1.27161074      0.984000027    
       13898  -5.81755686       1.72799337      0.984000027    
       13900  -5.79765177       2.11379600      0.984000027    
       13902  -5.77636147       2.58982992      0.984000027    
       13904  -5.73044872       3.05762219      0.984000027    
       13906  -5.66714954       3.38821816      0.984000027    
       13908  -5.53142929       3.80405140      0.984000027    
       13910  -5.53491688       3.53626490      0.984000027    
       13912  -5.74551439       2.41902614      0.984000027    
       13914  -5.73894072       2.31606317      0.984000027    
       13916  -5.82796717       1.91321790      0.984000027    
       13918  -5.87162781       1.58848751      0.984000027    
       13920  -5.72286272       2.08197689      0.984000027    
       13922  -5.76796389       2.00406957      0.984000027    
       13924  -5.74379969       2.35998631      0.984000027    
       13926  -5.83301067       1.86472964      0.984000027    
       13928  -5.77167320       2.00702381      0.984000027    
       13930  -5.80942535       1.86540353      0.984000027    
       13932  -5.91530037       1.56580448      0.984000027    
       13934  -5.86833811       1.73978889      0.984000027    
       13936  -5.87539148       1.54940355      0.984000027    
       13938  -5.77043009       2.05015922      0.984000027    
       13940  -5.75531960       2.30160975      0.984000027    
       13942  -5.67663574       2.47196007      0.984000027    
       13944  -5.70277596       2.53701758      0.984000027    
       13946  -5.82263851       1.70978117      0.984000027    
       13948  -5.63567924       2.67582846      0.984000027    
       13950  -5.82602453       1.93615663      0.984000027    
       13952  -5.83947992       1.93401468      0.984000027    
       13954  -5.78491545       2.12255526      0.984000027    
       13956  -5.72023201       2.32786632      0.984000027    
       13958  -5.87257051       1.49043119      0.984000027    
       13960  -5.80926418       1.91691375      0.984000027    
       13962  -5.82935810       1.73459077      0.984000027    
       13964  -5.65643740       2.51770186      0.984000027    
       13966  -5.64320040       2.80378079      0.984000027    
       13968  -5.63512754       2.74092102      0.984000027    
       13970  -5.65244865       2.51266026      0.984000027    
       13972  -5.70064831       2.39741850      0.984000027    
       13974  -5.71642923       2.13524103      0.984000027    
       13976  -5.71388006       2.34575534      0.984000027    
       13978  -5.78160381       1.78357375      0.984000027    
       13980  -5.73820448       2.22676945      0.984000027    
       13982  -5.71848249       2.88542461      0.984000027    
       13984  -5.80084419       2.06300616      0.984000027    
       13986  -5.64911699       3.02563334      0.984000027    
       13988  -5.65911293       3.02229929      0.984000027    
       13990  -5.72371197       2.51165056      0.984000027    
       13992  -5.66030979       2.84582758      0.984000027    
       13994  -5.70802212       2.49543691      0.984000027    
       13996  -5.71418619       2.25529289      0.984000027    
       13998  -5.65901995       2.66019654      0.984000027    
       14000  -5.80271578       1.82277226      0.984000027    
       14002  -5.93575335       1.08273971      0.984000027    
       14004  -5.87832499       1.31121194      0.984000027    
       14006  -5.74497318       2.13801193      0.984000027    
       14008  -5.78554440       1.94748831      0.984000027    
       14010  -5.72991657       2.08391666      0.984000027    
       14012  -5.82814837       1.69295979      0.984000027    
       14014  -5.74900103       2.10617137      0.984000027    
       14016  -5.64260340       2.57124329      0.984000027    
       14018  -5.59711742       2.85556173      0.984000027    
       14020  -5.81945324       1.75773191      0.984000027    
       14022  -5.80024958       1.80680025      0.984000027    
       14024  -5.73128176       2.11652899      0.984000027    
       14026  -5.81623745       1.79371393      0.984000027    
       14028  -5.83689690       1.60879505      0.984000027    
       14030  -5.72040319       2.16240478      0.984000027    
       14032  -5.77543545       1.91735959      0.984000027    
       14034  -5.82177305       1.64603925      0.984000027    
       14036  -5.79625177       1.83805394      0.984000027    
       14038  -5.94545650       1.20048857      0.984000027    
       14040  -5.81416750       1.76361454      0.984000027    
       14042  -5.92498302       1.09175229      0.984000027    
       14044  -5.86259937       1.31047487      0.984000027    
       14046  -5.93718815      0.922096908      0.984000027    
       14048  -5.87001038       1.47739303      0.984000027    
       14050  -5.95806456       1.14148128      0.984000027    
       14052  -5.84947205       1.75958622      0.984000027    
       14054  -5.80565500       1.82155335      0.984000027    
       14056  -5.73820400       1.84916246      0.984000027    
       14058  -5.85932493       1.24537396      0.984000027    
       14060  -5.76416159       1.97282994      0.984000027    
       14062  -5.81887293       1.70095968      0.984000027    
       14064  -5.79826260       1.68217218      0.984000027    
       14066  -5.82826138       1.34129679      0.984000027    
       14068  -5.74232101       1.82190037      0.984000027    
       14070  -5.82195711       1.40148270      0.984000027    
       14072  -5.91278410       1.12464094      0.984000027    
       14074  -5.81495619       1.75582647      0.984000027    
       14076  -5.82744455       1.90003121      0.984000027    
       14078  -5.86766768       1.88209271      0.984000027    
       14080  -5.81920338       2.15300202      0.984000027    
       14082  -5.73812962       2.34023261      0.984000027    
       14084  -5.63007736       3.03059030      0.984000027    
       14086  -5.60995579       3.08359933      0.984000027    
       14088  -5.59860134       3.16607094      0.984000027    
       14090  -5.67953014       2.77040005      0.984000027    
       14092  -5.80755281       2.11888790      0.984000027    
       14094  -5.76030159       2.41341782      0.984000027    
       14096  -5.80494833       1.95893049      0.984000027    
       14098  -5.83156300       2.03927922      0.984000027    
       14100  -5.85792065       1.99254382      0.984000027    
       14102  -5.77257442       2.45123243      0.984000027    
       14104  -5.74834919       2.42006612      0.984000027    
       14106  -5.85932493       2.06141376      0.984000027    
       14108  -5.88219976       1.87717545      0.984000027    
       14110  -5.87596226       1.74913538      0.984000027    
       14112  -5.86635971       1.93529332      0.984000027    
       14114  -5.84925175       2.00892496      0.984000027    
       14116  -5.89404631       1.63211906      0.984000027    
       14118  -6.03198290      0.743842661      0.984000027    
       14120  -5.95776796       1.00312519      0.984000027    
       14122  -5.78384781       1.87102652      0.984000027    
       14124  -5.87362719       1.36423945      0.984000027    
       14126  -5.84768772       1.80918944      0.984000027    
       14128  -5.72065115       2.40693569      0.984000027    
       14130  -5.84490538       1.40295827      0.984000027    
       14132  -5.81798315       1.36823094      0.984000027    
       14134  -5.70471430       2.05162740      0.984000027    
       14136  -5.65862894       2.61728263      0.984000027    
       14138  -5.70545101       2.26386309      0.984000027    
       14140  -5.64074516       2.83338237      0.984000027    
       14142  -5.60255623       2.85340834      0.984000027    
       14144  -5.71167803       2.19662237      0.984000027    
       14146  -5.74465370       1.95567918      0.984000027    
       14148  -5.73348188       1.91760051      0.984000027    
       14150  -5.76735973       1.85784268      0.984000027    
       14152  -5.69062042       2.32475114      0.984000027    
       14154  -5.80503607       1.98335052      0.984000027    
       14156  -5.71867323       2.78843760      0.984000027    
       14158  -5.62303257       3.37974715      0.984000027    
       14160  -5.53108263       3.82490253      0.984000027    
       14162  -5.49938631       4.01282549      0.984000027    
       14164  -5.60110712       3.60246372      0.984000027    
       14166  -5.61938953       3.59262085      0.984000027    
       14168  -5.62886429       3.44696331      0.984000027    
       14170  -5.59342575       3.35266995      0.984000027    
       14172  -5.64111757       2.94293594      0.984000027    
       14174  -5.68485403       2.73548007      0.984000027    
       14176  -5.73521042       2.43940949      0.984000027    
       14178  -5.78843975       2.22049141      0.984000027    
       14180  -5.80700779       1.92337525      0.984000027    
       14182  -5.67397785       2.72339034      0.984000027    
       14184  -5.85351419       1.84051943      0.984000027    
       14186  -5.63142920       3.14158344      0.984000027    
       14188  -5.63104582       3.32112265      0.984000027    
       14190  -5.54342794       3.63834834      0.984000027    
       14192  -5.80199623       2.22106314      0.984000027    
       14194  -5.76223564       2.17404914      0.984000027    
       14196  -5.66231155       2.77213526      0.984000027    
       14198  -5.85595894       1.46771896      0.984000027    
       14200  -5.83401585       1.39862359      0.984000027    
       14202  -5.71924210       2.04128718      0.984000027    
       14204  -5.53858662       2.93432260      0.984000027    
       14206  -5.65259695       2.25174665      0.984000027    
       14208  -5.70745134       2.09831619      0.984000027    
       14210  -5.68101406       2.35997081      0.984000027    
       14212  -5.69104528       2.48472500      0.984000027    
       14214  -5.69668198       2.26085567      0.984000027    
       14216  -5.65295744       2.55979705      0.984000027    
       14218  -5.76108599       1.99083292      0.984000027    
       14220  -5.69787693       2.61249256      0.984000027    
       14222  -5.57685661       3.18807125      0.984000027    
       14224  -5.76132536       2.42265129      0.984000027    
       14226  -5.71301270       2.02228808      0.984000027    
       14228  -5.71128273       1.85291314      0.984000027    
       14230  -5.80178356       1.49491286      0.984000027    
       14232  -5.91539717      0.845105588      0.984000027    
       14234  -5.75347567       1.77644253      0.984000027    
       14236  -5.79704666       1.59248328      0.984000027    
       14238  -5.84964705       1.53922963      0.984000027    
       14240  -5.83024502       1.64623022      0.984000027    
       14242  -5.84343338       1.49696422      0.984000027    
       14244  -5.74900246       2.13885808      0.984000027    
       14246  -5.69906473       2.44650674      0.984000027    
       14248  -5.72710419       2.48312211      0.984000027    
       14250  -5.91200399       1.51282096      0.984000027    
       14252  -5.85481119       1.88832641      0.984000027    
       14254  -5.83259869       1.79510164      0.984000027    
       14256  -5.94099808       1.28935456      0.984000027    
       14258  -5.86581278       1.56363249      0.984000027    
       14260  -5.79814005       1.76323879      0.984000027    
       14262  -5.82054710       1.61413288      0.984000027    
       14264  -5.72052240       2.36145067      0.984000027    
       14266  -5.72791100       2.24709272      0.984000027    
       14268  -5.87748814       1.46232963      0.984000027    
       14270  -5.71203947       2.34415555      0.984000027    
       14272  -5.71075630       2.07412744      0.984000027    
       14274  -5.73206758       1.94533396      0.984000027    
       14276  -5.66784191       2.14159799      0.984000027    
       14278  -5.75050259       1.70356166      0.984000027    
       14280  -5.88427544      0.774130046      0.984000027    
       14282  -5.86307573       1.03076172      0.984000027    
       14284  -5.89281559       1.10431278      0.984000027    
       14286  -5.81658173       1.66943860      0.984000027    
       14288  -5.89152241       1.16278958      0.984000027    
       14290  -5.85947418       1.44614303      0.984000027    
       14292  -5.72211123       2.23838902      0.984000027    
       14294  -5.87306595       1.25190318      0.984000027    
       14296  -5.92279482      0.948561311      0.984000027    
       14298  -5.92336273       1.05772090      0.984000027    
       14300  -5.73858738       2.03260851      0.984000027    
       14302  -5.68669128       2.46167684      0.984000027    
       14304  -5.85224628       1.51854813      0.984000027    
       14306  -5.85626602       1.47872865      0.984000027    
       14308  -5.76239586       1.95883954      0.984000027    
       14310  -5.90622234       1.26405621      0.984000027    
       14312  -5.87220097       1.64343464      0.984000027    
       14314  -5.77958155       1.94749939      0.984000027    
       14316  -5.91104889       1.26231587      0.984000027    
       14318  -5.98827934       1.00788665      0.984000027    
       14320  -6.01358223      0.649573803      0.984000027    
       14322  -5.99055576      0.935301304      0.984000027    
       14324  -5.90999794       1.28880155      0.984000027    
       14326  -5.93868065       1.10488558      0.984000027    
       14328  -5.82711077       2.00924492      0.984000027    
       14330  -5.96365499       1.47067189      0.984000027    
       14332  -5.99518299       1.30039227      0.984000027    
       14334  -6.01946783       1.10253215      0.984000027    
       14336  -6.02831364       1.06619596      0.984000027    
       14338  -5.92640400       1.48218393      0.984000027    
       14340  -5.86433172       1.75940096      0.984000027    
       14342  -5.77976656       2.17756367      0.984000027    
       14344  -5.94085264       1.21958160      0.984000027    
       14346  -5.90538216       1.26474845      0.984000027    
       14348  -5.67461348       2.37611818      0.984000027    
       14350  -5.79231882       1.84374666      0.984000027    
       14352  -5.75657988       1.89391506      0.984000027    
       14354  -5.66905928       2.26829314      0.984000027    
       14356  -5.80103683       1.37183309      0.984000027    
       14358  -5.83853292       1.18120408      0.984000027    
       14360  -5.91983652      0.744157910      0.984000027    
       14362  -5.93883228      0.673968375      0.984000027    
       14364  -5.90774679      0.954786897      0.984000027    
       14366  -5.88213539       1.12912703      0.984000027    
       14368  -5.77224445       1.68220949      0.984000027    
       14370  -5.81910706       1.55543840      0.984000027    
       14372  -5.85241556       1.46658421      0.984000027    
       14374  -5.82508326       1.67101848      0.984000027    
       14376  -5.81574106       1.62909937      0.984000027    
       14378  -5.84208536       1.29521251      0.984000027    
       14380  -5.76476192       1.82267022      0.984000027    
       14382  -5.83649683       1.63465643      0.984000027    
       14384  -5.83207273       1.62600124      0.984000027    
       14386  -5.71051693       2.00783277      0.984000027    
       14388  -5.80793905       1.64868903      0.984000027    
       14390  -5.72277117       2.20786524      0.984000027    
       14392  -5.76361561       1.81436479      0.984000027    
       14394  -5.72282028       1.91699374      0.984000027    
       14396  -5.74051428       1.77079344      0.984000027    
       14398  -5.87110615       1.13837218      0.984000027    
       14400  -5.78964996       1.24178445      0.984000027    
       14402  -5.88646269       1.02189064      0.984000027    
       14404  -5.64269590       2.44789791      0.984000027    
       14406  -5.85752487       1.48241055      0.984000027    
       14408  -5.80891657       1.68814337      0.984000027    
       14410  -5.77780247       1.68068707      0.984000027    
       14412  -5.73346281       2.22883964      0.984000027    
       14414  -5.72154236       2.49274540      0.984000027    
       14416  -5.90168095       1.03041077      0.984000027    
       14418  -5.87087440       1.16491747      0.984000027    
       14420  -5.74839163       1.93282926      0.984000027    
       14422  -5.64535952       2.54976034      0.984000027    
       14424  -5.70207500       2.36301327      0.984000027    
       14426  -5.78969479       1.88826370      0.984000027    
       14428  -5.76852989       2.15295005      0.984000027    
       14430  -5.77681589       2.18084621      0.984000027    
       14432  -5.87507439       1.52319360      0.984000027    
       14434  -5.73388958       2.47683001      0.984000027    
       14436  -5.70826817       2.29296041      0.984000027    
       14438  -5.76051044       2.35462046      0.984000027    
       14440  -5.76206923       1.94183278      0.984000027    
       14442  -5.86396837       1.42555165      0.984000027    
       14444  -5.81996441       1.78757417      0.984000027    
       14446  -5.67328453       2.36150384      0.984000027    
       14448  -5.81010866       1.74656343      0.984000027    
       14450  -5.65541553       2.79194617      0.984000027    
       14452  -5.64172268       2.49592447      0.984000027    
       14454  -5.67468309       2.50234556      0.984000027    
       14456  -5.69114113       2.24121189      0.984000027    
       14458  -5.74206257       1.73218763      0.984000027    
       14460  -5.73551989       1.91997838      0.984000027    
       14462  -5.68282509       2.27728319      0.984000027    
       14464  -5.75701332       2.09699225      0.984000027    
       14466  -5.75376177       1.91874444      0.984000027    
       14468  -5.91660929      0.696803749      0.984000027    
       14470  -5.82391644       1.22906137      0.984000027    
       14472  -5.82858562       1.13346958      0.984000027    
       14474  -5.79802990       1.40526128      0.984000027    
       14476  -5.70549011       1.83303368      0.984000027    
       14478  -5.69027758       1.84404707      0.984000027    
       14480  -5.69337034       1.54189122      0.984000027    
       14482  -5.71198988       1.74484706      0.984000027    
       14484  -5.76124287       1.69625664      0.984000027    
       14486  -5.71942234       1.85928559      0.984000027    
       14488  -5.66720724       2.00025392      0.984000027    
       14490  -5.77305031       1.40225744      0.984000027    
       14492  -5.73928022       1.58129311      0.984000027    
       14494  -5.73761225       1.59075177      0.984000027    
       14496  -5.64621258       2.28811145      0.984000027    
       14498  -5.67367077       2.27653885      0.984000027    
       14500  -5.58755970       2.84611297      0.984000027    
       14502  -5.73405790       2.25005436      0.984000027    
       14504  -5.62576914       2.72634315      0.984000027    
       14506  -5.70962000       2.22290564      0.984000027    
       14508  -5.71378231       2.18977761      0.984000027    
       14510  -5.59565258       2.82785630      0.984000027    
       14512  -5.65851212       2.39903617      0.984000027    
       14514  -5.71490240       2.33057427      0.984000027    
       14516  -5.79177380       1.91654503      0.984000027    
       14518  -5.77197313       2.17186522      0.984000027    
       14520  -5.70009661       2.07984900      0.984000027    
       14522  -5.62751484       2.42624068      0.984000027    
       14524  -5.66409779       2.55786419      0.984000027    
       14526  -5.58870554       3.03177762      0.984000027    
       14528  -5.68289709       2.72615314      0.984000027    
       14530  -5.66394711       2.48256350      0.984000027    
       14532  -5.71550131       2.49146461      0.984000027    
       14534  -5.72119522       2.49250960      0.984000027    
       14536  -5.75873709       2.39368129      0.984000027    
       14538  -5.72743368       2.64762139      0.984000027    
       14540  -5.78602028       2.48075628      0.984000027    
       14542  -5.55992794       3.67720795      0.984000027    
       14544  -5.60054064       3.49407864      0.984000027    
       14546  -5.65433407       3.00397563      0.984000027    
       14548  -5.71337366       2.99430799      0.984000027    
       14550  -5.71318245       2.64985991      0.984000027    
       14552  -5.76100826       2.42434621      0.984000027    
       14554  -5.60412931       3.08115768      0.984000027    
       14556  -5.71057224       2.45142817      0.984000027    
       14558  -5.74807644       2.17138290      0.984000027    
       14560  -5.88374996       1.59866941      0.984000027    
       14562  -5.72484016       2.56029820      0.984000027    
       14564  -5.81247234       1.60703182      0.984000027    
       14566  -5.83598185       1.60677421      0.984000027    
       14568  -5.68436480       2.76560783      0.984000027    
       14570  -5.67203951       2.61528802      0.984000027    
       14572  -5.66833305       2.50242758      0.984000027    
       14574  -5.70871544       2.56498146      0.984000027    
       14576  -5.65665054       2.72692537      0.984000027    
       14578  -5.80440760       1.93913651      0.984000027    
       14580  -5.74702978       2.11265516      0.984000027    
       14582  -5.78852129       1.58304834      0.984000027    
       14584  -5.83388805       1.44939947      0.984000027    
       14586  -5.73135233       2.17678809      0.984000027    
       14588  -5.74034548       2.16391253      0.984000027    
       14590  -5.74422312       2.25565076      0.984000027    
       14592  -5.68772173       2.76205587      0.984000027    
       14594  -5.81511211       2.42837000      0.984000027    
       14596  -5.73808336       2.58708334      0.984000027    
       14598  -5.72920799       2.67930841      0.984000027    
       14600  -5.67995739       2.68149996      0.984000027    
       14602  -5.77311802       2.40072393      0.984000027    
       14604  -5.75496244       2.35771394      0.984000027    
       14606  -5.76759863       2.43096042      0.984000027    
       14608  -5.65856552       2.93127656      0.984000027    
       14610  -5.83113909       1.87840593      0.984000027    
       14612  -5.77315378       1.94523501      0.984000027    
       14614  -5.60074854       3.01504898      0.984000027    
       14616  -5.64170122       2.95011735      0.984000027    
       14618  -5.74102449       2.52639437      0.984000027    
       14620  -5.69741488       2.72488809      0.984000027    
       14622  -5.71384192       2.58004332      0.984000027    
       14624  -5.75775766       2.06553292      0.984000027    
       14626  -5.74473429       1.92801714      0.984000027    
       14628  -5.77482700       1.83784235      0.984000027    
       14630  -5.81595755       1.85350060      0.984000027    
       14632  -5.85899973       1.48846161      0.984000027    
       14634  -5.85149002       1.43644559      0.984000027    
       14636  -5.83718204       1.62070203      0.984000027    
       14638  -5.88391447       1.22418523      0.984000027    
       14640  -5.85905266       1.47667074      0.984000027    
       14642  -5.76165485       1.79511321      0.984000027    
       14644  -5.81630373       1.56977940      0.984000027    
       14646  -5.89235544       1.25030529      0.984000027    
       14648  -5.88763857       1.57154536      0.984000027    
       14650  -5.71806812       2.27772593      0.984000027    
       14652  -5.72048521       2.44912267      0.984000027    
       14654  -5.72697592       2.52760792      0.984000027    
       14656  -5.78167200       2.09712601      0.984000027    
       14658  -5.67848015       2.80962014      0.984000027    
       14660  -5.74668741       2.59049702      0.984000027    
       14662  -5.82070017       2.57349229      0.984000027    
       14664  -5.73015690       2.74173975      0.984000027    
       14666  -5.83261442       2.20159054      0.984000027    
       14668  -5.74153948       2.58490801      0.984000027    
       14670  -5.74118710       2.54636192      0.984000027    
       14672  -5.85532427       2.05121541      0.984000027    
       14674  -5.81785631       2.44022012      0.984000027    
       14676  -5.86113644       2.22404337      0.984000027    
       14678  -5.59406424       3.78577423      0.984000027    
       14680  -5.71930981       3.07988214      0.984000027    
       14682  -5.81080914       2.67714453      0.984000027    
       14684  -5.78449202       2.91314888      0.984000027    
       14686  -5.79464769       2.44538093      0.984000027    
       14688  -5.66922760       2.96906829      0.984000027    
       14690  -5.49292135       3.94231033      0.984000027    
       14692  -5.64257765       3.08937335      0.984000027    
       14694  -5.81492996       1.99147546      0.984000027    
       14696  -5.89526272       2.00465274      0.984000027    
       14698  -5.76135588       2.90248394      0.984000027    
       14700  -5.84861803       2.34253764      0.984000027    
       14702  -5.89067507       2.10807157      0.984000027    
       14704  -5.84419346       2.49324489      0.984000027    
       14706  -5.72724056       3.09255457      0.984000027    
       14708  -5.64430428       3.65076113      0.984000027    
       14710  -5.65717411       3.62151718      0.984000027    
       14712  -5.67158079       3.63148308      0.984000027    
       14714  -5.73021412       3.25496864      0.984000027    
       14716  -5.93324804       2.17264938      0.984000027    
       14718  -5.77722836       2.98789024      0.984000027    
       14720  -5.78431606       2.84249663      0.984000027    
       14722  -5.80538845       2.67482758      0.984000027    
       14724  -5.78186750       2.67304063      0.984000027    
       14726  -5.70447683       3.07890415      0.984000027    
       14728  -5.86482477       2.04598999      0.984000027    
       14730  -5.82665396       1.78160834      0.984000027    
       14732  -5.81417608       2.08820772      0.984000027    
       14734  -5.71999979       2.70554423      0.984000027    
       14736  -5.71626043       2.58808923      0.984000027    
       14738  -5.75780439       2.56994820      0.984000027    
       14740  -5.68800640       2.78222680      0.984000027    
       14742  -5.78376102       2.09852362      0.984000027    
       14744  -5.77183580       2.17623544      0.984000027    
       14746  -5.74623251       2.38649464      0.984000027    
       14748  -5.70870543       2.79624009      0.984000027    
       14750  -5.69290876       3.29565239      0.984000027    
       14752  -5.81275892       2.60700917      0.984000027    
       14754  -5.72558022       3.03660369      0.984000027    
       14756  -5.86775208       2.40548706      0.984000027    
       14758  -5.74491930       3.07466054      0.984000027    
       14760  -5.83658218       2.59272099      0.984000027    
       14762  -5.78859663       3.04803514      0.984000027    
       14764  -5.83038855       2.71617913      0.984000027    
       14766  -5.88096809       2.02053308      0.972000003    
       14768  -5.78779173       2.69399428      0.972000003    
       14770  -5.63802004       3.60523510      0.972000003    
       14772  -5.65884113       3.21497536      0.972000003    
       14774  -5.60675001       3.36798358      0.972000003    
       14776  -5.68367720       3.15965533      0.972000003    
       14778  -5.55940437       3.68367243      0.972000003    
       14780  -5.56077766       3.74036980      0.972000003    
       14782  -5.66845512       2.95430183      0.972000003    
       14784  -5.69771814       2.87295365      0.972000003    
       14786  -5.70066643       2.72509170      0.972000003    
       14788  -5.78313398       2.38650155      0.972000003    
       14790  -5.72794533       3.23932648      0.984000027    
       14792  -5.66847801       3.52761269      0.984000027    
       14794  -5.62668943       3.62266588      0.984000027    
       14796  -5.64568329       3.39628983      0.984000027    
       14798  -5.67892838       3.37465572      0.984000027    
       14800  -5.63735437       3.91196918      0.984000027    
       14802  -5.69392633       3.55272007      0.984000027    
       14804  -5.73202276       3.05108070      0.984000027    
       14806  -5.72306633       3.37966299      0.984000027    
       14808  -5.84482193       2.85547352      0.984000027    
       14810  -5.84911680       2.41748142      0.984000027    
       14812  -5.81065893       3.01579046      0.984000027    
       14814  -5.71360111       3.55412841      0.984000027    
       14816  -5.60626888       3.78687501      0.984000027    
       14818  -5.59874773       3.71816468      0.984000027    
       14820  -5.60733843       3.42886138      0.984000027    
       14822  -5.49572134       4.09867477      0.984000027    
       14824  -5.41913700       4.29185629      0.984000027    
       14826  -5.56731749       3.46886969      0.984000027    
       14828  -5.59492874       3.27113128      0.984000027    
       14830  -5.55260086       3.51375675      0.984000027    
       14832  -5.62670469       3.19256759      0.984000027    
       14834  -5.81528902       1.97136259      0.984000027    
       14836  -5.80333662       1.76324773      0.984000027    
       14838  -5.79563332       1.97862267      0.984000027    
       14840  -5.88853502       1.51582360      0.984000027    
       14842  -5.89315653       1.35862005      0.984000027    
       14844  -5.88056612       1.47955704      0.984000027    
       14846  -5.84558058       1.61686790      0.984000027    
       14848  -5.82349253       1.84589243      0.984000027    
       14850  -5.75371170       2.01400590      0.984000027    
       14852  -5.72371149       2.44139004      0.984000027    
       14854  -5.71332693       2.65257359      0.984000027    
       14856  -5.70707321       2.41730165      0.984000027    
       14858  -5.74792862       2.59277201      0.984000027    
       14860  -5.64711094       2.82133031      0.984000027    
       14862  -5.65524817       2.72254276      0.984000027    
       14864  -5.70534420       2.56798887      0.984000027    
       14866  -5.70774221       2.55713916      0.984000027    
       14868  -5.75148821       2.40946364      0.984000027    
       14870  -5.82961559       2.08596230      0.984000027    
       14872  -5.76658487       2.43883109      0.984000027    
       14874  -5.70412683       2.94077706      0.984000027    
       14876  -5.78540468       2.37836027      0.984000027    
       14878  -5.81594515       2.33294964      0.984000027    
       14880  -5.92933178       1.55638695      0.984000027    
       14882  -5.93989420       1.56484342      0.984000027    
       14884  -5.82249022       2.10142112      0.984000027    
       14886  -5.79975224       2.16235638      0.984000027    
       14888  -5.82755375       2.16286421      0.984000027    
       14890  -5.87143564       2.01194715      0.984000027    
       14892  -5.79220343       2.45282006      0.984000027    
       14894  -5.71241999       2.83064556      0.984000027    
       14896  -5.76576614       2.46414065      0.984000027    
       14898  -5.61305285       2.88427377      0.984000027    
       14900  -5.67642307       2.77160668      0.984000027    
       14902  -5.58421803       3.22680616      0.984000027    
       14904  -5.60466719       3.19337153      0.984000027    
       14906  -5.59975100       3.06230164      0.984000027    
       14908  -5.61067581       2.84624219      0.984000027    
       14910  -5.72308969       2.04602981      0.984000027    
       14912  -5.78197527       2.22992158      0.984000027    
       14914  -5.67200327       2.68864632      0.984000027    
       14916  -5.63299847       2.63875175      0.984000027    
       14918  -5.61942434       2.71521187      0.984000027    
       14920  -5.68662310       2.38565755      0.984000027    
       14922  -5.55897903       3.13633013      0.984000027    
       14924  -5.57966805       2.94478154      0.984000027    
       14926  -5.60691786       2.55443120      0.984000027    
       14928  -5.75738192       2.15964246      0.984000027    
       14930  -5.72129869       2.20891690      0.984000027    
       14932  -5.63470411       2.54195499      0.984000027    
       14934  -5.65560389       2.72109699      0.984000027    
       14936  -5.57153797       3.01144934      0.984000027    
       14938  -5.53921509       3.15660214      0.984000027    
       14940  -5.47868824       3.60192132      0.984000027    
       14942  -5.64299488       2.56911230      0.984000027    
       14944  -5.68751431       2.28529477      0.984000027    
       14946  -5.72532606       2.04853916      0.984000027    
       14948  -5.62001657       2.49235082      0.984000027    
       14950  -5.59077644       2.67023373      0.984000027    
       14952  -5.60793686       2.66917801      0.984000027    
       14954  -5.60649014       2.60912991      0.984000027    
       14956  -5.68172312       2.34225941      0.984000027    
       14958  -5.69662714       2.33329630      0.984000027    
       14960  -5.64573765       2.54105067      0.984000027    
       14962  -5.80865812       1.85053182      0.984000027    
       14964  -5.69292259       2.45956111      0.984000027    
       14966  -5.77474833       1.95267475      0.984000027    
       14968  -5.78476095       2.23817301      0.984000027    
       14970  -5.80099964       1.98180628      0.984000027    
       14972  -5.72712469       2.49690008      0.984000027    
       14974  -5.76661825       2.29818678      0.984000027    
       14976  -5.72434425       2.36681151      0.984000027    
       14978  -5.76244688       2.12189817      0.984000027    
       14980  -5.75990105       1.95552468      0.984000027    
       14982  -5.85533142       1.33508146      0.984000027    
       14984  -5.79086399       1.63878453      0.984000027    
       14986  -5.70122623       2.40201187      0.984000027    
       14988  -5.62463045       3.04388881      0.984000027    
       14990  -5.58526230       3.00148249      0.984000027    
       14992  -5.64063549       2.57339644      0.984000027    
       14994  -5.65222120       2.54724312      0.984000027    
       14996  -5.75854206       2.27058411      0.984000027    
       14998  -5.82040787       1.76792598      0.984000027    
       15000  -5.71174669       2.33383369      0.984000027    
       15002  -5.75174904       2.02442122      0.984000027    
       15004  -5.81531954       1.68365526      0.984000027    
       15006  -5.87340355       1.12438154      0.984000027    
       15008  -5.68296671       2.70388794      0.984000027    
       15010  -5.75004482       2.13934231      0.984000027    
       15012  -5.78652477       1.93851674      0.984000027    
       15014  -5.82036161       2.01581931      0.984000027    
       15016  -5.82511282       2.01722741      0.984000027    
       15018  -5.78798008       1.96010876      0.984000027    
       15020  -5.78905964       2.02919579      0.984000027    
       15022  -5.92990780       1.44535875      0.984000027    
       15024  -5.90056705       1.71227098      0.984000027    
       15026  -5.84851122       2.00863194      0.984000027    
       15028  -5.95736265       1.24674881      0.984000027    
       15030  -5.83937407       1.69470024      0.984000027    
       15032  -5.86468697       1.64021146      0.984000027    
       15034  -5.99998379       1.00682807      0.984000027    
       15036  -5.96042919       1.35865760      0.984000027    
       15038  -5.94642591       1.24470174      0.984000027    
       15040  -5.77700615       2.52452707      0.984000027    
       15042  -5.84179401       1.87168944      0.984000027    
       15044  -5.77317858       2.15380931      0.984000027    
       15046  -5.81989193       1.84298527      0.984000027    
       15048  -5.81923485       1.52348411      0.984000027    
       15050  -5.87274265       1.26243377      0.984000027    
       15052  -5.94448662      0.959412396      0.984000027    
       15054  -5.97602892      0.634730101      0.984000027    
       15056  -5.81272268       1.22579563      0.984000027    
       15058  -5.86654949       1.06535757      0.984000027    
       15060  -5.86158276       1.35600746      0.984000027    
       15062  -5.87955379       1.39827728      0.984000027    
       15064  -5.88451576       1.12094343      0.984000027    
       15066  -5.83862829       1.32612300      0.984000027    
       15068  -5.79798603       1.68502200      0.984000027    
       15070  -5.71664047       2.26800966      0.984000027    
       15072  -5.70491028       2.33154130      0.984000027    
       15074  -5.74396229       2.03743196      0.984000027    
       15076  -5.73774385       2.11829758      0.984000027    
       15078  -5.81001043       1.77778888      0.984000027    
       15080  -5.78239918       2.01541376      0.984000027    
       15082  -5.78514719       2.05332208      0.984000027    
       15084  -5.70616484       2.26509094      0.984000027    
       15086  -5.71447611       2.34998465      0.984000027    
       15088  -5.71004725       2.27004480      0.984000027    
       15090  -5.68950319       2.47541881      0.984000027    
       15092  -5.56960392       3.00910020      0.984000027    
       15094  -5.49851608       3.54690027      0.984000027    
       15096  -5.63785887       2.52337599      0.984000027    
       15098  -5.68041420       2.38971376      0.984000027    
       15100  -5.61530828       2.57280755      0.984000027    
       15102  -5.81977415       1.37507284      0.984000027    
       15104  -5.73894835       2.35438728      0.984000027    
       15106  -5.80823946       1.79550660      0.984000027    
       15108  -5.82380962       1.55509484      0.984000027    
       15110  -5.90176058       1.38525534      0.984000027    
       15112  -5.87573767       1.41100371      0.984000027    
       15114  -5.76442099       1.91953695      0.984000027    
       15116  -5.86680508       1.67501128      0.984000027    
       15118  -5.67187691       2.82230496      0.984000027    
       15120  -5.69347715       2.64321184      0.984000027    
       15122  -5.69805431       2.68140006      0.984000027    
       15124  -5.53920746       3.29382014      0.984000027    
       15126  -5.48910856       3.57765055      0.984000027    
       15128  -5.61326313       2.90943980      0.984000027    
       15130  -5.76115894       2.12920332      0.984000027    
       15132  -5.90038109       1.30966163      0.984000027    
       15134  -5.94850397       1.04119682      0.984000027    
       15136  -5.96213102       1.08100057      0.984000027    
       15138  -5.92155790       1.39428020      0.984000027    
       15140  -5.82847166       1.80330265      0.984000027    
       15142  -5.80081129       1.80408442      0.984000027    
       15144  -5.84519291       1.54280663      0.984000027    
       15146  -5.71375418       2.48843551      0.984000027    
       15148  -5.73977900       2.07301545      0.984000027    
       15150  -5.72707081       2.34916353      0.984000027    
       15152  -5.61073017       2.84630394      0.984000027    
       15154  -5.58984661       2.74441743      0.984000027    
       15156  -5.68830442       2.47446632      0.984000027    
       15158  -5.53541231       3.24077392      0.984000027    
       15160  -5.59350967       2.95670152      0.984000027    
       15162  -5.62668943       2.83274150      0.984000027    
       15164  -5.83774662       1.64811480      0.984000027    
       15166  -5.73213339       2.35082150      0.984000027    
       15168  -5.87091827       1.39767313      0.984000027    
       15170  -5.84751606       1.49965489      0.984000027    
       15172  -5.92358971      0.986550272      0.984000027    
       15174  -5.94056177      0.645919204      0.984000027    
       15176  -5.82235003       1.42609394      0.984000027    
       15178  -6.07115269       2.36944370E-02  0.984000027    
       15180  -5.94497538      0.689886630      0.984000027    
       15182  -5.92694139      0.679031670      0.984000027    
       15184  -5.96890926      0.471752733      0.984000027    
       15186  -5.82894278       1.11076713      0.984000027    
       15188  -5.61870575       2.16720700      0.984000027    
       15190  -5.72049522       1.54795313      0.984000027    
       15192  -5.65254879       1.94717360      0.984000027    
       15194  -5.62370682       1.98278618      0.984000027    
       15196  -5.83606339      0.638365746      0.984000027    
       15198  -5.81844711      0.675602555      0.984000027    
       15200  -5.80456543       1.04651201      0.984000027    
       15202  -5.84871292      0.969202399      0.984000027    
       15204  -5.76793480       1.27831364      0.984000027    
       15206  -5.79393673       1.07637799      0.984000027    
       15208  -5.80223894       1.23193669      0.984000027    
       15210  -5.75138474       1.86557662      0.984000027    
       15212  -5.75920439       1.80457640      0.984000027    
       15214  -5.63513708       2.22355390      0.984000027    
       15216  -5.70932770       2.07708764      0.984000027    
       15218  -5.80483055       1.75918114      0.984000027    
       15220  -5.75818205       2.12461805      0.984000027    
       15222  -5.83048582       1.67206907      0.984000027    
       15224  -5.77852964       2.14027119      0.984000027    
       15226  -5.74261856       2.16050816      0.984000027    
       15228  -5.80647469       1.61312306      0.984000027    
       15230  -5.78358746       1.88832402      0.984000027    
       15232  -5.71313858       2.29558063      0.984000027    
       15234  -5.81137323       1.82164431      0.984000027    
       15236  -5.86274815       1.59748864      0.984000027    
       15238  -5.81287909       1.90818989      0.984000027    
       15240  -5.87901449       1.36321807      0.984000027    
       15242  -5.84686613       1.76616168      0.984000027    
       15244  -5.85118341       1.63878059      0.984000027    
       15246  -5.77568722       2.00248766      0.984000027    
       15248  -5.68885136       2.44228005      0.984000027    
       15250  -5.76649237       1.74729168      0.984000027    
       15252  -5.85063410       1.28593123      0.984000027    
       15254  -5.84718704       1.45820177      0.984000027    
       15256  -5.73870230       1.92513216      0.984000027    
       15258  -5.82824516       1.44493926      0.984000027    
       15260  -5.69621468       2.67725897      0.995999992    
       15262  -5.69702101       2.53932166      0.995999992    
       15264  -5.67566204       2.84757233      0.995999992    
       15266  -5.82674932       2.22086406      0.995999992    
       15268  -5.87726068       1.65805233      0.995999992    
       15270  -5.83042240       1.80322409      0.995999992    
       15272  -5.84322119       1.85980415      0.995999992    
       15274  -5.80157948       2.14594316      0.995999992    
       15276  -5.77390671       2.56703806      0.995999992    
       15278  -5.96463966       1.35516393      0.995999992    
       15280  -5.89062834       1.79855895      0.995999992    
       15282  -6.01304770       1.03984666      0.995999992    
       15284  -5.97556877       1.49482536      0.995999992    
       15286  -5.86297226       1.99674833      0.995999992    
       15288  -5.83552551       2.01078463      0.995999992    
       15290  -5.84664202       1.96305037      0.995999992    
       15292  -5.78446436       2.29841232      0.995999992    
       15294  -5.77056074       2.44844007      0.995999992    
       15296  -5.81655884       2.21199393      0.995999992    
       15298  -5.86099434       1.88872933      0.995999992    
       15300  -5.90405798       1.40920472      0.995999992    
       15302  -5.75267076       2.13828588      0.995999992    
       15304  -5.97179031       1.33040142      0.995999992    
       15306  -5.77383804       2.31013799      0.995999992    
       15308  -5.88315678       1.91716707      0.995999992    
       15310  -5.92178345       1.64275980      0.995999992    
       15312  -5.88875723       1.73740542      0.995999992    
       15314  -5.92225838       1.49014997      0.995999992    
       15316  -5.83170223       2.27160168      0.995999992    
       15318  -5.82327461       2.22613168      0.995999992    
       15320  -5.89389753       1.59544265      0.995999992    
       15322  -6.02177763      0.718580961      0.995999992    
       15324  -6.03351641      0.780829966      0.995999992    
       15326  -5.87787771       1.64970982      0.995999992    
       15328  -5.75664043       2.21165729      0.995999992    
       15330  -5.79261732       2.05028868      0.995999992    
       15332  -5.86638927       1.82846522      0.995999992    
       15334  -5.94858217       1.33065915      0.995999992    
       15336  -5.83984041       1.84640074      0.995999992    
       15338  -5.77926016       2.61347246      0.995999992    
       15340  -5.80193233       2.43549776      0.995999992    
       15342  -5.84793425       2.27848101      0.995999992    
       15344  -5.79052973       2.50506020      0.995999992    
       15346  -5.63988113       3.41112161      0.995999992    
       15348  -5.72445297       2.73356652      0.995999992    
       15350  -5.73511267       2.85721660      0.995999992    
       15352  -5.92979145       1.52951109      0.995999992    
       15354  -5.97325182       1.41973150      0.995999992    
       15356  -5.92690086       1.66015303      0.995999992    
       15358  -5.75664425       2.59850907      0.995999992    
       15360  -5.86439228       1.91750431      0.995999992    
       15362  -5.88556147       1.85347390      0.995999992    
       15364  -5.89174271       1.57850409      0.995999992    
       15366  -5.81794310       1.90687454      0.995999992    
       15368  -5.81692553       1.89837825      0.995999992    
       15370  -5.84544849       2.21578169      0.995999992    
       15372  -5.68999910       3.00272226      0.995999992    
       15374  -5.79165173       2.41326380      0.995999992    
       15376  -5.77337599       2.63012862      0.995999992    
       15378  -5.77683592       2.58643341      0.995999992    
       15380  -5.74112368       2.84234691      0.995999992    
       15382  -5.73523569       2.66500258      0.995999992    
       15384  -5.80550289       2.36538196      0.995999992    
       15386  -5.75930977       2.69065547      0.995999992    
       15388  -5.80368423       2.48472190      0.995999992    
       15390  -5.91752195       1.86260343      0.995999992    
       15392  -5.87378073       2.00631690      0.995999992    
       15394  -5.88084173       2.13886094      0.995999992    
       15396  -5.87599230       1.95570993      0.995999992    
       15398  -5.75566292       2.75790215      0.995999992    
       15400  -5.80402327       2.52294397      0.995999992    
       15402  -5.84377670       2.22479677      0.995999992    
       15404  -5.89103746       2.00097752      0.995999992    
       15406  -5.81588030       2.46509576      0.995999992    
       15408  -5.80967283       2.38395905      0.995999992    
       15410  -5.71511841       2.92341304      0.995999992    
       15412  -5.54895115       3.95512891      0.995999992    
       15414  -5.71577263       2.91840911      0.995999992    
       15416  -5.63320351       3.28933597      0.995999992    
       15418  -5.75880527       2.68638134      0.995999992    
       15420  -5.80307007       2.51736641      0.995999992    
       15422  -5.73031759       2.85919833      0.995999992    
       15424  -5.84089375       2.04451990      0.995999992    
       15426  -5.85404396       2.20709944      0.995999992    
       15428  -5.85115814       2.27825117      0.995999992    
       15430  -5.96621895       1.50505221      0.995999992    
       15432  -5.82123756       2.22519565      0.995999992    
       15434  -5.82899618       2.30439353      0.995999992    
       15436  -5.84901905       2.16382670      0.995999992    
       15438  -5.90871429       1.73439586      0.995999992    
       15440  -5.79836941       2.77813196      0.995999992    
       15442  -5.95936537       2.24198747      0.995999992    
       15444  -5.90110588       2.40793848      0.995999992    
       15446  -6.00350809       1.90279019      0.995999992    
       15448  -5.94928455       1.99753177      0.995999992    
       15450  -5.86566687       2.43285728      0.995999992    
       15452  -5.68015575       3.36074281      0.995999992    
       15454  -5.74619532       2.95084786      0.995999992    
       15456  -5.81398869       2.88759756      0.995999992    
       15458  -5.78259277       2.91451907      0.995999992    
       15460  -5.70997953       3.28357148      0.995999992    
       15462  -5.90323257       2.18116546      0.995999992    
       15464  -5.80786133       2.73134828      0.995999992    
       15466  -5.81186295       2.72680974      0.995999992    
       15468  -5.78100204       2.68123198      0.995999992    
       15470  -5.74245834       2.97048235      0.995999992    
       15472  -5.70950222       3.31394768      0.995999992    
       15474  -5.74471188       3.01156616      0.995999992    
       15476  -5.76437712       3.16047549      0.995999992    
       15478  -5.73141766       3.23806357      0.995999992    
       15480  -5.74745703       3.18339157      0.995999992    
       15482  -5.80287361       2.96247196      0.995999992    
       15484  -5.86126232       2.46854568      0.995999992    
       15486  -5.84892225       2.35333657      0.995999992    
       15488  -5.83707619       2.37602210      0.995999992    
       15490  -5.77931595       2.60826612      0.995999992    
       15492  -5.75008583       3.03601599      0.995999992    
       15494  -5.65263939       3.65964746      0.995999992    
       15496  -5.71875000       2.89112449      0.995999992    
       15498  -5.69518900       3.00765848      0.995999992    
       15500  -5.67443323       3.29461908      0.995999992    
       15502  -5.61876535       3.61888123      0.995999992    
       15504  -5.76027870       2.72817039      0.995999992    
       15506  -5.82517004       2.41964769      0.995999992    
       15508  -5.79713058       2.70904469      0.995999992    
       15510  -5.84681320       2.61644983      0.995999992    
       15512  -5.79580164       2.97516465      0.995999992    
       15514  -5.83783007       2.66323471      0.995999992    
       15516  -5.81982899       2.83668685      0.995999992    
       15518  -5.65174818       3.55995822      0.995999992    
       15520  -5.76584482       2.87065339      0.995999992    
       15522  -5.65554523       3.41310906      0.995999992    
       15524  -5.69981813       3.24032855      0.995999992    
       15526  -5.44192219       4.62182474      0.995999992    
       15528  -5.64502430       3.61388206      0.995999992    
       15530  -5.54971743       3.96960068      0.995999992    
       15532  -5.57095385       3.83229876      0.995999992    
       15534  -5.69678640       3.40502191      0.995999992    
       15536  -5.64706993       3.64502311      0.995999992    
       15538  -5.63125324       3.74369240      0.995999992    
       15540  -5.66651201       3.69304490      0.995999992    
       15542  -5.58301830       4.11352968      0.995999992    
       15544  -5.77242756       3.01782441      0.995999992    
       15546  -5.81574011       2.98480058      0.995999992    
       15548  -5.84758329       2.65030432      0.995999992    
       15550  -5.89481688       2.66339421      0.995999992    
       15552  -5.89158058       2.63595963      0.995999992    
       15554  -5.88582468       2.65631080      0.995999992    
       15556  -5.88609266       2.70334983      0.995999992    
       15558  -5.86554623       2.60613728      0.995999992    
       15560  -5.82652569       2.93226457      0.995999992    
       15562  -5.87907028       2.82373643      0.995999992    
       15564  -5.85691643       2.82453966      0.995999992    
       15566  -5.78975058       3.18096352      0.995999992    
       15568  -5.92735004       2.49954820      0.995999992    
       15570  -5.79189491       3.07963467      0.995999992    
       15572  -5.83452559       2.73245597      0.995999992    
       15574  -5.80006695       2.95873547      0.995999992    
       15576  -5.73066330       3.15116739      0.995999992    
       15578  -5.84084892       2.42677736      0.995999992    
       15580  -5.82488251       2.55581665      0.995999992    
       15582  -5.84075165       2.66150999      0.995999992    
       15584  -5.86125278       2.56115079      0.995999992    
       15586  -5.82713699       2.61754751      0.995999992    
       15588  -5.83547306       2.73741007      0.995999992    
       15590  -5.82540131       2.91533470      0.995999992    
       15592  -5.78886938       3.10312796      0.995999992    
       15594  -5.82859659       2.66829586      0.995999992    
       15596  -5.93174362       2.21514130      0.995999992    
       15598  -5.89896631       2.40525770      0.995999992    
       15600  -5.87643766       2.65279031      0.995999992    
       15602  -5.91064692       2.41164899      0.995999992    
       15604  -5.84777975       2.62048912      0.995999992    
       15606  -5.81862593       2.58952856      0.995999992    
       15608  -5.75706625       2.97547531      0.995999992    
       15610  -5.76545334       3.08944702      0.995999992    
       15612  -5.73114491       3.31267667      0.995999992    
       15614  -5.83396816       2.50102186      0.995999992    
       15616  -5.78869486       2.76950431      0.995999992    
       15618  -5.81022739       2.80575705      0.995999992    
       15620  -5.77857113       2.90666199      0.995999992    
       15622  -5.81725693       2.78506422      0.995999992    
       15624  -5.80769014       2.68575621      0.995999992    
       15626  -5.70716238       2.90121031      0.995999992    
       15628  -5.79627991       2.42451286      0.995999992    
       15630  -5.72116566       2.83942580      0.995999992    
       15632  -5.80417538       2.53583193      0.995999992    
       15634  -5.74463701       2.86986971      0.995999992    
       15636  -5.80399466       2.48013759      0.995999992    
       15638  -5.70121002       2.91343999      0.995999992    
       15640  -5.73495150       2.65194893      0.995999992    
       15642  -5.67943001       2.91615868      0.995999992    
       15644  -5.58649206       3.61378789      0.995999992    
       15646  -5.64606428       3.28442550      0.995999992    
       15648  -5.75686693       2.61285114      0.995999992    
       15650  -5.69561529       3.09080601      0.995999992    
       15652  -5.61421537       3.69935489      0.995999992    
       15654  -5.73039961       3.26711607      0.995999992    
       15656  -5.76804876       2.95092249      0.995999992    
       15658  -5.76503849       3.13296556      0.995999992    
       15660  -5.69970655       3.40106153      0.995999992    
       15662  -5.85639954       2.63917947      0.995999992    
       15664  -5.79562092       3.46616626      0.995999992    
       15666  -5.90716839       2.38016248      0.995999992    
       15668  -5.90139341       2.24536419      0.995999992    
       15670  -5.83759356       2.49152017      0.995999992    
       15672  -5.75354624       2.83851004      0.995999992    
       15674  -5.80311632       2.56293249      0.995999992    
       15676  -5.93458271       1.93567288      0.995999992    
       15678  -5.87719822       2.09303236      0.995999992    
       15680  -5.93582964       2.11893773      0.995999992    
       15682  -5.93597698       2.13427258      0.995999992    
       15684  -5.94704676       2.17303491      0.995999992    
       15686  -6.07739973       1.60707426      0.995999992    
       15688  -5.97941160       1.65219116      0.995999992    
       15690  -5.91220188       2.05855274      0.995999992    
       15692  -5.87559986       2.06556225      0.995999992    
       15694  -5.80208111       2.41625428      0.995999992    
       15696  -5.88053846       2.01411176      0.995999992    
       15698  -5.91856098       1.60300541      0.995999992    
       15700  -5.88816595       1.98081243      0.995999992    
       15702  -5.69741154       3.18035436      0.995999992    
       15704  -5.81274223       2.63718724      0.995999992    
       15706  -5.85416222       2.48449016      0.995999992    
       15708  -5.82420540       2.80577564      0.995999992    
       15710  -5.83211422       2.38872290      0.995999992    
       15712  -5.84458923       2.41464162      0.995999992    
       15714  -5.80755615       2.59281445      0.995999992    
       15716  -5.71309090       3.27132964      0.995999992    
       15718  -5.85240984       2.50297141      0.995999992    
       15720  -5.88796711       2.21765780      0.995999992    
       15722  -5.90651703       1.92380857      0.995999992    
       15724  -5.92909002       1.91058481      0.995999992    
       15726  -5.92044973       1.95462453      0.995999992    
       15728  -5.85834551       2.18243146      0.995999992    
       15730  -5.96573210       1.69803882      0.995999992    
       15732  -5.84862185       2.35403228      0.995999992    
       15734  -5.77240610       2.62740707      0.995999992    
       15736  -5.94255304       1.76633561      0.995999992    
       15738  -5.93729925       1.90046823      0.995999992    
       15740  -5.95189905       1.71554279      0.995999992    
       15742  -5.97073126       1.54445589      0.995999992    
       15744  -5.86953974       2.36919975      0.995999992    
       15746  -5.88662624       2.10129309      0.995999992    
       15748  -5.94467545       1.75915194      0.995999992    
       15750  -5.92907286       1.57679236      0.995999992    
       15752  -5.95728827       1.36852753      0.995999992    
       15754  -5.97731876       1.56465483      0.995999992    
       15756  -6.03309536       1.07432663      0.995999992    
       15758  -5.88145924       1.80579185      0.995999992    
       15760  -5.91721439       1.42835426      0.995999992    
       15762  -5.87686491       1.49537504      0.995999992    
       15764  -5.88812733       1.95697749      0.995999992    
       15766  -5.98619652       1.39456189      0.995999992    
       15768  -6.03636932       1.05844879      0.995999992    
       15770  -5.96145105       1.51522255      0.995999992    
       15772  -5.84555197       2.19546437      0.995999992    
       15774  -5.88015079       1.87841761      0.995999992    
       15776  -5.95181990       1.41578925      0.995999992    
       15778  -5.89913940       1.78775668      0.995999992    
       15780  -5.88812113       1.81320608      0.995999992    
       15782  -5.85472441       2.26477337      0.995999992    
       15784  -5.95545864       1.71707380      0.995999992    
       15786  -5.88244104       2.03714132      0.995999992    
       15788  -5.82569790       2.20107770      0.995999992    
       15790  -5.93587112       1.88220775      0.995999992    
       15792  -5.83830166       2.54770327      0.995999992    
       15794  -5.77869606       2.87366748      0.995999992    
       15796  -5.84020472       2.68518114      0.995999992    
       15798  -5.87948751       2.40095806      0.995999992    
       15800  -5.90394020       2.13436985      0.995999992    
       15802  -5.80707788       2.63733864      0.995999992    
       15804  -5.75465822       2.58493304      0.995999992    
       15806  -5.68472099       2.97249341      0.995999992    
       15808  -5.72893524       2.89056277      0.995999992    
       15810  -5.80769396       2.12970400      0.995999992    
       15812  -5.77079964       2.43725348      0.995999992    
       15814  -5.79753637       2.28696728      0.995999992    
       15816  -5.76252174       2.68352485      0.995999992    
       15818  -5.77713156       2.69899631      0.995999992    
       15820  -5.89738083       2.07447076      0.995999992    
       15822  -5.84631777       2.36503744      0.995999992    
       15824  -5.81996632       2.31612134      0.995999992    
       15826  -6.03766537       1.21279716      0.995999992    
       15828  -5.95306015       1.75193882      0.995999992    
       15830  -5.84174061       2.41228414      0.995999992    
       15832  -5.73090696       2.88868213      0.995999992    
       15834  -5.89776087       1.67895150      0.995999992    
       15836  -5.89092445       1.78476787      0.995999992    
       15838  -5.94787312       1.68790734      0.995999992    
       15840  -5.93625832       1.51183653      0.995999992    
       15842  -5.93914795       1.91995382      0.995999992    
       15844  -6.02727270       1.37011957      0.995999992    
       15846  -6.00733185       1.64865267      0.995999992    
       15848  -6.04941940       1.50269663      0.995999992    
       15850  -5.95799398       1.76535630      0.995999992    
       15852  -5.90576935       2.06771755      0.995999992    
       15854  -5.92157173       2.10200047      0.995999992    
       15856  -5.97110367       1.54256237      0.995999992    
       15858  -5.97582626       1.73278069      0.995999992    
       15860  -5.89935780       1.91253495      0.995999992    
       15862  -5.92963028       1.71754229      0.995999992    
       15864  -5.96233225       1.23651254      0.995999992    
       15866  -5.95831156       1.15611649      0.995999992    
       15868  -5.91479969       1.60170817      0.995999992    
       15870  -5.99103594       1.06446540      0.995999992    
       15872  -5.98346090       1.02284431      0.995999992    
       15874  -6.05965328      0.530761778      0.995999992    
       15876  -5.97152519      0.958853781      0.995999992    
       15878  -5.92582941       1.20857239      0.995999992    
       15880  -5.89457083       1.59908485      0.995999992    
       15882  -5.89871502       1.37204695      0.995999992    
       15884  -5.80142927       2.07571054      0.995999992    
       15886  -5.84269524       1.59317315      0.995999992    
       15888  -5.87455273       1.50143373      0.995999992    
       15890  -5.89808130       1.56894851      0.995999992    
       15892  -5.90874147       1.51704097      0.995999992    
       15894  -5.99215508       1.15551507      0.995999992    
       15896  -5.88924837       1.63730562      0.995999992    
       15898  -5.89047003       1.58932281      0.995999992    
       15900  -5.92771006       1.44166088      0.995999992    
       15902  -6.06562567      0.785410941      0.995999992    
       15904  -5.93948650       1.53998804      0.995999992    
       15906  -5.92845535       1.70246744      0.995999992    
       15908  -5.95012426       1.47664523      0.995999992    
       15910  -6.01661205       1.13076186      0.995999992    
       15912  -6.02252340       1.32803953      0.995999992    
       15914  -5.99758291       1.18471456      0.995999992    
       15916  -6.02413750      0.889398575      0.995999992    
       15918  -6.05214214      0.685279250      0.995999992    
       15920  -6.03564119      0.779868245      0.995999992    
       15922  -6.20364285       6.55334070E-02  0.995999992    
       15924  -6.07618189      0.518149853      0.995999992    
       15926  -6.00976419      0.876944184      0.995999992    
       15928  -5.86943388       1.59343994      0.995999992    
       15930  -5.97940540       1.13534391      0.995999992    
       15932  -5.98472595       1.05325246      0.995999992    
       15934  -5.94733334       1.35502613      0.995999992    
       15936  -6.02910805      0.806757510      0.995999992    
       15938  -5.95589113       1.52483022      0.995999992    
       15940  -5.97802639       1.55905235      0.995999992    
       15942  -5.96845245       1.45744979      0.995999992    
       15944  -5.96091557       1.47734880      0.995999992    
       15946  -6.00929546       1.12516606      0.995999992    
       15948  -5.91601562       1.61982608      0.995999992    
       15950  -5.88957167       1.82317448      0.995999992    
       15952  -5.79893684       2.50280714      0.995999992    
       15954  -5.94930601       1.77855515      0.995999992    
       15956  -5.85920572       2.13797116      0.995999992    
       15958  -5.89137793       1.99151158      0.995999992    
       15960  -5.89925528       1.68225670      0.995999992    
       15962  -5.79610634       2.27868557      0.995999992    
       15964  -5.88661766       1.80004299      0.995999992    
       15966  -5.99557781       1.09529281      0.995999992    
       15968  -6.12877178      0.415195554      0.995999992    
       15970  -5.98591137       1.15863061      0.995999992    
       15972  -5.86883354       1.79667091      0.995999992    
       15974  -5.82995462       2.08647466      0.995999992    
       15976  -5.69432640       3.11726475      0.995999992    
       15978  -5.74868202       2.40627694      0.995999992    
       15980  -5.70747566       2.67251325      0.995999992    
       15982  -5.83020449       1.87659013      0.995999992    
       15984  -5.91862059       1.61081684      0.995999992    
       15986  -5.99063015       1.18757570      0.995999992    
       15988  -5.98854017      0.924772739      0.995999992    
       15990  -5.93923473       1.17739713      0.995999992    
       15992  -5.86054659       1.35212266      0.995999992    
       15994  -5.86269140       1.72504282      0.995999992    
       15996  -5.86065245       1.65055788      0.995999992    
       15998  -5.75585556       2.25674057      0.995999992    
       16000  -5.89104414       1.63445771      0.995999992    
       16002  -5.87749672       1.57305789      0.995999992    
       16004  -5.91732836       1.32667601      0.995999992    
       16006  -5.83352709       1.84539664      0.995999992    
       16008  -5.91854572       1.45449662      0.995999992    
       16010  -5.89300251       1.76353168      0.995999992    
       16012  -5.90087700       1.63468516      0.995999992    
       16014  -5.98158264       1.32936442      0.995999992    
       16016  -6.05102253      0.868630648      0.995999992    
       16018  -6.00826883       1.33616471      0.995999992    
       16020  -5.83004284       2.35222125      0.995999992    
       16022  -5.98039389       1.35053408      0.995999992    
       16024  -6.06475830       1.08783853      0.995999992    
       16026  -6.10022831       1.02496433      0.995999992    
       16028  -6.09912634      0.888171017      0.995999992    
       16030  -6.03224945       1.18687427      0.995999992    
       16032  -5.97777700       1.51268756      0.995999992    
       16034  -5.83861637       2.14376187      0.995999992    
       16036  -5.90485144       1.84821510      0.995999992    
       16038  -5.82708502       2.35478067      0.995999992    
       16040  -5.96330070       1.43539536      0.995999992    
       16042  -5.90041113       1.73867583      0.995999992    
       16044  -5.84178638       2.22321320      0.995999992    
       16046  -5.83556795       2.09517097      0.995999992    
       16048  -5.67985916       3.05304551      0.995999992    
       16050  -5.87889957       1.96507299      0.995999992    
       16052  -5.96928883       1.68520868      0.995999992    
       16054  -5.88612747       1.95245028      0.995999992    
       16056  -5.82469654       2.13811517      0.995999992    
       16058  -5.84994698       2.13745141      0.995999992    
       16060  -5.82831335       2.25128889      0.995999992    
       16062  -5.89098740       2.03977156      0.995999992    
       16064  -5.88847208       2.19415450      0.995999992    
       16066  -5.87413740       2.09248781      0.995999992    
       16068  -5.73983192       2.97089005      0.995999992    
       16070  -5.78228045       2.45587635      0.995999992    
       16072  -5.76734591       2.59527278      0.995999992    
       16074  -5.72733450       2.82164025      0.995999992    
       16076  -5.78981972       2.62424183      0.995999992    
       16078  -5.87144566       1.77164173      0.995999992    
       16080  -5.83708382       1.98183835      0.995999992    
       16082  -5.75493526       2.23394942      0.995999992    
       16084  -5.77776909       2.12244749      0.995999992    
       16086  -5.77167749       2.30026197      0.995999992    
       16088  -5.89206409       2.47367787       1.00800002    
       16090  -5.90470457       2.28285265       1.00800002    
       16092  -5.89230871       2.28217721       1.00800002    
       16094  -5.74230194       3.09287643       1.00800002    
       16096  -5.88284731       2.28360248       1.00800002    
       16098  -5.78645515       2.89427018       1.00800002    
       16100  -5.96401072       2.14927840       1.00800002    
       16102  -5.98780727       1.83109808       1.00800002    
       16104  -5.88049698       2.29348707       1.00800002    
       16106  -5.87302685       2.37936854       1.00800002    
       16108  -5.98064375       2.07589746       1.00800002    
       16110  -5.95216131       2.24094796       1.00800002    
       16112  -5.99318123       2.08043337       1.00800002    
       16114  -5.93506193       2.27308655       1.00800002    
       16116  -5.75860119       2.96030974       1.00800002    
       16118  -5.80815506       2.35609984       1.00800002    
       16120  -5.91948652       1.95217478       1.00800002    
       16122  -5.90487099       2.36549687       1.00800002    
       16124  -6.08864307       1.32509255       1.00800002    
       16126  -6.09098339       1.44587398       1.00800002    
       16128  -6.03610134       1.62072778       1.00800002    
       16130  -6.09221840       1.34609950       1.00800002    
       16132  -6.01246691       1.54472411       1.00800002    
       16134  -5.92476034       2.14316201       1.00800002    
       16136  -5.91160679       2.30297661       1.00800002    
       16138  -5.99697590       1.70602405       1.00800002    
       16140  -5.99249077       1.45197904       1.00800002    
       16142  -5.96982002       1.42417181       1.00800002    
       16144  -6.08221531      0.909965694       1.00800002    
       16146  -5.93925762       1.54929101       1.00800002    
       16148  -5.90367413       1.98938668       1.00800002    
       16150  -5.95944309       1.64516950       1.00800002    
       16152  -5.95093155       1.76425552       1.00800002    
       16154  -5.75228310       2.77831721       1.00800002    
       16156  -5.87624884       2.24163198       1.00800002    
       16158  -5.88407612       2.03926229       1.00800002    
       16160  -5.92577744       1.78846014       1.00800002    
       16162  -5.85665369       2.13741255       1.00800002    
       16164  -5.82576752       2.38393402       1.00800002    
       16166  -5.56797838       3.78372431       1.00800002    
       16168  -5.83646727       2.18574309       1.00800002    
       16170  -5.79346514       2.43679047       1.00800002    
       16172  -5.94826221       1.41515100       1.00800002    
       16174  -5.84464836       2.12973475       1.00800002    
       16176  -5.86516333       2.07036924       1.00800002    
       16178  -5.86512852       1.96147931       1.00800002    
       16180  -5.86899233       1.77732122       1.00800002    
       16182  -5.91660309       1.31341612       1.00800002    
       16184  -5.99523973       1.07212758       1.00800002    
       16186  -5.96440935       1.24545324       1.00800002    
       16188  -5.90932941       1.59472752       1.00800002    
       16190  -5.87248278       2.01825404       1.00800002    
       16192  -5.78349733       2.30146217       1.00800002    
       16194  -5.88681507       1.73757601       1.00800002    
       16196  -5.86428547       1.90901673       1.00800002    
       16198  -6.04075193       1.02184951       1.00800002    
       16200  -5.95237112       1.29153156       1.00800002    
       16202  -5.89494610       1.47229028       1.00800002    
       16204  -5.90878153       1.37528241       1.00800002    
       16206  -6.07821035      0.621894717       1.00800002    
       16208  -6.02983093       1.01023102       1.00800002    
       16210  -5.94152403       1.25694799       1.00800002    
       16212  -6.03302002      0.904494345       1.00800002    
       16214  -5.85727453       2.03699946       1.00800002    
       16216  -5.94026613       1.30761051       1.00800002    
       16218  -5.95730114       1.21433675       1.00800002    
       16220  -5.82009268       1.92657137       1.00800002    
       16222  -5.81575966       2.09088206       1.00800002    
       16224  -5.93510628       1.40434372       1.00800002    
       16226  -6.04746437      0.656813323       1.00800002    
       16228  -5.93617296       1.42117512       1.00800002    
       16230  -5.91150570       1.44373512       1.00800002    
       16232  -5.89861631       1.51079690       1.00800002    
       16234  -5.87414312       1.76132655       1.00800002    
       16236  -5.78264570       2.19521666       1.00800002    
       16238  -5.72027445       2.68416262       1.00800002    
       16240  -5.73166275       2.71750236       1.00800002    
       16242  -5.82111311       2.25632834       1.00800002    
       16244  -5.88788605       2.17855573       1.00800002    
       16246  -5.77891016       2.84774208       1.00800002    
       16248  -5.83230448       2.40718269       1.00800002    
       16250  -5.81806660       2.55203485       1.00800002    
       16252  -5.90875340       2.29725289       1.00800002    
       16254  -5.90798712       2.22011638       1.00800002    
       16256  -5.86639261       2.48047256       1.00800002    
       16258  -5.99972677       1.75524712       1.00800002    
       16260  -6.09795761       1.29008782       1.00800002    
       16262  -5.91422987       2.11370301       1.00800002    
       16264  -5.81684971       2.62785006       1.00800002    
       16266  -6.03434849       1.42609560       1.00800002    
       16268  -5.96734190       1.75258875       1.00800002    
       16270  -5.90073395       2.13448977       1.00800002    
       16272  -5.74912548       3.14364314       1.00800002    
       16274  -5.89716959       2.33724618       1.00800002    
       16276  -5.80400848       2.82836294       1.00800002    
       16278  -5.83674955       2.78607321       1.00800002    
       16280  -5.82257605       2.68442416       1.00800002    
       16282  -5.89110756       2.37551832       1.00800002    
       16284  -5.93088055       1.78086400       1.00800002    
       16286  -6.00178719       1.24144685       1.00800002    
       16288  -6.01585484       1.16589940       1.00800002    
       16290  -5.97411156       1.33477306       1.00800002    
       16292  -5.96519041       1.34393835       1.00800002    
       16294  -5.88409567       1.99918067       1.00800002    
       16296  -5.93591070       1.82720947       1.00800002    
       16298  -5.89660120       2.20094371       1.00800002    
       16300  -5.97938442       1.60220826       1.00800002    
       16302  -6.06056976       1.09885085       1.00800002    
       16304  -6.08199930      0.627086341       1.00800002    
       16306  -6.02631855       1.20179749       1.00800002    
       16308  -6.01781511       1.22066307       1.00800002    
       16310  -6.01763391       1.07940686       1.00800002    
       16312  -6.04279089       1.20123613       1.00800002    
       16314  -6.15877151      0.199653059       1.00800002    
       16316  -6.13332701      0.126995847       1.00800002    
       16318  -6.16908550      -8.35646987E-02   1.00800002    
       16320  -6.09697962      0.387990445       1.00800002    
       16322  -6.05376577      0.505807698       1.00800002    
       16324  -6.05941439      0.568463027       1.00800002    
       16326  -6.02011776      0.500726163       1.00800002    
       16328  -5.95364523      0.897917986       1.00800002    
       16330  -6.02376270      0.622399032       1.00800002    
       16332  -5.88173389       1.40332651       1.00800002    
       16334  -5.94073534       1.16073394       1.00800002    
       16336  -6.01380253       1.00426519       1.00800002    
       16338  -6.02036190      0.931680679       1.00800002    
       16340  -5.96842241       1.23647296       1.00800002    
       16342  -5.88084173       1.83617902       1.00800002    
       16344  -5.81935072       2.00597787       1.00800002    
       16346  -5.91164255       1.39869869       1.00800002    
       16348  -5.95715189       1.28735006       1.00800002    
       16350  -6.07662058      0.586055577       1.00800002    
       16352  -6.07749653      0.652528763       1.00800002    
       16354  -6.08021402      0.834217668       1.00800002    
       16356  -6.17275286      0.419233710       1.00800002    
       16358  -6.09833384      0.915409207       1.00800002    
       16360  -6.00606060       1.54946434       1.00800002    
       16362  -6.08795929      0.909635484       1.00800002    
       16364  -5.98421431       1.66116190       1.00800002    
       16366  -6.08551311      0.955711782       1.00800002    
       16368  -5.85162449       2.15623164       1.00800002    
       16370  -5.84560204       2.05357504       1.00800002    
       16372  -5.92554426       1.44460785       1.00800002    
       16374  -6.07104588      0.670437932       1.00800002    
       16376  -6.10754108      0.302338392       1.00800002    
       16378  -6.05109072      0.716737866       1.00800002    
       16380  -6.06829643      0.772191226       1.00800002    
       16382  -6.02626896      0.999735773       1.00800002    
       16384  -6.10464764      0.584654391       1.00800002    
       16386  -6.08526993      0.532235563       1.00800002    
       16388  -6.00640202       1.11456883       1.00800002    
       16390  -5.97223330       1.33250690       1.00800002    
       16392  -5.98183632       1.22477841       1.00800002    
       16394  -5.96234083       1.35860646       1.00800002    
       16396  -5.98637676       1.17909193       1.00800002    
       16398  -6.05191708      0.805906892       1.00800002    
       16400  -6.01523161       1.32347262       1.00800002    
       16402  -6.10689306      0.875184894       1.00800002    
       16404  -5.99054813       1.65189719       1.00800002    
       16406  -5.98622084       1.60668707       1.00800002    
       16408  -6.07946968       1.13503253       1.00800002    
       16410  -6.00711107       1.56812620       1.00800002    
       16412  -6.11023378      0.961209476       1.00800002    
       16414  -6.10236979       1.00365603       1.00800002    
       16416  -6.13799953      0.891592145       1.00800002    
       16418  -5.96338606       1.92788243       1.00800002    
       16420  -5.96137428       1.88296962       1.00800002    
       16422  -5.89370584       2.37587190       1.00800002    
       16424  -6.03543091       1.42475867       1.00800002    
       16426  -5.82690144       2.51549244       1.00800002    
       16428  -5.91070604       2.31011271       1.00800002    
       16430  -5.91198921       2.33729649       1.00800002    
       16432  -5.92662764       2.14550400       1.00800002    
       16434  -5.91528225       2.27847767       1.00800002    
       16436  -5.82633543       2.73215532       1.00800002    
       16438  -5.94230938       2.02324343       1.00800002    
       16440  -5.93423891       2.02237463       1.00800002    
       16442  -6.07726812       1.37143052       1.00800002    
       16444  -6.07167292       1.25880313       1.00800002    
       16446  -6.09938526       1.16593838       1.00800002    
       16448  -6.06953478       1.21851230       1.00800002    
       16450  -6.09373713      0.973299801       1.00800002    
       16452  -6.04228306       1.37502921       1.00800002    
       16454  -6.11087608       1.15498137       1.00800002    
       16456  -5.98661709       1.86935449       1.00800002    
       16458  -5.93405342       2.18868423       1.00800002    
       16460  -6.07112026       1.05402470       1.00800002    
       16462  -6.16119623      0.527266204       1.00800002    
       16464  -6.12119961      0.710363209       1.00800002    
       16466  -5.97869921       1.59759986       1.00800002    
       16468  -6.11084795      0.815013111       1.00800002    
       16470  -6.13849497      0.429392308       1.00800002    
       16472  -6.00007200       1.23554349       1.00800002    
       16474  -5.90978241       1.89037907       1.00800002    
       16476  -5.99235868       1.60063982       1.00800002    
       16478  -5.99730778       1.53166771       1.00800002    
       16480  -5.91034317       1.86465430       1.00800002    
       16482  -5.89742756       1.65478230       1.00800002    
       16484  -5.91416311       1.59380317       1.00800002    
       16486  -5.84236813       2.27825761       1.00800002    
       16488  -5.75283241       2.92684579       1.00800002    
       16490  -5.99638033       1.74502206       1.00800002    
       16492  -5.84681416       2.54335499       1.00800002    
       16494  -5.80879927       2.68374038       1.00800002    
       16496  -5.88086176       2.29997873       1.00800002    
       16498  -5.81280899       2.77775073       1.00800002    
       16500  -5.82807684       2.79405951       1.00800002    
       16502  -6.06884241       1.24547005       1.00800002    
       16504  -5.95560122       1.92757463       1.00800002    
       16506  -5.90038252       2.14425278       1.00800002    
       16508  -5.88857746       2.22294116       1.00800002    
       16510  -5.91018200       2.19777822       1.00800002    
       16512  -5.97316837       2.10581946       1.00800002    
       16514  -6.13546515      0.973005533       1.00800002    
       16516  -6.02652454       1.48123789       1.00800002    
       16518  -6.12226439      0.941134930       1.00800002    
       16520  -6.13393259      0.818132877       1.00800002    
       16522  -6.04152632       1.17074978       1.00800002    
       16524  -5.97738171       1.69943810       1.00800002    
       16526  -5.98989153       1.85285056       1.00800002    
       16528  -6.00413799       1.90153599       1.00800002    
       16530  -6.04713917       1.34513497       1.00800002    
       16532  -6.11930466       1.12681222       1.00800002    
       16534  -6.02437401       1.50390208       1.00800002    
       16536  -5.90793228       2.08920264       1.00800002    
       16538  -5.91852856       2.05255246       1.00800002    
       16540  -5.91201401       2.21614909       1.00800002    
       16542  -6.09571409       1.73996103       1.00800002    
       16544  -6.06032085       1.84244990       1.00800002    
       16546  -5.93351126       2.54919028       1.00800002    
       16548  -5.96399021       2.21397948       1.00800002    
       16550  -5.84316015       2.95670033       1.00800002    
       16552  -5.91829729       2.52272511       1.00800002    
       16554  -5.91686964       2.55325365       1.00800002    
       16556  -6.01677322       2.09304404       1.00800002    
       16558  -5.97745132       2.40837049       1.00800002    
       16560  -6.00723600       2.11036968       1.00800002    
       16562  -5.95554161       2.12012267       1.00800002    
       16564  -5.85688972       2.80240679       1.00800002    
       16566  -5.88536549       2.52396297       1.00800002    
       16568  -5.94123459       2.22058511       1.00800002    
       16570  -5.88829136       2.60667562       1.00800002    
       16572  -5.87662840       2.65047383       1.00800002    
       16574  -5.92404318       2.51154828       1.00800002    
       16576  -5.93788910       2.23999524       1.00800002    
       16578  -5.75955343       3.20020580       1.00800002    
       16580  -5.83529425       2.56007624       1.00800002    
       16582  -5.78972626       2.98531508       1.00800002    
       16584  -5.87577105       2.49518466       1.00800002    
       16586  -5.87909889       2.30650139       1.00800002    
       16588  -5.95134115       2.20462751       1.00800002    
       16590  -5.97052050       1.84178448       1.00800002    
       16592  -6.09402227       1.50171876       1.00800002    
       16594  -6.00016356       1.99310088       1.00800002    
       16596  -6.02797556       1.84323144       1.00800002    
       16598  -6.06806707       1.51849425       1.00800002    
       16600  -6.01967669       1.63896537       1.00800002    
       16602  -5.97108412       2.07166028       1.00800002    
       16604  -5.86130190       2.63232207       1.00800002    
       16606  -5.95452499       1.90476716       1.00800002    
       16608  -5.98965549       1.81740475       1.00800002    
       16610  -5.92146397       1.95164967       1.00800002    
       16612  -6.01080370       1.82599795       1.00800002    
       16614  -6.01244354       1.99728143       1.00800002    
       16616  -5.95393038       2.14816976       1.00800002    
       16618  -5.98018408       1.87236142       1.00800002    
       16620  -5.99230719       1.90633631       1.00800002    
       16622  -6.04386997       1.56504440       1.00800002    
       16624  -5.96575737       2.19903326       1.00800002    
       16626  -5.89343691       2.74226069       1.00800002    
       16628  -5.89919806       2.40823150       1.00800002    
       16630  -5.98906517       1.83666205       1.00800002    
       16632  -5.79747295       2.71732426       1.00800002    
       16634  -5.93534851       1.80758750       1.00800002    
       16636  -5.80725861       2.74875760       1.00800002    
       16638  -5.91571999       2.39680433       1.00800002    
       16640  -5.99344397       1.87529004       1.00800002    
       16642  -5.84124041       2.50586200       1.00800002    
       16644  -5.73394060       3.16738796       1.00800002    
       16646  -5.79093790       2.57360840       1.00800002    
       16648  -5.84539413       2.43405223       1.00800002    
       16650  -5.67100668       3.27385163       1.00800002    
       16652  -5.79641771       2.94745326       1.00800002    
       16654  -5.73635530       3.43636346       1.00800002    
       16656  -5.77587891       3.04880786       1.00800002    
       16658  -5.85162210       2.47838187       1.00800002    
       16660  -5.87258387       2.44228673       1.00800002    
       16662  -5.81248856       2.71905136       1.00800002    
       16664  -5.91249514       2.14376068       1.00800002    
       16666  -5.92837858       1.99240577       1.00800002    
       16668  -5.88518190       2.58913994       1.00800002    
       16670  -5.86695957       2.75593591       1.00800002    
       16672  -5.99804688       1.60802042       1.00800002    
       16674  -6.06001377       1.35723364       1.00800002    
       16676  -6.00623703       1.88997626       1.00800002    
       16678  -5.94388533       2.28252029       1.00800002    
       16680  -6.00198984       1.65588558       1.00800002    
       16682  -5.89994574       2.24105096       1.00800002    
       16684  -5.98088264       1.66726255       1.01999998    
       16686  -5.90469074       2.23031044       1.01999998    
       16688  -5.85527945       2.37015533       1.01999998    
       16690  -5.80340528       2.66458988       1.01999998    
       16692  -5.86337185       2.27079821       1.01999998    
       16694  -5.91377163       2.04541993       1.01999998    
       16696  -5.90747118       2.33153200       1.01999998    
       16698  -5.87467575       2.37115717       1.01999998    
       16700  -5.71841908       3.00234008       1.01999998    
       16702  -5.78581429       2.64974093       1.01999998    
       16704  -5.88418961       2.04667926       1.01999998    
       16706  -5.99578428       1.70657730       1.01999998    
       16708  -5.99745512       1.68921816       1.01999998    
       16710  -5.99046278       1.67313731       1.01999998    
       16712  -5.98845911       1.55872583       1.01999998    
       16714  -5.90059233       2.22459435       1.01999998    
       16716  -5.89784288       2.05506182       1.01999998    
       16718  -5.91996956       1.96758795       1.01999998    
       16720  -6.03843260       1.40345240       1.01999998    
       16722  -6.01485109       1.51798975       1.01999998    
       16724  -6.00687218       1.38927197       1.01999998    
       16726  -5.76710558       2.80485821       1.01999998    
       16728  -5.90441847       2.00902748       1.01999998    
       16730  -5.95292091       1.92463124       1.01999998    
       16732  -5.95582724       1.97750545       1.01999998    
       16734  -5.84115505       2.68664312       1.01999998    
       16736  -5.81181669       2.82286477       1.01999998    
       16738  -5.78969479       3.00830984       1.01999998    
       16740  -5.81175232       2.91433287       1.01999998    
       16742  -5.72953033       3.14862108       1.01999998    
       16744  -6.01982880       1.63527668       1.01999998    
       16746  -6.03278875       1.58352196       1.01999998    
       16748  -6.10525179       1.16422355       1.01999998    
       16750  -5.91458273       2.17651606       1.01999998    
       16752  -5.92618465       1.92721808       1.01999998    
       16754  -5.83254719       2.53428841       1.01999998    
       16756  -5.83750677       2.43783116       1.01999998    
       16758  -5.87424898       2.35658622       1.01999998    
       16760  -5.98979139       1.63358724       1.01999998    
       16762  -5.96408319       1.72715461       1.01999998    
       16764  -5.94442844       1.94533992       1.01999998    
       16766  -5.98930550       1.78005660       1.01999998    
       16768  -5.95903492       2.21207881       1.01999998    
       16770  -5.82363319       2.85035777       1.01999998    
       16772  -5.93853617       2.41893172       1.01999998    
       16774  -5.95699215       2.34756970       1.01999998    
       16776  -5.98959064       2.01636624       1.01999998    
       16778  -6.01438999       1.59281886       1.01999998    
       16780  -5.96119022       1.71745920       1.01999998    
       16782  -5.90663052       2.15065074       1.01999998    
       16784  -5.89713097       2.31258726       1.01999998    
       16786  -6.01700878       1.90051258       1.01999998    
       16788  -5.95499897       2.32494235       1.01999998    
       16790  -5.88304996       2.79739714       1.01999998    
       16792  -5.97884655       2.00748491       1.01999998    
       16794  -5.99872160       1.79635847       1.01999998    
       16796  -5.87789631       2.44077182       1.01999998    
       16798  -5.95452166       2.34759665       1.01999998    
       16800  -6.07701445       1.78561127       1.01999998    
       16802  -6.05955410       2.02229238       1.01999998    
       16804  -6.06565809       1.86750400       1.01999998    
       16806  -6.06528044       1.77025151       1.01999998    
       16808  -5.96529198       2.48321271       1.01999998    
       16810  -5.93832159       2.15904784       1.01999998    
       16812  -5.97038317       1.89146829       1.01999998    
       16814  -5.89381886       2.36578822       1.01999998    
       16816  -5.82846689       2.64060307       1.01999998    
       16818  -5.84928751       2.59126997       1.01999998    
       16820  -5.84588337       2.68399024       1.01999998    
       16822  -5.85130262       2.69021654       1.01999998    
       16824  -5.84005404       2.53470802       1.01999998    
       16826  -5.78108120       3.07192039       1.01999998    
       16828  -5.88341618       2.33355689       1.01999998    
       16830  -5.81979084       2.98687720       1.01999998    
       16832  -5.68553877       3.64493275       1.01999998    
       16834  -5.87670374       2.48450756       1.01999998    
       16836  -5.98071432       1.66054595       1.01999998    
       16838  -5.97920418       1.72629261       1.01999998    
       16840  -5.92713642       1.78938746       1.01999998    
       16842  -5.81037951       2.33729053       1.01999998    
       16844  -5.96005249       1.53815353       1.01999998    
       16846  -5.90283585       2.00747061       1.01999998    
       16848  -5.91926289       1.99952292       1.01999998    
       16850  -6.00791216       1.52995265       1.01999998    
       16852  -5.92272902       1.92680871       1.01999998    
       16854  -5.89414024       2.42344689       1.01999998    
       16856  -5.94210291       2.23493528       1.01999998    
       16858  -5.91101170       2.20193458       1.01999998    
       16860  -5.80867290       2.91194081       1.01999998    
       16862  -5.74996805       3.45914388       1.01999998    
       16864  -5.81570864       3.03251147       1.01999998    
       16866  -6.00269365       1.97899473       1.01999998    
       16868  -5.87206221       2.72036266       1.01999998    
       16870  -5.96750975       2.38928556       1.01999998    
       16872  -5.98627567       2.29929256       1.01999998    
       16874  -5.79569530       2.97080922       1.01999998    
       16876  -5.64625597       3.72970438       1.01999998    
       16878  -5.69225216       3.58216357       1.01999998    
       16880  -5.76320314       3.23586059       1.01999998    
       16882  -5.85927391       2.71888471       1.01999998    
       16884  -5.84026909       2.81092095       1.01999998    
       16886  -5.67926741       3.54045081       1.01999998    
       16888  -5.88280106       2.59666061       1.01999998    
       16890  -5.91085529       2.33562398       1.01999998    
       16892  -5.89958382       2.63884878       1.01999998    
       16894  -5.92787981       2.82065463       1.01999998    
       16896  -5.86286163       3.25985837       1.01999998    
       16898  -5.87069988       3.34845901       1.01999998    
       16900  -5.84013748       3.31961823       1.01999998    
       16902  -5.71852160       4.01868010       1.01999998    
       16904  -5.89037561       2.77455139       1.01999998    
       16906  -5.88296747       3.01019621       1.01999998    
       16908  -5.84700251       3.33262134       1.01999998    
       16910  -5.96596909       2.48683333       1.01999998    
       16912  -5.92360401       2.69442225       1.01999998    
       16914  -6.00977612       2.31203842       1.01999998    
       16916  -6.01261330       2.15775681       1.01999998    
       16918  -6.00152206       2.47321773       1.01999998    
       16920  -5.95585871       2.73445630       1.01999998    
       16922  -6.04153013       2.45711946       1.01999998    
       16924  -5.88680506       3.09140134       1.01999998    
       16926  -5.96860027       2.62589955       1.01999998    
       16928  -5.99262142       2.07959819       1.01999998    
       16930  -5.93090725       2.35357308       1.01999998    
       16932  -5.84298563       3.11048293       1.01999998    
       16934  -5.86664724       3.02896571       1.01999998    
       16936  -5.87891436       2.60866165       1.01999998    
       16938  -5.82736778       2.84759140       1.01999998    
       16940  -5.77541828       3.34662342       1.01999998    
       16942  -5.88091803       2.91685581       1.01999998    
       16944  -6.02681780       2.00476933       1.01999998    
       16946  -6.00542307       2.24250078       1.01999998    
       16948  -5.94944906       2.40836787       1.01999998    
       16950  -6.02386236       1.93417740       1.01999998    
       16952  -6.05345964       1.61710691       1.01999998    
       16954  -5.91052961       2.09430218       1.01999998    
       16956  -5.93353081       2.03272772       1.01999998    
       16958  -6.04449606       1.31566668       1.01999998    
       16960  -5.95553207       1.92086112       1.01999998    
       16962  -6.05077696       1.38622916       1.01999998    
       16964  -5.99212980       2.06808543       1.01999998    
       16966  -5.91673946       2.63284063       1.01999998    
       16968  -5.96862507       2.27630019       1.01999998    
       16970  -5.96527243       2.36381602       1.01999998    
       16972  -6.02374315       1.79765296       1.01999998    
       16974  -6.05488968       1.54781628       1.01999998    
       16976  -6.00383806       1.85191083       1.01999998    
       16978  -6.05700159       1.43627286       1.01999998    
       16980  -6.11622143      0.756844044       1.01999998    
       16982  -5.87635899       1.86849833       1.01999998    
       16984  -5.98364162       1.48922646       1.01999998    
       16986  -5.94267368       1.83052206       1.01999998    
       16988  -5.93688774       1.98421311       1.01999998    
       16990  -5.85109138       2.55531383       1.01999998    
       16992  -5.82763863       2.49119663       1.01999998    
       16994  -5.85246897       2.54533601       1.01999998    
       16996  -5.96418810       2.08972359       1.01999998    
       16998  -5.89692879       2.24544001       1.01999998    
       17000  -6.02390718       1.57319915       1.01999998    
       17002  -6.02307796       1.53541839       1.01999998    
       17004  -5.91701937       2.09561110       1.01999998    
       17006  -5.97756433       1.71830559       1.01999998    
       17008  -5.98940754       1.75238347       1.01999998    
       17010  -6.00845051       1.49545276       1.01999998    
       17012  -6.06207848       1.31043243       1.01999998    
       17014  -6.08837605       1.07265341       1.01999998    
       17016  -6.09562349       1.42804706       1.01999998    
       17018  -5.94580603       2.33702707       1.01999998    
       17020  -5.93873310       2.55514669       1.01999998    
       17022  -5.99185753       1.89126921       1.01999998    
       17024  -6.03196239       1.51112962       1.01999998    
       17026  -6.04462671       1.53819883       1.01999998    
       17028  -6.03124857       1.74993181       1.01999998    
       17030  -5.93431139       2.33200002       1.01999998    
       17032  -5.77632141       3.06617236       1.01999998    
       17034  -5.92169809       2.34409904       1.01999998    
       17036  -5.93350649       2.33159328       1.01999998    
       17038  -6.00440645       2.05342484       1.01999998    
       17040  -6.05201340       1.80849731       1.01999998    
       17042  -6.06570911       1.53066123       1.01999998    
       17044  -5.99884129       2.04515481       1.01999998    
       17046  -5.97378016       2.23134875       1.01999998    
       17048  -5.84009361       3.17033219       1.01999998    
       17050  -5.78467226       3.15911603       1.01999998    
       17052  -5.75256491       3.28739047       1.01999998    
       17054  -5.88109016       2.36039543       1.01999998    
       17056  -5.94493437       2.17969847       1.01999998    
       17058  -5.81733608       2.94957137       1.01999998    
       17060  -5.79018402       2.96008372       1.01999998    
       17062  -5.88616562       2.37265468       1.01999998    
       17064  -5.91579723       2.25207353       1.01999998    
       17066  -5.92113972       2.25589800       1.01999998    
       17068  -5.87636471       2.57708287       1.01999998    
       17070  -5.99567080       1.94779646       1.01999998    
       17072  -5.90511465       2.55529690       1.01999998    
       17074  -5.99631262       1.88790739       1.01999998    
       17076  -5.93626499       2.41944575       1.01999998    
       17078  -5.73608160       3.47844195       1.01999998    
       17080  -5.73341846       3.27391148       1.01999998    
       17082  -5.79542351       3.08403111       1.01999998    
       17084  -5.77153397       3.44427800       1.01999998    
       17086  -5.73739672       3.93041968       1.01999998    
       17088  -5.75807619       3.74627256       1.01999998    
       17090  -5.96001482       2.61587477       1.01999998    
       17092  -5.85266876       3.51420712       1.01999998    
       17094  -5.80360031       3.85326433       1.01999998    
       17096  -5.81807375       3.98553634       1.01999998    
       17098  -5.84860229       3.54504490       1.01999998    
       17100  -6.06977129       2.35365343       1.01999998    
       17102  -5.92570686       3.29940724       1.01999998    
       17104  -6.02369261       2.60468125       1.01999998    
       17106  -5.88464165       3.49380994       1.01999998    
       17108  -5.94445419       3.11763573       1.01999998    
       17110  -5.94585896       3.25868464       1.01999998    
       17112  -5.92117453       3.55913115       1.01999998    
       17114  -6.01849556       3.04011035       1.01999998    
       17116  -5.93312979       3.38381433       1.01999998    
       17118  -5.92434645       3.25059056       1.01999998    
       17120  -6.00115633       3.06194329       1.01999998    
       17122  -5.92569017       3.43163371       1.01999998    
       17124  -5.82737684       3.91780615       1.01999998    
       17126  -5.95341015       3.00496507       1.01999998    
       17128  -5.85311031       3.55264735       1.01999998    
       17130  -5.83473015       3.45696092       1.01999998    
       17132  -5.79025078       3.61838865       1.01999998    
       17134  -6.00767660       2.23057127       1.01999998    
       17136  -5.82507610       3.34373331       1.01999998    
       17138  -5.99860811       2.40074944       1.01999998    
       17140  -5.82685328       2.86869764       1.01999998    
       17142  -5.98586178       1.81936431       1.01999998    
       17144  -5.92055845       2.14943671       1.01999998    
       17146  -5.95395803       2.03344822       1.01999998    
       17148  -5.94403696       1.99095023       1.01999998    
       17150  -5.88578129       2.60094404       1.01999998    
       17152  -5.84404325       2.74207473       1.01999998    
       17154  -5.90693331       2.53117824       1.01999998    
       17156  -5.92124367       2.57567430       1.01999998    
       17158  -5.92478132       2.46742320       1.01999998    
       17160  -5.98918772       2.28194308       1.01999998    
       17162  -6.00918102       1.99196076       1.01999998    
       17164  -5.97725439       2.09950638       1.01999998    
       17166  -5.87691832       2.72880960       1.01999998    
       17168  -5.83361959       3.13546538       1.01999998    
       17170  -5.92956018       2.82216930       1.01999998    
       17172  -5.89166546       3.13066077       1.01999998    
       17174  -5.82363367       3.36094522       1.01999998    
       17176  -5.80889654       3.59863782       1.01999998    
       17178  -5.88551092       3.17978811       1.01999998    
       17180  -5.94781733       2.77593923       1.01999998    
       17182  -5.88976622       2.92306757       1.01999998    
       17184  -5.94659281       2.36466146       1.01999998    
       17186  -5.95807314       2.31933355       1.01999998    
       17188  -5.90310764       2.60521317       1.01999998    
       17190  -5.90861368       2.28840017       1.01999998    
       17192  -5.74696445       3.48271680       1.01999998    
       17194  -5.91357470       2.70399141       1.01999998    
       17196  -5.93048811       2.42345333       1.01999998    
       17198  -5.77023077       3.53844404       1.01999998    
       17200  -5.88101149       3.18257427       1.01999998    
       17202  -5.83316088       2.92338586       1.01999998    
       17204  -5.64548016       3.91284060       1.01999998    
       17206  -5.67040300       3.94639468       1.01999998    
       17208  -5.73194838       3.75166726       1.01999998    
       17210  -5.78760529       3.34829164       1.01999998    
       17212  -5.77580595       3.32812715       1.01999998    
       17214  -5.87755156       2.67442274       1.01999998    
       17216  -5.92987442       2.18132067       1.01999998    
       17218  -5.85860968       2.63607883       1.01999998    
       17220  -5.93474007       2.13751435       1.01999998    
       17222  -5.97638988       1.90288961       1.01999998    
       17224  -5.92673969       2.05951953       1.01999998    
       17226  -5.92971992       1.86895204       1.01999998    
       17228  -5.90987206       2.01504135       1.01999998    
       17230  -5.88365793       2.22853947       1.01999998    
       17232  -5.99551153       1.68771565       1.01999998    
       17234  -5.86555672       2.34944892       1.01999998    
       17236  -5.83975029       2.55651617       1.01999998    
       17238  -5.91686487       2.06077027       1.01999998    
       17240  -5.86397791       2.53230667       1.01999998    
       17242  -5.96422291       2.17470622       1.01999998    
       17244  -5.73163605       3.79316616       1.01999998    
       17246  -5.70778131       3.74227691       1.01999998    
       17248  -5.80883789       2.89476657       1.01999998    
       17250  -5.75771284       3.08484626       1.01999998    
       17252  -5.93346739       2.06543803       1.01999998    
       17254  -5.89492846       2.01135874       1.01999998    
       17256  -5.86051655       2.14511919       1.01999998    
       17258  -5.86054754       2.39641166       1.01999998    
       17260  -5.84114790       2.43387866       1.01999998    
       17262  -5.83631039       2.51875806       1.01999998    
       17264  -5.71320868       3.16155910       1.01999998    
       17266  -5.75278521       3.15432072       1.01999998    
       17268  -5.92790794       2.09323764       1.01999998    
       17270  -5.90977144       2.16333079       1.01999998    
       17272  -5.97728539       1.83218670       1.01999998    
       17274  -5.93296337       1.99745190       1.01999998    
       17276  -5.88228178       2.32245398       1.01999998    
       17278  -5.78255558       2.82098246       1.01999998    
       17280  -5.81522131       2.56899500       1.01999998    
       17282  -5.93386269       2.02774906       1.01999998    
       17284  -5.82914877       2.61684203       1.01999998    
       17286  -5.73414516       3.36701035       1.01999998    
       17288  -5.80945587       2.98044825       1.01999998    
       17290  -5.81849718       2.80194235       1.01999998    
       17292  -5.90219975       2.13879800       1.01999998    
       17294  -5.75038528       3.00001884       1.01999998    
       17296  -5.70652819       3.40332270       1.01999998    
       17298  -5.74114656       3.47688770       1.01999998    
       17300  -5.68889380       3.58121109       1.01999998    
       17302  -5.78684807       3.11311269       1.01999998    
       17304  -5.73021603       3.31541300       1.01999998    
       17306  -5.72340155       3.54315925       1.01999998    
       17308  -5.84854841       2.70498776       1.01999998    
       17310  -5.82724619       2.94551516       1.01999998    
       17312  -5.83725548       2.80339694       1.01999998    
       17314  -5.91804695       2.21743250       1.01999998    
       17316  -5.95048618       1.96923256       1.01999998    
       17318  -5.77321339       2.91867709       1.01999998    
       17320  -5.92906475       2.28788781       1.01999998    
       17322  -5.91798115       2.56468654       1.01999998    
       17324  -5.96505260       2.41396451       1.01999998    
       17326  -5.79857874       3.47571826       1.01999998    
       17328  -5.89218807       2.73777413       1.01999998    
       17330  -5.85100555       2.98858905       1.01999998    
       17332  -5.96463299       2.77165055       1.01999998    
       17334  -5.99488497       2.54138398       1.01999998    
       17336  -5.87055445       3.22585511       1.01999998    
       17338  -5.89934778       3.42637753       1.01999998    
       17340  -5.94944477       2.83105135       1.01999998    
       17342  -6.00470543       2.19794035       1.01999998    
       17344  -5.73090887       3.91453743       1.01999998    
       17346  -5.85475159       3.09252119       1.01999998    
       17348  -5.91642141       2.70344043       1.01999998    
       17350  -6.02406549       1.98289514       1.01999998    
       17352  -5.79194212       3.12712646       1.01999998    
       17354  -5.75205946       3.72134113       1.01999998    
       17356  -5.85522366       3.32497215       1.01999998    
       17358  -5.82656670       3.23945403       1.01999998    
       17360  -5.66413403       3.84711194       1.01999998    
       17362  -5.69665766       3.69827533       1.01999998    
       17364  -5.81363821       3.19847226       1.01999998    
       17366  -5.81610394       3.14159703       1.01999998    
       17368  -5.85518742       3.03879476       1.01999998    
       17370  -5.79705572       3.38003469       1.01999998    
       17372  -5.87787437       2.76847577       1.01999998    
       17374  -5.89495945       2.82173181       1.01999998    
       17376  -5.95210457       2.38900328       1.01999998    
       17378  -5.88571167       2.43282080       1.01999998    
       17380  -5.90253544       2.45114875       1.01999998    
       17382  -5.88886023       2.23993134       1.01999998    
       17384  -5.83351851       2.58173418       1.01999998    
       17386  -5.90824509       2.27684093       1.01999998    
       17388  -6.02136612       1.76722372       1.01999998    
       17390  -6.10399103       1.55634010       1.01999998    
       17392  -6.02713823       1.71884549       1.01999998    
       17394  -6.02235460       1.53673530       1.01999998    
       17396  -6.01726198       1.43702233       1.01999998    
       17398  -5.94286728       1.81515169       1.01999998    
       17400  -5.93815327       1.97273791       1.01999998    
       17402  -6.00357819       1.70756638       1.01999998    
       17404  -6.03970051       1.77991509       1.01999998    
       17406  -5.85041142       2.66910267       1.01999998    
       17408  -5.87284327       2.56536746       1.01999998    
       17410  -5.84630632       2.77722788       1.01999998    
       17412  -5.86874676       2.64424396       1.01999998    
       17414  -5.98681879       1.84497523       1.01999998    
       17416  -5.82638216       3.01952481       1.01999998    
       17418  -5.76510286       3.66608047       1.01999998    
       17420  -5.97228575       2.40324855       1.01999998    
       17422  -5.91507530       2.98145080       1.01999998    
       17424  -5.99023104       2.34736228       1.01999998    
       17426  -6.00700235       2.06195641       1.01999998    
       17428  -5.90817976       2.45711446       1.01999998    
       17430  -5.91761780       2.32755494       1.01999998    
       17432  -5.90749979       2.52847600       1.01999998    
       17434  -5.95539570       2.28380179       1.01999998    
       17436  -6.02748060       1.92348790       1.01999998    
       17438  -6.00350094       1.82881212       1.01999998    
       17440  -6.04041147       1.53789341       1.01999998    
       17442  -5.95198536       1.82436931       1.01999998    
       17444  -5.97930670       1.75104630       1.01999998    
       17446  -5.86303091       2.56768227       1.01999998    
       17448  -5.92695427       2.18244505       1.01999998    
       17450  -5.95830059       2.24855280       1.01999998    
       17452  -6.01868010       2.05086756       1.01999998    
       17454  -6.10643196       1.58253109       1.01999998    
       17456  -6.03439283       1.99328101       1.01999998    
       17458  -6.02202940       2.09413505       1.01999998    
       17460  -5.97655153       2.40075254       1.01999998    
       17462  -5.93449402       2.41633248       1.01999998    
       17464  -5.82274771       3.19031119       1.01999998    
       17466  -5.86238527       3.01677179       1.01999998    
       17468  -5.91084909       2.74687123       1.01999998    
       17470  -5.92257738       2.56219912       1.01999998    
       17472  -5.86664915       2.76749301       1.01999998    
       17474  -5.79075432       3.24572134       1.01999998    
       17476  -5.85360241       2.91803980       1.01999998    
       17478  -5.75184774       3.51363420       1.01999998    
       17480  -5.80042744       2.97344780       1.01999998    
       17482  -5.89224529       2.39942169       1.01999998    
       17484  -5.77800846       3.23342204       1.01999998    
       17486  -5.84985161       3.03820968       1.01999998    
       17488  -5.95641136       2.34487033       1.01999998    
       17490  -5.97967768       2.19064665       1.01999998    
       17492  -5.97312355       2.38618064       1.01999998    
       17494  -6.01207542       1.95165098       1.01999998    
       17496  -5.90554142       2.50929451       1.01999998    
       17498  -6.02608204       1.68920219       1.01999998    
       17500  -6.00120068       2.05666733       1.01999998    
       17502  -5.90795040       2.36264920       1.01999998    
       17504  -5.93772173       2.42690635       1.01999998    
       17506  -5.86853170       2.68201184       1.01999998    
       17508  -5.85015345       3.04388928       1.01999998    
       17510  -5.87313747       2.62755871       1.01999998    
       17512  -5.91558599       2.70359159       1.01999998    
       17514  -5.82138681       3.40003252       1.01999998    
       17516  -5.71130610       3.80551767       1.01999998    
       17518  -5.84987879       3.14796376       1.01999998    
       17520  -5.82316399       3.31974149       1.01999998    
       17522  -5.89919138       2.89694762       1.01999998    
       17524  -5.80326414       3.53735995       1.01999998    
       17526  -5.86416149       3.40153646       1.01999998    
       17528  -5.85789442       3.33291912       1.01999998    
       17530  -5.76158667       3.86973095       1.01999998    
       17532  -5.71946669       4.02772999       1.01999998    
       17534  -5.76842546       3.56187916       1.01999998    
       17536  -5.82206011       3.21396232       1.01999998    
       17538  -5.97813272       2.25209427       1.01999998    
       17540  -5.90729141       2.78950191       1.01999998    
       17542  -5.78580666       3.13046336       1.01999998    
       17544  -5.78277302       3.21780515       1.01999998    
       17546  -5.80462933       3.21153283       1.01999998    
       17548  -5.81164885       3.11167955       1.01999998    
       17550  -5.84577036       2.89631748       1.01999998    
       17552  -5.92840099       2.57156539       1.01999998    
       17554  -5.82237911       3.16388083       1.01999998    
       17556  -5.82148504       3.17680073       1.01999998    
       17558  -5.66043615       3.91843653       1.01999998    
       17560  -5.66298485       3.73419547       1.01999998    
       17562  -5.77614403       3.19914341       1.01999998    
       17564  -5.78362703       2.94452524       1.01999998    
       17566  -5.76131630       3.11896062       1.01999998    
       17568  -5.78500748       2.96855736       1.01999998    
       17570  -5.83603191       2.41650224       1.01999998    
       17572  -5.85605764       2.42390132       1.01999998    
       17574  -5.77170515       2.81101584       1.01999998    
       17576  -5.75727844       3.07835603       1.01999998    
       17578  -5.81224108       2.87259269       1.01999998    
       17580  -5.95950556       2.25624657       1.01999998    
       17582  -5.83716583       3.00146842       1.01999998    
       17584  -5.83108759       2.84249425       1.01999998    
       17586  -6.06408644       1.69833088       1.01999998    
       17588  -5.95157480       2.52450609       1.01999998    
       17590  -5.99406195       2.22038412       1.01999998    
       17592  -6.02228642       1.79625738       1.01999998    
       17594  -6.03910017       2.00038385       1.01999998    
       17596  -6.14934301       1.11042035       1.01999998    
       17598  -6.09123564       1.26887548       1.01999998    
       17600  -5.87920904       2.51205659       1.01999998    
       17602  -5.84626436       2.85543609       1.01999998    
       17604  -5.83942270       2.98534274       1.01999998    
       17606  -5.90716267       2.68632817       1.01999998    
       17608  -5.77055550       3.37161207       1.01999998    
       17610  -5.77327251       3.21577024       1.01999998    
       17612  -5.84380913       2.62753963       1.01999998    
       17614  -5.72599792       3.27546716       1.01999998    
       17616  -5.68342972       3.64163566       1.01999998    
       17618  -5.68072176       3.76022363       1.01999998    
       17620  -5.78120899       3.30963016       1.01999998    
       17622  -5.67829800       4.06614542       1.01999998    
       17624  -5.62963915       4.33403587       1.01999998    
       17626  -5.75468922       3.45042133       1.01999998    
       17628  -5.81152344       3.34114790       1.01999998    
       17630  -5.83720350       3.52728152       1.01999998    
       17632  -5.82494783       3.61211467       1.01999998    
       17634  -5.87538195       3.26231861       1.01999998    
       17636  -5.83185530       3.20642233       1.01999998    
       17638  -5.83860922       2.88538384       1.01999998    
       17640  -5.78560877       3.18467045       1.01999998    
       17642  -5.87752295       2.93167448       1.01999998    
       17644  -5.92957401       2.61488199       1.01999998    
       17646  -5.87257051       2.82522273       1.01999998    
       17648  -5.86302662       2.68421173       1.01999998    
       17650  -5.85169315       2.66737795       1.01999998    
       17652  -5.74949694       3.04651046       1.01999998    
       17654  -5.87454748       2.13246131       1.01999998    
       17656  -5.90668106       1.92953765       1.01999998    
       17658  -5.82207251       2.63922739       1.01999998    
       17660  -5.76502371       2.88068724       1.01999998    
       17662  -5.81472540       2.77366042       1.01999998    
       17664  -5.88762188       2.51083755       1.01999998    
       17666  -5.84081173       2.73153806       1.01999998    
       17668  -5.74399662       3.45569563       1.01999998    
       17670  -5.73898745       3.39932728       1.01999998    
       17672  -5.85662127       2.83527923       1.01999998    
       17674  -5.74114513       3.58433294       1.01999998    
       17676  -5.65120888       3.99280548       1.01999998    
       17678  -5.78244734       3.30749893       1.01999998    
       17680  -5.76922274       3.49268770       1.01999998    
       17682  -5.85482025       2.81081772       1.01999998    
       17684  -5.93538570       2.22684646       1.01999998    
       17686  -5.70949888       3.46873665       1.01999998    
       17688  -5.83992767       2.85091066       1.01999998    
       17690  -5.86376476       2.71555138       1.01999998    
       17692  -5.79386091       3.06637049       1.01999998    
       17694  -5.73629093       3.30080390       1.01999998    
       17696  -5.82664967       2.94672108       1.01999998    
       17698  -5.68444777       3.54654551       1.01999998    
       17700  -5.67826986       3.70324349       1.01999998    
       17702  -5.69329691       3.45841908       1.01999998    
       17704  -5.83270884       2.86164379       1.01999998    
       17706  -5.73357105       3.39060163       1.01999998    
       17708  -5.76733017       3.46627545       1.01999998    
       17710  -5.74137259       3.73062539       1.01999998    
       17712  -5.68979502       4.26204443       1.01999998    
       17714  -5.67588472       4.12268734       1.01999998    
       17716  -5.78163290       3.69689107       1.01999998    
       17718  -5.78942156       3.77603269       1.01999998    
       17720  -5.87611008       3.23085904       1.01999998    
       17722  -5.85893345       3.38619566       1.01999998    
       17724  -5.85665417       3.36410356       1.01999998    
       17726  -5.79564857       3.69836378       1.01999998    
       17728  -5.80596066       3.44681382       1.01999998    
       17730  -5.90017128       2.99683857       1.01999998    
       17732  -5.97064257       2.46154666       1.01999998    
       17734  -5.84963560       3.11954165       1.01999998    
       17736  -5.84573412       3.31172204       1.01999998    
       17738  -5.84266758       3.15128422       1.01999998    
       17740  -5.87082767       3.09188819       1.01999998    
       17742  -6.02270269       2.36838627       1.01999998    
       17744  -5.89280367       2.89639211       1.01999998    
       17746  -5.91367149       2.70803404       1.01999998    
       17748  -5.88378906       2.92491794       1.01999998    
       17750  -5.91894579       2.74709296       1.01999998    
       17752  -5.83586645       3.10519195       1.01999998    
       17754  -5.78742266       3.37225389       1.01999998    
       17756  -5.73865652       3.59348059       1.01999998    
       17758  -5.66732359       3.95738935       1.01999998    
       17760  -5.82269812       3.32822251       1.01999998    
       17762  -5.86315155       2.88978243       1.01999998    
       17764  -5.93710184       2.59337759       1.01999998    
       17766  -6.06633759       1.76104701       1.01999998    
       17768  -5.95393705       2.39137197       1.01999998    
       17770  -5.92694235       2.48719668       1.01999998    
       17772  -5.93536997       2.38484168       1.01999998    
       17774  -5.93500614       2.51908469       1.01999998    
       17776  -5.99567604       2.39669037       1.01999998    
       17778  -5.92797899       2.76327467       1.01999998    
       17780  -5.91911936       2.89696860       1.01999998    
       17782  -6.00839090       2.72972679       1.01999998    
       17784  -5.93487501       3.19035578       1.01999998    
       17786  -5.81684446       3.62407327       1.01999998    
       17788  -5.82542324       3.64527869       1.01999998    
       17790  -5.75595665       4.17797518       1.01999998    
       17792  -5.71336079       4.38403845       1.01999998    
       17794  -5.76320362       4.06457806       1.01999998    
       17796  -6.03584003       2.69165158       1.01999998    
       17798  -5.95716572       2.98260379       1.01999998    
       17800  -5.92339706       3.29084420       1.01999998    
       17802  -5.81969690       4.08526182       1.01999998    
       17804  -5.90029621       3.59147048       1.01999998    
       17806  -5.98507404       3.02514172       1.01999998    
       17808  -5.88695145       3.51305461       1.01999998    
       17810  -5.85287046       3.61833882       1.01999998    
       17812  -5.81916666       3.96548271       1.01999998    
       17814  -5.95649672       3.16152143       1.01999998    
       17816  -5.88734531       3.22860169       1.01999998    
       17818  -5.78443384       3.67738605       1.01999998    
       17820  -5.61245012       4.48803473       1.01999998    
       17822  -5.64760399       4.51577282       1.01999998    
       17824  -5.79092073       3.59805036       1.01999998    
       17826  -5.70340109       4.35230446       1.01999998    
       17828  -5.63299704       4.84493208       1.01999998    
       17830  -5.73917198       4.43401480       1.01999998    
       17832  -5.80030584       4.02519512       1.01999998    
       17834  -5.80076170       4.13831425       1.01999998    
       17836  -5.75318432       4.25630522       1.01999998    
       17838  -5.79182529       3.93956733       1.01999998    
       17840  -5.75679684       4.02930307       1.01999998    
       17842  -5.66745234       4.64014053       1.01999998    
       17844  -5.86643028       3.65775681       1.01999998    
       17846  -5.87781620       3.68161058       1.01999998    
       17848  -5.82765579       3.95527577       1.01999998    
       17850  -5.86923552       3.76030874       1.01999998    
       17852  -5.75685215       4.26559258       1.01999998    
       17854  -5.78330851       4.33656931       1.01999998    
       17856  -5.78663492       4.34268332       1.01999998    
       17858  -5.56531286       5.12858963       1.01999998    
       17860  -5.48007202       5.83410931       1.01999998    
       17862  -5.64491320       5.02958822       1.01999998    
       17864  -5.71114588       4.56597710       1.01999998    
       17866  -5.83352137       3.79653525       1.01999998    
       17868  -5.98838043       3.15322256       1.01999998    
       17870  -5.92101002       3.45458341       1.01999998    
       17872  -5.95075941       3.17581534       1.01999998    
       17874  -5.93168402       3.18512535       1.01999998    
       17876  -5.91312933       3.16925383       1.01999998    
       17878  -5.94394588       3.18706179       1.01999998    
       17880  -5.74576950       4.41999626       1.01999998    
       17882  -5.78946590       4.07879353       1.01999998    
       17884  -5.65147924       5.15218639       1.01999998    
       17886  -5.56434107       5.70474625       1.01999998    
       17888  -5.65680647       5.21392441       1.01999998    
       17890  -5.73631620       4.47653532       1.01999998    
       17892  -5.79414797       4.16525698       1.01999998    
       17894  -5.81822205       3.94003892       1.01999998    
       17896  -5.94909477       3.01507926       1.01999998    
       17898  -5.88362551       3.25450492       1.01999998    
       17900  -5.97524786       2.61609101       1.01999998    
       17902  -5.84706450       3.21204209       1.01999998    
       17904  -5.84890985       3.21043849       1.01999998    
       17906  -5.89259338       2.94291329       1.01999998    
       17908  -5.99057627       2.09516978       1.01999998    
       17910  -6.04751587       2.00424266       1.01999998    
       17912  -6.08683777       1.97270238       1.01999998    
       17914  -6.00555706       2.57868099       1.01999998    
       17916  -5.85454798       3.28690934       1.01999998    
       17918  -5.96353483       2.43063450       1.00800002    
       17920  -5.93164015       2.96376967       1.00800002    
       17922  -5.87802553       3.13687015       1.00800002    
       17924  -5.91767263       2.88173604       1.00800002    
       17926  -5.85515261       3.29070330       1.00800002    
       17928  -5.96867943       2.48241782       1.00800002    
       17930  -5.94061995       2.47333479       1.00800002    
       17932  -6.05336618       2.15971732       1.00800002    
       17934  -6.01355505       2.22605634       1.00800002    
       17936  -5.97175360       2.45025206       1.00800002    
       17938  -5.93558407       2.49707699       1.00800002    
       17940  -6.00288296       2.06280851       1.00800002    
       17942  -5.90687418       2.55627036       1.00800002    
       17944  -5.96138191       2.52202749       1.00800002    
       17946  -5.94495964       2.43674421       1.00800002    
       17948  -5.81303453       3.11492777       1.00800002    
       17950  -5.81546116       3.08352828       1.00800002    
       17952  -5.79410315       3.49838161       1.00800002    
       17954  -5.86990881       3.02062654       1.00800002    
       17956  -5.81422997       3.21556854       1.00800002    
       17958  -5.91845179       2.69239259       1.00800002    
       17960  -5.95095158       2.41725755       1.00800002    
       17962  -6.04036379       1.76400852       1.00800002    
       17964  -6.03033590       1.94788349       1.00800002    
       17966  -6.05657673       1.58041716       1.00800002    
       17968  -6.06745625       1.66002393       1.00800002    
       17970  -6.02062559       1.62599325       1.00800002    
       17972  -5.98617363       1.76043153       1.00800002    
       17974  -6.00649834       1.68323755       1.00800002    
       17976  -6.05189514       1.76055193       1.00800002    
       17978  -6.05936909       1.56250453       1.00800002    
       17980  -6.03251553       1.79177833       1.00800002    
       17982  -6.03244209       1.86313462       1.00800002    
       17984  -6.04011297       2.08879638       1.00800002    
       17986  -6.09692717       1.71936715       1.00800002    
       17988  -5.81223917       3.17951775       1.00800002    
       17990  -5.96663809       2.09892821       1.00800002    
       17992  -6.00703096       1.64731181       1.00800002    
       17994  -6.07752609       1.45318925       1.00800002    
       17996  -6.08798456       1.38140237       1.00800002    
       17998  -5.94458580       2.46362686       1.00800002    
       18000  -5.98135185       2.20787358       1.00800002    
       18002  -6.03462982       1.77616775       1.00800002    
       18004  -5.86247206       2.72196603       1.00800002    
       18006  -5.82033014       2.99339819       1.00800002    
       18008  -5.76131439       3.15928411       1.00800002    
       18010  -5.82168198       2.81572938       1.00800002    
       18012  -5.82117367       2.85033917       1.00800002    
       18014  -5.78628969       3.08673048       1.00800002    
       18016  -5.80100536       2.83563066       1.00800002    
       18018  -5.77512217       3.24786901       1.00800002    
       18020  -5.79763031       2.98116326       1.00800002    
       18022  -5.75915718       3.19847059       1.00800002    
       18024  -5.76455784       2.87423348       1.00800002    
       18026  -5.77065039       2.90855885       1.00800002    
       18028  -5.78379679       2.86725426       1.00800002    
       18030  -5.65448093       3.38270044       1.00800002    
       18032  -5.65825462       3.53403902       1.00800002    
       18034  -5.64322662       3.72126245       1.00800002    
       18036  -5.71748734       3.07962012       1.00800002    
       18038  -5.90536690       1.86945534       1.00800002    
       18040  -5.96417665       1.70852840       1.00800002    
       18042  -5.92269087       1.89114916       1.00800002    
       18044  -5.91420746       1.64178050       1.00800002    
       18046  -5.82129049       2.08714890       1.00800002    
       18048  -5.75578737       2.78516674       1.00800002    
       18050  -5.72591543       2.87456083       1.00800002    
       18052  -5.80601597       2.72782278       1.00800002    
       18054  -5.92274523       2.04124165       1.00800002    
       18056  -5.83624744       2.38113856       1.00800002    
       18058  -5.79960108       2.84145451       1.00800002    
       18060  -5.71465635       2.98638272       1.00800002    
       18062  -5.79152155       2.74512053       1.00800002    
       18064  -5.78631306       2.72202778       1.00800002    
       18066  -5.80955219       2.37021542       1.00800002    
       18068  -5.83148384       2.46264362       1.00800002    
       18070  -5.82333660       2.48805690       1.00800002    
       18072  -5.82635117       2.58098459       1.00800002    
       18074  -5.81379747       2.65923643       1.00800002    
       18076  -5.90561008       1.95796347       1.00800002    
       18078  -5.94073057       1.75458860       1.00800002    
       18080  -5.88644314       2.34234715       1.00800002    
       18082  -5.86285067       2.39320064       1.00800002    
       18084  -5.87806797       2.43740845       1.00800002    
       18086  -5.98577499       1.64287794       1.00800002    
       18088  -5.94460821       1.83836544       1.00800002    
       18090  -5.94844770       1.78787446       1.00800002    
       18092  -5.97176743       1.57499385       1.00800002    
       18094  -5.87929296       2.01735020       1.00800002    
       18096  -5.92738962       1.68617868       1.00800002    
       18098  -5.90833187       1.95291603       1.00800002    
       18100  -5.82163525       2.22668600       1.00800002    
       18102  -5.85942841       2.19637132       1.00800002    
       18104  -6.00646067       1.61674440       1.00800002    
       18106  -5.91447544       2.27885985       1.00800002    
       18108  -5.97560835       1.65890574       1.00800002    
       18110  -5.98973799       1.45129108       1.00800002    
       18112  -5.99752760       1.56621885       1.00800002    
       18114  -5.92801285       2.02478933       1.00800002    
       18116  -5.89566851       1.93339801       1.00800002    
       18118  -5.87566280       2.34597707       1.00800002    
       18120  -5.92384768       2.03855324       1.00800002    
       18122  -5.96329832       1.61525393       1.00800002    
       18124  -5.89581490       1.83827651       1.00800002    
       18126  -5.92651272       1.70631528       1.00800002    
       18128  -5.99937773       1.16965210       1.00800002    
       18130  -5.94948578       1.39691770       1.00800002    
       18132  -5.79454041       2.42909169       1.00800002    
       18134  -5.81083679       2.54786468       1.00800002    
       18136  -5.91124439       1.93248236       1.00800002    
       18138  -5.81276941       2.46647620       1.00800002    
       18140  -5.76123476       2.67241764       1.00800002    
       18142  -5.92284727       1.85094333       1.00800002    
       18144  -5.84083605       2.16913986       1.00800002    
       18146  -5.85111189       2.10412502       1.00800002    
       18148  -5.96711636       1.30033100       1.00800002    
       18150  -5.91717482       1.79494917       1.00800002    
       18152  -5.84659052       2.21675277       1.00800002    
       18154  -5.75467587       2.83211231       1.00800002    
       18156  -5.68193960       3.35373569       1.00800002    
       18158  -5.68250132       3.43695211       1.00800002    
       18160  -5.69004011       3.40008736       1.00800002    
       18162  -5.63830853       3.62000418       1.00800002    
       18164  -5.79553175       2.76631284       1.00800002    
       18166  -5.80399561       2.70530558       1.00800002    
       18168  -5.58715820       4.05357742       1.00800002    
       18170  -5.67949438       3.48481202       1.00800002    
       18172  -5.79756737       2.92259383       1.00800002    
       18174  -5.72306013       3.13520384       1.00800002    
       18176  -5.81204414       2.76221466       1.00800002    
       18178  -5.79968596       2.96446824       1.00800002    
       18180  -5.85097790       2.71940184       1.00800002    
       18182  -5.79820251       2.77988720       1.00800002    
       18184  -5.67418337       3.26633430       1.00800002    
       18186  -5.68226242       3.29860067       1.00800002    
       18188  -5.68764162       3.34623623       1.00800002    
       18190  -5.69176960       3.22253871       1.00800002    
       18192  -5.82025528       2.46348023       1.00800002    
       18194  -5.71020937       3.19119716       1.00800002    
       18196  -5.87874413       2.21555853       1.00800002    
       18198  -5.72295523       2.85417199       1.00800002    
       18200  -5.81513500       2.52053189       1.00800002    
       18202  -5.81352091       2.49885488       1.00800002    
       18204  -5.73217201       2.79397035       1.00800002    
       18206  -5.60265160       3.27485919       1.00800002    
       18208  -5.74595594       2.71029520       1.00800002    
       18210  -5.75445604       2.87300110       1.00800002    
       18212  -5.70313787       3.07246804       1.00800002    
       18214  -5.73790359       2.89247584       1.00800002    
       18216  -5.82756901       2.51997519       1.00800002    
       18218  -5.81823540       2.66094398       1.00800002    
       18220  -5.75171137       2.89468813       1.00800002    
       18222  -5.73838568       2.73544383       1.00800002    
       18224  -5.77256203       2.27827477       1.00800002    
       18226  -5.63378572       2.98724127       1.00800002    
       18228  -5.61606646       2.93176651       1.00800002    
       18230  -5.67367744       2.83522677       1.00800002    
       18232  -5.74732733       2.39359760       1.00800002    
       18234  -5.81212521       2.32346249       1.00800002    
       18236  -5.77484608       2.73786902       1.00800002    
       18238  -5.71636248       2.98878002       1.00800002    
       18240  -5.87794924       2.01245809       1.00800002    
       18242  -5.90598679       2.09215689       1.00800002    
       18244  -5.80814266       2.62998843       1.00800002    
       18246  -5.69012213       3.20860696       1.00800002    
       18248  -5.68651438       3.47109842       1.00800002    
       18250  -5.72765923       3.24396610       1.00800002    
       18252  -5.87243795       2.52019262       1.00800002    
       18254  -5.88931608       2.37980247       1.00800002    
       18256  -5.86661100       2.46933222       1.00800002    
       18258  -5.79178762       2.77403188       1.00800002    
       18260  -5.64994907       3.66110015       1.00800002    
       18262  -5.80784988       2.97902632       1.00800002    
       18264  -5.83919764       2.93080616       1.00800002    
       18266  -5.64568949       3.91964388       1.00800002    
       18268  -5.83459997       2.83801270       1.00800002    
       18270  -5.77029371       3.24362850       1.00800002    
       18272  -5.81728601       2.91242337       1.00800002    
       18274  -5.88623762       2.45217347       1.00800002    
       18276  -5.74393511       2.95129871       1.00800002    
       18278  -5.80417299       2.72954345       1.00800002    
       18280  -5.68978834       3.29433775       1.00800002    
       18282  -5.73828697       2.96137428       1.00800002    
       18284  -5.73244810       3.02219701       1.00800002    
       18286  -5.76830626       2.98507476       1.00800002    
       18288  -5.76732540       2.83890128       1.00800002    
       18290  -5.65697861       3.54374599       1.00800002    
       18292  -5.66520882       3.39539409       1.00800002    
       18294  -5.59499502       3.79932714       1.00800002    
       18296  -5.61944532       3.90912032       1.00800002    
       18298  -5.72122002       3.52510595       1.00800002    
       18300  -5.78651524       3.02940416       1.00800002    
       18302  -5.74048281       3.29063153       1.00800002    
       18304  -5.81840706       2.74082947       1.00800002    
       18306  -5.79005623       2.87820101       1.00800002    
       18308  -5.75936079       3.19249272       1.00800002    
       18310  -5.77703238       3.07124281       1.00800002    
       18312  -5.74188614       3.44123864       1.00800002    
       18314  -5.79447365       3.49566340       1.00800002    
       18316  -5.76975489       3.26383996       1.00800002    
       18318  -5.81390047       3.08429146       1.00800002    
       18320  -5.81274700       3.04787230       1.00800002    
       18322  -5.80120897       3.07948303       1.00800002    
       18324  -5.72335243       3.46621633       1.00800002    
       18326  -5.77815247       3.40248990       1.00800002    
       18328  -5.92361116       2.71472001       1.00800002    
       18330  -6.00205374       2.20750713       1.00800002    
       18332  -5.92450428       2.69165897       1.00800002    
       18334  -5.96175337       2.71505833       1.00800002    
       18336  -5.91018581       2.96154165       1.00800002    
       18338  -6.00714159       2.33764052       1.00800002    
       18340  -5.95287085       2.69165897       1.00800002    
       18342  -5.86308002       2.88917971       1.00800002    
       18344  -5.82924747       2.78143311       1.00800002    
       18346  -5.89149857       2.88757133       1.00800002    
       18348  -5.72960711       3.58557248       1.00800002    
       18350  -5.90172386       2.59155607       1.00800002    
       18352  -5.94052458       2.38461614       1.00800002    
       18354  -5.79910278       3.06539822       1.00800002    
       18356  -5.90825844       2.37037969       1.00800002    
       18358  -5.84282160       2.84700465       1.00800002    
       18360  -5.75609684       3.29808545       1.00800002    
       18362  -5.75700235       3.68614841       1.00800002    
       18364  -5.91770220       2.89143491       1.00800002    
       18366  -5.93713856       2.75009298       1.00800002    
       18368  -5.86529779       3.25839877       1.00800002    
       18370  -5.84659863       3.46224833       1.00800002    
       18372  -5.85317850       3.39753938       1.00800002    
       18374  -5.85463333       3.21377063       1.00800002    
       18376  -5.86753130       3.15376639       1.00800002    
       18378  -5.77206707       3.50410557       1.00800002    
       18380  -5.71077204       3.88498807       1.00800002    
       18382  -5.84728670       3.06311631       1.00800002    
       18384  -5.86369562       2.89003682       1.00800002    
       18386  -5.85585308       2.76953220       1.00800002    
       18388  -5.86125278       3.02193308       1.00800002    
       18390  -5.82628298       3.30747581       1.00800002    
       18392  -5.79209900       3.58302164       1.00800002    
       18394  -5.71908998       4.09648561       1.00800002    
       18396  -5.87316895       3.31738830       1.00800002    
       18398  -5.79766893       3.74831891       1.00800002    
       18400  -5.89876270       3.29211497       1.00800002    
       18402  -5.84342957       3.53981781       1.00800002    
       18404  -5.93520784       2.79888058       1.00800002    
       18406  -5.77993488       3.64013433       1.00800002    
       18408  -5.81319427       3.30294085       1.00800002    
       18410  -5.73870754       3.58619380       1.00800002    
       18412  -5.80418396       3.21443796       1.00800002    
       18414  -5.84918880       2.81896567       1.00800002    
       18416  -5.88238668       2.69193029       1.00800002    
       18418  -5.83279085       3.10334110       1.00800002    
       18420  -5.89872313       2.64337420       1.00800002    
       18422  -5.94734812       2.40350413       1.00800002    
       18424  -5.89433861       2.69885755       1.00800002    
       18426  -5.83992720       2.84840107       1.00800002    
       18428  -5.71770811       3.44875264       1.00800002    
       18430  -5.78063965       3.18953967       1.00800002    
       18432  -5.75968313       3.46355844       1.00800002    
       18434  -5.68587351       4.07038546       1.00800002    
       18436  -5.65796041       4.23196793       1.00800002    
       18438  -5.57622433       4.40134621       1.00800002    
       18440  -5.80735588       3.11532807       1.00800002    
       18442  -5.77379227       2.99524856      0.995999992    
       18444  -5.79932070       2.89172363      0.995999992    
       18446  -5.82033253       2.88800216      0.995999992    
       18448  -5.81126881       2.85048366      0.995999992    
       18450  -5.86953831       2.38726807      0.995999992    
       18452  -5.90649748       2.32377815      0.995999992    
       18454  -5.91670179       2.45509315      0.995999992    
       18456  -5.96585655       2.14927888      0.995999992    
       18458  -5.90917110       2.11797881      0.995999992    
       18460  -5.82920551       2.81038094      0.995999992    
       18462  -5.87163162       2.37230611      0.995999992    
       18464  -5.81668949       2.48600221      0.995999992    
       18466  -5.77281332       2.82866430      0.995999992    
       18468  -5.95567846       1.85515046      0.995999992    
       18470  -5.89091253       2.21688509      0.995999992    
       18472  -5.91794157       1.50068200      0.995999992    
       18474  -5.91169739       1.84316075      0.995999992    
       18476  -5.75372219       2.75909328      0.995999992    
       18478  -5.76489687       2.69749308      0.995999992    
       18480  -5.68888283       3.30774164      0.995999992    
       18482  -5.74901438       2.81257176      0.995999992    
       18484  -5.79023170       2.66102982      0.995999992    
       18486  -5.75908899       2.70433497      0.995999992    
       18488  -5.87597561       2.09982300      0.995999992    
       18490  -5.74856901       2.48194432      0.995999992    
       18492  -5.83091307       2.07583451      0.995999992    
       18494  -5.82437849       1.99053895      0.995999992    
       18496  -5.78623819       2.22726035      0.995999992    
       18498  -5.91051435       1.66218925      0.995999992    
       18500  -5.81719685       2.40338349      0.995999992    
       18502  -5.96017647       1.60750723      0.995999992    
       18504  -5.97638416       1.20600772      0.995999992    
       18506  -6.00440216      0.912016094      0.995999992    
       18508  -5.98051643       1.12970877      0.995999992    
       18510  -5.86270618       1.85255122      0.995999992    
       18512  -5.82144403       1.96044290      0.995999992    
       18514  -5.83368874       1.85333741      0.995999992    
       18516  -5.88930321       1.42427456      0.995999992    
       18518  -5.68800592       2.59700823      0.995999992    
       18520  -5.69407558       2.62233853      0.995999992    
       18522  -5.79381561       2.24585724      0.995999992    
       18524  -5.78831244       2.33469152      0.995999992    
       18526  -5.76644850       2.35408330      0.995999992    
       18528  -5.83352137       1.97948813      0.995999992    
       18530  -5.83597422       2.27552509      0.995999992    
       18532  -5.78681374       2.50475383      0.995999992    
       18534  -5.76193857       2.68501449      0.995999992    
       18536  -5.82086039       2.31688023      0.995999992    
       18538  -5.82107067       2.59373832      0.995999992    
       18540  -5.81330729       2.57869411      0.995999992    
       18542  -5.88909626       1.90493023      0.995999992    
       18544  -5.81217051       2.62030029      0.995999992    
       18546  -5.81811190       2.42897248      0.995999992    
       18548  -5.96909809       1.68924010      0.995999992    
       18550  -6.02837896       1.46047020      0.995999992    
       18552  -6.04930496       1.19639158      0.995999992    
       18554  -6.00280952       1.75067163      0.995999992    
       18556  -5.94679356       2.01158929      0.995999992    
       18558  -5.85949373       2.86187530      0.995999992    
       18560  -5.92809725       2.29628420      0.995999992    
       18562  -5.82835388       2.74656105      0.995999992    
       18564  -5.85527039       2.71486068      0.995999992    
       18566  -5.94526005       2.22419095      0.995999992    
       18568  -5.82043362       2.53313398      0.995999992    
       18570  -5.72097635       3.19095802      0.995999992    
       18572  -5.83817196       2.49372840      0.995999992    
       18574  -5.80820036       2.80004549      0.995999992    
       18576  -5.76996851       2.79547620      0.995999992    
       18578  -5.83241272       2.59661865      0.995999992    
       18580  -5.89696741       2.35403490      0.995999992    
       18582  -6.07833767       1.49948740      0.995999992    
       18584  -5.92781782       2.49314284      0.995999992    
       18586  -5.84932566       2.60174513      0.995999992    
       18588  -6.01014090       1.57708013      0.995999992    
       18590  -5.81192350       2.52595925      0.995999992    
       18592  -5.80592299       2.81285405      0.995999992    
       18594  -5.73202419       3.28161502      0.995999992    
       18596  -5.71314144       3.01174116      0.995999992    
       18598  -5.90621901       1.92406487      0.995999992    
       18600  -5.99449539       1.42592156      0.995999992    
       18602  -5.97724199       1.64102221      0.995999992    
       18604  -5.94078016       1.98300266      0.995999992    
       18606  -5.95504904       2.05106616      0.995999992    
       18608  -5.97727585       1.53810990      0.995999992    
       18610  -6.04013109       1.52296340      0.995999992    
       18612  -5.87402821       2.43060136      0.995999992    
       18614  -5.88204861       2.42971897      0.995999992    
       18616  -5.86212540       2.47217011      0.995999992    
       18618  -5.91167545       2.13834715      0.995999992    
       18620  -5.91893768       1.87927854      0.995999992    
       18622  -5.90089130       2.04780555      0.995999992    
       18624  -5.82415438       2.36874247      0.995999992    
       18626  -5.77598953       2.48140645      0.995999992    
       18628  -5.75223255       2.70140934      0.995999992    
       18630  -5.69375563       3.36905813      0.995999992    
       18632  -5.75862789       2.67373562      0.995999992    
       18634  -5.82030678       2.71971297      0.995999992    
       18636  -5.85241556       2.44035172      0.995999992    
       18638  -5.90681696       2.05672646      0.995999992    
       18640  -5.92139482       1.90614533      0.995999992    
       18642  -5.88105965       2.07591319      0.995999992    
       18644  -5.78624010       2.33695579      0.995999992    
       18646  -5.80505323       2.29882932      0.995999992    
       18648  -6.02574587      0.991367519      0.995999992    
       18650  -5.89398432       1.87614393      0.995999992    
       18652  -5.83716106       1.89126039      0.995999992    
       18654  -5.68128300       2.73793364      0.995999992    
       18656  -5.71970892       2.48607206      0.995999992    
       18658  -5.80289268       1.81011701      0.995999992    
       18660  -5.82236481       1.84364796      0.995999992    
       18662  -5.74010181       2.20698500      0.995999992    
       18664  -5.69743395       2.52340817      0.995999992    
       18666  -5.79205418       1.95179439      0.995999992    
       18668  -5.82091331       1.59874427      0.995999992    
       18670  -5.85725355       1.59996259      0.995999992    
       18672  -5.72490692       2.32435131      0.995999992    
       18674  -5.84759617       1.70361280      0.995999992    
       18676  -5.75121307       2.24843979      0.995999992    
       18678  -5.67302895       2.80237794      0.995999992    
       18680  -5.64324141       3.11492634      0.995999992    
       18682  -5.50905943       3.57044888      0.995999992    
       18684  -5.78399992       2.24346972      0.995999992    
       18686  -5.80517054       2.22067904      0.995999992    
       18688  -5.72770929       2.77221894      0.995999992    
       18690  -5.72952318       2.48659444      0.995999992    
       18692  -5.77604437       1.89156377      0.995999992    
       18694  -5.89258957       1.53869689      0.995999992    
       18696  -5.63850021       2.79080677      0.995999992    
       18698  -5.64225960       2.55436730      0.995999992    
       18700  -5.66082048       2.38886309      0.995999992    
       18702  -5.75808859       2.09480762      0.995999992    
       18704  -5.70249367       2.54588604      0.995999992    
       18706  -5.68273497       2.56411743      0.995999992    
       18708  -5.84086657       1.86712801      0.995999992    
       18710  -5.86138868       1.81037283      0.995999992    
       18712  -5.74928570       2.49432087      0.995999992    
       18714  -5.88248062       1.97679615      0.995999992    
       18716  -5.73755932       2.97108293      0.995999992    
       18718  -5.84914446       1.78088987      0.995999992    
       18720  -5.75511312       2.09296417      0.995999992    
       18722  -5.75595427       1.95230031      0.995999992    
       18724  -5.81626463       1.62445819      0.995999992    
       18726  -5.77044106       2.00745583      0.995999992    
       18728  -5.78887367       1.98476422      0.995999992    
       18730  -5.73192358       2.18336630      0.995999992    
       18732  -5.80190563       1.83434939      0.995999992    
       18734  -5.67450666       2.37332487      0.995999992    
       18736  -5.58710337       2.99401689      0.995999992    
       18738  -5.78844738       2.04054928      0.995999992    
       18740  -5.72452879       2.36652493      0.995999992    
       18742  -5.83141518       1.70266449      0.995999992    
       18744  -5.79964161       1.68965268      0.995999992    
       18746  -5.76174831       1.96094704      0.995999992    
       18748  -5.81071043       1.75431097      0.995999992    
       18750  -5.80020761       1.85239542      0.995999992    
       18752  -5.64551544       2.75251293      0.995999992    
       18754  -5.73027182       2.31924033      0.995999992    
       18756  -5.73734093       2.19667959      0.995999992    
       18758  -5.86422634       1.79515254      0.995999992    
       18760  -5.74504185       2.11567783      0.995999992    
       18762  -5.89234686       1.29572582      0.995999992    
       18764  -5.79521751       1.54946947      0.995999992    
       18766  -5.69434643       2.29636312      0.995999992    
       18768  -5.64662695       2.55140924      0.995999992    
       18770  -5.88929367       1.27956009      0.995999992    
       18772  -5.76948643       1.85219324      0.995999992    
       18774  -5.83597279       1.69073355      0.995999992    
       18776  -5.84802151       1.50788438      0.995999992    
       18778  -5.89004564       1.41346371      0.995999992    
       18780  -5.74055767       2.09187937      0.995999992    
       18782  -5.74780989       1.90127027      0.995999992    
       18784  -5.69676352       1.92978823      0.995999992    
       18786  -5.77904129       1.54006684      0.995999992    
       18788  -5.78208399       1.78607631      0.995999992    
       18790  -5.80964851       1.43929005      0.995999992    
       18792  -5.87952948       1.19382548      0.995999992    
       18794  -5.88518476       1.34758806      0.995999992    
       18796  -5.77027369       2.00141573      0.995999992    
       18798  -5.80468702       1.74879241      0.995999992    
       18800  -5.81993389       1.57555521      0.995999992    
       18802  -5.72144508       2.50074577      0.995999992    
       18804  -5.79555368       2.13614845      0.995999992    
       18806  -5.73346472       2.47751808      0.995999992    
       18808  -5.69919348       2.87172151      0.995999992    
       18810  -5.78303051       2.76578140      0.995999992    
       18812  -5.91003466       1.78776515      0.995999992    
       18814  -5.86136103       2.11170220      0.995999992    
       18816  -5.76644135       2.95431995      0.995999992    
       18818  -5.60012865       3.90912080      0.995999992    
       18820  -5.61656380       3.76321888      0.995999992    
       18822  -5.74750042       3.02632809      0.995999992    
       18824  -5.77908421       2.73076391      0.995999992    
       18826  -5.81644058       2.44593740      0.995999992    
       18828  -5.72835636       2.37951446      0.995999992    
       18830  -5.69165182       2.61785007      0.995999992    
       18832  -5.58388662       3.11222005      0.995999992    
       18834  -5.54032612       3.22226405      0.995999992    
       18836  -5.67545795       2.30075407      0.995999992    
       18838  -5.46997356       3.49689722      0.995999992    
       18840  -5.75146818       2.02039289      0.995999992    
       18842  -5.68405437       2.60418773      0.995999992    
       18844  -5.68299580       2.38194013      0.995999992    
       18846  -5.71939611       2.06499052      0.995999992    
       18848  -5.82736731       1.48964429      0.995999992    
       18850  -5.78642607       1.71941531      0.995999992    
       18852  -5.86811829       1.30788553      0.995999992    
       18854  -5.90590572       1.27420342      0.995999992    
       18856  -5.80784273       1.86861074      0.995999992    
       18858  -5.79799366       1.76211476      0.995999992    
       18860  -5.79944372       1.64082384      0.995999992    
       18862  -5.77560329       2.05036259      0.995999992    
       18864  -5.79641342       1.97062945      0.995999992    
       18866  -5.88381577       1.65314758      0.995999992    
       18868  -5.93591595       1.53873634      0.995999992    
       18870  -5.92507410       1.70706403      0.995999992    
       18872  -5.95788813       1.59000671      0.995999992    
       18874  -5.85675478       2.03354764      0.995999992    
       18876  -5.93439960       1.61618614      0.995999992    
       18878  -5.96633768       1.42849958      0.995999992    
       18880  -5.98336029       1.36806417      0.995999992    
       18882  -5.99540138       1.03372216      0.995999992    
       18884  -5.82419682       2.03571630      0.995999992    
       18886  -5.82053566       2.46270990      0.995999992    
       18888  -5.77230120       2.76614904      0.995999992    
       18890  -5.88972521       2.00585079      0.995999992    
       18892  -5.74473906       2.71986794      0.995999992    
       18894  -5.75240755       2.79991555      0.995999992    
       18896  -5.87971449       2.12658286      0.995999992    
       18898  -5.82361937       2.43129563      0.995999992    
       18900  -5.70334101       2.89810491      0.995999992    
       18902  -5.72254801       2.77449417      0.995999992    
       18904  -5.71353197       3.00277138      0.995999992    
       18906  -5.74525928       2.97382331      0.995999992    
       18908  -5.87613726       2.45165181      0.995999992    
       18910  -5.83393383       2.64079499      0.995999992    
       18912  -5.91395712       1.89461124      0.995999992    
       18914  -5.92288828       1.86110473      0.995999992    
       18916  -5.94911337       1.74316835      0.995999992    
       18918  -5.97740412       1.68790281      0.995999992    
       18920  -5.97253323       1.67743015      0.995999992    
       18922  -5.95466471       1.55301940      0.995999992    
       18924  -5.90857935       1.50186205      0.995999992    
       18926  -5.84009027       2.16947937      0.995999992    
       18928  -5.69417477       2.99111104      0.995999992    
       18930  -5.70306110       2.81832385      0.995999992    
       18932  -5.66623592       2.93280149      0.995999992    
       18934  -5.80493021       2.37002420      0.995999992    
       18936  -5.87176037       1.75332355      0.995999992    
       18938  -5.69813442       3.14872265      0.995999992    
       18940  -5.76865292       2.64972210      0.995999992    
       18942  -5.71977663       3.13337684      0.995999992    
       18944  -5.83110762       2.46810675      0.995999992    
       18946  -5.85969973       2.20150805      0.995999992    
       18948  -5.82282352       2.23626900      0.995999992    
       18950  -5.83233976       2.17503285      0.995999992    
       18952  -5.83686686       2.13102770      0.995999992    
       18954  -5.92190266       1.69664371      0.995999992    
       18956  -6.00049114       1.35692513      0.995999992    
       18958  -5.77500725       2.46602035      0.995999992    
       18960  -5.90980673       1.52331710      0.995999992    
       18962  -5.94525623       1.52009845      0.995999992    
       18964  -5.88992214       1.78824008      0.995999992    
       18966  -5.86612129       1.88730681      0.995999992    
       18968  -6.02743053      0.907612801      0.995999992    
       18970  -5.87037945       1.82637930      0.995999992    
       18972  -5.87762165       1.79264045      0.995999992    
       18974  -5.71327877       2.32654238      0.995999992    
       18976  -5.85430765       1.59357786      0.995999992    
       18978  -5.88935614       1.65740967      0.995999992    
       18980  -5.79176617       2.45111775      0.995999992    
       18982  -5.79954290       2.36350346      0.995999992    
       18984  -5.61535692       3.53937793      0.995999992    
       18986  -5.61438847       3.53150725      0.995999992    
       18988  -5.75418234       2.46492076      0.995999992    
       18990  -5.53949976       3.40918255      0.995999992    
       18992  -5.69918156       2.48794889      0.995999992    
       18994  -5.87685537       1.42421937      0.995999992    
       18996  -5.83377028       1.62717724      0.995999992    
       18998  -5.72746706       2.46677494      0.995999992    
       19000  -5.68675375       2.71451426      0.995999992    
       19002  -5.61370802       3.46400356      0.995999992    
       19004  -5.87694836       1.87185133      0.995999992    
       19006  -5.78044462       2.46202540      0.995999992    
       19008  -5.70821095       2.88180399      0.995999992    
       19010  -5.78437471       2.22251701      0.995999992    
       19012  -5.84830761       1.91058421      0.995999992    
       19014  -5.90365314       1.81663036      0.995999992    
       19016  -5.84881496       2.18508935      0.995999992    
       19018  -5.90449381       1.76332963      0.995999992    
       19020  -5.84788513       2.22970462      0.995999992    
       19022  -5.79885912       2.28551865      0.995999992    
       19024  -5.84403324       1.54658866      0.995999992    
       19026  -5.90046597       1.27723002      0.995999992    
       19028  -5.79524374       2.19798160      0.995999992    
       19030  -5.72259569       2.34591556      0.995999992    
       19032  -5.63685179       2.92487812      0.995999992    
       19034  -5.73149872       2.51232767      0.995999992    
       19036  -5.93492031       1.32237542      0.995999992    
       19038  -5.94631767       1.38904405      0.995999992    
       19040  -5.73088646       2.63213873      0.995999992    
       19042  -5.78586435       2.20859385      0.995999992    
       19044  -5.93093014       1.44781554      0.995999992    
       19046  -5.98295546       1.31773424      0.995999992    
       19048  -5.91440582       1.79137218      0.995999992    
       19050  -5.90783834       1.67336869      0.995999992    
       19052  -5.87091494       1.39348435      0.995999992    
       19054  -5.84759426       1.59124601      0.995999992    
       19056  -5.74349689       2.37970042      0.995999992    
       19058  -5.78317547       2.42823672      0.995999992    
       19060  -5.76001120       2.80551791      0.995999992    
       19062  -5.70969725       3.05256200      0.995999992    
       19064  -5.87222052       2.19356513      0.995999992    
       19066  -5.79161215       2.67738962      0.995999992    
       19068  -5.92524862       1.83530164      0.995999992    
       19070  -5.87010956       2.01712251      0.995999992    
       19072  -5.90352249       2.06391764      0.995999992    
       19074  -5.92605305       1.91128433      0.995999992    
       19076  -5.88783932       1.98467648      0.995999992    
       19078  -5.98970175       1.08169186      0.995999992    
       19080  -5.84071112       1.85848987      0.995999992    
       19082  -5.76339626       2.25457788      0.995999992    
       19084  -5.74931145       2.33152103      0.995999992    
       19086  -5.70815802       2.54350066      0.995999992    
       19088  -5.84866667       1.81434166      0.995999992    
       19090  -5.80762625       2.24965930      0.995999992    
       19092  -5.85676527       1.81387651      0.995999992    
       19094  -5.81384039       2.13641620      0.995999992    
       19096  -5.94544315       1.58270168      0.995999992    
       19098  -5.93365097       1.79974484      0.995999992    
       19100  -6.01814890      0.997792304      0.995999992    
       19102  -5.95557261       1.16661716      0.995999992    
       19104  -5.90668201       1.46890211      0.995999992    
       19106  -5.91347456       1.68959987      0.995999992    
       19108  -5.89303064       1.68108582      0.995999992    
       19110  -5.86802244       1.77134705      0.995999992    
       19112  -5.91767406       1.43607891      0.995999992    
       19114  -5.88628387       1.74552405      0.995999992    
       19116  -5.86157322       2.08385921      0.995999992    
       19118  -5.90705681       1.91957724      0.995999992    
       19120  -5.78723001       1.99164498      0.995999992    
       19122  -5.83223534       1.88324177      0.995999992    
       19124  -5.78892517       2.46987987      0.995999992    
       19126  -5.72781324       2.68215418      0.995999992    
       19128  -5.65306950       2.94535184      0.995999992    
       19130  -5.68840551       2.62122059      0.995999992    
       19132  -5.64532328       2.72947526      0.995999992    
       19134  -5.69990444       1.90602362      0.984000027    
       19136  -5.72205067       2.15187430      0.984000027    
       19138  -5.77663660       2.05143404      0.984000027    
       19140  -5.74770069       2.08056140      0.984000027    
       19142  -5.76476955       1.94371867      0.984000027    
       19144  -5.66102648       2.65782166      0.984000027    
       19146  -5.72310591       2.14531493      0.984000027    
       19148  -5.68829584       2.26596451      0.984000027    
       19150  -5.67863178       2.36996484      0.984000027    
       19152  -5.79644775       1.70364738      0.984000027    
       19154  -5.71669626       2.06554675      0.984000027    
       19156  -5.73899889       1.99268591      0.984000027    
       19158  -5.79841709       1.70846522      0.984000027    
       19160  -5.73192072       1.99784243      0.984000027    
       19162  -5.70144320       2.19336987      0.984000027    
       19164  -5.75776434       1.91413724      0.984000027    
       19166  -5.82571793       1.48284650      0.984000027    
       19168  -5.80202818       1.50922787      0.984000027    
       19170  -5.75680447       1.96179020      0.984000027    
       19172  -5.82721996       1.85732532      0.984000027    
       19174  -5.80595350       1.99135649      0.984000027    
       19176  -5.71021032       2.39160538      0.984000027    
       19178  -5.74667692       2.13598633      0.984000027    
       19180  -5.65247488       2.87529516      0.984000027    
       19182  -5.78570318       2.19277477      0.984000027    
       19184  -5.71350145       2.44901872      0.984000027    
       19186  -5.81237555       1.64419723      0.984000027    
       19188  -5.67961740       2.20488787      0.984000027    
       19190  -5.85419655       1.21004021      0.984000027    
       19192  -5.78315926       1.79417396      0.984000027    
       19194  -5.76961279       1.87153351      0.984000027    
       19196  -5.70990658       2.06130409      0.984000027    
       19198  -5.77798700       1.94019592      0.984000027    
       19200  -5.77250624       1.87373662      0.984000027    
       19202  -5.72439957       1.68604577      0.984000027    
       19204  -5.69537640       1.94566858      0.984000027    
       19206  -5.69857168       1.91373777      0.984000027    
       19208  -5.69196653       2.30583811      0.984000027    
       19210  -5.75485897       2.00133085      0.984000027    
       19212  -5.82449579       1.39731681      0.984000027    
       19214  -5.86326313       1.56648386      0.984000027    
       19216  -5.87195206       1.28142011      0.984000027    
       19218  -5.78656960       1.63010216      0.984000027    
       19220  -5.75709486       1.97557008      0.984000027    
       19222  -5.83486795       1.65304327      0.984000027    
       19224  -5.83670473       1.42725408      0.984000027    
       19226  -5.80182743       1.66048467      0.984000027    
       19228  -5.84661388       1.32935512      0.984000027    
       19230  -5.87314939       1.29046917      0.984000027    
       19232  -5.79778957       1.70036495      0.984000027    
       19234  -5.77083254       1.96143818      0.984000027    
       19236  -5.77315664       2.04144263      0.984000027    
       19238  -5.80890083       1.88372755      0.984000027    
       19240  -5.83843803       1.58489275      0.984000027    
       19242  -5.80471992       1.81566763      0.984000027    
       19244  -5.90124226       1.44695544      0.984000027    
       19246  -5.69907808       2.76140475      0.984000027    
       19248  -5.74469805       2.17455578      0.984000027    
       19250  -5.71644449       2.49360442      0.984000027    
       19252  -5.85741091       1.40868127      0.984000027    
       19254  -5.76936913       1.94589317      0.984000027    
       19256  -5.80071783       1.92300785      0.984000027    
       19258  -5.74952459       2.29709339      0.984000027    
       19260  -5.63919592       2.91710925      0.984000027    
       19262  -5.69977045       2.79731750      0.984000027    
       19264  -5.70222044       2.35775471      0.984000027    
       19266  -5.75486326       1.82826197      0.984000027    
       19268  -5.64076948       2.14772201      0.972000003    
       19270  -5.67067957       2.02362967      0.972000003    
       19272  -5.58762980       2.45570397      0.972000003    
       19274  -5.65162134       2.26266789      0.972000003    
       19276  -5.63002586       2.52214694      0.972000003    
       19278  -5.64969683       2.28205609      0.972000003    
       19280  -5.56697083       2.47530842      0.972000003    
       19282  -5.54982519       2.71466827      0.972000003    
       19284  -5.49991512       2.87762761      0.972000003    
       19286  -5.53927279       2.93318748      0.972000003    
       19288  -5.70846510       2.33908582      0.972000003    
       19290  -5.70911932       2.40574932      0.972000003    
       19292  -5.62148809       2.66386008      0.972000003    
       19294  -5.68815136       2.27962112      0.972000003    
       19296  -5.73707628       2.04804683      0.972000003    
       19298  -5.81244946       1.43939602      0.972000003    
       19300  -5.75357533       2.03273988      0.972000003    
       19302  -5.75746489       1.89687467      0.972000003    
       19304  -5.74727583       1.91117597      0.972000003    
       19306  -5.67818880       2.19390535      0.972000003    
       19308  -5.84862614       1.41847849      0.972000003    
       19310  -5.74216509       2.23523331      0.972000003    
       19312  -5.75630903       2.01061535      0.972000003    
       19314  -5.48578644       3.83224297      0.972000003    
       19316  -5.57848597       3.26109600      0.972000003    
       19318  -5.53955603       3.63216066      0.972000003    
       19320  -5.63816929       3.18970084      0.972000003    
       19322  -5.74948406       2.30358386      0.972000003    
       19324  -5.73929834       2.35391593      0.972000003    
       19326  -5.71298313       2.33543301      0.972000003    
       19328  -5.60679674       2.89574981      0.972000003    
       19330  -5.67807341       2.65717435      0.972000003    
       19332  -5.71100569       2.32204747      0.972000003    
       19334  -5.80791187       1.76391685      0.972000003    
       19336  -5.80655193       1.67983711      0.972000003    
       19338  -5.81816864       1.52020776      0.972000003    
       19340  -5.82805967       1.66517031      0.972000003    
       19342  -5.66202450       2.81367731      0.972000003    
       19344  -5.75389767       2.48120475      0.972000003    
       19346  -5.82974148       2.08843994      0.972000003    
       19348  -5.80310392       2.03927374      0.972000003    
       19350  -5.87948418       1.67061925      0.972000003    
       19352  -5.71217585       2.50794649      0.972000003    
       19354  -5.77775240       2.15658021      0.972000003    
       19356  -5.77300549       2.30409765      0.972000003    
       19358  -5.77329731       1.97563779      0.972000003    
       19360  -5.67943907       3.02057648      0.972000003    
       19362  -5.65969706       2.97026110      0.972000003    
       19364  -5.67295027       2.85893703      0.972000003    
       19366  -5.81066656       2.16142154      0.972000003    
       19368  -5.82963276       2.17596912      0.972000003    
       19370  -5.88800478       1.73842525      0.972000003    
       19372  -5.87593365       1.62423360      0.972000003    
       19374  -5.85211039       1.94539618      0.972000003    
       19376  -5.84808731       2.00245166      0.972000003    
       19378  -5.89463997       1.74083722      0.972000003    
       19380  -5.96581507      0.929111779      0.972000003    
       19382  -5.95226479       1.24297798      0.972000003    
       19384  -5.90387774       1.40080786      0.972000003    
       19386  -5.89497232       1.30337441      0.972000003    
       19388  -5.73496103       1.86970043      0.972000003    
       19390  -5.95262146      0.742051065      0.972000003    
       19392  -5.98483229      0.546413004      0.972000003    
       19394  -5.94301128      0.764153183      0.972000003    
       19396  -5.77605915       1.61598849      0.972000003    
       19398  -5.75160646       1.96029556      0.972000003    
       19400  -5.76140976       2.09069324      0.972000003    
       19402  -5.68563128       2.43434834      0.972000003    
       19404  -5.64707327       2.74339437      0.972000003    
       19406  -5.68970728       2.48939013      0.972000003    
       19408  -5.82102728       1.62891543      0.972000003    
       19410  -5.80524683       1.64919508      0.972000003    
       19412  -5.82393265       1.51159656      0.972000003    
       19414  -5.83286905       1.51194453      0.972000003    
       19416  -5.81624937       1.66665781      0.972000003    
       19418  -5.94674492      0.859601498      0.972000003    
       19420  -5.61430454       2.68250012      0.972000003    
       19422  -5.78937292       1.84228504      0.972000003    
       19424  -5.81967783       1.64467764      0.972000003    
       19426  -5.70651770       2.15988159      0.972000003    
       19428  -5.82602787       1.71580791      0.972000003    
       19430  -5.77785492       1.96367145      0.972000003    
       19432  -5.70883274       2.34701967      0.972000003    
       19434  -5.69488430       2.34960175      0.972000003    
       19436  -5.71996403       2.14577246      0.972000003    
       19438  -5.69577217       2.25300622      0.972000003    
       19440  -5.74043989       2.11519957      0.972000003    
       19442  -5.73724127       1.94128716      0.972000003    
       19444  -5.78133106       1.92045987      0.972000003    
       19446  -5.73854494       1.87762702      0.972000003    
       19448  -5.67678499       2.13030457      0.972000003    
       19450  -5.77871227       1.40622032      0.972000003    
       19452  -5.71785736       1.65245759      0.972000003    
       19454  -5.69416142       2.16298842      0.972000003    
       19456  -5.58704567       2.59748435      0.972000003    
       19458  -5.69302511       2.35681558      0.972000003    
       19460  -5.69898748       2.45194864      0.972000003    
       19462  -5.80233240       1.83044422      0.972000003    
       19464  -5.81494236       1.92132020      0.972000003    
       19466  -5.77707767       2.02761936      0.972000003    
       19468  -5.62420225       2.91615486      0.972000003    
       19470  -5.64934349       2.59661722      0.972000003    
       19472  -5.65319967       2.73383522      0.972000003    
       19474  -5.77324820       2.18405771      0.972000003    
       19476  -5.74089956       2.50455928      0.972000003    
       19478  -5.62510252       3.14429259      0.972000003    
       19480  -5.66255236       2.87384820      0.972000003    
       19482  -5.69196939       2.91516042      0.972000003    
       19484  -5.68371010       2.65547776      0.972000003    
       19486  -5.73728752       2.20173955      0.972000003    
       19488  -5.78819466       1.75312781      0.972000003    
       19490  -5.81016827       1.63191772      0.972000003    
       19492  -5.90419817       1.33485126      0.972000003    
       19494  -5.83708858       2.00695944      0.972000003    
       19496  -5.87901688       1.46162033      0.972000003    
       19498  -5.91261339       1.13806498      0.972000003    
       19500  -5.91211653       1.13316655      0.972000003    
       19502  -5.85800934       1.22529733      0.972000003    
       19504  -5.90153456      0.745871723      0.972000003    
       19506  -5.76020098       1.43075633      0.972000003    
       19508  -5.81831884       1.15774846      0.972000003    
       19510  -5.90560246      0.512213886      0.972000003    
       19512  -5.75076246       1.66055906      0.972000003    
       19514  -5.75801039       1.96658146      0.984000027    
       19516  -5.61525393       2.68090081      0.984000027    
       19518  -5.74464178       2.02550483      0.984000027    
       19520  -5.66539001       2.49341178      0.984000027    
       19522  -5.73205757       2.09286380      0.984000027    
       19524  -5.76471329       2.39158654      0.984000027    
       19526  -5.70471048       2.65843105      0.984000027    
       19528  -5.68303394       2.88117814      0.984000027    
       19530  -5.68398619       2.95262313      0.984000027    
       19532  -5.67664099       2.94206953      0.984000027    
       19534  -5.75688362       2.60266590      0.984000027    
       19536  -5.83263826       2.34473753      0.984000027    
       19538  -5.81509686       2.61790776      0.984000027    
       19540  -5.71620703       3.07470894      0.984000027    
       19542  -5.73761702       2.81642938      0.984000027    
       19544  -5.67356825       3.23837948      0.984000027    
       19546  -5.62095261       3.51132965      0.984000027    
       19548  -5.72263241       3.29795694      0.984000027    
       19550  -5.72458220       3.12683368      0.984000027    
       19552  -5.74359703       2.91295862      0.984000027    
       19554  -5.72710133       2.88069773      0.984000027    
       19556  -5.77071476       2.73668075      0.984000027    
       19558  -5.81728029       2.40196228      0.984000027    
       19560  -5.79972935       2.73714089      0.984000027    
       19562  -5.72947407       3.10664034      0.984000027    
       19564  -5.88162994       2.28817987      0.984000027    
       19566  -5.79259825       2.76433730      0.984000027    
       19568  -5.88047218       2.22351623      0.984000027    
       19570  -5.87235117       2.16716409      0.984000027    
       19572  -5.88120317       2.39125609      0.984000027    
       19574  -5.82122183       2.35718989      0.984000027    
       19576  -5.74026155       2.91498804      0.984000027    
       19578  -5.68529654       3.40104890      0.984000027    
       19580  -5.55135489       4.15762568      0.984000027    
       19582  -5.74269629       2.80903387      0.984000027    
       19584  -5.71579504       2.98725057      0.984000027    
       19586  -5.75834799       2.87297535      0.984000027    
       19588  -5.63113880       3.53373837      0.984000027    
       19590  -5.75376797       2.87754989      0.984000027    
       19592  -5.81041098       2.36278725      0.984000027    
       19594  -5.79654074       2.70352674      0.984000027    
       19596  -5.76595068       3.21790791      0.984000027    
       19598  -5.83548403       2.74737263      0.984000027    
       19600  -5.87931728       2.30453038      0.984000027    
       19602  -5.89234400       2.10466456      0.984000027    
       19604  -5.86109352       2.21885443      0.984000027    
       19606  -5.81862450       2.58024526      0.984000027    
       19608  -5.73130512       3.21431208      0.984000027    
       19610  -5.76001835       2.91262412      0.984000027    
       19612  -5.80401945       2.66976929      0.984000027    
       19614  -5.82209969       2.37869072      0.984000027    
       19616  -5.77389336       2.34205365      0.984000027    
       19618  -5.75700521       2.49137092      0.984000027    
       19620  -5.66485786       2.85135508      0.984000027    
       19622  -5.66036701       3.10333920      0.984000027    
       19624  -5.61842108       3.46616435      0.984000027    
       19626  -5.74897623       2.90996671      0.984000027    
       19628  -5.90860271       1.96866691      0.984000027    
       19630  -5.71002913       3.23211026      0.995999992    
       19632  -5.82108355       2.83686447      0.995999992    
       19634  -5.85586548       2.49384117      0.995999992    
       19636  -5.78258419       2.81332111      0.995999992    
       19638  -5.74254274       3.00133038      0.995999992    
       19640  -5.83974552       2.42954326      0.995999992    
       19642  -5.85733271       2.51539993      0.995999992    
       19644  -5.80580330       2.59034371      0.995999992    
       19646  -5.78116179       2.78771067      0.995999992    
       19648  -5.81081772       2.62237763      0.995999992    
       19650  -5.71077728       3.17498636      0.995999992    
       19652  -5.69785309       3.38517499      0.995999992    
       19654  -5.75422430       3.18849277      0.995999992    
       19656  -5.92982578       2.46165967      0.995999992    
       19658  -5.85524416       2.90692782      0.995999992    
       19660  -5.69061422       3.77664280      0.995999992    
       19662  -5.64207077       4.02768660      0.995999992    
       19664  -5.64226627       3.86213994      0.995999992    
       19666  -5.62204647       3.94179964      0.995999992    
       19668  -5.71415710       3.57442594      0.995999992    
       19670  -5.57786322       4.21949100      0.995999992    
       19672  -5.50403118       4.64872122      0.995999992    
       19674  -5.66419029       3.83054399      0.995999992    
       19676  -5.65290308       3.98951602      0.995999992    
       19678  -5.63064241       3.98545671      0.995999992    
       19680  -5.72856712       3.63363528      0.995999992    
       19682  -5.63202810       4.28792477      0.995999992    
       19684  -5.77308035       3.54605007      0.995999992    
       19686  -5.77280569       3.43721008      0.995999992    
       19688  -5.70437431       3.91391301      0.995999992    
       19690  -5.63204622       4.29239893      0.995999992    
       19692  -5.68700123       3.93508840      0.995999992    
       19694  -5.71066141       3.83625865      0.995999992    
       19696  -5.70407391       3.64368081      0.995999992    
       19698  -5.68062449       3.81872368      0.995999992    
       19700  -5.61786699       4.07833576      0.995999992    
       19702  -5.60597515       4.00454998      0.995999992    
       19704  -5.41582727       4.95545435      0.995999992    
       19706  -5.55619526       4.45190287      0.995999992    
       19708  -5.62493038       4.19676638      0.995999992    
       19710  -5.55934191       4.48976469      0.995999992    
       19712  -5.81292772       2.98681283      0.995999992    
       19714  -5.81106615       3.06903458      0.995999992    
       19716  -5.81948614       3.28093624      0.995999992    
       19718  -5.73441553       3.59178090      0.995999992    
       19720  -5.86499929       2.57950687      0.995999992    
       19722  -5.90654469       2.16940475      0.995999992    
       19724  -5.66022348       3.44722199      0.995999992    
       19726  -5.58028173       4.08370113      0.995999992    
       19728  -5.76968145       3.25922322      0.995999992    
       19730  -5.68200254       3.58858418      0.995999992    
       19732  -5.61127615       3.80293369      0.995999992    
       19734  -5.55497837       4.19965696      0.995999992    
       19736  -5.70172167       3.46244979      0.995999992    
       19738  -5.75711775       3.03986859      0.995999992    
       19740  -5.74473429       3.03226781      0.995999992    
       19742  -5.78936911       3.00614357      0.995999992    
       19744  -5.67265224       3.55951738      0.995999992    
       19746  -5.62138700       3.66852188      0.995999992    
       19748  -5.68890238       3.41882253      0.995999992    
       19750  -5.62643671       3.73363662      0.995999992    
       19752  -5.55445337       4.19832802      0.995999992    
       19754  -5.78301811       2.96599078      0.995999992    
       19756  -5.72341299       3.43300986      0.995999992    
       19758  -5.62939644       3.77876043      0.995999992    
       19760  -5.50978899       4.32119274      0.995999992    
       19762  -5.57738829       3.93475103      0.995999992    
       19764  -5.50170612       4.28530502      0.995999992    
       19766  -5.54788780       4.15925837      0.995999992    
       19768  -5.49683666       4.36223936      0.995999992    
       19770  -5.56152105       4.00697899      0.995999992    
       19772  -5.62742901       3.52099109      0.995999992    
       19774  -5.63081980       3.69163132      0.995999992    
       19776  -5.61873102       3.78875160      0.995999992    
       19778  -5.64091015       3.70410728      0.995999992    
       19780  -5.74869204       3.15618730      0.995999992    
       19782  -5.80416918       2.64622760      0.995999992    
       19784  -5.95692635       1.77428329      0.995999992    
       19786  -5.86072588       2.22402024      0.995999992    
       19788  -5.75835371       2.61391521      0.995999992    
       19790  -5.67730427       3.10433698      0.995999992    
       19792  -5.70998001       2.63134480      0.995999992    
       19794  -5.74280357       2.65438271      0.995999992    
       19796  -5.73273993       2.84930062      0.995999992    
       19798  -5.88338327       1.91868126      0.995999992    
       19800  -5.83594179       2.54367828      0.995999992    
       19802  -5.62790680       3.29051971      0.995999992    
       19804  -5.66732264       3.15494680      0.995999992    
       19806  -5.75243998       2.70070386      0.995999992    
       19808  -5.79572153       2.32186341      0.995999992    
       19810  -5.92622423       1.59142864      0.995999992    
       19812  -5.84578657       2.05511713      0.995999992    
       19814  -5.79666710       2.61391854      0.995999992    
       19816  -5.84380865       2.49195242      0.995999992    
       19818  -5.86539888       2.33660173      0.995999992    
       19820  -5.90084124       2.16009235      0.995999992    
       19822  -5.88564634       2.30677819      0.995999992    
       19824  -5.78017235       2.72155094      0.995999992    
       19826  -5.85679197       2.38459611      0.995999992    
       19828  -5.89601851       1.78826785      0.995999992    
       19830  -5.69766951       3.13689852      0.995999992    
       19832  -5.83646536       2.47809362      0.995999992    
       19834  -5.80511904       3.02615237      0.995999992    
       19836  -5.76066303       3.42527437      0.995999992    
       19838  -5.75601339       3.35116816      0.995999992    
       19840  -5.80610847       2.80256510      0.995999992    
       19842  -5.90426397       2.29277468      0.995999992    
       19844  -5.86529589       2.31548691      0.995999992    
       19846  -5.80002403       2.64595199      0.995999992    
       19848  -5.74417400       3.11229563      0.995999992    
       19850  -5.64667320       3.68031621      0.995999992    
       19852  -5.86850739       2.43023777      0.995999992    
       19854  -5.82563829       2.58631730      0.995999992    
       19856  -5.68996096       3.41798639      0.995999992    
       19858  -5.68447447       3.62943339      0.995999992    
       19860  -5.67644024       3.83470321      0.995999992    
       19862  -5.57790852       4.04427385      0.995999992    
       19864  -5.69022703       3.56578708      0.995999992    
       19866  -5.72405243       3.15515566      0.995999992    
       19868  -5.71713448       3.30912423      0.995999992    
       19870  -5.79751730       3.26422238      0.995999992    
       19872  -5.66621447       3.85128546      0.995999992    
       19874  -5.77927685       3.41141009      0.995999992    
       19876  -5.72183180       3.71123338      0.995999992    
       19878  -5.61227369       4.00465488      0.995999992    
       19880  -5.54224825       4.19963694      0.995999992    
       19882  -5.66843605       3.60513830      0.995999992    
       19884  -5.77863073       2.94600296      0.995999992    
       19886  -5.64659691       3.76073861      0.995999992    
       19888  -5.59737921       3.94416904      0.995999992    
       19890  -5.67448092       3.55820251      0.995999992    
       19892  -5.79870939       2.97837162      0.995999992    
       19894  -5.78831387       3.15177798      0.995999992    
       19896  -5.79377794       2.88592052      0.995999992    
       19898  -5.80635166       2.72748756      0.995999992    
       19900  -5.75074053       2.77530718      0.995999992    
       19902  -5.76011276       2.66396427      0.995999992    
       19904  -5.71760941       2.84961510      0.995999992    
       19906  -5.74108648       2.83006477      0.995999992    
       19908  -5.82007360       2.62936735      0.995999992    
       19910  -5.80919743       2.71067357      0.995999992    
       19912  -5.89762497       1.87247527      0.995999992    
       19914  -5.81867695       2.48486638       1.00800002    
       19916  -5.77247381       2.67356896       1.00800002    
       19918  -5.79233170       2.37484503       1.00800002    
       19920  -5.79450369       2.36220455       1.00800002    
       19922  -5.81824160       2.53206730       1.00800002    
       19924  -5.82863092       2.67243958       1.00800002    
       19926  -5.69510031       3.36437535       1.00800002    
       19928  -5.65832806       3.36819863      0.995999992    
       19930  -5.72351170       2.93486667      0.995999992    
       19932  -5.61974955       3.62682700      0.995999992    
       19934  -5.48682547       4.47184801      0.995999992    
       19936  -5.48575878       4.30166626      0.995999992    
       19938  -5.56288338       3.52206278      0.995999992    
       19940  -5.54639244       3.96984100      0.995999992    
       19942  -5.51106453       4.30017519      0.995999992    
       19944  -5.42504168       5.05985260       1.00800002    
       19946  -5.52893305       4.46880722       1.00800002    
       19948  -5.70433092       3.29310799       1.00800002    
       19950  -5.65662193       3.51554465       1.00800002    
       19952  -5.80393553       2.67026615       1.00800002    
       19954  -5.73619843       2.96088934       1.00800002    
       19956  -5.71892452       3.12832928       1.00800002    
       19958  -5.67339516       3.37311125       1.00800002    
       19960  -5.76698160       2.78033495       1.00800002    
       19962  -5.77736378       2.75275302       1.00800002    
       19964  -5.76917267       2.60610223       1.00800002    
       19966  -5.78100109       2.63573098       1.00800002    
       19968  -5.57840204       3.53941035       1.00800002    
       19970  -5.65052938       3.21721172       1.00800002    
       19972  -5.75698423       2.98965025       1.00800002    
       19974  -5.61916733       3.86619592       1.00800002    
       19976  -5.61771345       3.79407644       1.00800002    
       19978  -5.73674011       3.19577670       1.00800002    
       19980  -5.71646357       3.52537704       1.00800002    
       19982  -5.70884895       3.33210015       1.00800002    
       19984  -5.71299219       3.42947316       1.00800002    
       19986  -5.64869547       3.70162249       1.00800002    
       19988  -5.46825027       4.75292253       1.00800002    
       19990  -5.64139128       3.68211961       1.00800002    
       19992  -5.72043514       3.29664874       1.00800002    
       19994  -5.59316540       3.51051259       1.00800002    
       19996  -5.56632042       3.91738129       1.00800002    
       19998  -5.69467306       3.23581624       1.00800002    
       20000  -5.64191532       3.32579398       1.00800002    
