           2  -5.38079882      0.692604721      0.875999987    
           4  -5.30667830       1.11584604      0.875999987    
           6  -5.39254522      0.875959098      0.875999987    
           8  -5.37959146      0.690054238      0.875999987    
          10  -5.33574104      0.946351945      0.875999987    
          12  -5.39874697      0.629982233      0.875999987    
          14  -5.25474739       1.26199603      0.875999987    
          16  -5.14286089       1.96621680      0.875999987    
          18  -5.15382195       1.95901501      0.875999987    
          20  -5.16614628       1.71675384      0.875999987    
          22  -5.12682676       1.78758562      0.875999987    
          24  -5.24093533       1.29196036      0.888000011    
          26  -5.27954388       1.02625346      0.888000011    
          28  -5.21131563       1.29469359      0.888000011    
          30  -5.33574677      0.807611167      0.888000011    
          32  -5.30683231      0.974224329      0.888000011    
          34  -5.41038942      0.412848502      0.888000011    
          36  -5.33994293      0.805367947      0.888000011    
          38  -5.30907965      0.996880591      0.888000011    
          40  -5.26772499       1.31038165      0.888000011    
          42  -5.21321106       1.76322627      0.888000011    
          44  -5.15386438       2.09961009      0.888000011    
          46  -5.19466448       1.83500564      0.888000011    
          48  -5.26102495       1.48260963      0.888000011    
          50  -5.40609121      0.814437389      0.888000011    
          52  -5.31931973      0.973408937      0.888000011    
          54  -5.45162725      0.235482633      0.888000011    
          56  -5.37959337      0.738715887      0.888000011    
          58  -5.39291811      0.944999158      0.888000011    
          60  -5.29499722       1.72167826      0.888000011    
          62  -5.34428406       1.32094908      0.888000011    
          64  -5.33611727       1.25584316      0.888000011    
          66  -5.38189554      0.852447987      0.888000011    
          68  -5.29954004       1.44956410      0.888000011    
          70  -5.36213636      0.965073347      0.888000011    
          72  -5.30954742       1.62753081      0.888000011    
          74  -5.33645868       1.46284974      0.888000011    
          76  -5.30850601       1.72499204      0.888000011    
          78  -5.33314466       1.73875809      0.888000011    
          80  -5.28591204       1.93803191      0.888000011    
          82  -5.28362131       1.31814194      0.888000011    
          84  -5.36733580       1.09779477      0.888000011    
          86  -5.42012835       1.12103939      0.888000011    
          88  -5.46895742      0.860685289      0.888000011    
          90  -5.41706276       1.00780165      0.888000011    
          92  -5.48153210      0.515138924      0.888000011    
          94  -5.52847910      0.601766825      0.888000011    
          96  -5.45658016      0.801760018      0.888000011    
          98  -5.52026653      0.797439635      0.888000011    
         100  -5.49338102      0.885429323      0.888000011    
         102  -5.46830273      0.701550007      0.888000011    
         104  -5.50429773      0.325160682      0.888000011    
         106  -5.52937555      0.545751631      0.888000011    
         108  -5.46959972      0.819945693      0.888000011    
         110  -5.25852919       1.83093023      0.888000011    
         112  -5.47057390      0.910046816      0.888000011    
         114  -5.49842644      0.313020110      0.888000011    
         116  -5.34926128       1.20859897      0.888000011    
         118  -5.41810942      0.893697262      0.888000011    
         120  -5.44474745      0.489851922      0.888000011    
         122  -5.45161390      0.228896484      0.888000011    
         124  -5.52986336      -3.80012318E-02  0.888000011    
         126  -5.46507359       8.03239718E-02  0.888000011    
         128  -5.56000328     -0.407842547      0.888000011    
         130  -5.41811514      0.517203391      0.888000011    
         132  -5.42573977      0.547870517      0.888000011    
         134  -5.53689623     -0.317854553      0.888000011    
         136  -5.48801804      -4.06152196E-03  0.888000011    
         138  -5.55717182     -0.494360983      0.888000011    
         140  -5.53514051     -0.331198037      0.888000011    
         142  -5.35714245      0.399316907      0.888000011    
         144  -5.42115974      0.363030255      0.888000011    
         146  -5.35743284      0.740931213      0.888000011    
         148  -5.30824423      0.843434632      0.888000011    
         150  -5.37677145      0.476207674      0.888000011    
         152  -5.50290680     -0.163859740      0.888000011    
         154  -5.40565205      0.230095580      0.888000011    
         156  -5.50273418     -0.314752609      0.888000011    
         158  -5.52314711     -0.150830537      0.888000011    
         160  -5.56899977     -0.387469977      0.888000011    
         162  -5.43386364      0.601944745      0.888000011    
         164  -5.32876444       1.37507784      0.888000011    
         166  -5.36468363       1.08734488      0.888000011    
         168  -5.55005789      0.240592539      0.888000011    
         170  -5.47589731      0.346862108      0.888000011    
         172  -5.47599983      0.264132023      0.888000011    
         174  -5.49047327      0.442372292      0.888000011    
         176  -5.49577093      0.140121326      0.888000011    
         178  -5.32456112      0.909702480      0.888000011    
         180  -5.31529999       1.26559532      0.888000011    
         182  -5.29606628       1.43933082      0.888000011    
         184  -5.43261051      0.971791863      0.888000011    
         186  -5.33715963       1.50920296      0.888000011    
         188  -5.37706089       1.39724672      0.888000011    
         190  -5.32883978       1.62038314      0.888000011    
         192  -5.28153992       1.77767956      0.888000011    
         194  -5.31733513       1.77986598      0.888000011    
         196  -5.35245180       1.51076686      0.888000011    
         198  -5.43427849       1.34612000      0.888000011    
         200  -5.30227280       1.89597619      0.888000011    
         202  -5.26599789       2.44105530      0.899999976    
         204  -5.42194223       1.89874148      0.899999976    
         206  -5.53144646       1.09901941      0.899999976    
         208  -5.42627621       1.22226989      0.899999976    
         210  -5.39413309       1.34716439      0.899999976    
         212  -5.44282627      0.797105610      0.899999976    
         214  -5.30510807       1.55772436      0.899999976    
         216  -5.44579363      0.854059756      0.899999976    
         218  -5.47209406      0.914704859      0.899999976    
         220  -5.45931625      0.844725013      0.899999976    
         222  -5.40669727       1.23709249      0.899999976    
         224  -5.52237511      0.636745274      0.899999976    
         226  -5.42199993       1.23925245      0.899999976    
         228  -5.51990747      0.747507155      0.899999976    
         230  -5.54016733       1.12937105      0.899999976    
         232  -5.68317699      0.745314479      0.899999976    
         234  -5.61873579      0.925901055      0.899999976    
         236  -5.33678961       1.95381320      0.899999976    
         238  -5.41041040       1.69468832      0.899999976    
         240  -5.50601912      0.914600909      0.899999976    
         242  -5.52737093      0.564204514      0.899999976    
         244  -5.52284575      0.801648378      0.899999976    
         246  -5.61607742      0.390044123      0.899999976    
         248  -5.63390350      0.437927991      0.899999976    
         250  -5.47926903       1.32274079      0.899999976    
         252  -5.53996658      0.923372328      0.899999976    
         254  -5.73038721     -0.171765894      0.899999976    
         256  -5.57338333      0.623994291      0.899999976    
         258  -5.63837051      0.134213030      0.899999976    
         260  -5.49548197      0.815700889      0.899999976    
         262  -5.49616814      0.472291797      0.899999976    
         264  -5.33854389       1.23864508      0.899999976    
         266  -5.38188601       1.17960000      0.899999976    
         268  -5.59017944      0.489197701      0.899999976    
         270  -5.57319117      0.250311732      0.899999976    
         272  -5.57069969      0.522898793      0.899999976    
         274  -5.46504545       1.25595701      0.899999976    
         276  -5.48778057       1.02486920      0.899999976    
         278  -5.55746078      0.430821747      0.899999976    
         280  -5.56914043      0.298190653      0.899999976    
         282  -5.63656282       2.99527943E-02  0.899999976    
         284  -5.47762394      0.862007916      0.899999976    
         286  -5.51318741      0.445046037      0.899999976    
         288  -5.58909941      0.193602517      0.899999976    
         290  -5.52365589      0.543539643      0.899999976    
         292  -5.55668306      0.633001208      0.899999976    
         294  -5.43445396       1.33729219      0.899999976    
         296  -5.44983530       1.27173412      0.899999976    
         298  -5.54118204      0.974357188      0.899999976    
         300  -5.58750486      0.612542093      0.899999976    
         302  -5.63028908      0.393302917      0.899999976    
         304  -5.55468559       1.02035964      0.899999976    
         306  -5.51068878       1.26768541      0.899999976    
         308  -5.45329237       1.33149230      0.899999976    
         310  -5.39419985       1.85153258      0.899999976    
         312  -5.42632341       1.74863172      0.899999976    
         314  -5.54172468       1.27809620      0.899999976    
         316  -5.44310951       1.62728858      0.899999976    
         318  -5.52074194       1.15399659      0.899999976    
         320  -5.40306711       1.66453135      0.899999976    
         322  -5.44182301       1.12918770      0.899999976    
         324  -5.44456244      0.941193640      0.899999976    
         326  -5.32791758       1.16124737      0.899999976    
         328  -5.42005634      0.679395974      0.899999976    
         330  -5.44726944      0.615918517      0.899999976    
         332  -5.38505554       1.02808678      0.899999976    
         334  -5.22139454       1.91579330      0.899999976    
         336  -5.46561050      0.804932356      0.899999976    
         338  -5.55645037      0.375773907      0.899999976    
         340  -5.49345970      0.693402112      0.899999976    
         342  -5.37173843       1.22462058      0.899999976    
         344  -5.46675158      0.642549098      0.899999976    
         346  -5.53736877      0.433373392      0.899999976    
         348  -5.58134604       4.33163680E-02  0.899999976    
         350  -5.49756145      0.446933568      0.899999976    
         352  -5.43764400      0.630076349      0.899999976    
         354  -5.48781967      0.668240011      0.899999976    
         356  -5.39726591       1.15150523      0.899999976    
         358  -5.43731976      0.680160522      0.899999976    
         360  -5.37128401      0.866190135      0.899999976    
         362  -5.46487617      0.536980450      0.899999976    
         364  -5.45886993      0.443139285      0.899999976    
         366  -5.39763021       1.06807423      0.899999976    
         368  -5.47469425      0.527537942      0.899999976    
         370  -5.43018341      0.824704170      0.899999976    
         372  -5.42133093       1.01063621      0.899999976    
         374  -5.30542803       1.57162356      0.899999976    
         376  -5.34751940       1.46926785      0.899999976    
         378  -5.43737745      0.769881427      0.899999976    
         380  -5.45950174      0.483032078      0.899999976    
         382  -5.50015354      0.211235330      0.899999976    
         384  -5.36386681      0.936046302      0.899999976    
         386  -5.44758892      0.107835144      0.899999976    
         388  -5.42504454      0.315881014      0.899999976    
         390  -5.47240114      0.248434976      0.899999976    
         392  -5.40484428      0.393873304      0.899999976    
         394  -5.39937496      0.605906785      0.899999976    
         396  -5.39548349      0.503288031      0.899999976    
         398  -5.31450891      0.962074935      0.899999976    
         400  -5.22315788       1.43389678      0.899999976    
         402  -5.35823011      0.614391923      0.899999976    
         404  -5.42589521      0.621974170      0.899999976    
         406  -5.51730251      0.180862725      0.899999976    
         408  -5.54311371      0.167784095      0.899999976    
         410  -5.46688604      0.439422965      0.899999976    
         412  -5.56313372       1.00141130E-02  0.899999976    
         414  -5.51152945      0.271700859      0.899999976    
         416  -5.52909756      0.185412437      0.899999976    
         418  -5.43910408      0.521781623      0.899999976    
         420  -5.41617632      0.661923409      0.899999976    
         422  -5.39965296      0.837557316      0.899999976    
         424  -5.48846865      0.338451445      0.899999976    
         426  -5.56105518      0.149024963      0.899999976    
         428  -5.44689798      0.675689340      0.899999976    
         430  -5.48428059      0.468305141      0.899999976    
         432  -5.41427279      0.848217189      0.899999976    
         434  -5.40105677      0.937813342      0.899999976    
         436  -5.50226879      0.583609998      0.899999976    
         438  -5.50028706      0.660885632      0.899999976    
         440  -5.46190405      0.924329340      0.899999976    
         442  -5.54391861      0.643608510      0.899999976    
         444  -5.49583817      0.853598058      0.899999976    
         446  -5.40695715       1.16643977      0.899999976    
         448  -5.34809589       1.51306772      0.899999976    
         450  -5.45490170      0.878083885      0.899999976    
         452  -5.51074648      0.730812907      0.899999976    
         454  -5.54092169      0.288340896      0.899999976    
         456  -5.46840811      0.280106157      0.899999976    
         458  -5.32350540      0.863655865      0.899999976    
         460  -5.05286646       1.96999407      0.899999976    
         462  -5.15966558       1.45709610      0.899999976    
         464  -5.27969265       1.08896971      0.899999976    
         466  -5.27283716       1.03495657      0.899999976    
         468  -5.32255650       1.02726853      0.899999976    
         470  -5.34194136       1.00302672      0.899999976    
         472  -5.44026041      0.755350411      0.899999976    
         474  -5.52405310      0.208907187      0.899999976    
         476  -5.54840040       9.50394124E-02  0.899999976    
         478  -5.40411568      0.720505059      0.899999976    
         480  -5.25819683       1.24594152      0.899999976    
         482  -5.29427958       1.03431392      0.899999976    
         484  -5.25198793       1.40098190      0.899999976    
         486  -5.35367107      0.693826556      0.899999976    
         488  -5.43869495      0.585668504      0.899999976    
         490  -5.51727867      0.376569629      0.899999976    
         492  -5.56023550      0.234269157      0.899999976    
         494  -5.52790546      0.343886077      0.899999976    
         496  -5.41828632      0.880156934      0.899999976    
         498  -5.45402193      0.641759157      0.899999976    
         500  -5.35460615       1.35036504      0.899999976    
         502  -5.50337887      0.627674341      0.899999976    
         504  -5.45468044      0.714931726      0.899999976    
         506  -5.41614485      0.995798111      0.899999976    
         508  -5.48345137      0.552469015      0.899999976    
         510  -5.57164621       9.46240574E-02  0.899999976    
         512  -5.49463606      0.564141989      0.899999976    
         514  -5.51822615      0.473682940      0.899999976    
         516  -5.44863033      0.937469959      0.899999976    
         518  -5.62182808     -0.216666102      0.899999976    
         520  -5.48626995      0.371982485      0.899999976    
         522  -5.48522854      0.492791146      0.899999976    
         524  -5.40556622      0.987256348      0.899999976    
         526  -5.40866709      0.945989311      0.899999976    
         528  -5.45155716      0.541874409      0.899999976    
         530  -5.39729452      0.697058022      0.899999976    
         532  -5.39442444      0.858808339      0.899999976    
         534  -5.44213486      0.708684027      0.899999976    
         536  -5.44987345      0.822709799      0.899999976    
         538  -5.43810511       1.07995331      0.899999976    
         540  -5.42156410      0.827988088      0.899999976    
         542  -5.50717640      0.259428471      0.899999976    
         544  -5.46980715      0.821440279      0.899999976    
         546  -5.45794868       1.27389133      0.899999976    
         548  -5.33372307       1.91417265      0.899999976    
         550  -5.43524170       1.23832202      0.899999976    
         552  -5.54521751      0.763633490      0.899999976    
         554  -5.44610596       1.44836044      0.899999976    
         556  -5.43405628       1.60554445      0.899999976    
         558  -5.43142033       1.30978370      0.899999976    
         560  -5.41194010       1.54195297      0.899999976    
         562  -5.32191420       2.00061464      0.899999976    
         564  -5.24203587       2.40296912      0.899999976    
         566  -5.35368252       1.71098316      0.899999976    
         568  -5.43186617       1.52663398      0.899999976    
         570  -5.44376135       1.43745685      0.899999976    
         572  -5.53382492      0.806644857      0.899999976    
         574  -5.54634809      0.757725894      0.899999976    
         576  -5.55015850      0.610400021      0.899999976    
         578  -5.36213732       1.31501365      0.899999976    
         580  -5.46175337      0.741240203      0.899999976    
         582  -5.40132904       1.21261978      0.899999976    
         584  -5.42567348       1.58047581      0.899999976    
         586  -5.46753073       1.00466573      0.899999976    
         588  -5.30222416       1.51868558      0.899999976    
         590  -5.31261683       1.47980237      0.899999976    
         592  -5.40437746       1.09662759      0.899999976    
         594  -5.32696629       1.37271035      0.899999976    
         596  -5.35476971       1.29818034      0.899999976    
         598  -5.48900986      0.841211081      0.899999976    
         600  -5.27946520       1.70300913      0.899999976    
         602  -5.28969383       1.51577675      0.899999976    
         604  -5.34559727       1.25840342      0.899999976    
         606  -5.45810604      0.877918899      0.899999976    
         608  -5.48665094      0.728122532      0.899999976    
         610  -5.46840143      0.457730591      0.899999976    
         612  -5.51740408      0.429369837      0.899999976    
         614  -5.53599977       6.87980978E-03  0.899999976    
         616  -5.57436752     -0.265918136      0.899999976    
         618  -5.54599762       7.65395015E-02  0.899999976    
         620  -5.57167625     -0.280885428      0.899999976    
         622  -5.45911789      -2.14973651E-02  0.899999976    
         624  -5.42062044      0.340387076      0.899999976    
         626  -5.47336197      0.314319611      0.899999976    
         628  -5.50622940      0.406875700      0.899999976    
         630  -5.37547064       1.21809316      0.899999976    
         632  -5.32837534       1.53918564      0.899999976    
         634  -5.33292437       1.33574450      0.899999976    
         636  -5.35743999       1.40715861      0.899999976    
         638  -5.30031729       1.49774933      0.899999976    
         640  -5.41246080      0.725594044      0.899999976    
         642  -5.45923376      0.481251061      0.899999976    
         644  -5.41355324      0.496772707      0.899999976    
         646  -5.40346909      0.688800931      0.899999976    
         648  -5.49331379      0.474216223      0.899999976    
         650  -5.39322758      0.889323056      0.899999976    
         652  -5.34413815       1.13541830      0.899999976    
         654  -5.49311256      0.297597647      0.899999976    
         656  -5.43571949      0.633891881      0.899999976    
         658  -5.43128777      0.986988842      0.899999976    
         660  -5.35949898       1.31861174      0.899999976    
         662  -5.32330179       1.54891860      0.899999976    
         664  -5.46974611      0.729512990      0.899999976    
         666  -5.52644205      0.528713048      0.899999976    
         668  -5.53137207      0.603704214      0.899999976    
         670  -5.41513777      0.787627876      0.899999976    
         672  -5.31948900       1.42023194      0.899999976    
         674  -5.28600979       1.73952663      0.899999976    
         676  -5.25604630       1.74554265      0.899999976    
         678  -5.25460052       1.88381457      0.899999976    
         680  -5.24975729       1.43584394      0.899999976    
         682  -5.22914505       1.56153560      0.899999976    
         684  -5.30375671       1.23929274      0.899999976    
         686  -5.19492531       1.91555655      0.899999976    
         688  -5.39240932      0.909956574      0.899999976    
         690  -5.38698435       1.05955255      0.899999976    
         692  -5.41705751       1.08628094      0.899999976    
         694  -5.40755844       1.18350148      0.899999976    
         696  -5.45334053      0.917651296      0.899999976    
         698  -5.32203484       1.56647122      0.899999976    
         700  -5.31873369       1.57669449      0.899999976    
         702  -5.34693193       1.31405270      0.899999976    
         704  -5.39630985       1.29936349      0.899999976    
         706  -5.49133873      0.863499880      0.899999976    
         708  -5.48598194      0.957174182      0.899999976    
         710  -5.45747232       1.25724387      0.912000000    
         712  -5.47834873      0.979132950      0.912000000    
         714  -5.53433514      0.886462808      0.912000000    
         716  -5.39948320       1.55460978      0.912000000    
         718  -5.40690279       1.66525006      0.912000000    
         720  -5.47807312      0.983121932      0.912000000    
         722  -5.57747364      0.465496957      0.912000000    
         724  -5.44113588       1.08270931      0.912000000    
         726  -5.39291239       1.60382366      0.912000000    
         728  -5.42480183       1.62826908      0.912000000    
         730  -5.57085705      0.945961058      0.912000000    
         732  -5.51323700       1.10635531      0.912000000    
         734  -5.34636021       2.10674500      0.912000000    
         736  -5.47688532       1.49583900      0.912000000    
         738  -5.44074202       1.58015776      0.912000000    
         740  -5.48133659       1.50198925      0.912000000    
         742  -5.44010067       1.51281333      0.912000000    
         744  -5.39900398       1.43677175      0.912000000    
         746  -5.49357033       1.11107373      0.912000000    
         748  -5.57758379      0.338976085      0.912000000    
         750  -5.45185137      0.933463454      0.912000000    
         752  -5.51024294      0.549939752      0.912000000    
         754  -5.34206295       1.71543550      0.912000000    
         756  -5.25692892       2.07736111      0.912000000    
         758  -5.50196505       1.08536398      0.912000000    
         760  -5.50914383      0.784596980      0.899999976    
         762  -5.61001635      0.321283907      0.899999976    
         764  -5.56083107      0.590232074      0.899999976    
         766  -5.46785212       1.14844930      0.899999976    
         768  -5.41882610       1.42829204      0.899999976    
         770  -5.53420162      0.826906264      0.899999976    
         772  -5.52929640       1.03554511      0.899999976    
         774  -5.59640789      0.678125501      0.899999976    
         776  -5.67688942      0.342980176      0.899999976    
         778  -5.64546490      0.387059480      0.899999976    
         780  -5.65405560      0.363440901      0.899999976    
         782  -5.55938911      0.725214362      0.899999976    
         784  -5.69049072     -0.145172819      0.899999976    
         786  -5.66872454     -0.359517753      0.899999976    
         788  -5.57629013      0.343699932      0.899999976    
         790  -5.54093838      0.632165730      0.899999976    
         792  -5.66617870       2.70803589E-02  0.899999976    
         794  -5.57691956      0.361908644      0.899999976    
         796  -5.47747755      0.890249372      0.899999976    
         798  -5.42096138      0.891985714      0.899999976    
         800  -5.41832018       1.02331316      0.899999976    
         802  -5.55231667      0.399392009      0.899999976    
         804  -5.49801350      0.976143479      0.899999976    
         806  -5.54982901      0.681378186      0.899999976    
         808  -5.52763319      0.903711081      0.899999976    
         810  -5.54204416      0.601548731      0.899999976    
         812  -5.37103319       1.55136502      0.899999976    
         814  -5.46110201       1.03157628      0.899999976    
         816  -5.46718597      0.986217558      0.899999976    
         818  -5.42551756       1.31518531      0.899999976    
         820  -5.38627529       1.44814312      0.899999976    
         822  -5.49937534       1.00220621      0.912000000    
         824  -5.48437929       1.04397988      0.912000000    
         826  -5.39669895       1.51144218      0.912000000    
         828  -5.52693367      0.646214902      0.912000000    
         830  -5.39141226       1.13787794      0.912000000    
         832  -5.36987638       1.43678463      0.912000000    
         834  -5.39635468       1.42223799      0.912000000    
         836  -5.37950420       1.48543036      0.912000000    
         838  -5.35995483       1.61062515      0.912000000    
         840  -5.34696484       1.56240225      0.912000000    
         842  -5.39796352       1.15018153      0.912000000    
         844  -5.39095259       1.16140068      0.912000000    
         846  -5.50239134      0.565113246      0.912000000    
         848  -5.48546124      0.701004267      0.912000000    
         850  -5.43548584      0.706400037      0.912000000    
         852  -5.39389801       1.02459764      0.912000000    
         854  -5.40450430      0.655442715      0.912000000    
         856  -5.44923830      0.592148900      0.912000000    
         858  -5.42158556      0.753389359      0.912000000    
         860  -5.48577690      0.755090535      0.912000000    
         862  -5.51580381      0.487161696      0.912000000    
         864  -5.56740046      0.380274147      0.912000000    
         866  -5.50338984      0.783976018      0.912000000    
         868  -5.39081097       1.18669474      0.912000000    
         870  -5.52133751      0.656726956      0.912000000    
         872  -5.52252865      0.589479029      0.912000000    
         874  -5.53295088      0.653935969      0.912000000    
         876  -5.48452473       1.31134999      0.912000000    
         878  -5.39415789       1.77802789      0.912000000    
         880  -5.45032978       1.69065022      0.912000000    
         882  -5.52039814       1.24357605      0.912000000    
         884  -5.46609163       1.50684214      0.912000000    
         886  -5.44890165       1.71410835      0.912000000    
         888  -5.45814180       1.32948422      0.912000000    
         890  -5.53561163      0.918103635      0.912000000    
         892  -5.41184092       1.48789883      0.912000000    
         894  -5.50661612       1.17039287      0.912000000    
         896  -5.53204584       1.28617525      0.912000000    
         898  -5.59893560      0.796264350      0.912000000    
         900  -5.51010418       1.26494634      0.912000000    
         902  -5.28049278       2.57849479      0.912000000    
         904  -5.35807800       1.95400178      0.912000000    
         906  -5.61926746      0.693664968      0.912000000    
         908  -5.60270309      0.643524408      0.912000000    
         910  -5.52184153       1.07032597      0.912000000    
         912  -5.58477020      0.845443249      0.912000000    
         914  -5.66839075      0.276713759      0.912000000    
         916  -5.44360352       1.66914558      0.912000000    
         918  -5.49546242       1.44116616      0.912000000    
         920  -5.49550581       1.25769579      0.912000000    
         922  -5.53037167      0.932476282      0.912000000    
         924  -5.57848024      0.721610248      0.912000000    
         926  -5.53037167      0.940141201      0.912000000    
         928  -5.46498537       1.22792375      0.912000000    
         930  -5.44150734       1.34319293      0.912000000    
         932  -5.40778542       1.53884017      0.912000000    
         934  -5.56742954      0.737261474      0.912000000    
         936  -5.52201033      0.975474060      0.912000000    
         938  -5.55366898      0.744380355      0.912000000    
         940  -5.60553122      0.391152799      0.912000000    
         942  -5.54420376      0.884586096      0.912000000    
         944  -5.61558914      0.294779718      0.912000000    
         946  -5.46737194       1.03790736      0.912000000    
         948  -5.43057156       1.41258264      0.912000000    
         950  -5.31551886       1.82919836      0.912000000    
         952  -5.34963226       1.53734660      0.912000000    
         954  -5.35656118       1.53989160      0.912000000    
         956  -5.46658659       1.10526597      0.912000000    
         958  -5.48435688       1.07217109      0.912000000    
         960  -5.45989037       1.28278124      0.912000000    
         962  -5.36951828       1.61692655      0.912000000    
         964  -5.50730896       1.27170098      0.912000000    
         966  -5.55268240      0.638242483      0.912000000    
         968  -5.60504484      0.609165668      0.912000000    
         970  -5.55187511      0.731964767      0.912000000    
         972  -5.48127270       1.09975231      0.912000000    
         974  -5.55127001      0.874900043      0.912000000    
         976  -5.42794991       1.66493380      0.912000000    
         978  -5.67386150      0.343507200      0.912000000    
         980  -5.56931496      0.974709809      0.912000000    
         982  -5.56604147      0.857375443      0.912000000    
         984  -5.51042032       1.14612949      0.924000025    
         986  -5.60414267      0.534534276      0.924000025    
         988  -5.53677225      0.958209455      0.924000025    
         990  -5.57334185      0.806204975      0.924000025    
         992  -5.59332895      0.935901761      0.912000000    
         994  -5.64334917      0.437050760      0.912000000    
         996  -5.72107363      0.118153624      0.912000000    
         998  -5.64953518      0.595408261      0.924000025    
        1000  -5.66103125      0.490046799      0.924000025    
        1002  -5.61166477      0.762585044      0.924000025    
        1004  -5.62007427      0.746004641      0.924000025    
        1006  -5.63163424      0.818840444      0.924000025    
        1008  -5.50370884       1.45653057      0.924000025    
        1010  -5.53577948       1.11206067      0.924000025    
        1012  -5.48942757       1.29584789      0.924000025    
        1014  -5.44129610       1.42410922      0.924000025    
        1016  -5.47071838       1.13407993      0.924000025    
        1018  -5.42299175       1.47062802      0.924000025    
        1020  -5.39747858       1.63229609      0.924000025    
        1022  -5.50145531       1.03099525      0.924000025    
        1024  -5.50275183      0.714496613      0.924000025    
        1026  -5.59727287      0.453428149      0.924000025    
        1028  -5.66005802      -2.28047348E-03  0.924000025    
        1030  -5.79068041     -0.511245489      0.924000025    
        1032  -5.55825758      0.404767305      0.924000025    
        1034  -5.49934387      0.744166017      0.924000025    
        1036  -5.49201345       1.16063070      0.924000025    
        1038  -5.53169441      0.766330481      0.924000025    
        1040  -5.53785515      0.728847563      0.924000025    
        1042  -5.45674324       1.20884287      0.924000025    
        1044  -5.42337942       1.26928592      0.924000025    
        1046  -5.48751497       1.03603315      0.924000025    
        1048  -5.62858677      0.385711789      0.924000025    
        1050  -5.49721003      0.926328182      0.924000025    
        1052  -5.43647671       1.14413583      0.924000025    
        1054  -5.44792080       1.21927905      0.924000025    
        1056  -5.54391289      0.530265570      0.924000025    
        1058  -5.53631544      0.409085095      0.924000025    
        1060  -5.43125153       1.34971595      0.924000025    
        1062  -5.40762138       1.38419402      0.924000025    
        1064  -5.39158154       1.42326391      0.924000025    
        1066  -5.43964720       1.17313862      0.924000025    
        1068  -5.35805511       1.46593201      0.924000025    
        1070  -5.31172705       1.79303730      0.924000025    
        1072  -5.36828566       1.36857510      0.924000025    
        1074  -5.48090982      0.922104895      0.924000025    
        1076  -5.45552111       1.00056148      0.924000025    
        1078  -5.35526419       1.32328379      0.924000025    
        1080  -5.41438150      0.976448596      0.924000025    
        1082  -5.51140404      0.710593283      0.924000025    
        1084  -5.37615919       1.16246164      0.924000025    
        1086  -5.28343058       1.83044851      0.924000025    
        1088  -5.42835188       1.05182981      0.924000025    
        1090  -5.52604914      0.715706944      0.924000025    
        1092  -5.49922943      0.836327136      0.924000025    
        1094  -5.48023558      0.735616863      0.924000025    
        1096  -5.53714371      0.702375352      0.924000025    
        1098  -5.56262922      0.603329659      0.924000025    
        1100  -5.43213320       1.22175562      0.924000025    
        1102  -5.41372728       1.34323776      0.924000025    
        1104  -5.31308937       1.97281194      0.924000025    
        1106  -5.38687897       1.44518495      0.924000025    
        1108  -5.49011564       1.20686460      0.924000025    
        1110  -5.47419405       1.20063102      0.924000025    
        1112  -5.53680229       1.04097009      0.924000025    
        1114  -5.50383663       1.17086208      0.924000025    
        1116  -5.42034054       1.57465196      0.924000025    
        1118  -5.61620808      0.334509194      0.924000025    
        1120  -5.64894962      0.348501712      0.924000025    
        1122  -5.67071581      0.491404921      0.924000025    
        1124  -5.66965342      0.432912797      0.924000025    
        1126  -5.64049768       1.03256392      0.924000025    
        1128  -5.58989763       1.30020452      0.924000025    
        1130  -5.49447107       1.41055524      0.924000025    
        1132  -5.64197302      0.491158336      0.924000025    
        1134  -5.66909933      0.165118903      0.924000025    
        1136  -5.68422699      0.391846329      0.924000025    
        1138  -5.70827818      0.268705398      0.924000025    
        1140  -5.64559746      0.751143515      0.924000025    
        1142  -5.69967127      0.266421586      0.924000025    
        1144  -5.55200338      0.764331162      0.924000025    
        1146  -5.58825350      0.909317851      0.924000025    
        1148  -5.54526424       1.59321415      0.924000025    
        1150  -5.47801447       1.74475884      0.924000025    
        1152  -5.61704350      0.943984687      0.924000025    
        1154  -5.55964041       1.35327744      0.924000025    
        1156  -5.51817560       1.28104889      0.924000025    
        1158  -5.53512478       1.25458622      0.924000025    
        1160  -5.68140078      0.832785726      0.924000025    
        1162  -5.67120743      0.586296082      0.924000025    
        1164  -5.70694447      0.588130355      0.924000025    
        1166  -5.70804262      0.571287990      0.924000025    
        1168  -5.73434639      0.184091717      0.924000025    
        1170  -5.70804310      0.208012581      0.924000025    
        1172  -5.70708942      0.454197407      0.924000025    
        1174  -5.66538239      0.560178697      0.924000025    
        1176  -5.63985729      0.794019818      0.924000025    
        1178  -5.50798750       1.40500128      0.924000025    
        1180  -5.40002489       2.01339650      0.924000025    
        1182  -5.24479055       2.77759624      0.924000025    
        1184  -5.49069071       1.59685421      0.924000025    
        1186  -5.56183815       1.58971822      0.924000025    
        1188  -5.53010845       1.46931827      0.924000025    
        1190  -5.63054609       1.12783122      0.924000025    
        1192  -5.68045282      0.681420207      0.924000025    
        1194  -5.61768389       1.09859979      0.924000025    
        1196  -5.58891153       1.32840717      0.924000025    
        1198  -5.58216953       1.26416361      0.924000025    
        1200  -5.55870295       1.17598045      0.924000025    
        1202  -5.53794336       1.06581891      0.924000025    
        1204  -5.44885874       1.54606891      0.924000025    
        1206  -5.36800718       1.27559543      0.912000000    
        1208  -5.39929771       1.31900346      0.912000000    
        1210  -5.42720175       1.23557830      0.912000000    
        1212  -5.24179411       2.18169951      0.912000000    
        1214  -5.27010107       2.05150604      0.912000000    
        1216  -5.41022205       1.33581984      0.912000000    
        1218  -5.56046486      0.700598061      0.912000000    
        1220  -5.54726601      0.597699881      0.912000000    
        1222  -5.46649981       1.07418215      0.912000000    
        1224  -5.51142883      0.968643129      0.912000000    
        1226  -5.30293179       1.96787107      0.912000000    
        1228  -5.27358103       2.20598221      0.912000000    
        1230  -5.45938206       1.24953556      0.912000000    
        1232  -5.20578241       2.62100267      0.912000000    
        1234  -5.30839539       2.33453894      0.912000000    
        1236  -5.28269243       2.27581668      0.912000000    
        1238  -5.29651117       2.23301315      0.912000000    
        1240  -5.27150774       2.25836444      0.912000000    
        1242  -5.29658842       2.14087510      0.912000000    
        1244  -5.23789120       2.55572224      0.912000000    
        1246  -5.26627064       2.04847336      0.912000000    
        1248  -5.31888199       1.59444213      0.912000000    
        1250  -5.31183720       1.70363069      0.912000000    
        1252  -5.34021425       1.32417166      0.912000000    
        1254  -5.27455759       1.70392478      0.912000000    
        1256  -5.34263849       1.45656824      0.912000000    
        1258  -5.30689716       1.35185397      0.912000000    
        1260  -5.22117567       1.82894397      0.912000000    
        1262  -5.32816267       1.44029391      0.912000000    
        1264  -5.32680893       1.58732677      0.912000000    
        1266  -5.29461384       1.84884453      0.912000000    
        1268  -5.24924135       1.85015118      0.912000000    
        1270  -5.26538706       1.68567562      0.912000000    
        1272  -5.26400042       1.81102324      0.912000000    
        1274  -5.38674355       1.41514444      0.912000000    
        1276  -5.38390303       1.35877347      0.912000000    
        1278  -5.27972317       2.00424600      0.912000000    
        1280  -5.34339523       1.61730945      0.912000000    
        1282  -5.31804705       1.73858559      0.912000000    
        1284  -5.22705555       2.41793752      0.912000000    
        1286  -5.29778147       1.71815801      0.912000000    
        1288  -5.27145052       1.92197239      0.912000000    
        1290  -5.23210621       2.01032877      0.912000000    
        1292  -5.32836390       1.57133985      0.912000000    
        1294  -5.30332661       1.36689377      0.912000000    
        1296  -5.33309269       1.09183514      0.912000000    
        1298  -5.32195091      0.804168105      0.912000000    
        1300  -5.18527508       1.23336685      0.912000000    
        1302  -5.37734461      0.556965947      0.912000000    
        1304  -5.41091967      0.308913738      0.912000000    
        1306  -5.37571955      0.350120395      0.912000000    
        1308  -5.39931822      0.542954981      0.912000000    
        1310  -5.33580303       1.04990423      0.912000000    
        1312  -5.23742676       1.50054312      0.912000000    
        1314  -5.34353447      0.905058146      0.912000000    
        1316  -5.44029522      0.781225920      0.912000000    
        1318  -5.31978130       1.45671010      0.912000000    
        1320  -5.22220564       1.76370263      0.912000000    
        1322  -5.35937262       1.21903992      0.912000000    
        1324  -5.37650013       1.13370216      0.912000000    
        1326  -5.48890305      0.695849657      0.912000000    
        1328  -5.35083961       1.75441933      0.912000000    
        1330  -5.42614412       1.23718524      0.912000000    
        1332  -5.37550116       1.45107138      0.912000000    
        1334  -5.38878202       1.28371227      0.912000000    
        1336  -5.32608652       1.51018775      0.912000000    
        1338  -5.24712610       1.75477505      0.912000000    
        1340  -5.43517208      0.580794632      0.912000000    
        1342  -5.29062748       1.47792447      0.912000000    
        1344  -5.35468292       1.69310093      0.924000025    
        1346  -5.41764450       1.20425618      0.924000025    
        1348  -5.40812254       1.60953283      0.924000025    
        1350  -5.31113911       2.15952730      0.924000025    
        1352  -5.38276768       1.93034112      0.924000025    
        1354  -5.28609943       2.37684798      0.924000025    
        1356  -5.39860582       1.64310026      0.924000025    
        1358  -5.45739889       1.39214957      0.924000025    
        1360  -5.49029303       1.48261976      0.924000025    
        1362  -5.50629950       1.80844343      0.935999990    
        1364  -5.50023079       1.66728032      0.935999990    
        1366  -5.57139826       1.37010825      0.935999990    
        1368  -5.45749664       1.69420147      0.935999990    
        1370  -5.57928276      0.902701676      0.935999990    
        1372  -5.54826832       1.06859148      0.935999990    
        1374  -5.55777454      0.936250448      0.935999990    
        1376  -5.61692858      0.670879364      0.935999990    
        1378  -5.52195883       1.26300132      0.935999990    
        1380  -5.49315596       1.19705248      0.935999990    
        1382  -5.39604044       1.66620529      0.935999990    
        1384  -5.38037920       1.69032359      0.935999990    
        1386  -5.44265175       1.53359032      0.935999990    
        1388  -5.50565147       1.02183223      0.935999990    
        1390  -5.52830219       1.07786071      0.935999990    
        1392  -5.51239920       1.23713017      0.935999990    
        1394  -5.31749868       2.36211872      0.935999990    
        1396  -5.38071060       2.09059978      0.935999990    
        1398  -5.39015293       2.13060474      0.935999990    
        1400  -5.42152452       1.87368381      0.935999990    
        1402  -5.28262329       2.57681179      0.935999990    
        1404  -5.37306261       1.81073904      0.935999990    
        1406  -5.45807695       1.42321146      0.935999990    
        1408  -5.48528051       1.51073229      0.935999990    
        1410  -5.35237217       1.89277828      0.935999990    
        1412  -5.38183594       1.76959670      0.935999990    
        1414  -5.39580441       1.77599514      0.935999990    
        1416  -5.34166718       2.09271812      0.935999990    
        1418  -5.36614227       2.02163196      0.935999990    
        1420  -5.51732731       1.00613427      0.935999990    
        1422  -5.41508436       1.54375398      0.935999990    
        1424  -5.54346704      0.912795842      0.935999990    
        1426  -5.46898699       1.11405420      0.935999990    
        1428  -5.44831181       1.30755222      0.935999990    
        1430  -5.45358706       1.39508331      0.935999990    
        1432  -5.45394993       1.45604813      0.935999990    
        1434  -5.44158363       1.42294443      0.935999990    
        1436  -5.46803045       1.23037398      0.935999990    
        1438  -5.41655111       1.49617219      0.935999990    
        1440  -5.47212648       1.22864401      0.935999990    
        1442  -5.44532156       1.60736299      0.935999990    
        1444  -5.32758665       2.28337646      0.935999990    
        1446  -5.46270514       1.72590625      0.935999990    
        1448  -5.44040966       1.69398880      0.935999990    
        1450  -5.32854414       2.24060965      0.935999990    
        1452  -5.40632153       2.07970285      0.935999990    
        1454  -5.38377666       2.07673645      0.935999990    
        1456  -5.49159384       1.71711159      0.935999990    
        1458  -5.45737076       2.08018875      0.935999990    
        1460  -5.61691999       1.28046381      0.935999990    
        1462  -5.57921982       1.63552094      0.935999990    
        1464  -5.51560163       1.78821063      0.935999990    
        1466  -5.61669588       1.41799879      0.935999990    
        1468  -5.59127855       1.40733147      0.935999990    
        1470  -5.59640169       1.36116898      0.935999990    
        1472  -5.48491764       1.85560203      0.935999990    
        1474  -5.41783810       2.03366852      0.935999990    
        1476  -5.58064651       1.34782779      0.935999990    
        1478  -5.50800419       1.80327797      0.935999990    
        1480  -5.46975422       1.99509442      0.935999990    
        1482  -5.43889427       1.94612348      0.935999990    
        1484  -5.48547173       1.92262363      0.935999990    
        1486  -5.51733017       1.70538330      0.935999990    
        1488  -5.42753887       2.07256079      0.935999990    
        1490  -5.47539759       1.64770103      0.935999990    
        1492  -5.52100086       1.17728913      0.935999990    
        1494  -5.60281658      0.877767861      0.935999990    
        1496  -5.42808628       1.88861954      0.935999990    
        1498  -5.43105173       1.96876228      0.935999990    
        1500  -5.39227915       2.19805431      0.935999990    
        1502  -5.51048708       1.48310912      0.935999990    
        1504  -5.41436720       1.99652112      0.935999990    
        1506  -5.40129185       1.96906245      0.935999990    
        1508  -5.34964180       2.09836793      0.935999990    
        1510  -5.34761286       2.27565718      0.935999990    
        1512  -5.35143185       2.33203197      0.935999990    
        1514  -5.29095316       2.72715259      0.935999990    
        1516  -5.41247845       1.91310596      0.935999990    
        1518  -5.44373751       1.79349470      0.935999990    
        1520  -5.36036015       2.31127286      0.935999990    
        1522  -5.52872181       1.21291196      0.935999990    
        1524  -5.53650951       1.35020959      0.935999990    
        1526  -5.56945705       1.10370743      0.935999990    
        1528  -5.54761887      0.917354286      0.935999990    
        1530  -5.52169895       1.07225537      0.935999990    
        1532  -5.55446720       1.01559317      0.935999990    
        1534  -5.55571365       1.03562832      0.935999990    
        1536  -5.60923910       1.15386891      0.935999990    
        1538  -5.65088224       1.03087711      0.935999990    
        1540  -5.47617245       2.03082156      0.935999990    
        1542  -5.42784691       2.13595009      0.935999990    
        1544  -5.44853306       2.36506295      0.935999990    
        1546  -5.49132395       2.12096477      0.935999990    
        1548  -5.54588652       1.72885990      0.935999990    
        1550  -5.50025129       2.08956027      0.935999990    
        1552  -5.39522505       2.77292252      0.935999990    
        1554  -5.46768522       2.08904147      0.935999990    
        1556  -5.59072685       1.59741378      0.935999990    
        1558  -5.40576458       2.75755286      0.935999990    
        1560  -5.43676853       2.60845304      0.935999990    
        1562  -5.50747728       2.18318605      0.935999990    
        1564  -5.62762976       1.34490442      0.935999990    
        1566  -5.60340738       1.32845116      0.935999990    
        1568  -5.64170408       1.05425560      0.935999990    
        1570  -5.58800316       1.79485178      0.935999990    
        1572  -5.59310389       1.45801938      0.935999990    
        1574  -5.57261467       1.47521341      0.935999990    
        1576  -5.56684875       1.63346052      0.935999990    
        1578  -5.64000511       1.35364342      0.935999990    
        1580  -5.58841419       1.92015862      0.935999990    
        1582  -5.65919590       1.47992504      0.935999990    
        1584  -5.56152010       1.83826983      0.935999990    
        1586  -5.49269867       2.02864909      0.935999990    
        1588  -5.63467693       1.19630945      0.935999990    
        1590  -5.73501968      0.969154775      0.935999990    
        1592  -5.77307796       1.13748288      0.935999990    
        1594  -5.63000059       1.61866271      0.935999990    
        1596  -5.71399355       1.18740702      0.935999990    
        1598  -5.45594883       2.85365796      0.935999990    
        1600  -5.55053091       2.33406305      0.935999990    
        1602  -5.52846718       2.68164253      0.935999990    
        1604  -5.65868998       2.04008532      0.935999990    
        1606  -5.70674181       1.83496594      0.935999990    
        1608  -5.55688667       2.42975783      0.935999990    
        1610  -5.66578102       2.04935288      0.935999990    
        1612  -5.69101191       1.57013929      0.935999990    
        1614  -5.62703466       2.10980129      0.935999990    
        1616  -5.71239662       1.79308915      0.935999990    
        1618  -5.59313154       2.18673325      0.935999990    
        1620  -5.60533285       2.29505897      0.935999990    
        1622  -5.55760622       2.35201454      0.935999990    
        1624  -5.53993607       2.17897916      0.935999990    
        1626  -5.51143122       2.28753448      0.935999990    
        1628  -5.43835831       2.63375020      0.935999990    
        1630  -5.35506582       3.16558337      0.935999990    
        1632  -5.47987890       2.42924094      0.935999990    
        1634  -5.35861635       3.33661175      0.935999990    
        1636  -5.33716774       3.10007215      0.935999990    
        1638  -5.36621237       2.59994578      0.935999990    
        1640  -5.43057632       2.43187833      0.935999990    
        1642  -5.38609123       2.51489425      0.935999990    
        1644  -5.44308472       2.37360811      0.935999990    
        1646  -5.49669123       2.01947618      0.935999990    
        1648  -5.44189024       2.23786592      0.935999990    
        1650  -5.64375019       1.20994627      0.935999990    
        1652  -5.54047012       1.48176718      0.935999990    
        1654  -5.54304934       1.53578579      0.935999990    
        1656  -5.55633116       1.48535228      0.935999990    
        1658  -5.60774231       1.15332055      0.935999990    
        1660  -5.56941795       1.33987498      0.935999990    
        1662  -5.41348553       1.97609723      0.935999990    
        1664  -5.38639116       2.35090351      0.935999990    
        1666  -5.47990179       2.13718963      0.935999990    
        1668  -5.60109091      0.966368675      0.935999990    
        1670  -5.47083378       1.78438020      0.935999990    
        1672  -5.47718239       1.51679981      0.935999990    
        1674  -5.50736856       1.39229047      0.935999990    
        1676  -5.49346256       1.31284821      0.935999990    
        1678  -5.51732302       1.11917675      0.935999990    
        1680  -5.61727476      0.909836233      0.935999990    
        1682  -5.57844257       1.10614872      0.935999990    
        1684  -5.60522270       1.34333837      0.935999990    
        1686  -5.63098574       1.34531140      0.935999990    
        1688  -5.62589645       1.00421834      0.935999990    
        1690  -5.62148476       1.16646945      0.935999990    
        1692  -5.61613798       1.19012010      0.935999990    
        1694  -5.66238689      0.868688881      0.935999990    
        1696  -5.63437700      0.964787543      0.935999990    
        1698  -5.61236763      0.897334993      0.935999990    
        1700  -5.66340542      0.565120101      0.935999990    
        1702  -5.56239557       1.18217742      0.935999990    
        1704  -5.60189629      0.929815471      0.935999990    
        1706  -5.46995926       1.78143895      0.935999990    
        1708  -5.53854084       1.18811798      0.935999990    
        1710  -5.49788427       1.48148561      0.935999990    
        1712  -5.63641214      0.977398574      0.935999990    
        1714  -5.56571484       1.30074573      0.935999990    
        1716  -5.68871927      0.616746604      0.935999990    
        1718  -5.65848970      0.891892970      0.935999990    
        1720  -5.63759232       1.22160387      0.935999990    
        1722  -5.67899656       1.11874461      0.935999990    
        1724  -5.64682436       1.23783875      0.935999990    
        1726  -5.64854336      0.992473364      0.935999990    
        1728  -5.60733271       1.05011475      0.935999990    
        1730  -5.57772827       1.55253196      0.935999990    
        1732  -5.57292843       1.92525995      0.935999990    
        1734  -5.51191759       1.89623797      0.935999990    
        1736  -5.65931797       1.44563055      0.935999990    
        1738  -5.64814091       1.38691580      0.935999990    
        1740  -5.65986776       1.19269669      0.935999990    
        1742  -5.64199591       1.22747397      0.935999990    
        1744  -5.66217089      0.830270410      0.935999990    
        1746  -5.60052633       1.23363388      0.935999990    
        1748  -5.60995817       1.31983435      0.935999990    
        1750  -5.59294367       1.42410922      0.935999990    
        1752  -5.65109730       1.09929788      0.935999990    
        1754  -5.57579899       1.57545745      0.935999990    
        1756  -5.68904781      0.880305648      0.935999990    
        1758  -5.50398731       2.12842631      0.935999990    
        1760  -5.63413525       1.53050828      0.935999990    
        1762  -5.63445425       1.56865442      0.935999990    
        1764  -5.70969486       1.03334880      0.935999990    
        1766  -5.66032267       1.25332046      0.935999990    
        1768  -5.59861517       1.42950463      0.935999990    
        1770  -5.53647661       1.83744919      0.935999990    
        1772  -5.49583292       1.96578240      0.935999990    
        1774  -5.59063244       1.46036649      0.935999990    
        1776  -5.67105865       1.09109819      0.935999990    
        1778  -5.70473719       1.00150955      0.935999990    
        1780  -5.69918537      0.917127430      0.935999990    
        1782  -5.68530893      0.727441490      0.935999990    
        1784  -5.63007641       1.16923964      0.935999990    
        1786  -5.77691412      0.579856634      0.935999990    
        1788  -5.67386150       1.36446846      0.935999990    
        1790  -5.74061060      0.960923791      0.935999990    
        1792  -5.78472614      0.744424641      0.935999990    
        1794  -5.67299080       1.41055310      0.935999990    
        1796  -5.72991467      0.967366159      0.935999990    
        1798  -5.61045980       1.86683834      0.935999990    
        1800  -5.68915892       1.05140829      0.935999990    
        1802  -5.60963154       1.59688056      0.935999990    
        1804  -5.61462879       2.04865909      0.935999990    
        1806  -5.62952614       1.88099802      0.935999990    
        1808  -5.54822969       2.40732002      0.935999990    
        1810  -5.59688711       1.99876642      0.935999990    
        1812  -5.54931974       2.16460752      0.935999990    
        1814  -5.59266758       1.92007828      0.935999990    
        1816  -5.60061932       1.62608755      0.935999990    
        1818  -5.52157021       2.01754665      0.935999990    
        1820  -5.40657187       2.91059113      0.935999990    
        1822  -5.48049927       2.64922786      0.935999990    
        1824  -5.58976173       1.88197279      0.935999990    
        1826  -5.54712820       2.56819677      0.948000014    
        1828  -5.51199770       2.50436759      0.948000014    
        1830  -5.52770615       2.48277330      0.948000014    
        1832  -5.54493809       2.27395582      0.948000014    
        1834  -5.56370163       2.24567318      0.948000014    
        1836  -5.67404938       1.34190536      0.948000014    
        1838  -5.72578239       1.32447290      0.948000014    
        1840  -5.67887449       1.39230990      0.948000014    
        1842  -5.61665058       1.78158820      0.948000014    
        1844  -5.60058260       1.99789274      0.948000014    
        1846  -5.57247257       2.20076823      0.948000014    
        1848  -5.62624788       1.77985537      0.948000014    
        1850  -5.78657198      0.865087152      0.948000014    
        1852  -5.70867729       1.64643264      0.948000014    
        1854  -5.80135441       1.13945723      0.948000014    
        1856  -5.71029282       1.46994507      0.948000014    
        1858  -5.63957405       1.73599851      0.948000014    
        1860  -5.57312536       1.74420524      0.948000014    
        1862  -5.68361521       1.37340045      0.948000014    
        1864  -5.70663452       1.36637330      0.948000014    
        1866  -5.66589737       1.44798124      0.948000014    
        1868  -5.72872829       1.39327860      0.948000014    
        1870  -5.59565163       2.11433315      0.948000014    
        1872  -5.53109217       2.52679443      0.948000014    
        1874  -5.60619688       2.00146484      0.948000014    
        1876  -5.67406368       1.38956749      0.948000014    
        1878  -5.62367201       1.85068870      0.948000014    
        1880  -5.63721466       1.80114019      0.948000014    
        1882  -5.68082190       1.65667474      0.948000014    
        1884  -5.65821600       2.00122237      0.948000014    
        1886  -5.81296587       1.01888430      0.948000014    
        1888  -5.73864555       1.48666370      0.948000014    
        1890  -5.76440573       1.37628794      0.948000014    
        1892  -5.68585205       1.50999415      0.948000014    
        1894  -5.65615749       1.79022384      0.948000014    
        1896  -5.52552605       2.37215185      0.948000014    
        1898  -5.64946890       1.98553216      0.935999990    
        1900  -5.66605568       1.98336554      0.935999990    
        1902  -5.68743277       1.66723871      0.935999990    
        1904  -5.52219439       2.34398389      0.935999990    
        1906  -5.62421322       1.95717943      0.935999990    
        1908  -5.60618591       1.99028122      0.935999990    
        1910  -5.60337400       2.32818890      0.935999990    
        1912  -5.49567080       2.81907082      0.935999990    
        1914  -5.46878099       2.99221039      0.935999990    
        1916  -5.54985619       2.48849463      0.935999990    
        1918  -5.70183372       1.60284936      0.935999990    
        1920  -5.64064598       1.38835585      0.935999990    
        1922  -5.55688763       1.74865174      0.935999990    
        1924  -5.52936745       1.96107757      0.935999990    
        1926  -5.72076845       1.19664526      0.935999990    
        1928  -5.65872240       1.48950911      0.935999990    
        1930  -5.65828753       1.64221609      0.935999990    
        1932  -5.67423487       1.43853045      0.935999990    
        1934  -5.51627684       2.35317445      0.935999990    
        1936  -5.69074631       1.66773832      0.935999990    
        1938  -5.69069862       1.62646592      0.935999990    
        1940  -5.58411503       2.09343314      0.935999990    
        1942  -5.60868216       1.74556184      0.935999990    
        1944  -5.64291859       1.59537160      0.935999990    
        1946  -5.77380323      0.887096345      0.935999990    
        1948  -5.86650324      0.470344633      0.935999990    
        1950  -5.70458031       1.61832333      0.935999990    
        1952  -5.59738445       1.70394695      0.935999990    
        1954  -5.69597435       1.08052552      0.935999990    
        1956  -5.69133615       1.00949085      0.935999990    
        1958  -5.68194008       1.07381070      0.935999990    
        1960  -5.49926996       2.51493311      0.935999990    
        1962  -5.57433939       2.09383106      0.935999990    
        1964  -5.44423914       2.55167532      0.935999990    
        1966  -5.48943186       2.55069089      0.935999990    
        1968  -5.41874170       2.80074739      0.935999990    
        1970  -5.58571720       2.06112075      0.935999990    
        1972  -5.69279099       1.63601887      0.935999990    
        1974  -5.68412304       1.46653843      0.935999990    
        1976  -5.65925407       1.67162383      0.935999990    
        1978  -5.63484669       1.81031370      0.935999990    
        1980  -5.62421989       1.79750478      0.935999990    
        1982  -5.58721447       2.01686954      0.935999990    
        1984  -5.53439999       2.30976272      0.935999990    
        1986  -5.60408115       1.76277483      0.935999990    
        1988  -5.62959623       1.24999440      0.935999990    
        1990  -5.66016197       1.25358343      0.935999990    
        1992  -5.69536400       1.20024180      0.935999990    
        1994  -5.75729275      0.743458390      0.935999990    
        1996  -5.58100080       1.77502429      0.935999990    
        1998  -5.59053946       1.66977751      0.935999990    
        2000  -5.64130735       1.63825488      0.935999990    
        2002  -5.57707119       1.97406375      0.935999990    
        2004  -5.64347506       1.79176557      0.935999990    
        2006  -5.73216343      0.994985223      0.935999990    
        2008  -5.56790543       1.77424705      0.935999990    
        2010  -5.62328577       1.66222250      0.935999990    
        2012  -5.68690634       1.37997246      0.935999990    
        2014  -5.75037575      0.738335669      0.935999990    
        2016  -5.59894037       1.37069213      0.935999990    
        2018  -5.60370588       1.43984616      0.935999990    
        2020  -5.55595207       1.56189382      0.935999990    
        2022  -5.49797106       1.88521135      0.935999990    
        2024  -5.59781837       1.30853140      0.935999990    
        2026  -5.54767895       1.60830390      0.935999990    
        2028  -5.53573036       1.85402846      0.935999990    
        2030  -5.59159613       1.29855609      0.935999990    
        2032  -5.61116791       1.35606766      0.935999990    
        2034  -5.67846441      0.802569807      0.935999990    
        2036  -5.68426132      0.658506811      0.935999990    
        2038  -5.68345356      0.869219184      0.935999990    
        2040  -5.64079857       1.19044030      0.935999990    
        2042  -5.62874603       1.22023594      0.935999990    
        2044  -5.55584574       1.74119806      0.935999990    
        2046  -5.34158564       2.65447092      0.935999990    
        2048  -5.51092815       1.98681295      0.935999990    
        2050  -5.57102299       2.04523230      0.935999990    
        2052  -5.60921574       1.91586542      0.935999990    
        2054  -5.71122169       1.22451758      0.935999990    
        2056  -5.64669847       1.45323002      0.935999990    
        2058  -5.60357714       1.57290351      0.935999990    
        2060  -5.47774076       2.17745447      0.935999990    
        2062  -5.44598866       2.32945251      0.935999990    
        2064  -5.60787773       1.33383262      0.935999990    
        2066  -5.54462099       1.83321404      0.935999990    
        2068  -5.42873764       2.36584616      0.935999990    
        2070  -5.50363445       1.86501360      0.935999990    
        2072  -5.40594101       2.79364395      0.935999990    
        2074  -5.58891153       1.84825969      0.935999990    
        2076  -5.61513805       1.68119848      0.935999990    
        2078  -5.69248247       1.32769001      0.935999990    
        2080  -5.61310863       1.79479754      0.935999990    
        2082  -5.55183792       2.20051861      0.935999990    
        2084  -5.55214739       2.39599133      0.935999990    
        2086  -5.57062721       1.66731131      0.935999990    
        2088  -5.51135969       1.57854462      0.935999990    
        2090  -5.48650599       1.82955790      0.935999990    
        2092  -5.62102079       1.05254984      0.935999990    
        2094  -5.71132088      0.637463927      0.935999990    
        2096  -5.67790794      0.768836200      0.935999990    
        2098  -5.62678146       1.25286019      0.935999990    
        2100  -5.68211031       1.07100618      0.935999990    
        2102  -5.76315355      0.474742055      0.935999990    
        2104  -5.74753761      0.599450052      0.935999990    
        2106  -5.61371565       1.15821469      0.935999990    
        2108  -5.62161970       1.24833119      0.935999990    
        2110  -5.53037071       1.70921862      0.935999990    
        2112  -5.52752638       1.50811374      0.935999990    
        2114  -5.36047077       2.31916142      0.935999990    
        2116  -5.43974161       1.78534031      0.935999990    
        2118  -5.49524546       1.56888711      0.935999990    
        2120  -5.67244911      0.954296827      0.935999990    
        2122  -5.60465908       1.26566315      0.935999990    
        2124  -5.56970596       1.41676235      0.935999990    
        2126  -5.61656809       1.05584133      0.935999990    
        2128  -5.52645493       1.58310604      0.935999990    
        2130  -5.59159374       1.41678953      0.935999990    
        2132  -5.55863333       1.69963658      0.935999990    
        2134  -5.58976984       1.35490358      0.935999990    
        2136  -5.67796755       1.06364787      0.935999990    
        2138  -5.54229403       1.59929478      0.935999990    
        2140  -5.50633621       2.25942469      0.935999990    
        2142  -5.52304745       2.14913964      0.935999990    
        2144  -5.52786398       2.25896025      0.935999990    
        2146  -5.54808187       1.95946801      0.935999990    
        2148  -5.71784306       1.74632323      0.935999990    
        2150  -5.73460484       1.58226097      0.935999990    
        2152  -5.82866335       1.05839479      0.935999990    
        2154  -5.72543240       1.59168720      0.935999990    
        2156  -5.71167231       1.82968569      0.935999990    
        2158  -5.66018391       1.78877461      0.935999990    
        2160  -5.67984867       1.66202641      0.935999990    
        2162  -5.73085117       1.46889973      0.935999990    
        2164  -5.66239357       1.47557127      0.935999990    
        2166  -5.67305279       1.32568860      0.935999990    
        2168  -5.75699282       1.02817154      0.935999990    
        2170  -5.73605061       1.07096326      0.935999990    
        2172  -5.61599827       1.43702424      0.935999990    
        2174  -5.57486296       1.61529815      0.935999990    
        2176  -5.67077780       1.06215823      0.935999990    
        2178  -5.73230076      0.271571010      0.935999990    
        2180  -5.60849190       1.07638562      0.935999990    
        2182  -5.49438715       1.90981734      0.935999990    
        2184  -5.58541918       1.60613871      0.935999990    
        2186  -5.51689339       2.01089692      0.935999990    
        2188  -5.59708261       1.43771243      0.935999990    
        2190  -5.66741180       1.27194524      0.935999990    
        2192  -5.53315067       1.90557683      0.935999990    
        2194  -5.62239075       1.50742948      0.935999990    
        2196  -5.69347477       1.00161433      0.935999990    
        2198  -5.66573381       1.08471417      0.935999990    
        2200  -5.74082422       1.30000341      0.935999990    
        2202  -5.69207144       1.65402567      0.935999990    
        2204  -5.81841898       1.20870769      0.935999990    
        2206  -5.78336859       1.13276577      0.935999990    
        2208  -5.63758421       1.84830654      0.935999990    
        2210  -5.70190001       1.45620453      0.935999990    
        2212  -5.70806026       1.32221043      0.935999990    
        2214  -5.72303009       1.31321502      0.935999990    
        2216  -5.68001556       1.38266611      0.935999990    
        2218  -5.56663370       2.00058699      0.935999990    
        2220  -5.74688482       1.00776148      0.935999990    
        2222  -5.67155170       1.43395674      0.935999990    
        2224  -5.76713991      0.836459577      0.935999990    
        2226  -5.58091164       1.95855963      0.935999990    
        2228  -5.66330290       1.07769966      0.924000025    
        2230  -5.53177691       1.65907276      0.924000025    
        2232  -5.50397825       2.16628718      0.924000025    
        2234  -5.49051523       1.97636557      0.924000025    
        2236  -5.50823402       1.64074385      0.924000025    
        2238  -5.51544523       1.74769914      0.924000025    
        2240  -5.57017803       1.49253225      0.924000025    
        2242  -5.56784487       1.31595945      0.924000025    
        2244  -5.58576584       1.21699989      0.924000025    
        2246  -5.60684443       1.03430831      0.924000025    
        2248  -5.73893833      0.495750964      0.924000025    
        2250  -5.66102362       1.21878946      0.924000025    
        2252  -5.69023132      0.720554113      0.924000025    
        2254  -5.71584940      0.557977915      0.924000025    
        2256  -5.78938341      0.334147751      0.924000025    
        2258  -5.69479656      0.889866889      0.924000025    
        2260  -5.59219265       1.26223445      0.924000025    
        2262  -5.61912584      0.687138677      0.924000025    
        2264  -5.60683012      0.996031404      0.924000025    
        2266  -5.60685873       1.28315127      0.924000025    
        2268  -5.61169910      0.929143727      0.924000025    
        2270  -5.58375978       1.20497549      0.924000025    
        2272  -5.55182171       1.30974329      0.924000025    
        2274  -5.57336903       1.52388203      0.924000025    
        2276  -5.72150755      0.747113526      0.924000025    
        2278  -5.56059742       1.58193231      0.924000025    
        2280  -5.64705896       1.44811022      0.924000025    
        2282  -5.52438879       2.19238377      0.924000025    
        2284  -5.69892025       1.40856898      0.924000025    
        2286  -5.56624889       2.20838690      0.924000025    
        2288  -5.67483473       1.41507697      0.924000025    
        2290  -5.59557056       1.47468138      0.924000025    
        2292  -5.65989256       1.07333505      0.924000025    
        2294  -5.65453291       1.37191772      0.924000025    
        2296  -5.71184826      0.742783606      0.924000025    
        2298  -5.61653376       1.28820562      0.924000025    
        2300  -5.60934830       1.15946615      0.924000025    
        2302  -5.63904810       1.36076033      0.924000025    
        2304  -5.63126898       1.27899194      0.935999990    
        2306  -5.59008360       1.39377213      0.935999990    
        2308  -5.37819099       2.59119463      0.935999990    
        2310  -5.46865940       2.23687434      0.935999990    
        2312  -5.57015467       1.83550787      0.935999990    
        2314  -5.46304321       2.61420584      0.935999990    
        2316  -5.49604464       2.14315248      0.935999990    
        2318  -5.52254248       2.29742789      0.935999990    
        2320  -5.45465612       2.62501860      0.935999990    
        2322  -5.47391748       1.89083564      0.935999990    
        2324  -5.62424326       1.07572138      0.935999990    
        2326  -5.59673977       1.30191052      0.935999990    
        2328  -5.43231630       1.98199797      0.935999990    
        2330  -5.50424194       1.70525765      0.935999990    
        2332  -5.43693066       2.11263847      0.935999990    
        2334  -5.54006577       1.39920628      0.935999990    
        2336  -5.56171417       1.02491522      0.935999990    
        2338  -5.63800049      0.655734003      0.935999990    
        2340  -5.60099077      0.630463958      0.935999990    
        2342  -5.52555227      0.830301344      0.935999990    
        2344  -5.54708815      0.884519219      0.935999990    
        2346  -5.57988310      0.725100696      0.935999990    
        2348  -5.57934380      0.638977826      0.935999990    
        2350  -5.60763359      0.539737761      0.935999990    
        2352  -5.47679663       1.17185771      0.935999990    
        2354  -5.49088001       1.08639634      0.935999990    
        2356  -5.60509777      0.649050355      0.935999990    
        2358  -5.69743872       4.71468270E-02  0.935999990    
        2360  -5.58843184      0.625025272      0.935999990    
        2362  -5.61581278      0.472561210      0.935999990    
        2364  -5.65886497      0.286075830      0.935999990    
        2366  -5.64650059      0.407240123      0.935999990    
        2368  -5.69007635      0.455311745      0.948000014    
        2370  -5.71172285      0.388127893      0.948000014    
        2372  -5.69935465      0.585360527      0.948000014    
        2374  -5.66985893      0.494418353      0.948000014    
        2376  -5.68330717      0.569848955      0.948000014    
        2378  -5.59114695       1.17363906      0.948000014    
        2380  -5.60525846       1.17992556      0.948000014    
        2382  -5.56573534       1.20938718      0.948000014    
        2384  -5.59508228       1.18180251      0.948000014    
        2386  -5.55990124       1.47342598      0.948000014    
        2388  -5.61463404       1.51646662      0.948000014    
        2390  -5.71679878      0.584240496      0.948000014    
        2392  -5.46610403       1.87997234      0.948000014    
        2394  -5.49059153       1.88657904      0.948000014    
        2396  -5.47990751       1.99400485      0.948000014    
        2398  -5.56995916       1.64047515      0.948000014    
        2400  -5.57303190       1.40254271      0.948000014    
        2402  -5.44064951       2.34193635      0.948000014    
        2404  -5.61810350       1.10640442      0.948000014    
        2406  -5.49563885       1.89698994      0.948000014    
        2408  -5.54818773       1.68691623      0.948000014    
        2410  -5.69990301       1.00511038      0.948000014    
        2412  -5.66378736       1.06478012      0.948000014    
        2414  -5.64869642       1.11180699      0.948000014    
        2416  -5.60715294       1.43958879      0.948000014    
        2418  -5.73848486      0.849967778      0.948000014    
        2420  -5.68298769       1.20723450      0.948000014    
        2422  -5.75488853      0.793772817      0.948000014    
        2424  -5.69654703      0.857968211      0.948000014    
        2426  -5.66915131       1.13796973      0.948000014    
        2428  -5.61485863       1.71352255      0.948000014    
        2430  -5.74964762       1.18522942      0.948000014    
        2432  -5.65992212       1.62315047      0.948000014    
        2434  -5.46485186       2.39847851      0.948000014    
        2436  -5.46453857       2.60322309      0.948000014    
        2438  -5.49658108       2.29020667      0.948000014    
        2440  -5.66724682       1.16032767      0.948000014    
        2442  -5.61920166       1.36989760      0.948000014    
        2444  -5.70655584      0.847269595      0.948000014    
        2446  -5.65435076      0.976803958      0.948000014    
        2448  -5.65076303       1.06329489      0.948000014    
        2450  -5.71474838      0.970491230      0.948000014    
        2452  -5.73091984       1.11078525      0.948000014    
        2454  -5.63349819       1.46228051      0.948000014    
        2456  -5.68290615       1.12935627      0.948000014    
        2458  -5.66417360       1.07085097      0.948000014    
        2460  -5.52579594       1.84794104      0.948000014    
        2462  -5.48616409       2.31568336      0.948000014    
        2464  -5.50882435       1.91061234      0.948000014    
        2466  -5.47025967       2.15107179      0.948000014    
        2468  -5.38629293       2.53056526      0.948000014    
        2470  -5.50963116       1.56326544      0.948000014    
        2472  -5.49133587       1.75635087      0.948000014    
        2474  -5.42335701       1.81085467      0.948000014    
        2476  -5.60777521       1.06054628      0.948000014    
        2478  -5.51670456       1.47209918      0.948000014    
        2480  -5.48316050       1.57547224      0.948000014    
        2482  -5.51222897       1.42202759      0.948000014    
        2484  -5.54529762       1.38116467      0.948000014    
        2486  -5.50578165       1.60174108      0.948000014    
        2488  -5.43188715       2.31697726      0.948000014    
        2490  -5.59336567       1.57266438      0.948000014    
        2492  -5.61893177       1.42596757      0.948000014    
        2494  -5.49367046       2.02108765      0.948000014    
        2496  -5.62817526       1.19100606      0.948000014    
        2498  -5.57347918       1.74948788      0.948000014    
        2500  -5.57199097       1.67185199      0.948000014    
        2502  -5.65488529       1.14734650      0.948000014    
        2504  -5.63401890       1.29343224      0.948000014    
        2506  -5.67756414       1.17619693      0.948000014    
        2508  -5.66222477       1.32637632      0.948000014    
        2510  -5.57584286       1.89741337      0.948000014    
        2512  -5.54816532       2.13897514      0.948000014    
        2514  -5.52993965       2.17152023      0.948000014    
        2516  -5.55190420       1.93399322      0.948000014    
        2518  -5.39734173       2.64520502      0.948000014    
        2520  -5.55735445       1.83475220      0.948000014    
        2522  -5.49650812       2.21565533      0.948000014    
        2524  -5.68400526       1.00414014      0.948000014    
        2526  -5.58016777       1.70353198      0.948000014    
        2528  -5.58164644       1.80393720      0.948000014    
        2530  -5.43836355       2.69101834      0.948000014    
        2532  -5.49218845       2.28144383      0.948000014    
        2534  -5.63037634       1.58299816      0.948000014    
        2536  -5.60498762       1.53864181      0.948000014    
        2538  -5.70663071      0.707907975      0.948000014    
        2540  -5.60748482       1.06630039      0.948000014    
        2542  -5.62392282      0.768228531      0.948000014    
        2544  -5.58967924       1.15343070      0.948000014    
        2546  -5.50156260       1.77424240      0.948000014    
        2548  -5.49179840       1.74893188      0.948000014    
        2550  -5.59532356       1.01727057      0.948000014    
        2552  -5.60289097       1.23642206      0.948000014    
        2554  -5.51420975       1.74260724      0.948000014    
        2556  -5.46793127       1.87989461      0.948000014    
        2558  -5.51656389       1.50833535      0.948000014    
        2560  -5.50385666       1.57764924      0.948000014    
        2562  -5.56949329       1.28264070      0.948000014    
        2564  -5.54291964       1.17363822      0.948000014    
        2566  -5.62750053      0.821710169      0.948000014    
        2568  -5.54445505       1.18410015      0.948000014    
        2570  -5.69348097       9.73977447E-02  0.948000014    
        2572  -5.73485661       4.67729643E-02  0.948000014    
        2574  -5.63931561      0.668907464      0.948000014    
        2576  -5.53447771       1.45023739      0.948000014    
        2578  -5.65433550      0.807901144      0.948000014    
        2580  -5.64432716      0.890624166      0.948000014    
        2582  -5.52320910       1.59128797      0.948000014    
        2584  -5.78998184      0.394256473      0.948000014    
        2586  -5.70724010      0.901823759      0.948000014    
        2588  -5.66401339       1.31463218      0.948000014    
        2590  -5.65790415       1.26389694      0.948000014    
        2592  -5.70230913       1.06304479      0.948000014    
        2594  -5.66991282       1.22780657      0.948000014    
        2596  -5.54504347       1.83380449      0.948000014    
        2598  -5.54141569       1.88242829      0.948000014    
        2600  -5.53531218       2.21802902      0.948000014    
        2602  -5.65356541       1.49507833      0.948000014    
        2604  -5.59522343       1.82571304      0.948000014    
        2606  -5.61076689       1.75472307      0.948000014    
        2608  -5.63390636       1.69763839      0.948000014    
        2610  -5.62780666       1.51842761      0.948000014    
        2612  -5.63325167       1.54716361      0.948000014    
        2614  -5.59357357       1.72305083      0.948000014    
        2616  -5.57668114       1.98510039      0.948000014    
        2618  -5.56185150       1.94662249      0.948000014    
        2620  -5.63633823       1.80979180      0.948000014    
        2622  -5.70318890       1.27350664      0.948000014    
        2624  -5.66153622       1.55671477      0.948000014    
        2626  -5.53046036       1.89397788      0.948000014    
        2628  -5.62449646       1.54761505      0.948000014    
        2630  -5.68153906       1.30315912      0.948000014    
        2632  -5.59757805       1.95780647      0.948000014    
        2634  -5.43586111       3.02325654      0.948000014    
        2636  -5.62700510       1.85546255      0.948000014    
        2638  -5.65060139       1.53680599      0.948000014    
        2640  -5.69118929       1.24160230      0.948000014    
        2642  -5.73587751       1.23247528      0.948000014    
        2644  -5.64964056       1.70493472      0.948000014    
        2646  -5.64946651       1.46258891      0.948000014    
        2648  -5.63973761       1.37812972      0.948000014    
        2650  -5.63530874       1.44409025      0.948000014    
        2652  -5.76820946      0.773094594      0.948000014    
        2654  -5.75778389      0.829565406      0.948000014    
        2656  -5.34743404       2.98356366      0.948000014    
        2658  -5.31656456       3.18974376      0.948000014    
        2660  -5.45877838       2.34312820      0.948000014    
        2662  -5.71053410      0.981338799      0.948000014    
        2664  -5.74981308      0.859954476      0.948000014    
        2666  -5.56837702       1.73948801      0.948000014    
        2668  -5.75090122      0.742306650      0.948000014    
        2670  -5.62374496       1.16778696      0.948000014    
        2672  -5.56931353       1.73015273      0.948000014    
        2674  -5.58329248       1.75388074      0.948000014    
        2676  -5.47800016       2.27344608      0.948000014    
        2678  -5.43284321       2.74844289      0.948000014    
        2680  -5.38012600       3.27197719      0.948000014    
        2682  -5.50621128       2.35431027      0.948000014    
        2684  -5.41878891       2.91748285      0.948000014    
        2686  -5.40258408       3.14854717      0.948000014    
        2688  -5.39395380       3.00264621      0.948000014    
        2690  -5.40095043       2.91330314      0.935999990    
        2692  -5.35557461       2.87028575      0.935999990    
        2694  -5.46777344       2.11724854      0.935999990    
        2696  -5.37544298       2.43197441      0.935999990    
        2698  -5.17888165       3.47557759      0.935999990    
        2700  -5.29594898       2.74425817      0.935999990    
        2702  -5.34579992       2.33710098      0.935999990    
        2704  -5.32486391       2.34519100      0.924000025    
        2706  -5.24905634       2.49398947      0.924000025    
        2708  -5.21622849       2.66719604      0.924000025    
        2710  -5.38705015       1.62895858      0.924000025    
        2712  -5.46895552       1.35201538      0.924000025    
        2714  -5.50835991       1.24163902      0.924000025    
        2716  -5.43810654       1.92129660      0.924000025    
        2718  -5.51137638       1.03883374      0.924000025    
        2720  -5.45811367       1.47829461      0.924000025    
        2722  -5.37163353       1.91275311      0.924000025    
        2724  -5.39700508       2.10437512      0.924000025    
        2726  -5.38057852       2.19089031      0.924000025    
        2728  -5.34658527       2.39729667      0.924000025    
        2730  -5.48292208       1.65964389      0.924000025    
        2732  -5.49737072       1.88755393      0.924000025    
        2734  -5.51857328       1.55063117      0.924000025    
        2736  -5.42337942       1.92820358      0.924000025    
        2738  -5.56813860       1.19732666      0.924000025    
        2740  -5.41580820       1.86372006      0.924000025    
        2742  -5.34648609       2.34639668      0.924000025    
        2744  -5.24722815       2.46151876      0.924000025    
        2746  -5.32420492       2.22683382      0.924000025    
        2748  -5.33951187       2.04451227      0.924000025    
        2750  -5.42047071       1.81289685      0.924000025    
        2752  -5.49324274       1.59267962      0.924000025    
        2754  -5.55820036       1.44604886      0.924000025    
        2756  -5.62667990       1.02018833      0.924000025    
        2758  -5.60225868       1.02535844      0.924000025    
        2760  -5.54195166       1.39420009      0.924000025    
        2762  -5.45547438       1.87203348      0.924000025    
        2764  -5.61823463      0.938552380      0.924000025    
        2766  -5.63096619      0.588716924      0.924000025    
        2768  -5.53208399       1.48003662      0.924000025    
        2770  -5.50864506       1.69546068      0.924000025    
        2772  -5.37634850       1.95963633      0.924000025    
        2774  -5.56041384       1.21608257      0.924000025    
        2776  -5.56109095       1.04290950      0.924000025    
        2778  -5.65709591      0.532962263      0.924000025    
        2780  -5.55914307       1.05506277      0.924000025    
        2782  -5.55835056       1.27379549      0.924000025    
        2784  -5.48691130       1.49455905      0.924000025    
        2786  -5.44300604       1.65045989      0.924000025    
        2788  -5.50776863       1.48448169      0.924000025    
        2790  -5.47149134       1.64516377      0.924000025    
        2792  -5.40607977       2.17123342      0.924000025    
        2794  -5.39548588       2.20320535      0.924000025    
        2796  -5.31504965       2.50612283      0.924000025    
        2798  -5.31214094       2.33774996      0.924000025    
        2800  -5.34990978       1.93998098      0.924000025    
        2802  -5.38268852       1.52129960      0.924000025    
        2804  -5.34610224       1.88171899      0.924000025    
        2806  -5.30124617       1.99865592      0.924000025    
        2808  -5.42480183       1.46164739      0.924000025    
        2810  -5.39856243       1.12374222      0.924000025    
        2812  -5.38686895       1.31237555      0.924000025    
        2814  -5.45312595       1.12786090      0.924000025    
        2816  -5.50251627       1.08748698      0.924000025    
        2818  -5.48704338       1.00257695      0.924000025    
        2820  -5.55683947      0.545022726      0.924000025    
        2822  -5.58356810      0.484827399      0.924000025    
        2824  -5.64831781      0.353676766      0.924000025    
        2826  -5.56781101      0.937293291      0.924000025    
        2828  -5.57101631       1.21594632      0.924000025    
        2830  -5.42897654       1.89102554      0.924000025    
        2832  -5.52089405       1.36526954      0.924000025    
        2834  -5.61859798      0.962992251      0.924000025    
        2836  -5.66213942      0.461525559      0.924000025    
        2838  -5.64984989      0.647896647      0.924000025    
        2840  -5.58413744       1.04787099      0.924000025    
        2842  -5.48807192       1.48220479      0.924000025    
        2844  -5.52152109       1.24870479      0.924000025    
        2846  -5.64980602      0.688859284      0.924000025    
        2848  -5.51713562       1.38984787      0.924000025    
        2850  -5.60562897      0.842520356      0.924000025    
        2852  -5.46791649       1.64221978      0.924000025    
        2854  -5.56947470       1.13419008      0.924000025    
        2856  -5.63839006      0.898411870      0.924000025    
        2858  -5.63360643      0.668249309      0.924000025    
        2860  -5.65521049      0.694832921      0.924000025    
        2862  -5.61668110       1.13615465      0.924000025    
        2864  -5.60019588       1.23479676      0.924000025    
        2866  -5.66269732      0.867079973      0.924000025    
        2868  -5.60643291       1.29766500      0.924000025    
        2870  -5.72721338       1.17174149      0.924000025    
        2872  -5.82370806      0.670919776      0.924000025    
        2874  -5.77073717      0.964358985      0.924000025    
        2876  -5.60006475       1.98802984      0.924000025    
        2878  -5.61900234       1.77089334      0.924000025    
        2880  -5.60768557       1.45881939      0.924000025    
        2882  -5.59094191       1.88912368      0.924000025    
        2884  -5.49184990       2.64749551      0.924000025    
        2886  -5.42897511       2.85531378      0.924000025    
        2888  -5.45898581       2.41290116      0.924000025    
        2890  -5.45993376       2.44228721      0.924000025    
        2892  -5.62445498       1.38324904      0.924000025    
        2894  -5.71888351      0.891430557      0.924000025    
        2896  -5.68780088      0.730293691      0.924000025    
        2898  -5.58311844       1.20196819      0.924000025    
        2900  -5.36619997       2.46574783      0.924000025    
        2902  -5.52920771       1.71544755      0.924000025    
        2904  -5.66898060      0.907213688      0.924000025    
        2906  -5.64855909       1.28371918      0.924000025    
        2908  -5.71649933       1.05335879      0.924000025    
        2910  -5.75880766      0.718446970      0.924000025    
        2912  -5.59345388       1.45539904      0.924000025    
        2914  -5.61603117       1.23270476      0.924000025    
        2916  -5.61337948       1.17792857      0.924000025    
        2918  -5.45438766       1.82951069      0.924000025    
        2920  -5.44643259       2.05842662      0.924000025    
        2922  -5.49352598       1.81696677      0.924000025    
        2924  -5.49789333       1.79530847      0.924000025    
        2926  -5.49952078       1.85094249      0.924000025    
        2928  -5.57039070       1.42984772      0.924000025    
        2930  -5.53830290       1.67867756      0.924000025    
        2932  -5.55197430       1.76304483      0.924000025    
        2934  -5.55945015       1.72654188      0.924000025    
        2936  -5.47594070       2.03515553      0.924000025    
        2938  -5.60765886       1.58760679      0.924000025    
        2940  -5.48437738       2.24163985      0.924000025    
        2942  -5.56633234       1.43323958      0.924000025    
        2944  -5.53607559       1.57687736      0.924000025    
        2946  -5.53709269       1.60929680      0.924000025    
        2948  -5.59928322       1.20653892      0.924000025    
        2950  -5.59161901       1.28295505      0.924000025    
        2952  -5.59197855       1.26580203      0.924000025    
        2954  -5.58173704       1.37020791      0.924000025    
        2956  -5.52604246       1.87828052      0.924000025    
        2958  -5.55874252       1.74088216      0.924000025    
        2960  -5.56971264       1.65362310      0.924000025    
        2962  -5.49172306       1.85845280      0.924000025    
        2964  -5.48542356       1.86522067      0.924000025    
        2966  -5.59315681       1.00383127      0.924000025    
        2968  -5.41251993       1.74686670      0.924000025    
        2970  -5.56451559       1.21970689      0.924000025    
        2972  -5.52461481       1.81378913      0.924000025    
        2974  -5.49524975       1.92995679      0.924000025    
        2976  -5.37951803       2.31020260      0.924000025    
        2978  -5.51857376       1.47858381      0.924000025    
        2980  -5.56888962       1.21932471      0.924000025    
        2982  -5.67963409      0.500642478      0.924000025    
        2984  -5.64309263      0.937174618      0.924000025    
        2986  -5.50624466       1.78387177      0.924000025    
        2988  -5.51987505       1.80823755      0.924000025    
        2990  -5.67210531       1.14620066      0.924000025    
        2992  -5.59165716       1.24445939      0.924000025    
        2994  -5.50919294       1.75872231      0.924000025    
        2996  -5.52730274       1.58382428      0.924000025    
        2998  -5.48716736       1.79840720      0.924000025    
        3000  -5.58144999       1.08476281      0.924000025    
        3002  -5.60446787       1.16895902      0.924000025    
        3004  -5.54421854       1.23242629      0.924000025    
        3006  -5.52760553       1.38001537      0.924000025    
        3008  -5.48067760       1.70255625      0.924000025    
        3010  -5.43762445       1.78205562      0.924000025    
        3012  -5.56143427       1.14078951      0.924000025    
        3014  -5.45507097       1.79742098      0.924000025    
        3016  -5.44651651       1.76509726      0.924000025    
        3018  -5.49585009       1.50608122      0.924000025    
        3020  -5.59581137      0.715926588      0.924000025    
        3022  -5.74714565      -6.09259717E-02  0.924000025    
        3024  -5.70074177      0.415244520      0.924000025    
        3026  -5.57049084       1.35448289      0.924000025    
        3028  -5.45256710       2.02686048      0.924000025    
        3030  -5.53364754       1.51918721      0.924000025    
        3032  -5.56627321       1.01943445      0.924000025    
        3034  -5.56227779       1.19816601      0.924000025    
        3036  -5.54624128       1.40715742      0.924000025    
        3038  -5.51104498       1.34597814      0.924000025    
        3040  -5.63731956       1.01578033      0.924000025    
        3042  -5.71773958      0.634890914      0.924000025    
        3044  -5.69543219      0.671384454      0.924000025    
        3046  -5.68499184      0.931466103      0.924000025    
        3048  -5.61204624       1.05933380      0.924000025    
        3050  -5.71092415      0.517793775      0.924000025    
        3052  -5.58981609       1.02798915      0.924000025    
        3054  -5.71956396      0.447881103      0.924000025    
        3056  -5.50243092       1.29914880      0.924000025    
        3058  -5.56266689       1.42082298      0.935999990    
        3060  -5.55841732       1.39758348      0.935999990    
        3062  -5.60845900       1.32341599      0.935999990    
        3064  -5.55412865       1.70488954      0.935999990    
        3066  -5.60869026       1.41071188      0.935999990    
        3068  -5.73892164      0.564511597      0.935999990    
        3070  -5.68298769      0.939357162      0.935999990    
        3072  -5.63515091       1.07434201      0.935999990    
        3074  -5.54989386       1.89756250      0.935999990    
        3076  -5.51054573       2.23675394      0.935999990    
        3078  -5.50278473       2.32652974      0.935999990    
        3080  -5.36845732       3.17463827      0.935999990    
        3082  -5.39134693       3.05424833      0.935999990    
        3084  -5.38612461       3.17719078      0.935999990    
        3086  -5.45970345       2.81968474      0.935999990    
        3088  -5.43511963       2.94605231      0.935999990    
        3090  -5.41517162       3.00596142      0.935999990    
        3092  -5.42331028       2.76519656      0.935999990    
        3094  -5.43148375       2.53967881      0.935999990    
        3096  -5.42187595       2.43919086      0.935999990    
        3098  -5.45176315       2.30526376      0.935999990    
        3100  -5.38662148       2.43768048      0.935999990    
        3102  -5.39956141       2.69133496      0.935999990    
        3104  -5.37517166       2.62643743      0.935999990    
        3106  -5.46162367       2.70076156      0.935999990    
        3108  -5.52304935       2.21570182      0.935999990    
        3110  -5.51163101       2.26308894      0.935999990    
        3112  -5.60672092       1.75309467      0.935999990    
        3114  -5.58094883       2.34458709      0.935999990    
        3116  -5.65247679       1.69656384      0.935999990    
        3118  -5.50890303       2.41007257      0.935999990    
        3120  -5.58382797       2.07536983      0.935999990    
        3122  -5.64118147       1.32992887      0.935999990    
        3124  -5.71222067       1.05405283      0.935999990    
        3126  -5.63492632       1.26196611      0.935999990    
        3128  -5.55425453       1.71610951      0.935999990    
        3130  -5.68758726      0.922549307      0.935999990    
        3132  -5.65351248       1.33717728      0.935999990    
        3134  -5.67130661       1.15959156      0.935999990    
        3136  -5.66245270       1.54623473      0.935999990    
        3138  -5.60657549       1.68028808      0.935999990    
        3140  -5.51687384       1.96521235      0.935999990    
        3142  -5.64318800       1.25306237      0.935999990    
        3144  -5.58717632       1.53701055      0.935999990    
        3146  -5.54751110       1.64274836      0.935999990    
        3148  -5.59823751       1.78828001      0.935999990    
        3150  -5.43870163       2.93967032      0.935999990    
        3152  -5.37434769       2.82416487      0.935999990    
        3154  -5.56070995       1.71194589      0.935999990    
        3156  -5.40442896       2.54489136      0.935999990    
        3158  -5.47902489       2.07937002      0.935999990    
        3160  -5.48309994       2.12720013      0.935999990    
        3162  -5.42721796       2.44807029      0.935999990    
        3164  -5.47891474       2.08560085      0.935999990    
        3166  -5.48188829       2.43816948      0.935999990    
        3168  -5.52341413       2.14798951      0.935999990    
        3170  -5.48963261       2.24647164      0.935999990    
        3172  -5.56987858       1.73678339      0.935999990    
        3174  -5.59326267       1.46055412      0.935999990    
        3176  -5.61121225       1.45327973      0.935999990    
        3178  -5.51545668       2.07087755      0.935999990    
        3180  -5.59647942       1.48406565      0.935999990    
        3182  -5.58875036       1.39162314      0.935999990    
        3184  -5.57702112       1.33962405      0.935999990    
        3186  -5.55732346       1.51486456      0.935999990    
        3188  -5.48750067       2.00944281      0.935999990    
        3190  -5.44502974       2.42593026      0.935999990    
        3192  -5.62613440       1.60911930      0.935999990    
        3194  -5.59049845       1.73092234      0.935999990    
        3196  -5.55004644       2.03670812      0.935999990    
        3198  -5.70515919       1.07404137      0.935999990    
        3200  -5.57072878       1.76491439      0.935999990    
        3202  -5.60098791       1.30085635      0.935999990    
        3204  -5.49642658       2.08008790      0.935999990    
        3206  -5.43407297       2.32411981      0.935999990    
        3208  -5.47997284       1.97265029      0.935999990    
        3210  -5.46489191       2.26076436      0.935999990    
        3212  -5.53706646       1.80327547      0.935999990    
        3214  -5.61120987       1.60355198      0.935999990    
        3216  -5.49005747       2.00240564      0.935999990    
        3218  -5.36373377       2.78386021      0.935999990    
        3220  -5.40540552       2.22762036      0.935999990    
        3222  -5.39205313       2.05657887      0.935999990    
        3224  -5.54546404       1.37708986      0.935999990    
        3226  -5.44692898       2.21553707      0.935999990    
        3228  -5.41886377       2.28999186      0.935999990    
        3230  -5.46294260       1.93697691      0.935999990    
        3232  -5.48016644       1.89015853      0.935999990    
        3234  -5.47330189       1.76457047      0.935999990    
        3236  -5.46021271       1.84596181      0.935999990    
        3238  -5.39206362       2.39423800      0.935999990    
        3240  -5.40977383       2.24959016      0.935999990    
        3242  -5.48578835       1.86217737      0.935999990    
        3244  -5.50982380       1.85633039      0.935999990    
        3246  -5.47865629       2.23680043      0.935999990    
        3248  -5.60423231       1.33662570      0.935999990    
        3250  -5.63415241       1.26033974      0.935999990    
        3252  -5.55124664       1.41767645      0.935999990    
        3254  -5.56622696       1.27754343      0.935999990    
        3256  -5.45857334       2.07741523      0.935999990    
        3258  -5.45000362       2.30391073      0.935999990    
        3260  -5.46109581       2.14968538      0.935999990    
        3262  -5.44698906       2.26716614      0.935999990    
        3264  -5.61612177       1.32544672      0.935999990    
        3266  -5.68874884       1.12138259      0.935999990    
        3268  -5.58990479       1.68269050      0.935999990    
        3270  -5.50739574       2.04501796      0.935999990    
        3272  -5.55683374       1.86930859      0.935999990    
        3274  -5.67269707       1.40807378      0.935999990    
        3276  -5.57766676       2.10876274      0.935999990    
        3278  -5.48195505       2.68985009      0.935999990    
        3280  -5.46468496       2.63877392      0.935999990    
        3282  -5.43379164       2.70463300      0.935999990    
        3284  -5.58035183       2.08345389      0.935999990    
        3286  -5.54753065       2.37231827      0.935999990    
        3288  -5.49155760       2.48043060      0.935999990    
        3290  -5.47123051       2.42373800      0.935999990    
        3292  -5.58372450       1.75863779      0.935999990    
        3294  -5.59663963       1.80314231      0.935999990    
        3296  -5.55820847       2.27836800      0.935999990    
        3298  -5.47779846       2.55528688      0.935999990    
        3300  -5.55744028       1.96036255      0.935999990    
        3302  -5.49402094       2.04212546      0.935999990    
        3304  -5.53491306       1.99332821      0.935999990    
        3306  -5.44345713       2.08142519      0.935999990    
        3308  -5.40551472       2.37287712      0.935999990    
        3310  -5.57522678       1.87766087      0.935999990    
        3312  -5.50264740       2.15689731      0.935999990    
        3314  -5.59636784       1.68420017      0.935999990    
        3316  -5.53690100       2.29479003      0.935999990    
        3318  -5.54851627       2.50097370      0.935999990    
        3320  -5.51705694       2.64310765      0.935999990    
        3322  -5.57690573       2.24827814      0.935999990    
        3324  -5.64942026       1.74488735      0.935999990    
        3326  -5.59497976       1.79048145      0.935999990    
        3328  -5.54973602       1.90789580      0.935999990    
        3330  -5.47330427       2.32631350      0.935999990    
        3332  -5.60756016       1.87731957      0.935999990    
        3334  -5.47308779       2.42874527      0.935999990    
        3336  -5.46766233       2.68446684      0.935999990    
        3338  -5.45248699       2.62597704      0.935999990    
        3340  -5.44698858       2.71123648      0.935999990    
        3342  -5.33478546       3.14736056      0.935999990    
        3344  -5.42557430       2.68846345      0.935999990    
        3346  -5.46747684       2.65658760      0.935999990    
        3348  -5.54645395       2.07140827      0.935999990    
        3350  -5.63490820       1.56314182      0.935999990    
        3352  -5.64099693       1.42072415      0.935999990    
        3354  -5.68823290       1.32666385      0.935999990    
        3356  -5.55560589       1.94892013      0.935999990    
        3358  -5.49154997       2.28261375      0.935999990    
        3360  -5.49964142       2.01175427      0.935999990    
        3362  -5.62338543       1.43202960      0.935999990    
        3364  -5.60804224       1.48463631      0.935999990    
        3366  -5.58952141       1.48522782      0.935999990    
        3368  -5.58167171       1.65356398      0.935999990    
        3370  -5.63338900       1.53275073      0.935999990    
        3372  -5.54746962       1.93962193      0.935999990    
        3374  -5.55007410       2.21097851      0.935999990    
        3376  -5.57103777       1.98709166      0.935999990    
        3378  -5.52134514       2.22391295      0.935999990    
        3380  -5.54911041       1.87710154      0.935999990    
        3382  -5.61697865       1.60819864      0.935999990    
        3384  -5.54366636       2.04970860      0.935999990    
        3386  -5.48839426       2.32075548      0.935999990    
        3388  -5.70390368       1.18938470      0.935999990    
        3390  -5.74759912      0.834290147      0.935999990    
        3392  -5.69820929       1.15345109      0.935999990    
        3394  -5.81281042      0.646581054      0.935999990    
        3396  -5.77093697      0.779953718      0.935999990    
        3398  -5.58112335       1.62956011      0.935999990    
        3400  -5.66584015       1.16059768      0.935999990    
        3402  -5.73485613      0.615288317      0.935999990    
        3404  -5.61522961       1.19988000      0.935999990    
        3406  -5.63447762       1.51185894      0.935999990    
        3408  -5.65105104       1.50683379      0.935999990    
        3410  -5.43692970       2.74130583      0.935999990    
        3412  -5.47195911       2.25715709      0.935999990    
        3414  -5.57503939       1.54398572      0.935999990    
        3416  -5.58992958       1.72489130      0.935999990    
        3418  -5.65499878       1.32112277      0.935999990    
        3420  -5.71906757      0.956671476      0.935999990    
        3422  -5.61085606       1.54963613      0.935999990    
        3424  -5.63599682       1.40728307      0.935999990    
        3426  -5.78163004      0.506262064      0.935999990    
        3428  -5.70091295      0.861604810      0.935999990    
        3430  -5.71976614      0.847007096      0.935999990    
        3432  -5.61160851       1.41684806      0.935999990    
        3434  -5.59675217       1.51231277      0.935999990    
        3436  -5.70993280      0.681957304      0.935999990    
        3438  -5.62953568       1.10710180      0.935999990    
        3440  -5.66648865      0.932054460      0.935999990    
        3442  -5.68620157       1.12672019      0.935999990    
        3444  -5.69947863       1.12550318      0.935999990    
        3446  -5.73459959      0.837045014      0.935999990    
        3448  -5.67030478       1.19933653      0.935999990    
        3450  -5.56894922       1.86923504      0.935999990    
        3452  -5.53845882       1.79621518      0.935999990    
        3454  -5.57324886       1.85984266      0.935999990    
        3456  -5.60922098       1.33543253      0.935999990    
        3458  -5.59852695       1.34363914      0.935999990    
        3460  -5.72497797      0.809732258      0.935999990    
        3462  -5.63840389       1.31571817      0.935999990    
        3464  -5.55642176       2.00846148      0.935999990    
        3466  -5.62276411       1.50128198      0.935999990    
        3468  -5.56400061       1.65912890      0.935999990    
        3470  -5.64224958       1.25706053      0.935999990    
        3472  -5.51165915       2.09572649      0.935999990    
        3474  -5.41111565       2.92199850      0.935999990    
        3476  -5.32817745       3.19514632      0.935999990    
        3478  -5.29499292       3.64888239      0.935999990    
        3480  -5.38173914       3.15414333      0.935999990    
        3482  -5.32144880       3.42661142      0.935999990    
        3484  -5.36252928       3.11862540      0.935999990    
        3486  -5.33140564       3.39768934      0.935999990    
        3488  -5.34198046       3.45080948      0.935999990    
        3490  -5.48516464       2.41183043      0.935999990    
        3492  -5.52527380       2.17616463      0.935999990    
        3494  -5.45227432       2.77405071      0.935999990    
        3496  -5.42606401       2.88675141      0.935999990    
        3498  -5.44384480       2.67373466      0.935999990    
        3500  -5.41283798       3.21935582      0.935999990    
        3502  -5.56777048       2.25708127      0.935999990    
        3504  -5.42299604       2.87930012      0.935999990    
        3506  -5.46733046       2.72324920      0.935999990    
        3508  -5.53923988       2.25094032      0.935999990    
        3510  -5.46708107       2.46857786      0.935999990    
        3512  -5.51378679       2.32682705      0.935999990    
        3514  -5.48580790       2.56560421      0.935999990    
        3516  -5.57272148       2.13582110      0.935999990    
        3518  -5.61229515       2.07208610      0.935999990    
        3520  -5.51977682       2.35630894      0.935999990    
        3522  -5.45510244       2.74413085      0.935999990    
        3524  -5.49917078       2.50571179      0.935999990    
        3526  -5.46230364       2.56625462      0.935999990    
        3528  -5.52702141       2.26171923      0.935999990    
        3530  -5.58219862       2.01740217      0.935999990    
        3532  -5.56985235       2.05582428      0.935999990    
        3534  -5.59051991       2.00739694      0.935999990    
        3536  -5.63323879       1.98999584      0.948000014    
        3538  -5.50547266       2.57677913      0.948000014    
        3540  -5.47453260       2.54387736      0.948000014    
        3542  -5.54390574       2.21747327      0.948000014    
        3544  -5.51879454       2.26509619      0.948000014    
        3546  -5.53297424       2.29811668      0.948000014    
        3548  -5.63091612       1.88534462      0.948000014    
        3550  -5.48500443       2.82361293      0.948000014    
        3552  -5.46993828       2.90820384      0.948000014    
        3554  -5.58061457       2.36801124      0.948000014    
        3556  -5.62293959       1.98689878      0.948000014    
        3558  -5.60657692       2.27158475      0.948000014    
        3560  -5.50602007       2.79158616      0.948000014    
        3562  -5.46743441       3.05441666      0.948000014    
        3564  -5.68208122       1.90774202      0.948000014    
        3566  -5.70718002       1.70925057      0.948000014    
        3568  -5.58177376       2.45913506      0.948000014    
        3570  -5.63713837       2.22875786      0.948000014    
        3572  -5.63621521       2.24149513      0.948000014    
        3574  -5.60637951       2.43798375      0.948000014    
        3576  -5.62708807       2.34507251      0.948000014    
        3578  -5.52074766       2.67817974      0.948000014    
        3580  -5.68994188       2.01411748      0.948000014    
        3582  -5.59819126       2.22571707      0.948000014    
        3584  -5.70746088       1.87390232      0.948000014    
        3586  -5.69864416       1.66927910      0.948000014    
        3588  -5.74660778       1.31742251      0.948000014    
        3590  -5.78607798      0.619275153      0.948000014    
        3592  -5.74490595      0.682638228      0.948000014    
        3594  -5.63077974       1.07391357      0.948000014    
        3596  -5.64096594      0.953005373      0.948000014    
        3598  -5.63376141       1.14664650      0.948000014    
        3600  -5.64673042      0.858425081      0.948000014    
        3602  -5.56393147       1.23572183      0.948000014    
        3604  -5.62758303      0.954975426      0.948000014    
        3606  -5.63041878      0.967891634      0.948000014    
        3608  -5.59567785       1.11989379      0.948000014    
        3610  -5.65659571      0.919827163      0.948000014    
        3612  -5.48924971       1.82032609      0.948000014    
        3614  -5.51220369       1.61709189      0.948000014    
        3616  -5.61370516       1.17776453      0.948000014    
        3618  -5.58411789       1.14846742      0.948000014    
        3620  -5.54364109       1.59316301      0.948000014    
        3622  -5.51582098       1.74464142      0.948000014    
        3624  -5.57517004       1.38359797      0.948000014    
        3626  -5.56931973       1.69806635      0.948000014    
        3628  -5.60943079       1.57647598      0.948000014    
        3630  -5.63605881       1.17827773      0.948000014    
        3632  -5.58894348       1.60320973      0.948000014    
        3634  -5.69433165       1.38008583      0.948000014    
        3636  -5.52448988       1.91627514      0.948000014    
        3638  -5.72324944      0.890383542      0.948000014    
        3640  -5.75066662      0.880321562      0.948000014    
        3642  -5.78405285      0.600618124      0.948000014    
        3644  -5.74573565      0.622958958      0.948000014    
        3646  -5.70267439      0.909505248      0.948000014    
        3648  -5.64888477       1.09667313      0.948000014    
        3650  -5.64424038       1.13549745      0.948000014    
        3652  -5.43145132       2.19189000      0.948000014    
        3654  -5.58683109       1.52867210      0.948000014    
        3656  -5.66996765       1.23722839      0.948000014    
        3658  -5.61647701       1.36491954      0.948000014    
        3660  -5.58755255       1.59132338      0.948000014    
        3662  -5.70223808      0.854338825      0.948000014    
        3664  -5.72148085       1.21836603      0.948000014    
        3666  -5.71762371       1.31864297      0.948000014    
        3668  -5.66080618       1.53705788      0.948000014    
        3670  -5.70793915       1.31326687      0.948000014    
        3672  -5.71540880       1.05155158      0.948000014    
        3674  -5.78482246      0.713551760      0.948000014    
        3676  -5.76308203      0.709051192      0.948000014    
        3678  -5.63938618       1.11320591      0.948000014    
        3680  -5.63916349       1.15645695      0.948000014    
        3682  -5.50149584       1.97626007      0.948000014    
        3684  -5.66800642      0.804082513      0.948000014    
        3686  -5.81002378      0.294650167      0.948000014    
        3688  -5.71248293       1.07121599      0.948000014    
        3690  -5.72211790       1.32280123      0.948000014    
        3692  -5.68471003       1.25342715      0.948000014    
        3694  -5.66663122       1.13550818      0.948000014    
        3696  -5.60970736       1.48603535      0.948000014    
        3698  -5.66165447       1.14515984      0.948000014    
        3700  -5.64048004       1.16123354      0.948000014    
        3702  -5.62600613       1.17307639      0.948000014    
        3704  -5.60318136       1.35145199      0.948000014    
        3706  -5.62464237      0.818112135      0.948000014    
        3708  -5.71189880      0.358540863      0.948000014    
        3710  -5.60962582       1.21995151      0.948000014    
        3712  -5.64564800      0.984943509      0.948000014    
        3714  -5.67398310      0.897080600      0.948000014    
        3716  -5.54584646       1.46065795      0.948000014    
        3718  -5.64294195      0.875299931      0.948000014    
        3720  -5.59906340       1.03117168      0.948000014    
        3722  -5.67442608      0.747887611      0.948000014    
        3724  -5.67328024      0.845389783      0.948000014    
        3726  -5.77402306      0.445172727      0.948000014    
        3728  -5.66630411       1.10536015      0.948000014    
        3730  -5.69227314       1.46059930      0.948000014    
        3732  -5.70688248       1.03685808      0.948000014    
        3734  -5.60858154       1.48372114      0.948000014    
        3736  -5.62862587       1.33110011      0.948000014    
        3738  -5.57247305       1.65708649      0.948000014    
        3740  -5.42790890       2.21922135      0.948000014    
        3742  -5.48405695       2.35470057      0.948000014    
        3744  -5.49478054       2.25455809      0.948000014    
        3746  -5.52999163       2.30466342      0.948000014    
        3748  -5.65723467       1.30658710      0.948000014    
        3750  -5.52443647       1.99784601      0.948000014    
        3752  -5.58047199       1.65787911      0.948000014    
        3754  -5.71521378      0.927890539      0.948000014    
        3756  -5.63837576       1.42685354      0.948000014    
        3758  -5.58402824       1.99853826      0.948000014    
        3760  -5.60459423       1.93661475      0.948000014    
        3762  -5.66790009       1.70398903      0.948000014    
        3764  -5.53088617       2.30450296      0.948000014    
        3766  -5.64222002       1.86786914      0.948000014    
        3768  -5.53526068       1.89964271      0.948000014    
        3770  -5.50389624       2.20158577      0.948000014    
        3772  -5.51345778       2.15250349      0.948000014    
        3774  -5.57216072       1.84426439      0.948000014    
        3776  -5.59927416       1.92780650      0.948000014    
        3778  -5.77328634       1.07210529      0.948000014    
        3780  -5.58598137       2.07316113      0.948000014    
        3782  -5.58622932       2.11786342      0.948000014    
        3784  -5.51948309       2.56807995      0.948000014    
        3786  -5.52918482       2.60295224      0.948000014    
        3788  -5.45271492       2.97400022      0.948000014    
        3790  -5.48551750       2.71836996      0.948000014    
        3792  -5.54905224       2.28673458      0.948000014    
        3794  -5.51799250       2.19583440      0.948000014    
        3796  -5.49065542       2.46612525      0.948000014    
        3798  -5.62668610       1.72508895      0.948000014    
        3800  -5.62421894       1.41969442      0.948000014    
        3802  -5.58010817       1.48658550      0.948000014    
        3804  -5.51094723       1.69818807      0.948000014    
        3806  -5.55699110       1.44412911      0.948000014    
        3808  -5.54872894       1.50545931      0.948000014    
        3810  -5.62071514       1.26191890      0.948000014    
        3812  -5.60194016       1.23786330      0.948000014    
        3814  -5.51728868       1.58912575      0.948000014    
        3816  -5.61640501       1.29490435      0.948000014    
        3818  -5.59193516       1.00077772      0.948000014    
        3820  -5.51040030       1.87062585      0.948000014    
        3822  -5.49040413       1.90168345      0.948000014    
        3824  -5.46960592       1.96395922      0.948000014    
        3826  -5.49442673       1.82826126      0.948000014    
        3828  -5.48911428       1.86414063      0.948000014    
        3830  -5.45435095       1.85245585      0.948000014    
        3832  -5.61025667       1.12487245      0.948000014    
        3834  -5.56540108       1.38938677      0.948000014    
        3836  -5.64594889      0.897064984      0.948000014    
        3838  -5.56195116       1.36267757      0.948000014    
        3840  -5.51268959       1.65043914      0.948000014    
        3842  -5.62514305       1.32123601      0.948000014    
        3844  -5.58373070       1.61119664      0.948000014    
        3846  -5.56106997       1.79028463      0.948000014    
        3848  -5.51923037       1.76186061      0.948000014    
        3850  -5.55661106       1.60133696      0.948000014    
        3852  -5.64739466       1.05860054      0.948000014    
        3854  -5.69284391      0.884146750      0.948000014    
        3856  -5.66686296       1.26962352      0.948000014    
        3858  -5.64577961       1.22192657      0.948000014    
        3860  -5.68040085       1.14933538      0.948000014    
        3862  -5.58096886       1.75376558      0.948000014    
        3864  -5.68097210       1.21788585      0.948000014    
        3866  -5.66025257       1.27024555      0.948000014    
        3868  -5.72694397      0.774446905      0.948000014    
        3870  -5.66978216       1.32288754      0.948000014    
        3872  -5.69659090       1.08807230      0.948000014    
        3874  -5.58220959       1.85204232      0.948000014    
        3876  -5.66538858       1.50919247      0.948000014    
        3878  -5.66189146       1.32701623      0.948000014    
        3880  -5.64677668       1.37271595      0.948000014    
        3882  -5.70306253       1.22376049      0.948000014    
        3884  -5.68368769       1.04572356      0.948000014    
        3886  -5.44675779       2.49553514      0.948000014    
        3888  -5.61681890       1.76481402      0.948000014    
        3890  -5.65793180       1.53922999      0.948000014    
        3892  -5.51958227       2.35039949      0.948000014    
        3894  -5.42925978       2.85130000      0.948000014    
        3896  -5.54516268       2.31613135      0.948000014    
        3898  -5.64869404       1.68263459      0.948000014    
        3900  -5.60722589       1.65355194      0.948000014    
        3902  -5.60103512       1.48041880      0.948000014    
        3904  -5.70937443       1.30530822      0.948000014    
        3906  -5.58426380       2.08213925      0.948000014    
        3908  -5.58460999       1.90238166      0.948000014    
        3910  -5.63506985       1.75115228      0.948000014    
        3912  -5.56421709       2.36087298      0.948000014    
        3914  -5.56637812       2.22157121      0.948000014    
        3916  -5.68054247       1.95982385      0.948000014    
        3918  -5.62541676       2.05091500      0.948000014    
        3920  -5.66955805       2.11337137      0.959999979    
        3922  -5.71371841       1.76481831      0.959999979    
        3924  -5.60620213       2.28188872      0.959999979    
        3926  -5.68525028       1.95856714      0.959999979    
        3928  -5.74681711       1.53283060      0.959999979    
        3930  -5.73980808       1.65371227      0.959999979    
        3932  -5.63859463       2.19312811      0.959999979    
        3934  -5.71817303       1.58687592      0.959999979    
        3936  -5.74395180       1.50191498      0.959999979    
        3938  -5.77315855       1.55777180      0.959999979    
        3940  -5.74351406       1.61203671      0.959999979    
        3942  -5.68746805       1.67164218      0.959999979    
        3944  -5.60778856       1.97166300      0.959999979    
        3946  -5.79661179      0.993965805      0.959999979    
        3948  -5.62975597       1.91907239      0.959999979    
        3950  -5.75474882       1.33880484      0.959999979    
        3952  -5.83857918      0.996737838      0.959999979    
        3954  -5.73053265       1.62304211      0.959999979    
        3956  -5.82239580       1.13548255      0.959999979    
        3958  -5.82351065       1.37766004      0.959999979    
        3960  -5.82267332       1.24765301      0.959999979    
        3962  -5.87561464       1.01332116      0.959999979    
        3964  -5.68617058       1.61036837      0.959999979    
        3966  -5.71579504       1.59805429      0.959999979    
        3968  -5.75818682       1.68859553      0.959999979    
        3970  -5.81771612       1.40729892      0.959999979    
        3972  -5.75720406       1.62435853      0.959999979    
        3974  -5.78253222       1.41420579      0.959999979    
        3976  -5.81553936       1.49842703      0.959999979    
        3978  -5.85770130       1.39984405      0.959999979    
        3980  -5.90261650      0.763789594      0.959999979    
        3982  -5.90251112      0.760049582      0.959999979    
        3984  -5.92039490      0.840462685      0.959999979    
        3986  -5.78130484       1.57468581      0.959999979    
        3988  -5.75256729       1.79996073      0.959999979    
        3990  -5.77886248       1.84168136      0.959999979    
        3992  -5.80458164       1.93504119      0.959999979    
        3994  -5.68520641       2.30433822      0.959999979    
        3996  -5.84524488       1.78902960      0.959999979    
        3998  -5.77400017       1.70514691      0.959999979    
        4000  -5.70421505       1.91009176      0.959999979    
        4002  -5.57577705       2.55299473      0.959999979    
        4004  -5.71061897       1.59876180      0.959999979    
        4006  -5.79247093       1.52264845      0.959999979    
        4008  -5.79632521       1.29332292      0.959999979    
        4010  -5.67400455       1.95331216      0.959999979    
        4012  -5.71683359       1.66582131      0.959999979    
        4014  -5.68366766       1.94699061      0.959999979    
        4016  -5.73708057       1.62062371      0.959999979    
        4018  -5.69822788       1.67319608      0.959999979    
        4020  -5.75775433       1.32788873      0.959999979    
        4022  -5.87818909      0.479948163      0.959999979    
        4024  -5.89577341      0.504916131      0.959999979    
        4026  -5.78690958      0.969066381      0.959999979    
        4028  -5.78441000       1.09068716      0.959999979    
        4030  -5.68552017       1.81872308      0.959999979    
        4032  -5.71539974       2.00296664      0.959999979    
        4034  -5.73939133       2.11235762      0.959999979    
        4036  -5.59822607       2.72812128      0.959999979    
        4038  -5.75904512       2.03424573      0.959999979    
        4040  -5.72982311       1.95318890      0.959999979    
        4042  -5.68705320       2.14703393      0.959999979    
        4044  -5.64450216       2.18880653      0.959999979    
        4046  -5.56015730       2.51254320      0.959999979    
        4048  -5.64189053       2.03028798      0.959999979    
        4050  -5.82263327      0.870289445      0.959999979    
        4052  -5.72612095       1.37764120      0.959999979    
        4054  -5.67605066       1.65632999      0.959999979    
        4056  -5.60726929       1.87232924      0.959999979    
        4058  -5.64362812       1.84566534      0.959999979    
        4060  -5.75342417       1.39285946      0.959999979    
        4062  -5.73944759       1.58241308      0.959999979    
        4064  -5.69298840       1.84446084      0.959999979    
        4066  -5.65293264       2.22296524      0.959999979    
        4068  -5.66975260       2.11138344      0.959999979    
        4070  -5.61162519       2.38586044      0.959999979    
        4072  -5.61959887       2.18482232      0.959999979    
        4074  -5.68536329       1.83679211      0.959999979    
        4076  -5.69464350       1.83163381      0.959999979    
        4078  -5.77158499       1.60207605      0.959999979    
        4080  -5.67742348       2.02956557      0.959999979    
        4082  -5.70764923       1.90521193      0.959999979    
        4084  -5.72668600       1.59960961      0.959999979    
        4086  -5.75873089       1.31717324      0.959999979    
        4088  -5.71095562       1.49073064      0.959999979    
        4090  -5.63603830       1.87424195      0.959999979    
        4092  -5.67330313       1.57174778      0.959999979    
        4094  -5.74009466       1.40394628      0.959999979    
        4096  -5.66936922       1.94683528      0.959999979    
        4098  -5.54415226       2.64180994      0.959999979    
        4100  -5.56763172       2.75019002      0.959999979    
        4102  -5.65539312       2.27156615      0.959999979    
        4104  -5.58714676       2.74348497      0.959999979    
        4106  -5.48983335       3.08735204      0.959999979    
        4108  -5.55849934       2.58104444      0.959999979    
        4110  -5.66127443       2.07261276      0.959999979    
        4112  -5.79744768       1.51888585      0.959999979    
        4114  -5.84614801       1.37411034      0.959999979    
        4116  -5.73896980       1.87513268      0.959999979    
        4118  -5.78212976       2.03923368      0.959999979    
        4120  -5.68515539       2.37227345      0.959999979    
        4122  -5.69363022       2.13194847      0.959999979    
        4124  -5.70591164       1.96250081      0.959999979    
        4126  -5.71951008       1.98332691      0.959999979    
        4128  -5.61755848       2.60540533      0.959999979    
        4130  -5.75511742       1.99133110      0.959999979    
        4132  -5.77858114       1.84030569      0.959999979    
        4134  -5.78303528       1.73119676      0.948000014    
        4136  -5.70908356       1.73956549      0.948000014    
        4138  -5.67966080       1.79453933      0.948000014    
        4140  -5.66621876       1.94236767      0.948000014    
        4142  -5.66503048       1.87265480      0.948000014    
        4144  -5.74108410       1.67145026      0.948000014    
        4146  -5.70006752       1.96794868      0.948000014    
        4148  -5.67097425       2.50094652      0.948000014    
        4150  -5.57806778       2.94970298      0.948000014    
        4152  -5.52460051       2.80662656      0.948000014    
        4154  -5.57014894       2.71055293      0.948000014    
        4156  -5.53595638       2.83261395      0.948000014    
        4158  -5.52974510       3.21904635      0.948000014    
        4160  -5.67650032       2.45892334      0.948000014    
        4162  -5.71607351       2.02335334      0.948000014    
        4164  -5.80079031       1.33640265      0.948000014    
        4166  -5.78391647       1.29472268      0.948000014    
        4168  -5.68624926       1.83714426      0.948000014    
        4170  -5.74779081       1.49639392      0.948000014    
        4172  -5.77359056       1.61826587      0.948000014    
        4174  -5.46632767       2.91163111      0.948000014    
        4176  -5.55880451       2.26852393      0.948000014    
        4178  -5.63915157       1.75610745      0.948000014    
        4180  -5.69701815       1.62169409      0.948000014    
        4182  -5.70858049       1.48232412      0.948000014    
        4184  -5.83599472      0.726775229      0.948000014    
        4186  -5.79937363      0.803039372      0.948000014    
        4188  -5.74296474      0.831350625      0.948000014    
        4190  -5.70723343       1.47721100      0.948000014    
        4192  -5.69387627       1.57203221      0.948000014    
        4194  -5.68264055       1.75084114      0.948000014    
        4196  -5.72323608       1.20073819      0.948000014    
        4198  -5.75752831      0.840662479      0.948000014    
        4200  -5.83944511      0.830815911      0.948000014    
        4202  -5.68829727       1.60352600      0.948000014    
        4204  -5.60576963       1.98274505      0.948000014    
        4206  -5.77922440       1.07720423      0.948000014    
        4208  -5.76723003       1.12814760      0.948000014    
        4210  -5.65593338       1.72442901      0.948000014    
        4212  -5.64822292       1.78214037      0.948000014    
        4214  -5.65945387       1.74145937      0.948000014    
        4216  -5.76712990       1.56982327      0.948000014    
        4218  -5.72825098       1.54648459      0.948000014    
        4220  -5.82760859      0.969299853      0.948000014    
        4222  -5.72903347       1.56736732      0.948000014    
        4224  -5.60213614       2.02222490      0.948000014    
        4226  -5.73449278       1.33388984      0.948000014    
        4228  -5.65568256       1.66616690      0.948000014    
        4230  -5.55006361       1.84121728      0.948000014    
        4232  -5.54647017       2.22300196      0.948000014    
        4234  -5.69956446       1.29490697      0.948000014    
        4236  -5.56339645       1.96082485      0.948000014    
        4238  -5.54090071       2.14977670      0.948000014    
        4240  -5.62016535       1.78810441      0.948000014    
        4242  -5.70960093       1.15306985      0.948000014    
        4244  -5.48403358       2.50462937      0.948000014    
        4246  -5.59121132       2.14006066      0.948000014    
        4248  -5.56504917       2.22891474      0.948000014    
        4250  -5.63028479       1.75239658      0.948000014    
        4252  -5.61968231       1.74215269      0.948000014    
        4254  -5.58993292       2.11260509      0.948000014    
        4256  -5.55131626       2.21361995      0.948000014    
        4258  -5.45529366       2.36990881      0.948000014    
        4260  -5.56018114       1.90889657      0.948000014    
        4262  -5.51351547       2.27387452      0.948000014    
        4264  -5.58358622       1.82857299      0.948000014    
        4266  -5.61636782       1.96426690      0.948000014    
        4268  -5.75353432       1.18310785      0.948000014    
        4270  -5.73044300       1.49244249      0.948000014    
        4272  -5.63154602       1.92801142      0.948000014    
        4274  -5.71469069       1.41044581      0.948000014    
        4276  -5.68733311       1.68964851      0.948000014    
        4278  -5.71184778       1.38305640      0.948000014    
        4280  -5.73712301       1.25536168      0.948000014    
        4282  -5.67706585       1.46075463      0.948000014    
        4284  -5.60710430       1.74780965      0.948000014    
        4286  -5.66541767       1.67555857      0.948000014    
        4288  -5.66204929       1.69061792      0.948000014    
        4290  -5.63032722       1.88144672      0.948000014    
        4292  -5.54785776       2.16467714      0.948000014    
        4294  -5.51443577       2.45840907      0.948000014    
        4296  -5.54792500       1.96469724      0.948000014    
        4298  -5.57045794       1.88984513      0.948000014    
        4300  -5.66919231       1.31843019      0.948000014    
        4302  -5.73633480       1.01213908      0.948000014    
        4304  -5.82123375      0.561780214      0.948000014    
        4306  -5.73026466      0.982674539      0.948000014    
        4308  -5.55495358       2.17801261      0.948000014    
        4310  -5.66536522       1.76754117      0.948000014    
        4312  -5.70510626       1.26072013      0.948000014    
        4314  -5.70233393       1.28402281      0.948000014    
        4316  -5.72571898       1.22742534      0.948000014    
        4318  -5.70639944       1.46542585      0.948000014    
        4320  -5.62549400       1.63937557      0.948000014    
        4322  -5.61472607       1.72503233      0.948000014    
        4324  -5.59425068       1.52325749      0.948000014    
        4326  -5.67355967       1.05679226      0.948000014    
        4328  -5.65270662       1.37466252      0.948000014    
        4330  -5.68270111       1.00202429      0.948000014    
        4332  -5.75542974      0.338915855      0.948000014    
        4334  -5.81430101      0.489205360      0.948000014    
        4336  -5.84295464      0.270826221      0.948000014    
        4338  -5.68639851       1.03463614      0.948000014    
        4340  -5.60202169       1.53765404      0.948000014    
        4342  -5.68034363       1.17542148      0.948000014    
        4344  -5.73766184       1.00389087      0.948000014    
        4346  -5.73746777      0.827476442      0.948000014    
        4348  -5.73672724      0.967186332      0.948000014    
        4350  -5.64785242       1.29554212      0.948000014    
        4352  -5.60936737       1.44819355      0.948000014    
        4354  -5.63373995       1.20248771      0.948000014    
        4356  -5.50201368       1.74498475      0.948000014    
        4358  -5.55621624       1.61469281      0.948000014    
        4360  -5.69943285      0.761017919      0.948000014    
        4362  -5.64744186       1.15268135      0.948000014    
        4364  -5.56695414       1.64400947      0.948000014    
        4366  -5.58960009       1.36507893      0.948000014    
        4368  -5.55118227       1.38647461      0.948000014    
        4370  -5.54742432       1.28919053      0.948000014    
        4372  -5.59319019       1.08555710      0.948000014    
        4374  -5.50427198       1.74788570      0.948000014    
        4376  -5.55959511       1.60140121      0.948000014    
        4378  -5.48930168       1.79763734      0.948000014    
        4380  -5.51305103       1.87534738      0.948000014    
        4382  -5.51466084       1.88248384      0.948000014    
        4384  -5.43544912       2.04372311      0.948000014    
        4386  -5.41781998       2.11144137      0.948000014    
        4388  -5.51149654       1.33659434      0.948000014    
        4390  -5.48622847       1.47627282      0.948000014    
        4392  -5.41449785       1.89460588      0.948000014    
        4394  -5.28435612       2.26673126      0.948000014    
        4396  -5.34738493       1.95095050      0.948000014    
        4398  -5.41045094       1.86712456      0.948000014    
        4400  -5.49564648       1.33016384      0.948000014    
        4402  -5.46783209       1.37393701      0.948000014    
        4404  -5.50597668      0.802661121      0.935999990    
        4406  -5.48306322      0.938799560      0.935999990    
        4408  -5.50792742       1.02521014      0.935999990    
        4410  -5.52536917       1.03251433      0.935999990    
        4412  -5.50966740       1.13955498      0.935999990    
        4414  -5.50115871       1.24996316      0.935999990    
        4416  -5.57704306      0.777410507      0.935999990    
        4418  -5.47193670       1.34497774      0.935999990    
        4420  -5.34384489       1.96250892      0.935999990    
        4422  -5.44569635       1.56969416      0.935999990    
        4424  -5.52990770      0.771008611      0.935999990    
        4426  -5.53520679      0.979760349      0.935999990    
        4428  -5.58915377      0.579021990      0.935999990    
        4430  -5.59985304      0.574171364      0.935999990    
        4432  -5.60019732      0.648454666      0.935999990    
        4434  -5.56210136      0.948698640      0.935999990    
        4436  -5.50446320       1.19811225      0.935999990    
        4438  -5.50636196       1.32994914      0.935999990    
        4440  -5.50616550       1.53619945      0.935999990    
        4442  -5.63034773      0.842321396      0.935999990    
        4444  -5.62170410      0.850333512      0.935999990    
        4446  -5.54734468       1.66533601      0.935999990    
        4448  -5.55340338       1.49283040      0.935999990    
        4450  -5.51065969       1.81191349      0.935999990    
        4452  -5.57203245       1.40619504      0.935999990    
        4454  -5.43437815       2.27939939      0.935999990    
        4456  -5.48446560       2.02641726      0.935999990    
        4458  -5.57064581       1.48358583      0.935999990    
        4460  -5.47580290       1.92806017      0.935999990    
        4462  -5.42663431       2.29713607      0.935999990    
        4464  -5.40644884       2.23612452      0.935999990    
        4466  -5.32329512       2.70901012      0.935999990    
        4468  -5.33977890       2.47986174      0.935999990    
        4470  -5.29166794       2.69166446      0.935999990    
        4472  -5.23759556       2.90879393      0.935999990    
        4474  -5.47570324       1.85919797      0.935999990    
        4476  -5.49553299       1.51686823      0.935999990    
        4478  -5.41499376       1.95318162      0.935999990    
        4480  -5.42138767       2.11474109      0.935999990    
        4482  -5.45524645       1.84211934      0.935999990    
        4484  -5.38990641       1.89769304      0.935999990    
        4486  -5.43480778       1.71143520      0.935999990    
        4488  -5.56976891      0.817594886      0.935999990    
        4490  -5.53087521      0.850747883      0.935999990    
        4492  -5.42958832       1.19264197      0.935999990    
        4494  -5.44685268       1.22555375      0.935999990    
        4496  -5.40367842       1.64601243      0.935999990    
        4498  -5.45882607       1.24546957      0.935999990    
        4500  -5.45615530       1.39999175      0.935999990    
        4502  -5.47057581       1.23001361      0.935999990    
        4504  -5.50304317       1.22077394      0.935999990    
        4506  -5.48448992       1.80022025      0.935999990    
        4508  -5.50876093       1.37275553      0.935999990    
        4510  -5.50461674       1.52015495      0.935999990    
        4512  -5.39233541       2.26548195      0.935999990    
        4514  -5.46410036       2.13666177      0.935999990    
        4516  -5.39559317       2.25702286      0.935999990    
        4518  -5.34420919       1.86572313      0.924000025    
        4520  -5.41836739       1.42440343      0.924000025    
        4522  -5.53272867      0.744922221      0.924000025    
        4524  -5.39034271       1.62389815      0.924000025    
        4526  -5.57172775      0.725494444      0.924000025    
        4528  -5.52441072       1.02188361      0.924000025    
        4530  -5.58863401      0.964185894      0.924000025    
        4532  -5.55828285       1.05205429      0.924000025    
        4534  -5.62967300      0.581776857      0.924000025    
        4536  -5.56813526      0.969457567      0.924000025    
        4538  -5.65680504      0.525358737      0.924000025    
        4540  -5.54342127       1.00722647      0.924000025    
        4542  -5.44057131       1.45136774      0.924000025    
        4544  -5.47571850       1.05530667      0.924000025    
        4546  -5.47061586       1.04609060      0.924000025    
        4548  -5.47030306       1.06611681      0.924000025    
        4550  -5.42769623       1.50693786      0.924000025    
        4552  -5.41981077       1.61168611      0.924000025    
        4554  -5.34638071       1.84069490      0.924000025    
        4556  -5.43905735       1.64281750      0.935999990    
        4558  -5.43393755       1.69376183      0.935999990    
        4560  -5.26358080       2.68314147      0.935999990    
        4562  -5.41747856       2.14048791      0.935999990    
        4564  -5.47312880       1.61089838      0.935999990    
        4566  -5.27726603       2.61951995      0.935999990    
        4568  -5.58022690       1.09143317      0.935999990    
        4570  -5.59385061      0.921248555      0.935999990    
        4572  -5.60585260      0.858934045      0.935999990    
        4574  -5.65290356      0.825544715      0.935999990    
        4576  -5.72466850      0.331952780      0.935999990    
        4578  -5.77235508       8.19442347E-02  0.935999990    
        4580  -5.65815496      0.701443374      0.935999990    
        4582  -5.53020287       1.47758043      0.935999990    
        4584  -5.45560980       2.00190783      0.935999990    
        4586  -5.42813683       2.14430118      0.935999990    
        4588  -5.41550970       2.25545025      0.935999990    
        4590  -5.46439028       1.96522725      0.935999990    
        4592  -5.31095600       2.53367257      0.935999990    
        4594  -5.46710300       2.18608165      0.935999990    
        4596  -5.36300421       2.48224473      0.935999990    
        4598  -5.24981833       3.24872065      0.935999990    
        4600  -5.33517075       2.77990723      0.935999990    
        4602  -5.28293133       3.05520487      0.935999990    
        4604  -5.33217525       2.61974549      0.935999990    
        4606  -5.38702297       2.64705777      0.935999990    
        4608  -5.49938297       2.26334381      0.935999990    
        4610  -5.42850208       2.54768586      0.935999990    
        4612  -5.48334360       2.41219330      0.935999990    
        4614  -5.44356632       2.19788170      0.935999990    
        4616  -5.45826674       2.21564484      0.935999990    
        4618  -5.45119715       2.17530322      0.935999990    
        4620  -5.41992760       2.07705069      0.935999990    
        4622  -5.47335196       2.15452647      0.935999990    
        4624  -5.47483683       1.89865565      0.935999990    
        4626  -5.51995230       1.82111251      0.935999990    
        4628  -5.55730581       1.92904925      0.935999990    
        4630  -5.47618294       2.26649022      0.935999990    
        4632  -5.47136402       2.16474009      0.935999990    
        4634  -5.48742390       2.14832211      0.935999990    
        4636  -5.52742863       2.14637613      0.935999990    
        4638  -5.55337572       1.91755509      0.935999990    
        4640  -5.65262842       1.38338721      0.935999990    
        4642  -5.65302277       1.16692400      0.935999990    
        4644  -5.44073534       2.19601345      0.935999990    
        4646  -5.37646103       2.45040798      0.935999990    
        4648  -5.37787247       2.47421145      0.935999990    
        4650  -5.47489977       2.08241940      0.935999990    
        4652  -5.56056929       1.68564951      0.935999990    
        4654  -5.53690386       2.13758087      0.948000014    
        4656  -5.34939575       2.95525527      0.948000014    
        4658  -5.52509785       2.20349932      0.948000014    
        4660  -5.55393410       2.26399803      0.948000014    
        4662  -5.58338594       1.90725529      0.948000014    
        4664  -5.64882183       1.61864722      0.948000014    
        4666  -5.59280729       1.81444466      0.948000014    
        4668  -5.51623011       1.98302364      0.948000014    
        4670  -5.54426813       1.99603271      0.948000014    
        4672  -5.46642923       2.46946478      0.948000014    
        4674  -5.63337231       1.56454444      0.948000014    
        4676  -5.53242874       1.96756661      0.948000014    
        4678  -5.42575407       2.22767758      0.948000014    
        4680  -5.54192686       1.65832675      0.948000014    
        4682  -5.53487682       1.66117847      0.948000014    
        4684  -5.57413101       1.51424122      0.948000014    
        4686  -5.52550268       1.88664424      0.948000014    
        4688  -5.64816999       1.05447018      0.948000014    
        4690  -5.57873392       1.59475768      0.948000014    
        4692  -5.60590363       1.27282953      0.948000014    
        4694  -5.66943550      0.966336310      0.948000014    
        4696  -5.64443636      0.885788202      0.948000014    
        4698  -5.56662273       1.26054180      0.948000014    
        4700  -5.60868263       1.16608477      0.948000014    
        4702  -5.55101919       1.44197750      0.948000014    
        4704  -5.69310760      0.727165818      0.948000014    
        4706  -5.74869537      0.265344232      0.948000014    
        4708  -5.70909691      0.592277169      0.948000014    
        4710  -5.68183422      0.989789486      0.948000014    
        4712  -5.55856180       1.64576137      0.948000014    
        4714  -5.57021952       1.39474797      0.948000014    
        4716  -5.57107544       1.59216428      0.948000014    
        4718  -5.53758144       2.24945688      0.948000014    
        4720  -5.51073885       2.28739190      0.948000014    
        4722  -5.61256409       1.93103719      0.948000014    
        4724  -5.66069078       1.88190413      0.948000014    
        4726  -5.67117357       1.75342202      0.948000014    
        4728  -5.57585144       2.24969316      0.948000014    
        4730  -5.66561890       1.79276347      0.948000014    
        4732  -5.60011196       2.06815124      0.948000014    
        4734  -5.57499838       2.07582188      0.948000014    
        4736  -5.50078106       2.58137655      0.948000014    
        4738  -5.44550228       2.56116748      0.948000014    
        4740  -5.74568939      0.877955914      0.948000014    
        4742  -5.60748100       1.75351536      0.948000014    
        4744  -5.60573339       1.91991782      0.948000014    
        4746  -5.65140486       1.82356036      0.948000014    
        4748  -5.60030079       2.31797290      0.948000014    
        4750  -5.59789038       2.09343457      0.948000014    
        4752  -5.44562435       2.99987650      0.948000014    
        4754  -5.60538483       2.13293147      0.948000014    
        4756  -5.68694067       1.68856084      0.948000014    
        4758  -5.68334436       1.72969401      0.948000014    
        4760  -5.55430841       2.53760147      0.948000014    
        4762  -5.66026402       2.11737537      0.948000014    
        4764  -5.73619843       1.67693663      0.948000014    
        4766  -5.70495272       1.83972716      0.948000014    
        4768  -5.67863274       1.94032454      0.948000014    
        4770  -5.74623585       1.85647786      0.948000014    
        4772  -5.69867086       2.10746932      0.948000014    
        4774  -5.53287935       2.83825064      0.948000014    
        4776  -5.57726431       2.57289004      0.948000014    
        4778  -5.58441257       2.56568551      0.948000014    
        4780  -5.62182236       2.38205647      0.948000014    
        4782  -5.70319796       1.66036260      0.948000014    
        4784  -5.76619291       1.60176289      0.948000014    
        4786  -5.80381393       1.29417241      0.948000014    
        4788  -5.78541613       1.46876454      0.948000014    
        4790  -5.74590969       1.42031038      0.948000014    
        4792  -5.75295115       1.44767153      0.948000014    
        4794  -5.77714634       1.19942963      0.948000014    
        4796  -5.78483534       1.29692578      0.948000014    
        4798  -5.74578953       1.42103112      0.948000014    
        4800  -5.71296358       1.78778362      0.948000014    
        4802  -5.64010477       1.96922493      0.948000014    
        4804  -5.79340649       1.56033361      0.948000014    
        4806  -5.68335438       1.98449111      0.948000014    
        4808  -5.77800894       1.57325768      0.948000014    
        4810  -5.73207617       1.62621212      0.948000014    
        4812  -5.48130655       3.14453411      0.948000014    
        4814  -5.44249630       3.42693686      0.948000014    
        4816  -5.34869194       3.58403492      0.935999990    
        4818  -5.57580471       2.31601095      0.935999990    
        4820  -5.57676888       2.62766552      0.935999990    
        4822  -5.48600435       2.93217731      0.935999990    
        4824  -5.38261604       3.22477508      0.935999990    
        4826  -5.64752531       1.99487078      0.935999990    
        4828  -5.69941854       1.66650867      0.935999990    
        4830  -5.65814066       1.96526396      0.935999990    
        4832  -5.71183014       1.49666965      0.935999990    
        4834  -5.68756771       1.40005898      0.935999990    
        4836  -5.72267485       1.47302878      0.948000014    
        4838  -5.57094240       2.36383510      0.948000014    
        4840  -5.58838177       2.04845667      0.948000014    
        4842  -5.59341049       1.85876131      0.948000014    
        4844  -5.63016939       1.74531305      0.948000014    
        4846  -5.65513420       1.94012141      0.948000014    
        4848  -5.65488195       1.41520214      0.948000014    
        4850  -5.67193699       1.50542736      0.948000014    
        4852  -5.56171131       2.25443435      0.948000014    
        4854  -5.67607212       1.75836790      0.948000014    
        4856  -5.57375431       2.18827438      0.948000014    
        4858  -5.58631897       1.87145615      0.948000014    
        4860  -5.70727873      0.974514246      0.948000014    
        4862  -5.70980215       1.29499960      0.948000014    
        4864  -5.63927412       1.88383400      0.948000014    
        4866  -5.58807850       2.03071046      0.948000014    
        4868  -5.65825415       1.65413237      0.948000014    
        4870  -5.68156719       1.75517583      0.948000014    
        4872  -5.70131302       1.71833718      0.948000014    
        4874  -5.66760635       1.96249819      0.948000014    
        4876  -5.80338669       1.25063014      0.948000014    
        4878  -5.67915344       1.97934914      0.948000014    
        4880  -5.66894293       1.83752632      0.948000014    
        4882  -5.77538109       1.28472900      0.948000014    
        4884  -5.66302586       1.94139254      0.948000014    
        4886  -5.66338873       1.98763359      0.948000014    
        4888  -5.79816055       1.25097811      0.948000014    
        4890  -5.84056711       1.07006562      0.948000014    
        4892  -5.75352001       1.41391158      0.948000014    
        4894  -5.79170132       1.59518456      0.948000014    
        4896  -5.77172327       1.72636259      0.948000014    
        4898  -5.76929855       1.96252048      0.948000014    
        4900  -5.79122686       1.95297134      0.948000014    
        4902  -5.81353951       1.84946585      0.948000014    
        4904  -5.72690964       2.23148417      0.948000014    
        4906  -5.85118198       1.56438363      0.948000014    
        4908  -5.82182312       1.60333347      0.948000014    
        4910  -5.78837490       1.44971919      0.948000014    
        4912  -5.80930233       1.61379492      0.948000014    
        4914  -5.73165083       2.05132318      0.948000014    
        4916  -5.73989868       1.90006614      0.948000014    
        4918  -5.60930967       2.54080391      0.948000014    
        4920  -5.74448967       1.96155417      0.948000014    
        4922  -5.92803383       1.18056452      0.948000014    
        4924  -5.84223366       1.78172565      0.948000014    
        4926  -5.78056145       2.17032051      0.948000014    
        4928  -5.75408363       2.11688375      0.948000014    
        4930  -5.83990860       1.65212929      0.948000014    
        4932  -5.79850292       1.84959579      0.948000014    
        4934  -5.79670906       2.16871023      0.948000014    
        4936  -5.80621815       2.11270976      0.948000014    
        4938  -5.83129930       2.08791661      0.948000014    
        4940  -5.91580963       1.53971171      0.948000014    
        4942  -5.75388527       2.36627984      0.948000014    
        4944  -5.78855324       2.08055949      0.948000014    
        4946  -5.77346992       2.25552154      0.948000014    
        4948  -5.81834888       2.16000462      0.948000014    
        4950  -5.81198597       2.38613486      0.948000014    
        4952  -5.86864090       2.05183268      0.948000014    
        4954  -5.83452702       2.26452780      0.948000014    
        4956  -5.79490519       2.30777454      0.948000014    
        4958  -5.67285109       3.11328769      0.948000014    
        4960  -5.75950480       2.28571725      0.948000014    
        4962  -5.69388008       2.58483410      0.948000014    
        4964  -5.64115667       2.96242285      0.948000014    
        4966  -5.46909094       4.08458138      0.948000014    
        4968  -5.57524395       3.06976891      0.948000014    
        4970  -5.67493153       2.18150830      0.948000014    
        4972  -5.60175037       2.46826386      0.948000014    
        4974  -5.64200020       2.33205748      0.948000014    
        4976  -5.63382387       2.27146697      0.948000014    
        4978  -5.72669935       1.86353779      0.948000014    
        4980  -5.76487684       1.64837551      0.948000014    
        4982  -5.75995731       1.47200799      0.948000014    
        4984  -5.67812681       1.96573901      0.948000014    
        4986  -5.73596859       1.69371212      0.948000014    
        4988  -5.76385593       1.97108674      0.948000014    
        4990  -5.71313763       2.37123632      0.948000014    
        4992  -5.58564329       2.84533763      0.948000014    
        4994  -5.68341064       2.15244865      0.948000014    
        4996  -5.74276066       1.71421957      0.948000014    
        4998  -5.58201027       2.27014017      0.948000014    
        5000  -5.66216183       2.22372460      0.948000014    
        5002  -5.61772966       2.29985857      0.948000014    
        5004  -5.75142813       1.60618174      0.948000014    
        5006  -5.68754578       2.04106879      0.948000014    
        5008  -5.69939327       1.72460163      0.948000014    
        5010  -5.62260771       2.21347785      0.948000014    
        5012  -5.83331776       1.31997824      0.948000014    
        5014  -5.84200907       1.18868768      0.948000014    
        5016  -5.72200775       1.64979255      0.948000014    
        5018  -5.69134808       2.01256227      0.948000014    
        5020  -5.81232405       1.33897960      0.948000014    
        5022  -5.79076195       1.24554074      0.948000014    
        5024  -5.61678410       1.99631512      0.948000014    
        5026  -5.67929077       1.68822205      0.948000014    
        5028  -5.77626657       1.20601046      0.948000014    
        5030  -5.61800623       2.06404543      0.948000014    
        5032  -5.60328770       2.04303622      0.948000014    
        5034  -5.71736813       1.60118139      0.948000014    
        5036  -5.80317354       1.06589878      0.948000014    
        5038  -5.78461456       1.07157063      0.948000014    
        5040  -5.62082863       1.94993842      0.948000014    
        5042  -5.82648468      0.930817842      0.948000014    
        5044  -5.70461178       1.55428553      0.948000014    
        5046  -5.85237789      0.835273027      0.948000014    
        5048  -5.77290392       1.38827872      0.948000014    
        5050  -5.75872469       1.30673647      0.948000014    
        5052  -5.67324734       2.02900028      0.948000014    
        5054  -5.69277906       2.07790399      0.948000014    
        5056  -5.73267603       1.95891201      0.948000014    
        5058  -5.78120708       1.73440635      0.948000014    
        5060  -5.68551350       2.32206249      0.948000014    
        5062  -5.60557795       2.65778804      0.948000014    
        5064  -5.53918028       3.08849192      0.948000014    
        5066  -5.75078344       2.12920570      0.948000014    
        5068  -5.74216127       2.19168711      0.948000014    
        5070  -5.71260500       2.10656786      0.948000014    
        5072  -5.82820272       1.41822445      0.948000014    
        5074  -5.76827383       1.84083617      0.948000014    
        5076  -5.75181675       2.19710279      0.948000014    
        5078  -5.67761421       2.45055985      0.948000014    
        5080  -5.58575630       2.82716799      0.948000014    
        5082  -5.66364241       2.40563917      0.948000014    
        5084  -5.63512802       2.72637296      0.948000014    
        5086  -5.68302870       2.61128783      0.948000014    
        5088  -5.68095493       2.86461806      0.959999979    
        5090  -5.87956953       1.73070180      0.959999979    
        5092  -5.72399330       2.44005561      0.959999979    
        5094  -5.74818802       2.24255276      0.959999979    
        5096  -5.80335808       2.10938740      0.959999979    
        5098  -5.77301598       1.88346326      0.959999979    
        5100  -5.77908373       1.98096299      0.959999979    
        5102  -5.67436457       2.31574225      0.959999979    
        5104  -5.59379578       2.63411689      0.959999979    
        5106  -5.79888582       1.51973617      0.959999979    
        5108  -5.66617012       2.12190008      0.959999979    
        5110  -5.65915918       2.01633978      0.959999979    
        5112  -5.64550781       2.19712138      0.959999979    
        5114  -5.73024416       1.89400148      0.959999979    
        5116  -5.69047499       2.32831097      0.959999979    
        5118  -5.67255402       2.42484283      0.959999979    
        5120  -5.57476473       2.76817203      0.959999979    
        5122  -5.56050110       2.79678822      0.959999979    
        5124  -5.43768549       3.14881754      0.959999979    
        5126  -5.55313015       2.49537158      0.959999979    
        5128  -5.60861588       2.24345732      0.959999979    
        5130  -5.48978901       3.22646165      0.959999979    
        5132  -5.61655569       2.55423784      0.959999979    
        5134  -5.66652107       2.25279403      0.959999979    
        5136  -5.57809019       2.69540596      0.959999979    
        5138  -5.45737314       3.22315836      0.959999979    
        5140  -5.55965376       2.73672628      0.959999979    
        5142  -5.72276020       1.86015701      0.959999979    
        5144  -5.69438505       1.91261852      0.959999979    
        5146  -5.63453245       2.31108856      0.959999979    
        5148  -5.54509783       2.70935178      0.959999979    
        5150  -5.58861256       2.59215689      0.959999979    
        5152  -5.52941990       2.89721346      0.959999979    
        5154  -5.53798389       3.09964466      0.959999979    
        5156  -5.60130644       2.84101367      0.959999979    
        5158  -5.72906542       2.26792383      0.959999979    
        5160  -5.64114952       2.53102326      0.959999979    
        5162  -5.61850500       2.37427044      0.959999979    
        5164  -5.61830759       2.47879696      0.959999979    
        5166  -5.51821661       2.99183583      0.959999979    
        5168  -5.44559240       3.47987962      0.959999979    
        5170  -5.41046000       3.59310985      0.959999979    
        5172  -5.48242950       2.90430808      0.959999979    
        5174  -5.59712505       2.30916047      0.959999979    
        5176  -5.59935999       2.08488250      0.959999979    
        5178  -5.50302792       2.44483829      0.959999979    
        5180  -5.60988951       1.82342076      0.959999979    
        5182  -5.58418131       2.30494475      0.959999979    
        5184  -5.54894781       2.35195088      0.959999979    
        5186  -5.70540237       1.62108684      0.959999979    
        5188  -5.68972731       1.76407874      0.959999979    
        5190  -5.69397020       1.77912736      0.959999979    
        5192  -5.70378876       1.61362934      0.959999979    
        5194  -5.61418295       2.01072311      0.959999979    
        5196  -5.71219826       1.32831621      0.959999979    
        5198  -5.70893621       1.51820111      0.959999979    
        5200  -5.69046926       1.86314464      0.959999979    
        5202  -5.66311407       2.15470695      0.959999979    
        5204  -5.75303316       1.69725013      0.959999979    
        5206  -5.80845976       1.45779300      0.959999979    
        5208  -5.69386292       2.02621341      0.959999979    
        5210  -5.65798187       1.96225619      0.959999979    
        5212  -5.62540197       2.26123095      0.959999979    
        5214  -5.69682169       1.81594491      0.959999979    
        5216  -5.72984600       1.70940769      0.959999979    
        5218  -5.66888952       2.06059885      0.959999979    
        5220  -5.72289991       2.01472449      0.959999979    
        5222  -5.62257290       2.56446505      0.959999979    
        5224  -5.77833986       1.63360941      0.959999979    
        5226  -5.64106607       2.23601532      0.959999979    
        5228  -5.71285343       1.77523923      0.959999979    
        5230  -5.60647964       2.30166936      0.959999979    
        5232  -5.63678741       2.11028337      0.959999979    
        5234  -5.61836004       2.10000515      0.959999979    
        5236  -5.62730217       2.06771493      0.959999979    
        5238  -5.46696377       3.07595611      0.959999979    
        5240  -5.50698042       2.80022264      0.959999979    
        5242  -5.51399612       2.83074570      0.959999979    
        5244  -5.53200817       2.81156969      0.959999979    
        5246  -5.55315351       3.00181937      0.959999979    
        5248  -5.54590511       2.73252010      0.959999979    
        5250  -5.58873796       2.34558773      0.959999979    
        5252  -5.53969574       3.01449060      0.959999979    
        5254  -5.59845638       2.61492491      0.959999979    
        5256  -5.65642881       2.35324812      0.959999979    
        5258  -5.68152189       2.24241710      0.959999979    
        5260  -5.62337828       2.60236692      0.959999979    
        5262  -5.78101921       2.13832259      0.959999979    
        5264  -5.70439577       2.50058436      0.959999979    
        5266  -5.59089899       2.87051558      0.959999979    
        5268  -5.63386631       2.46733141      0.959999979    
        5270  -5.64000702       2.10955453      0.959999979    
        5272  -5.64795780       2.02748704      0.959999979    
        5274  -5.63744211       2.07093096      0.959999979    
        5276  -5.57028389       2.28085089      0.959999979    
        5278  -5.54284954       2.64944458      0.959999979    
        5280  -5.62119865       2.11556840      0.959999979    
        5282  -5.54226685       2.67410493      0.959999979    
        5284  -5.47024298       2.76234627      0.959999979    
        5286  -5.61703682       2.03653240      0.959999979    
        5288  -5.60454226       2.08987522      0.959999979    
        5290  -5.61471796       2.00091982      0.959999979    
        5292  -5.67910290       1.74938095      0.959999979    
        5294  -5.77704906       1.54242313      0.959999979    
        5296  -5.72256708       1.80891871      0.959999979    
        5298  -5.65589857       2.27340627      0.959999979    
        5300  -5.79686594       1.22507155      0.959999979    
        5302  -5.77017117       1.31641853      0.959999979    
        5304  -5.61545229       2.29237866      0.959999979    
        5306  -5.73556900       1.44855917      0.959999979    
        5308  -5.82256365       1.07600677      0.959999979    
        5310  -5.78948355       1.21745896      0.959999979    
        5312  -5.67811489       2.04279685      0.959999979    
        5314  -5.80048227       1.20943964      0.959999979    
        5316  -5.80962038       1.17971349      0.959999979    
        5318  -5.82547951       1.13228774      0.959999979    
        5320  -5.77225447       1.45194864      0.959999979    
        5322  -5.83262348       1.06691957      0.959999979    
        5324  -5.81806469      0.955003738      0.959999979    
        5326  -5.76655674       1.10004747      0.959999979    
        5328  -5.66014671       1.48469472      0.959999979    
        5330  -5.67721462       1.49005592      0.959999979    
        5332  -5.68370438       1.59540784      0.959999979    
        5334  -5.73301792       1.47880363      0.959999979    
        5336  -5.62479734       1.80081952      0.959999979    
        5338  -5.50540209       2.07806492      0.959999979    
        5340  -5.42024136       2.22157764      0.959999979    
        5342  -5.45505285       1.99124837      0.959999979    
        5344  -5.59397364       1.56862175      0.959999979    
        5346  -5.64234161       1.45064902      0.959999979    
        5348  -5.65487289       1.50311720      0.959999979    
        5350  -5.69611502       1.59260952      0.959999979    
        5352  -5.63352728       1.81820893      0.959999979    
        5354  -5.48334599       2.77906179      0.959999979    
        5356  -5.49848795       2.35210586      0.959999979    
        5358  -5.52566195       2.27968860      0.959999979    
        5360  -5.64049435       1.58556724      0.959999979    
        5362  -5.63438082       1.62133348      0.959999979    
        5364  -5.50967836       2.43335748      0.959999979    
        5366  -5.58863354       1.77441227      0.959999979    
        5368  -5.61652756       1.75284839      0.959999979    
        5370  -5.62927485       2.02614832      0.959999979    
        5372  -5.61632586       2.23600459      0.959999979    
        5374  -5.53502226       2.50324154      0.959999979    
        5376  -5.62092257       1.82228553      0.959999979    
        5378  -5.58561373       1.88412344      0.959999979    
        5380  -5.50649405       2.51711631      0.959999979    
        5382  -5.53835630       2.34770203      0.959999979    
        5384  -5.62087631       1.74473822      0.959999979    
        5386  -5.70384455       1.29041052      0.959999979    
        5388  -5.73394156       1.31506169      0.959999979    
        5390  -5.73446178       1.47904730      0.959999979    
        5392  -5.67491007       1.72819269      0.959999979    
        5394  -5.74700642       1.39326441      0.959999979    
        5396  -5.71368885       1.78140044      0.959999979    
        5398  -5.78809547       1.09150434      0.959999979    
        5400  -5.80328846       1.19936740      0.959999979    
        5402  -5.73901749       1.25764966      0.959999979    
        5404  -5.82601309      0.651668072      0.959999979    
        5406  -5.80533409      0.881940663      0.959999979    
        5408  -5.75345325       1.15878475      0.959999979    
        5410  -5.70088863       1.37311912      0.959999979    
        5412  -5.71765947       1.39956701      0.959999979    
        5414  -5.72681093       1.40724444      0.959999979    
        5416  -5.68522787       1.66869628      0.959999979    
        5418  -5.54730606       2.60142827      0.959999979    
        5420  -5.42589855       3.13429189      0.959999979    
        5422  -5.48340034       2.75568080      0.959999979    
        5424  -5.45945740       2.83753705      0.959999979    
        5426  -5.43137646       3.28780508      0.959999979    
        5428  -5.34928608       3.41915727      0.959999979    
        5430  -5.45183086       2.76471853      0.959999979    
        5432  -5.39298868       2.86840343      0.959999979    
        5434  -5.53899956       2.09942555      0.959999979    
        5436  -5.54847956       1.73856831      0.959999979    
        5438  -5.47958469       2.22502613      0.959999979    
        5440  -5.43848276       2.66345716      0.959999979    
        5442  -5.56975937       1.68637264      0.959999979    
        5444  -5.66843510       1.60644209      0.959999979    
        5446  -5.56567335       2.17256236      0.959999979    
        5448  -5.56879425       2.16394258      0.959999979    
        5450  -5.51097345       2.38143969      0.959999979    
        5452  -5.51595020       2.13038301      0.959999979    
        5454  -5.49199343       2.28633213      0.959999979    
        5456  -5.67092180       1.44217646      0.959999979    
        5458  -5.52308750       2.36901879      0.959999979    
        5460  -5.63406944       1.60726237      0.959999979    
        5462  -5.59353113       1.80390251      0.959999979    
        5464  -5.72415495      0.983058751      0.959999979    
        5466  -5.68478251       1.61373413      0.959999979    
        5468  -5.73260021       1.20993280      0.959999979    
        5470  -5.57553720       1.85984695      0.959999979    
        5472  -5.71773672       1.04474878      0.959999979    
        5474  -5.69686556       1.39139533      0.959999979    
        5476  -5.70794535       1.41736352      0.959999979    
        5478  -5.73531151       1.22432792      0.959999979    
        5480  -5.66615486       1.42091942      0.959999979    
        5482  -5.60022497       1.67253566      0.959999979    
        5484  -5.69277143       1.66716158      0.972000003    
        5486  -5.69900084       1.62282860      0.972000003    
        5488  -5.77727842       1.34231734      0.972000003    
        5490  -5.78099680       1.41456962      0.972000003    
        5492  -5.76176882       1.62459266      0.972000003    
        5494  -5.77443647       1.33040190      0.972000003    
        5496  -5.78675508       1.47063911      0.972000003    
        5498  -5.63890839       2.39383125      0.972000003    
        5500  -5.80147362       1.39479053      0.972000003    
        5502  -5.76741934       1.69851613      0.972000003    
        5504  -5.88813066       1.07461417      0.972000003    
        5506  -5.72653675       1.92118490      0.972000003    
        5508  -5.71325779       1.87853503      0.972000003    
        5510  -5.70564795       1.96342874      0.972000003    
        5512  -5.76682758       1.85343397      0.972000003    
        5514  -5.74880219       2.06959271      0.972000003    
        5516  -5.70417738       2.26993370      0.972000003    
        5518  -5.69576979       2.00375223      0.972000003    
        5520  -5.64592361       2.34205580      0.972000003    
        5522  -5.71941710       2.09744334      0.972000003    
        5524  -5.69218445       2.10604644      0.972000003    
        5526  -5.66827869       2.40354300      0.972000003    
        5528  -5.75901937       2.14856744      0.972000003    
        5530  -5.76670933       2.19621968      0.972000003    
        5532  -5.79974699       1.99778008      0.972000003    
        5534  -5.79681778       1.70820832      0.972000003    
        5536  -5.70549822       2.09661007      0.972000003    
        5538  -5.76130056       1.65816581      0.972000003    
        5540  -5.67098236       2.04573774      0.972000003    
        5542  -5.72241068       1.81258547      0.972000003    
        5544  -5.69944525       1.52600491      0.972000003    
        5546  -5.70112324       1.88193750      0.972000003    
        5548  -5.74831533       1.88255620      0.972000003    
        5550  -5.76330233       1.47262049      0.972000003    
        5552  -5.81456852       1.05427992      0.972000003    
        5554  -5.78149939       1.41935575      0.972000003    
        5556  -5.74468136       1.74818277      0.972000003    
        5558  -5.80043602       1.47270012      0.972000003    
        5560  -5.74227285       1.52709031      0.972000003    
        5562  -5.83311224       1.44786990      0.972000003    
        5564  -5.75504446       1.83113074      0.972000003    
        5566  -5.71278763       2.06277323      0.972000003    
        5568  -5.78468180       1.65584767      0.972000003    
        5570  -5.75915337       1.77842164      0.972000003    
        5572  -5.77967978       1.63530016      0.972000003    
        5574  -5.79266024       1.59288454      0.972000003    
        5576  -5.57405233       2.78298163      0.972000003    
        5578  -5.59861755       2.62407398      0.972000003    
        5580  -5.66050196       2.30253506      0.972000003    
        5582  -5.60630417       2.74543047      0.972000003    
        5584  -5.57138443       2.82742381      0.972000003    
        5586  -5.59536600       2.78221893      0.972000003    
        5588  -5.56579018       2.80758762      0.972000003    
        5590  -5.69619656       2.10977268      0.972000003    
        5592  -5.64475155       2.09109163      0.972000003    
        5594  -5.66786289       2.21229506      0.972000003    
        5596  -5.57906771       2.46428347      0.972000003    
        5598  -5.53580761       2.51256585      0.972000003    
        5600  -5.68375206       1.65929103      0.972000003    
        5602  -5.63505507       1.76421559      0.972000003    
        5604  -5.53041220       2.52613735      0.972000003    
        5606  -5.66281986       2.11078787      0.972000003    
        5608  -5.70289660       1.84014571      0.972000003    
        5610  -5.73295975       1.74204648      0.972000003    
        5612  -5.73581409       1.92269742      0.972000003    
        5614  -5.76112652       1.71550679      0.972000003    
        5616  -5.76059914       1.63376212      0.972000003    
        5618  -5.80141163       1.54349864      0.972000003    
        5620  -5.80032492       1.77805960      0.972000003    
        5622  -5.72621298       2.09861970      0.972000003    
        5624  -5.83235073       1.40205359      0.972000003    
        5626  -5.78636742       1.71528518      0.972000003    
        5628  -5.71210623       1.93105936      0.972000003    
        5630  -5.72945881       1.82957685      0.972000003    
        5632  -5.73179817       1.88851559      0.972000003    
        5634  -5.82432270       1.50411308      0.972000003    
        5636  -5.74262857       1.80548429      0.959999979    
        5638  -5.74603081       1.90145791      0.959999979    
        5640  -5.71766567       1.77165353      0.959999979    
        5642  -5.78892517       1.69875789      0.959999979    
        5644  -5.85719395       1.43622804      0.959999979    
        5646  -5.72654486       2.26784158      0.959999979    
        5648  -5.71404314       2.01360202      0.959999979    
        5650  -5.74813414       1.75085795      0.959999979    
        5652  -5.80811739       1.71394801      0.959999979    
        5654  -5.85423279       1.58610308      0.959999979    
        5656  -5.87018585       1.60681212      0.959999979    
        5658  -5.80099249       1.82500744      0.959999979    
        5660  -5.67256498       2.27294326      0.959999979    
        5662  -5.74706697       1.88193321      0.959999979    
        5664  -5.72186947       2.28707409      0.959999979    
        5666  -5.71881151       2.36160731      0.959999979    
        5668  -5.60059929       2.88032937      0.959999979    
        5670  -5.59343386       3.01598263      0.959999979    
        5672  -5.70895386       2.27419472      0.959999979    
        5674  -5.83840036       2.00157595      0.959999979    
        5676  -5.72972775       2.39230847      0.959999979    
        5678  -5.70699167       2.56270361      0.959999979    
        5680  -5.57640266       3.28553891      0.959999979    
        5682  -5.51127529       3.49825954      0.959999979    
        5684  -5.61980963       2.85769415      0.959999979    
        5686  -5.68849230       2.30120015      0.959999979    
        5688  -5.72582960       2.08851576      0.959999979    
        5690  -5.70847702       2.36929584      0.959999979    
        5692  -5.67114496       2.75658154      0.959999979    
        5694  -5.74037361       2.24695110      0.959999979    
        5696  -5.81386566       1.64879084      0.959999979    
        5698  -5.68376637       2.52150083      0.959999979    
        5700  -5.69410038       2.15804577      0.959999979    
        5702  -5.74405050       2.19234729      0.959999979    
        5704  -5.72202826       2.27662444      0.959999979    
        5706  -5.77352715       1.63739192      0.959999979    
        5708  -5.65879583       2.46081758      0.959999979    
        5710  -5.60761690       2.92310762      0.959999979    
        5712  -5.69188452       2.28699136      0.959999979    
        5714  -5.70872641       2.31294394      0.959999979    
        5716  -5.73813534       1.94732618      0.959999979    
        5718  -5.65989733       2.34249663      0.959999979    
        5720  -5.79979706       1.59633219      0.959999979    
        5722  -5.76593065       1.25132358      0.959999979    
        5724  -5.72088146       1.56303084      0.959999979    
        5726  -5.61472511       2.14960909      0.959999979    
        5728  -5.61889219       2.15448904      0.959999979    
        5730  -5.51799202       2.70500708      0.959999979    
        5732  -5.56543589       2.39790392      0.959999979    
        5734  -5.55122757       2.65042114      0.959999979    
        5736  -5.70201063       1.72324586      0.959999979    
        5738  -5.79561710       1.17486238      0.959999979    
        5740  -5.82898521       1.02730238      0.959999979    
        5742  -5.73920488       1.61920691      0.959999979    
        5744  -5.75144243       1.46075881      0.959999979    
        5746  -5.68903208       1.76422465      0.959999979    
        5748  -5.63204241       2.01923108      0.959999979    
        5750  -5.58129358       2.45613241      0.959999979    
        5752  -5.65944576       2.02432561      0.959999979    
        5754  -5.57527018       2.43317962      0.959999979    
        5756  -5.54634380       2.69529390      0.959999979    
        5758  -5.65083218       1.88288033      0.959999979    
        5760  -5.52778816       2.40001822      0.959999979    
        5762  -5.64549398       2.20377040      0.959999979    
        5764  -5.68274689       2.15777707      0.959999979    
        5766  -5.71549845       2.01481175      0.959999979    
        5768  -5.62869072       2.41052747      0.959999979    
        5770  -5.60879803       2.52509284      0.959999979    
        5772  -5.54385281       2.81932354      0.959999979    
        5774  -5.50090742       2.66698790      0.959999979    
        5776  -5.46396589       2.96309662      0.959999979    
        5778  -5.63197613       2.27451801      0.959999979    
        5780  -5.58519888       2.22223759      0.959999979    
        5782  -5.54447746       2.48648930      0.959999979    
        5784  -5.60104465       2.33691192      0.959999979    
        5786  -5.73604202       1.24236226      0.959999979    
        5788  -5.69641542       1.39732492      0.959999979    
        5790  -5.72693110       1.44320250      0.959999979    
        5792  -5.77221870       1.01980424      0.959999979    
        5794  -5.88434172      0.350168586      0.959999979    
        5796  -5.65335083       1.33859551      0.959999979    
        5798  -5.79281759      0.579943120      0.959999979    
        5800  -5.66569662       1.32219231      0.959999979    
        5802  -5.61974525       1.34630489      0.959999979    
        5804  -5.52730417       2.03902602      0.959999979    
        5806  -5.57049704       1.64583874      0.959999979    
        5808  -5.61183405       1.60602331      0.959999979    
        5810  -5.58969212       1.77084148      0.959999979    
        5812  -5.71722746       1.01026309      0.959999979    
        5814  -5.69300175       1.22306526      0.959999979    
        5816  -5.62534094       1.84529996      0.959999979    
        5818  -5.55875826       2.22340417      0.959999979    
        5820  -5.72667408       1.22925651      0.959999979    
        5822  -5.67841244       1.41578877      0.959999979    
        5824  -5.73622417      0.867616951      0.959999979    
        5826  -5.66822529       1.26424086      0.959999979    
        5828  -5.67104149       1.17707944      0.959999979    
        5830  -5.57478189       1.52439809      0.959999979    
        5832  -5.59724283       1.51892889      0.959999979    
        5834  -5.55798483       1.79098022      0.959999979    
        5836  -5.58042145       1.73537886      0.959999979    
        5838  -5.53227472       1.82390440      0.959999979    
        5840  -5.46758604       2.32291317      0.959999979    
        5842  -5.56992865       1.63909137      0.959999979    
        5844  -5.69134378      0.855996966      0.959999979    
        5846  -5.62453556       1.16902447      0.959999979    
        5848  -5.58614683       1.51395845      0.959999979    
        5850  -5.63378763       1.20035696      0.959999979    
        5852  -5.65629911       1.43395412      0.959999979    
        5854  -5.65744495       1.33624411      0.959999979    
        5856  -5.79349232      0.776378989      0.959999979    
        5858  -5.83474541      0.187110752      0.959999979    
        5860  -5.62194252       1.22702777      0.959999979    
        5862  -5.48569441       2.23392439      0.959999979    
        5864  -5.55119610       1.84611464      0.959999979    
        5866  -5.70593977      0.994104147      0.959999979    
        5868  -5.74616003      0.819148839      0.959999979    
        5870  -5.85908222      0.507445037      0.959999979    
        5872  -5.84567642      0.412244201      0.959999979    
        5874  -5.73351812      0.825839818      0.959999979    
        5876  -5.68836355       1.09853446      0.959999979    
        5878  -5.66802979       1.13516355      0.959999979    
        5880  -5.71950769       1.11071372      0.959999979    
        5882  -5.76656485      0.894436836      0.959999979    
        5884  -5.68505096       1.64528739      0.959999979    
        5886  -5.53655577       2.21134067      0.959999979    
        5888  -5.71411753       1.44465721      0.959999979    
        5890  -5.70667315       1.47811687      0.959999979    
        5892  -5.67730951       1.56264305      0.959999979    
        5894  -5.63236666       1.89741683      0.959999979    
        5896  -5.59309864       2.02807045      0.959999979    
        5898  -5.58281517       2.18758368      0.959999979    
        5900  -5.59659386       2.38035250      0.959999979    
        5902  -5.80403233       1.03682935      0.959999979    
        5904  -5.86751461      0.684841514      0.959999979    
        5906  -5.80606174      0.987033248      0.959999979    
        5908  -5.77890110      0.949298859      0.959999979    
        5910  -5.68924761       1.42771590      0.959999979    
        5912  -5.65353346       1.61633122      0.959999979    
        5914  -5.76533604       1.03328478      0.959999979    
        5916  -5.65691519       1.38177395      0.959999979    
        5918  -5.73325014       1.25444126      0.959999979    
        5920  -5.60998344       1.65010381      0.959999979    
        5922  -5.80312538      0.605378687      0.959999979    
        5924  -5.80931187      0.670016468      0.959999979    
        5926  -5.81699181       1.05782807      0.959999979    
        5928  -5.81283951       1.12333131      0.959999979    
        5930  -5.79348564       1.13434398      0.959999979    
        5932  -5.76425123       1.20632839      0.959999979    
        5934  -5.75423717       1.38127470      0.959999979    
        5936  -5.79408884       1.14352393      0.959999979    
        5938  -5.79113245       1.48468816      0.959999979    
        5940  -5.83564806       1.06296682      0.959999979    
        5942  -5.78346109       1.43625844      0.959999979    
        5944  -5.67487955       2.15625048      0.959999979    
        5946  -5.71062994       1.83454275      0.959999979    
        5948  -5.76230860       1.48087966      0.959999979    
        5950  -5.76579189       1.46465158      0.959999979    
        5952  -5.73182774       1.52836990      0.959999979    
        5954  -5.74565363       1.27595437      0.959999979    
        5956  -5.57234383       2.47107220      0.959999979    
        5958  -5.61408424       2.16536140      0.959999979    
        5960  -5.76946974       1.47669446      0.959999979    
        5962  -5.76050568       1.53090000      0.959999979    
        5964  -5.75932789       1.33444560      0.959999979    
        5966  -5.71522284       1.59144890      0.959999979    
        5968  -5.86238241       1.39667881      0.959999979    
        5970  -5.73108196       1.81249845      0.959999979    
        5972  -5.62093735       2.35097933      0.959999979    
        5974  -5.73582363       1.90225875      0.959999979    
        5976  -5.78795099       1.45640922      0.959999979    
        5978  -5.70122862       1.50559711      0.959999979    
        5980  -5.73488808       1.44107115      0.959999979    
        5982  -5.82577419       1.11862028      0.959999979    
        5984  -5.78556299       1.31497252      0.959999979    
        5986  -5.75934792       1.56074846      0.959999979    
        5988  -5.74826956       1.65071487      0.959999979    
        5990  -5.79253817       1.26547909      0.959999979    
        5992  -5.82154608       1.10841680      0.959999979    
        5994  -5.64958429       1.77576303      0.959999979    
        5996  -5.76976013       1.32693064      0.959999979    
        5998  -5.83734751      0.897718132      0.959999979    
        6000  -5.72768259       1.51129115      0.959999979    
        6002  -5.68726015       1.93429232      0.959999979    
        6004  -5.64845467       2.07972264      0.959999979    
        6006  -5.54917955       2.65178394      0.959999979    
        6008  -5.72940207       1.58962452      0.959999979    
        6010  -5.77355528       1.44484794      0.959999979    
        6012  -5.68116856       1.95497167      0.959999979    
        6014  -5.61980963       2.12693191      0.959999979    
        6016  -5.69197226       1.96443164      0.959999979    
        6018  -5.72045088       1.82244456      0.959999979    
        6020  -5.61558867       2.47268105      0.959999979    
        6022  -5.68304729       2.00397563      0.959999979    
        6024  -5.64884567       1.95365155      0.959999979    
        6026  -5.66926765       2.03902602      0.948000014    
        6028  -5.61422014       2.56331396      0.948000014    
        6030  -5.71816206       1.69838810      0.948000014    
        6032  -5.73537397       1.88048518      0.948000014    
        6034  -5.71511030       2.00432777      0.948000014    
        6036  -5.73848629       1.82412493      0.948000014    
        6038  -5.63533735       2.32872200      0.948000014    
        6040  -5.69529247       2.19928074      0.948000014    
        6042  -5.72238684       1.78501558      0.948000014    
        6044  -5.66100359       2.14988041      0.948000014    
        6046  -5.72145128       1.61462200      0.935999990    
        6048  -5.73006964       1.51163030      0.924000025    
        6050  -5.52108288       2.24371576      0.924000025    
        6052  -5.53520727       2.26954746      0.924000025    
        6054  -5.60832405       1.86969066      0.924000025    
        6056  -5.66618633       1.57982838      0.924000025    
        6058  -5.72976398       1.49554133      0.924000025    
        6060  -5.66696119       1.63411498      0.924000025    
        6062  -5.57544851       2.19635868      0.924000025    
        6064  -5.61590862       1.76552308      0.924000025    
        6066  -5.47052336       2.25920129      0.924000025    
        6068  -5.58296585       1.87147009      0.924000025    
        6070  -5.61923552       1.44039464      0.924000025    
        6072  -5.65234995       1.19035816      0.924000025    
        6074  -5.64583731      0.976332009      0.924000025    
        6076  -5.68974352      0.713530838      0.924000025    
        6078  -5.65639877      0.932508469      0.924000025    
        6080  -5.57617760       1.36450219      0.924000025    
        6082  -5.62589979       1.14212501      0.924000025    
        6084  -5.65199900       1.10416245      0.924000025    
        6086  -5.63457012       1.37233508      0.924000025    
        6088  -5.72612047      0.885127008      0.924000025    
        6090  -5.64036083       1.51119733      0.924000025    
        6092  -5.63555861       1.48153710      0.924000025    
        6094  -5.58196163       1.54676294      0.924000025    
        6096  -5.56356144       1.71949494      0.924000025    
        6098  -5.49227953       2.36125135      0.924000025    
        6100  -5.65854168       1.09802091      0.924000025    
        6102  -5.64666462       1.23817325      0.924000025    
        6104  -5.64332390       1.36246634      0.924000025    
        6106  -5.73716974      0.761487305      0.924000025    
        6108  -5.75376654      0.636508286      0.924000025    
        6110  -5.83976793      0.208772957      0.924000025    
        6112  -5.74545145      0.830100536      0.924000025    
        6114  -5.60503674       1.49514294      0.924000025    
        6116  -5.56593418       1.57112348      0.924000025    
        6118  -5.63681412       1.58471322      0.924000025    
        6120  -5.72526884       1.20423067      0.924000025    
        6122  -5.66737080       1.34946156      0.924000025    
        6124  -5.49965525       1.58920979      0.924000025    
        6126  -5.62230015      0.451888144      0.912000000    
        6128  -5.66978073      0.316546261      0.912000000    
        6130  -5.59958696      0.679515064      0.912000000    
        6132  -5.59842634       1.00019360      0.912000000    
        6134  -5.47631836       1.45444643      0.912000000    
        6136  -5.45793247       1.70664763      0.912000000    
        6138  -5.45763540       1.46187997      0.912000000    
        6140  -5.49122000       1.52138746      0.912000000    
        6142  -5.49578094       1.67965806      0.912000000    
        6144  -5.50029469       1.66520154      0.912000000    
        6146  -5.47261143       1.42446733      0.912000000    
        6148  -5.64205742      0.739181697      0.912000000    
        6150  -5.50462675       1.58744621      0.924000025    
        6152  -5.47904634       1.81624126      0.924000025    
        6154  -5.57359648      0.982304513      0.924000025    
        6156  -5.53088856       1.09559965      0.924000025    
        6158  -5.35362625       2.14353728      0.924000025    
        6160  -5.51279354       1.58422446      0.924000025    
        6162  -5.37614584       1.90198922      0.924000025    
        6164  -5.27043629       2.29221582      0.924000025    
        6166  -5.38004446       1.96672738      0.924000025    
        6168  -5.49949312       1.77017891      0.924000025    
        6170  -5.36075068       2.59174132      0.924000025    
        6172  -5.49522638       1.98069310      0.924000025    
        6174  -5.39416647       2.43171525      0.924000025    
        6176  -5.40093231       2.38403559      0.924000025    
        6178  -5.48198223       1.91759205      0.924000025    
        6180  -5.58737755       1.29285192      0.924000025    
        6182  -5.51542473       1.65087390      0.924000025    
        6184  -5.60327673       1.07250094      0.924000025    
        6186  -5.67505264      0.769869745      0.924000025    
        6188  -5.53061390       1.43937647      0.924000025    
        6190  -5.56271791       1.59715331      0.924000025    
        6192  -5.54197693       1.58890748      0.924000025    
        6194  -5.59985161       1.34557426      0.924000025    
        6196  -5.54179573       1.54762340      0.924000025    
        6198  -5.64514971       1.02139699      0.924000025    
        6200  -5.59946680       1.43457270      0.924000025    
        6202  -5.53401279       1.51052272      0.924000025    
        6204  -5.49368906       1.59901106      0.924000025    
        6206  -5.52168131       1.43096077      0.924000025    
        6208  -5.40941286       2.13166738      0.924000025    
        6210  -5.41546679       2.25290203      0.924000025    
        6212  -5.37489080       2.27876329      0.924000025    
        6214  -5.45997572       1.68652439      0.924000025    
        6216  -5.42560911       1.63701844      0.924000025    
        6218  -5.45184422       1.51249707      0.924000025    
        6220  -5.48209763       1.48716724      0.924000025    
        6222  -5.45086098       1.72963905      0.924000025    
        6224  -5.48204231       1.30198622      0.924000025    
        6226  -5.54951525      0.758186758      0.924000025    
        6228  -5.53055525      0.862823308      0.924000025    
        6230  -5.44551229       1.25447941      0.924000025    
        6232  -5.47348166       1.34240150      0.924000025    
        6234  -5.44028759       1.31049669      0.924000025    
        6236  -5.51036453       1.03894353      0.924000025    
        6238  -5.58360529      0.624628365      0.924000025    
        6240  -5.54125738      0.993156135      0.924000025    
        6242  -5.47127819       1.50092089      0.924000025    
        6244  -5.54827070       1.16445398      0.924000025    
        6246  -5.43123770       2.27207994      0.924000025    
        6248  -5.29644203       2.53270030      0.924000025    
        6250  -5.44719172       1.53356421      0.924000025    
        6252  -5.49549913       1.63929737      0.924000025    
        6254  -5.47987175       1.53687596      0.924000025    
        6256  -5.41905165       1.82871783      0.924000025    
        6258  -5.43957329       1.75995266      0.924000025    
        6260  -5.47499561       1.61507308      0.924000025    
        6262  -5.48378420       1.59441864      0.924000025    
        6264  -5.55847120       1.24866712      0.924000025    
        6266  -5.60885191      0.914375901      0.924000025    
        6268  -5.48624277       1.67125213      0.924000025    
        6270  -5.36389732       1.83168721      0.924000025    
        6272  -5.40293455       1.29990113      0.924000025    
        6274  -5.50895691       1.00150037      0.924000025    
        6276  -5.42398548       1.36648285      0.924000025    
        6278  -5.54172993      0.757390082      0.924000025    
        6280  -5.48221922       1.02062953      0.924000025    
        6282  -5.45615339       1.10151339      0.924000025    
        6284  -5.42189217       1.48204422      0.924000025    
        6286  -5.45044136       1.49501407      0.924000025    
        6288  -5.42865038       1.60092402      0.924000025    
        6290  -5.53638887      0.987637579      0.924000025    
        6292  -5.52932978      0.998305380      0.924000025    
        6294  -5.65549994      0.408832163      0.924000025    
        6296  -5.55421638      0.794537604      0.924000025    
        6298  -5.53003359      0.987266839      0.924000025    
        6300  -5.42670536       1.42322779      0.924000025    
        6302  -5.48351622       1.17581546      0.924000025    
        6304  -5.40225029       1.56794178      0.924000025    
        6306  -5.40006971       1.71790481      0.924000025    
        6308  -5.45602655       1.07502186      0.924000025    
        6310  -5.57439947      0.312334329      0.924000025    
        6312  -5.43888140      0.854662836      0.924000025    
        6314  -5.55835009      0.225148767      0.924000025    
        6316  -5.54003954      0.430038244      0.924000025    
        6318  -5.40821218       1.38154447      0.924000025    
        6320  -5.52880383      0.409734756      0.924000025    
        6322  -5.42598867      0.996644676      0.924000025    
        6324  -5.33328485       1.44984889      0.924000025    
        6326  -5.31077957       1.57945693      0.924000025    
        6328  -5.41948509       1.22648430      0.924000025    
        6330  -5.34700251       1.59155941      0.924000025    
        6332  -5.44012451      0.951454222      0.924000025    
        6334  -5.45916605       1.01800287      0.924000025    
        6336  -5.51318026      0.607166708      0.924000025    
        6338  -5.36237192       1.41178274      0.924000025    
        6340  -5.38541365       1.31136072      0.924000025    
        6342  -5.36513519       1.52243888      0.924000025    
        6344  -5.36579657       1.44626141      0.924000025    
        6346  -5.35853720       1.32231772      0.924000025    
        6348  -5.45220232      0.779177308      0.924000025    
        6350  -5.43830633       1.00999343      0.924000025    
        6352  -5.43415833      0.782401025      0.924000025    
        6354  -5.37033081       1.21568716      0.924000025    
        6356  -5.40191698       1.09549856      0.924000025    
        6358  -5.38386536       1.06687307      0.924000025    
        6360  -5.42655420      0.967749059      0.924000025    
        6362  -5.25584650       1.59749222      0.924000025    
        6364  -5.34826231       1.15795219      0.924000025    
        6366  -5.26729870       1.45664644      0.924000025    
        6368  -5.25332022       1.41612947      0.924000025    
        6370  -5.31462955       1.33354580      0.924000025    
        6372  -5.48902655      0.439472467      0.924000025    
        6374  -5.45941544      0.484428555      0.924000025    
        6376  -5.43887949      0.996416867      0.924000025    
        6378  -5.32322550       1.47058761      0.924000025    
        6380  -5.35292959       1.28667331      0.924000025    
        6382  -5.31233644       1.73578060      0.924000025    
        6384  -5.23584700       2.10983753      0.924000025    
        6386  -5.44314718       1.17059076      0.924000025    
        6388  -5.30254602       1.97258687      0.924000025    
        6390  -5.36108923       1.65237081      0.924000025    
        6392  -5.33888245       1.83262825      0.924000025    
        6394  -5.28777361       1.89887679      0.924000025    
        6396  -5.26356936       1.87001216      0.924000025    
        6398  -5.22372246       2.24935865      0.924000025    
        6400  -5.28498554       2.03252602      0.924000025    
        6402  -5.36937761       1.65164804      0.924000025    
        6404  -5.43021917       1.13378084      0.924000025    
        6406  -5.35927439       1.73167062      0.924000025    
        6408  -5.30616570       2.17708087      0.924000025    
        6410  -5.47231483       1.40166271      0.924000025    
        6412  -5.28265715       2.36162496      0.924000025    
        6414  -5.24676704       2.27527595      0.924000025    
        6416  -5.31217241       2.00743461      0.924000025    
        6418  -5.20300293       2.69944739      0.924000025    
        6420  -5.31047153       1.84595227      0.924000025    
        6422  -5.35934877       1.42500889      0.924000025    
        6424  -5.28713036       1.81170392      0.924000025    
        6426  -5.36705065       1.15466309      0.912000000    
        6428  -5.18282938       2.00205946      0.912000000    
        6430  -5.23940992       1.84801984      0.912000000    
        6432  -5.33154488       1.54444849      0.912000000    
        6434  -5.43642282       1.25854790      0.912000000    
        6436  -5.60698700      0.595668435      0.912000000    
        6438  -5.43022299       1.23954809      0.912000000    
        6440  -5.37731600       1.42141080      0.912000000    
        6442  -5.42137241       1.30197001      0.912000000    
        6444  -5.60751486      0.364076674      0.912000000    
        6446  -5.40163612       1.30367124      0.912000000    
        6448  -5.39849186       1.25457597      0.912000000    
        6450  -5.44952297      0.900801420      0.912000000    
        6452  -5.50517845      0.874632716      0.912000000    
        6454  -5.22577858       2.30024838      0.912000000    
        6456  -5.37815666       1.67320812      0.912000000    
        6458  -5.35875082       1.97359884      0.912000000    
        6460  -5.32393694       2.19511795      0.912000000    
        6462  -5.32212687       2.14025331      0.912000000    
        6464  -5.46964645       1.55296886      0.912000000    
        6466  -5.44851732       1.63180053      0.912000000    
        6468  -5.50957060       1.42085040      0.912000000    
        6470  -5.54679966       1.37182820      0.912000000    
        6472  -5.45953560       2.41824126      0.924000025    
        6474  -5.45107079       2.71654320      0.924000025    
        6476  -5.47349930       2.12214184      0.912000000    
        6478  -5.47732258       1.79495096      0.912000000    
        6480  -5.48847008       1.38511384      0.912000000    
        6482  -5.55849075       1.19768679      0.912000000    
        6484  -5.44295502       1.66090882      0.912000000    
        6486  -5.44093800       1.76820087      0.912000000    
        6488  -5.51271439       1.43136537      0.912000000    
        6490  -5.40453482       1.75944662      0.912000000    
        6492  -5.42125034       1.60945642      0.912000000    
        6494  -5.30859995       2.27116609      0.912000000    
        6496  -5.45829391       1.64366317      0.912000000    
        6498  -5.31351519       2.18212152      0.912000000    
        6500  -5.40815592       1.85613883      0.912000000    
        6502  -5.49251890       1.49748719      0.912000000    
        6504  -5.44369411       1.45517898      0.912000000    
        6506  -5.48964643       1.17290473      0.912000000    
        6508  -5.46871948       1.45818448      0.912000000    
        6510  -5.32140350       2.04336143      0.912000000    
        6512  -5.54265261      0.839614332      0.912000000    
        6514  -5.55703592      0.919348359      0.912000000    
        6516  -5.53971434       1.01950848      0.912000000    
        6518  -5.56139326       1.24596024      0.912000000    
        6520  -5.48704720       1.57534456      0.912000000    
        6522  -5.41344595       1.89279115      0.912000000    
        6524  -5.41008568       2.18297529      0.912000000    
        6526  -5.50624037       1.52874267      0.912000000    
        6528  -5.44278479       1.95860040      0.912000000    
        6530  -5.46696997       1.92579973      0.912000000    
        6532  -5.60547590       1.17472816      0.912000000    
        6534  -5.48663855       1.74974394      0.912000000    
        6536  -5.55723572       1.61933303      0.912000000    
        6538  -5.49858570       1.71485960      0.912000000    
        6540  -5.55725098       1.41592383      0.912000000    
        6542  -5.54094267      0.978875458      0.912000000    
        6544  -5.62405777      0.735170484      0.912000000    
        6546  -5.60709429      0.684881628      0.912000000    
        6548  -5.57565498      0.922340155      0.912000000    
        6550  -5.49879932       1.33553386      0.912000000    
        6552  -5.58805466      0.777070343      0.912000000    
        6554  -5.47642183       1.42525589      0.912000000    
        6556  -5.46237183       1.35545743      0.912000000    
        6558  -5.43028355       1.61355400      0.912000000    
        6560  -5.36301517       1.71333587      0.912000000    
        6562  -5.26308823       2.25582647      0.912000000    
        6564  -5.20439100       2.56577730      0.912000000    
        6566  -5.16650772       3.00194812      0.912000000    
        6568  -5.31256533       2.21603012      0.912000000    
        6570  -5.39404678       1.85324574      0.912000000    
        6572  -5.41178942       1.43154573      0.912000000    
        6574  -5.38077164       1.60726011      0.912000000    
        6576  -5.38694811       1.50349426      0.912000000    
        6578  -5.34210491       1.80530870      0.912000000    
        6580  -5.28751230       2.31767631      0.912000000    
        6582  -5.45822287       1.47980821      0.912000000    
        6584  -5.34338713       1.81053424      0.912000000    
        6586  -5.50170231      0.982829034      0.912000000    
        6588  -5.40859604       1.44092166      0.912000000    
        6590  -5.43966818       1.16414320      0.912000000    
        6592  -5.40672970       1.35028934      0.912000000    
        6594  -5.48084736      0.989961445      0.912000000    
        6596  -5.40379381       1.56477451      0.912000000    
        6598  -5.39026165       1.60540462      0.912000000    
        6600  -5.45970249       1.34026718      0.912000000    
        6602  -5.48817587       1.07653308      0.912000000    
        6604  -5.55981731      0.684975922      0.912000000    
        6606  -5.45724201       1.03410113      0.912000000    
        6608  -5.47053051       1.23970711      0.912000000    
        6610  -5.58962536      0.563830554      0.912000000    
        6612  -5.29014015       2.13847995      0.912000000    
        6614  -5.33352947       1.72470784      0.912000000    
        6616  -5.53860712      0.741127491      0.912000000    
        6618  -5.31899261       1.82982123      0.912000000    
        6620  -5.38533735       1.68382704      0.912000000    
        6622  -5.38241386       1.84124315      0.912000000    
        6624  -5.43772888       1.19272745      0.912000000    
        6626  -5.25829840       2.13323450      0.912000000    
        6628  -5.19575405       2.17864871      0.912000000    
        6630  -5.28530407       1.70943940      0.912000000    
        6632  -5.38983059       1.17785335      0.912000000    
        6634  -5.41766024      0.805516422      0.912000000    
        6636  -5.54951954       8.60839486E-02  0.912000000    
        6638  -5.50586939      0.587322950      0.912000000    
        6640  -5.39344406       1.32011282      0.912000000    
        6642  -5.60695362      0.493493974      0.924000025    
        6644  -5.54112101      0.883075237      0.924000025    
        6646  -5.45213032      0.939995944      0.924000025    
        6648  -5.41633558      0.903565526      0.924000025    
        6650  -5.41482210       1.11797166      0.924000025    
        6652  -5.44078732       1.08918583      0.924000025    
        6654  -5.49981642       1.20725024      0.924000025    
        6656  -5.71963501      0.315737247      0.924000025    
        6658  -5.55832386       1.14908564      0.924000025    
        6660  -5.49629450       1.13693845      0.924000025    
        6662  -5.36126184       1.80370510      0.924000025    
        6664  -5.48059225       1.04286015      0.924000025    
        6666  -5.54554319      0.565649211      0.924000025    
        6668  -5.45435190       1.08464193      0.924000025    
        6670  -5.36197948       1.65934980      0.924000025    
        6672  -5.33456659       1.93926334      0.924000025    
        6674  -5.31296253       2.00096822      0.924000025    
        6676  -5.38648939       1.99951708      0.924000025    
        6678  -5.53868103       1.28525841      0.924000025    
        6680  -5.35548687       2.38629270      0.924000025    
        6682  -5.43608713       1.63364422      0.924000025    
        6684  -5.48626661       1.40622318      0.924000025    
        6686  -5.44683456       1.52419913      0.924000025    
        6688  -5.49212503       1.18453312      0.924000025    
        6690  -5.45249510       1.26174366      0.924000025    
        6692  -5.41992712       1.64117229      0.924000025    
        6694  -5.48790359       1.10315454      0.924000025    
        6696  -5.28256130       2.14829993      0.924000025    
        6698  -5.22994947       2.37952209      0.924000025    
        6700  -5.09135437       3.31012082      0.924000025    
        6702  -5.25399256       2.61171412      0.924000025    
        6704  -5.26074171       2.37842822      0.924000025    
        6706  -5.13038206       2.94141793      0.924000025    
        6708  -5.35824823       1.95947754      0.924000025    
        6710  -5.24065542       2.71671748      0.924000025    
        6712  -5.44076109       1.56113398      0.924000025    
        6714  -5.34768152       1.98428607      0.924000025    
        6716  -5.36111450       1.97006071      0.924000025    
        6718  -5.30840874       2.36329460      0.924000025    
        6720  -5.32791042       2.19165421      0.924000025    
        6722  -5.49141216       1.03895605      0.924000025    
        6724  -5.50354576      0.939002573      0.924000025    
        6726  -5.30708218       1.97990716      0.924000025    
        6728  -5.43686771       1.27807355      0.924000025    
        6730  -5.34957695       1.70655632      0.924000025    
        6732  -5.32758188       1.76722586      0.924000025    
        6734  -5.37473536       1.47100592      0.924000025    
        6736  -5.37209320       1.63640296      0.924000025    
        6738  -5.26774311       2.23872757      0.924000025    
        6740  -5.21407413       2.42774558      0.924000025    
        6742  -5.45894241       1.06467795      0.924000025    
        6744  -5.40174723       1.21696603      0.924000025    
        6746  -5.41977739       1.29026270      0.924000025    
        6748  -5.30842400       2.22255421      0.924000025    
        6750  -5.39974260       1.82138395      0.924000025    
        6752  -5.49613571       1.33230555      0.924000025    
        6754  -5.52893209       1.16868567      0.924000025    
        6756  -5.37000179       2.03418088      0.924000025    
        6758  -5.38159132       1.55623817      0.924000025    
        6760  -5.35173464       1.77547526      0.924000025    
        6762  -5.57814121      0.603899717      0.924000025    
        6764  -5.51470518       1.12931800      0.924000025    
        6766  -5.53426933       1.05523729      0.924000025    
        6768  -5.37288666       2.07009292      0.924000025    
        6770  -5.30974150       2.31419802      0.924000025    
        6772  -5.31625986       2.28465652      0.924000025    
        6774  -5.32136822       2.04723072      0.924000025    
        6776  -5.46992302       1.18237996      0.924000025    
        6778  -5.43083191       1.52351618      0.924000025    
        6780  -5.35168314       1.67151070      0.924000025    
        6782  -5.51110935       1.06296289      0.924000025    
        6784  -5.49567747       1.14006889      0.924000025    
        6786  -5.47629404       1.28131235      0.924000025    
        6788  -5.51067448      0.900006473      0.924000025    
        6790  -5.54573870      0.551514328      0.924000025    
        6792  -5.50781107       1.30777144      0.935999990    
        6794  -5.46137381       1.58948207      0.935999990    
        6796  -5.37552881       2.00422859      0.935999990    
        6798  -5.51806116       1.35061765      0.935999990    
        6800  -5.56657410       1.04491949      0.935999990    
        6802  -5.44086838       1.79123664      0.935999990    
        6804  -5.44862556       1.89517236      0.935999990    
        6806  -5.35150242       2.60322809      0.935999990    
        6808  -5.40493870       2.09629035      0.935999990    
        6810  -5.43455839       1.89476609      0.935999990    
        6812  -5.43691492       1.78138518      0.935999990    
        6814  -5.52744579       1.43550825      0.935999990    
        6816  -5.52937508       1.24919713      0.935999990    
        6818  -5.62177229      0.870362759      0.935999990    
        6820  -5.57184982       1.40049386      0.935999990    
        6822  -5.66246271      0.938851893      0.935999990    
        6824  -5.57635069       1.38066518      0.935999990    
        6826  -5.63856363      0.846485496      0.935999990    
        6828  -5.57594061       1.38873780      0.935999990    
        6830  -5.55740118       1.60583150      0.935999990    
        6832  -5.62427139       1.23443556      0.935999990    
        6834  -5.68643808      0.936675429      0.935999990    
        6836  -5.66305399       1.29460144      0.935999990    
        6838  -5.64184904       1.33518469      0.935999990    
        6840  -5.63419771       1.08613253      0.935999990    
        6842  -5.67821074      0.814460635      0.935999990    
        6844  -5.53953791       1.60329139      0.935999990    
        6846  -5.73999023      0.464269638      0.935999990    
        6848  -5.54007912       1.23570025      0.935999990    
        6850  -5.62621593       1.09650481      0.935999990    
        6852  -5.54641104       1.52995634      0.935999990    
        6854  -5.48215771       1.71547782      0.935999990    
        6856  -5.41043663       2.31124401      0.935999990    
        6858  -5.42948008       2.27412677      0.935999990    
        6860  -5.35722065       2.58570409      0.935999990    
        6862  -5.40730810       2.09225059      0.935999990    
        6864  -5.44584131       2.12348509      0.935999990    
        6866  -5.57937670       1.24810255      0.935999990    
        6868  -5.48405457       1.78578937      0.935999990    
        6870  -5.49304819       1.98912263      0.935999990    
        6872  -5.33115005       2.31784797      0.924000025    
        6874  -5.37824631       2.06643653      0.924000025    
        6876  -5.32397604       2.19498444      0.924000025    
        6878  -5.33942175       2.55838633      0.924000025    
        6880  -5.36951733       2.43383932      0.924000025    
        6882  -5.49897766       1.58678162      0.924000025    
        6884  -5.37280607       2.24625635      0.924000025    
        6886  -5.49681902       1.41796136      0.924000025    
        6888  -5.49046803       1.48128676      0.924000025    
        6890  -5.55703115       1.24534941      0.924000025    
        6892  -5.56223011       1.31375778      0.924000025    
        6894  -5.54461956      0.964247763      0.924000025    
        6896  -5.61383629      0.865653574      0.924000025    
        6898  -5.58880568      0.853463113      0.924000025    
        6900  -5.57877350      0.666931331      0.924000025    
        6902  -5.55321741      0.986532092      0.924000025    
        6904  -5.44673347       1.35989130      0.924000025    
        6906  -5.61169863      0.489936322      0.924000025    
        6908  -5.55260086      0.715596616      0.924000025    
        6910  -5.57151937      0.661237776      0.924000025    
        6912  -5.42696810       1.35963225      0.924000025    
        6914  -5.40134907       1.47933733      0.924000025    
        6916  -5.56922770      0.952533841      0.924000025    
        6918  -5.41803312       2.01906490      0.924000025    
        6920  -5.61296368      0.603215992      0.924000025    
        6922  -5.57997799       1.01859689      0.924000025    
        6924  -5.58375072       1.21746719      0.924000025    
        6926  -5.57085514       1.14978361      0.924000025    
        6928  -5.50411558       1.49513900      0.924000025    
        6930  -5.33579731       2.17205620      0.924000025    
        6932  -5.42918539       1.74547660      0.924000025    
        6934  -5.45105553       1.52156675      0.924000025    
        6936  -5.46084738       1.53224516      0.924000025    
        6938  -5.65871716      0.612791359      0.924000025    
        6940  -5.59443283      0.776520550      0.924000025    
        6942  -5.46020365       1.84032154      0.935999990    
        6944  -5.49068737       1.62964272      0.935999990    
        6946  -5.68642569      0.732166409      0.935999990    
        6948  -5.60597706       1.15218401      0.935999990    
        6950  -5.59306335       1.08877623      0.935999990    
        6952  -5.61768770       1.16972136      0.935999990    
        6954  -5.67527390      0.918233335      0.935999990    
        6956  -5.72825098      0.647078753      0.935999990    
        6958  -5.73390961      0.711801827      0.935999990    
        6960  -5.69960976      0.865163386      0.935999990    
        6962  -5.47113419       1.63980675      0.935999990    
        6964  -5.57471037       1.41853738      0.935999990    
        6966  -5.68724108      0.823557079      0.935999990    
        6968  -5.71941376      0.549427986      0.935999990    
        6970  -5.69311905      0.824320614      0.935999990    
        6972  -5.60879707       1.28420186      0.935999990    
        6974  -5.65057135       1.19023383      0.935999990    
        6976  -5.49932671       2.03051329      0.935999990    
        6978  -5.61443520       1.53362656      0.935999990    
        6980  -5.44650793       2.65012121      0.948000014    
        6982  -5.61248827       1.80938387      0.948000014    
        6984  -5.66094255       1.59604979      0.948000014    
        6986  -5.74679661       1.06493258      0.948000014    
        6988  -5.63829756       1.69533205      0.948000014    
        6990  -5.65613604       1.38162029      0.948000014    
        6992  -5.56441784       1.63691056      0.948000014    
        6994  -5.56635380       1.95361161      0.948000014    
        6996  -5.72244787       1.02624714      0.948000014    
        6998  -5.67934561       1.58201182      0.948000014    
        7000  -5.60598612       1.93172789      0.948000014    
        7002  -5.59200382       2.03513837      0.948000014    
        7004  -5.68376398       1.85397911      0.948000014    
        7006  -5.66049242       2.01133204      0.948000014    
        7008  -5.57302761       2.15270758      0.948000014    
        7010  -5.70755911       1.21535754      0.948000014    
        7012  -5.71441650       1.28976750      0.948000014    
        7014  -5.61118269       1.66734803      0.948000014    
        7016  -5.67822218       1.45016456      0.948000014    
        7018  -5.60639524       1.87041640      0.948000014    
        7020  -5.57700539       1.84510815      0.948000014    
        7022  -5.67199945       1.43302405      0.948000014    
        7024  -5.63167477       1.42873871      0.948000014    
        7026  -5.58705139       1.50413954      0.948000014    
        7028  -5.54948092       1.88456488      0.948000014    
        7030  -5.56122065       1.99612331      0.948000014    
        7032  -5.51620531       2.41480350      0.948000014    
        7034  -5.35455132       3.08496189      0.948000014    
        7036  -5.41001129       2.93548536      0.948000014    
        7038  -5.46512413       2.77280831      0.948000014    
        7040  -5.49630833       2.63710356      0.948000014    
        7042  -5.57048559       2.25856090      0.948000014    
        7044  -5.51032543       2.44713378      0.948000014    
        7046  -5.55401754       2.36233401      0.948000014    
        7048  -5.46001148       2.75459933      0.948000014    
        7050  -5.48859596       2.58435869      0.948000014    
        7052  -5.45468664       2.99838305      0.948000014    
        7054  -5.39565516       3.01944280      0.948000014    
        7056  -5.43214130       2.75809860      0.948000014    
        7058  -5.47845459       2.60346317      0.948000014    
        7060  -5.54921579       2.56792450      0.948000014    
        7062  -5.54193974       2.52981782      0.948000014    
        7064  -5.58524466       2.18716335      0.948000014    
        7066  -5.58661795       2.00415444      0.948000014    
        7068  -5.60741997       1.62513149      0.948000014    
        7070  -5.71449518       1.36572969      0.948000014    
        7072  -5.71016359       1.03990781      0.948000014    
        7074  -5.66092825       1.68337142      0.948000014    
        7076  -5.69976854       1.56197965      0.948000014    
        7078  -5.70538473       1.79081810      0.948000014    
        7080  -5.66700268       2.19670439      0.948000014    
        7082  -5.73094225       1.57305646      0.948000014    
        7084  -5.74844360       1.56594503      0.948000014    
        7086  -5.73065042       1.56255066      0.948000014    
        7088  -5.63210726       1.90987515      0.948000014    
        7090  -5.64876842       1.75330222      0.948000014    
        7092  -5.60802698       2.24849248      0.948000014    
        7094  -5.66541100       1.85756540      0.948000014    
        7096  -5.75505972       1.57795393      0.948000014    
        7098  -5.67785549       2.03112698      0.948000014    
        7100  -5.64417696       2.07799959      0.948000014    
        7102  -5.61365509       1.88185906      0.948000014    
        7104  -5.59351826       2.19936371      0.948000014    
        7106  -5.65437603       1.72487605      0.948000014    
        7108  -5.64363337       1.60519075      0.948000014    
        7110  -5.74930429      0.939181387      0.948000014    
        7112  -5.64755535       1.42922246      0.948000014    
        7114  -5.66965008       1.45418143      0.948000014    
        7116  -5.66827393       1.78989828      0.948000014    
        7118  -5.73696947       1.37009621      0.948000014    
        7120  -5.75820303       1.54671216      0.948000014    
        7122  -5.77326441       1.21264470      0.948000014    
        7124  -5.69650030       1.67226362      0.948000014    
        7126  -5.60207176       2.38037109      0.948000014    
        7128  -5.78450394       1.44181454      0.948000014    
        7130  -5.73290730       1.56881988      0.948000014    
        7132  -5.75073957       1.40331757      0.948000014    
        7134  -5.84320307      0.746613204      0.948000014    
        7136  -5.63302040       1.88336146      0.948000014    
        7138  -5.77796602      0.637106061      0.948000014    
        7140  -5.74146461      0.966460347      0.948000014    
        7142  -5.62879467       1.61568296      0.948000014    
        7144  -5.57996845       1.79544401      0.948000014    
        7146  -5.54215813       2.06100965      0.948000014    
        7148  -5.51592493       2.22615361      0.948000014    
        7150  -5.52767420       1.87180388      0.948000014    
        7152  -5.56143284       1.70566058      0.948000014    
        7154  -5.62785149       1.73403108      0.948000014    
        7156  -5.73697281      0.897511899      0.948000014    
        7158  -5.62704420       1.43230224      0.948000014    
        7160  -5.60926723       1.62903118      0.948000014    
        7162  -5.60045767       1.79919887      0.948000014    
        7164  -5.61453438       1.88694537      0.948000014    
        7166  -5.60358238       1.95124304      0.948000014    
        7168  -5.60328674       1.99931800      0.948000014    
        7170  -5.74863243       1.27123117      0.948000014    
        7172  -5.67407751       1.60297811      0.948000014    
        7174  -5.59696436       2.18884993      0.948000014    
        7176  -5.55523205       2.20500588      0.948000014    
        7178  -5.56975365       1.85208154      0.948000014    
        7180  -5.53817987       1.99031591      0.948000014    
        7182  -5.60820723       1.63360012      0.948000014    
        7184  -5.61016464       1.83254719      0.948000014    
        7186  -5.56840801       1.96675408      0.948000014    
        7188  -5.59925461       2.04763484      0.948000014    
        7190  -5.66316605       1.59322405      0.948000014    
        7192  -5.68304062       1.57231402      0.948000014    
        7194  -5.55809975       2.31205177      0.948000014    
        7196  -5.72902775       1.38041449      0.948000014    
        7198  -5.62104511       1.90550828      0.948000014    
        7200  -5.59931803       2.05140257      0.948000014    
        7202  -5.68571997       1.58882606      0.948000014    
        7204  -5.64856577       1.85040283      0.948000014    
        7206  -5.42535925       2.70663333      0.948000014    
        7208  -5.45148611       2.56022453      0.948000014    
        7210  -5.48615837       2.66771936      0.948000014    
        7212  -5.58807182       1.91029418      0.948000014    
        7214  -5.68663073       1.76064849      0.948000014    
        7216  -5.48287487       2.62124348      0.948000014    
        7218  -5.55638647       2.24152112      0.948000014    
        7220  -5.58093834       1.98725629      0.948000014    
        7222  -5.63358593       1.53526151      0.948000014    
        7224  -5.52704000       2.14151192      0.948000014    
        7226  -5.64926195       1.49616122      0.948000014    
        7228  -5.71101904       1.33043075      0.948000014    
        7230  -5.69750595       1.45197475      0.948000014    
        7232  -5.68639088       1.52103162      0.948000014    
        7234  -5.65947104       1.90878224      0.948000014    
        7236  -5.72129917       1.58466017      0.948000014    
        7238  -5.77855301       1.49553490      0.948000014    
        7240  -5.75239754       1.46156418      0.948000014    
        7242  -5.64665174       1.95779753      0.948000014    
        7244  -5.54094601       2.58705282      0.948000014    
        7246  -5.45264626       2.75866485      0.948000014    
        7248  -5.57757187       2.04972696      0.948000014    
        7250  -5.71723461       1.56949127      0.948000014    
        7252  -5.65547848       2.01948500      0.948000014    
        7254  -5.68877697       1.67339051      0.948000014    
        7256  -5.58855247       2.36138415      0.948000014    
        7258  -5.55586147       2.65138078      0.948000014    
        7260  -5.66381454       1.84344137      0.948000014    
        7262  -5.64943695       1.81634164      0.948000014    
        7264  -5.62113762       1.63141990      0.948000014    
        7266  -5.63659239       1.85628927      0.948000014    
        7268  -5.54728127       2.35322237      0.948000014    
        7270  -5.41449547       3.28541374      0.948000014    
        7272  -5.36059427       3.33983445      0.948000014    
        7274  -5.41897011       3.21326137      0.948000014    
        7276  -5.53964663       2.56010246      0.948000014    
        7278  -5.53722668       2.58777213      0.948000014    
        7280  -5.38394260       3.36442018      0.948000014    
        7282  -5.52282667       2.70314193      0.948000014    
        7284  -5.56872272       2.56877327      0.948000014    
        7286  -5.57648373       2.57546496      0.948000014    
        7288  -5.60611629       2.46542525      0.948000014    
        7290  -5.58812904       2.56943440      0.948000014    
        7292  -5.57214594       2.51584935      0.948000014    
        7294  -5.54837084       2.89050007      0.948000014    
        7296  -5.62413597       2.39500141      0.948000014    
        7298  -5.59921932       2.41023540      0.948000014    
        7300  -5.64126158       2.42008495      0.948000014    
        7302  -5.58125687       2.63615274      0.948000014    
        7304  -5.56195259       2.71707106      0.948000014    
        7306  -5.70016241       1.92522526      0.948000014    
        7308  -5.64774895       2.17592072      0.948000014    
        7310  -5.56936646       2.68697977      0.948000014    
        7312  -5.65062475       2.25031114      0.948000014    
        7314  -5.64880085       2.42978787      0.948000014    
        7316  -5.72342491       2.09843636      0.948000014    
        7318  -5.77762890       1.64358342      0.948000014    
        7320  -5.70069075       1.90447772      0.948000014    
        7322  -5.85183716       1.00313222      0.948000014    
        7324  -5.86075926      0.887165487      0.948000014    
        7326  -5.73775959       1.40684462      0.948000014    
        7328  -5.65452337       1.94324636      0.948000014    
        7330  -5.59802866       1.87012529      0.948000014    
        7332  -5.72686911       1.31580329      0.948000014    
        7334  -5.65327549       1.70239007      0.948000014    
        7336  -5.52826786       2.22979927      0.948000014    
        7338  -5.53921556       2.29321599      0.948000014    
        7340  -5.47406340       2.87445498      0.948000014    
        7342  -5.59727716       2.09920597      0.948000014    
        7344  -5.60759878       2.23937297      0.948000014    
        7346  -5.58269358       2.32258892      0.948000014    
        7348  -5.53096533       2.58452678      0.948000014    
        7350  -5.61303568       2.13992596      0.948000014    
        7352  -5.57647610       2.39500880      0.948000014    
        7354  -5.52207565       2.84229374      0.948000014    
        7356  -5.54681969       2.55051494      0.948000014    
        7358  -5.57943296       2.33078265      0.948000014    
        7360  -5.38524342       3.12730289      0.948000014    
        7362  -5.49145269       2.73725772      0.948000014    
        7364  -5.46703005       2.74345756      0.948000014    
        7366  -5.48169994       2.59213781      0.948000014    
        7368  -5.56742048       2.33743572      0.948000014    
        7370  -5.49940872       2.61894727      0.948000014    
        7372  -5.57184219       2.35404491      0.948000014    
        7374  -5.55166626       2.37931609      0.948000014    
        7376  -5.70016003       1.51966941      0.948000014    
        7378  -5.68066168       1.75827527      0.959999979    
        7380  -5.56659412       2.11039233      0.959999979    
        7382  -5.55494595       2.42383432      0.959999979    
        7384  -5.63291073       2.19191647      0.959999979    
        7386  -5.64853668       2.08602309      0.959999979    
        7388  -5.66582346       1.84302056      0.959999979    
        7390  -5.74362755       1.59626055      0.959999979    
        7392  -5.69493341       1.93340790      0.959999979    
        7394  -5.65906715       2.32610512      0.959999979    
        7396  -5.72306490       1.98313618      0.959999979    
        7398  -5.84030390       1.39064360      0.959999979    
        7400  -5.86105537       1.24108207      0.959999979    
        7402  -5.70415592       2.18341422      0.959999979    
        7404  -5.71747160       2.10831547      0.959999979    
        7406  -5.84509754       1.59588063      0.959999979    
        7408  -5.73284721       2.12807059      0.959999979    
        7410  -5.68782091       2.20929599      0.959999979    
        7412  -5.68682957       2.50345039      0.959999979    
        7414  -5.74820042       2.33334804      0.959999979    
        7416  -5.82364130       1.64348233      0.959999979    
        7418  -5.82134962       1.57052159      0.959999979    
        7420  -5.68902779       2.46305680      0.959999979    
        7422  -5.90544271       1.72427583      0.959999979    
        7424  -5.80981493       2.07517695      0.959999979    
        7426  -5.85041428       1.76448393      0.959999979    
        7428  -5.91063643       1.38827014      0.959999979    
        7430  -5.73043966       2.13848615      0.959999979    
        7432  -5.75743055       2.09136748      0.959999979    
        7434  -5.68488646       2.34137917      0.959999979    
        7436  -5.80570841       1.30939078      0.959999979    
        7438  -5.76626396       1.78533208      0.959999979    
        7440  -5.75630140       1.94139028      0.959999979    
        7442  -5.84846544       1.53128922      0.959999979    
        7444  -5.85612822       1.59410453      0.959999979    
        7446  -5.82339334       1.66147149      0.959999979    
        7448  -5.74710560       2.12529349      0.959999979    
        7450  -5.69006729       2.31472254      0.959999979    
        7452  -5.72212553       2.36508632      0.959999979    
        7454  -5.81649399       1.71613681      0.959999979    
        7456  -5.77269411       1.91885376      0.959999979    
        7458  -5.79174089       2.04289865      0.959999979    
        7460  -5.65335798       2.49512148      0.959999979    
        7462  -5.74244213       1.91787779      0.959999979    
        7464  -5.68973780       2.51369739      0.959999979    
        7466  -5.64970064       2.67523098      0.959999979    
        7468  -5.72939157       2.24641275      0.959999979    
        7470  -5.76840925       1.92902482      0.959999979    
        7472  -5.56558371       2.80211782      0.959999979    
        7474  -5.38615751       3.81154609      0.959999979    
        7476  -5.40352106       3.53991461      0.959999979    
        7478  -5.52946615       2.76665449      0.959999979    
        7480  -5.48694944       3.03893518      0.959999979    
        7482  -5.48134565       2.98156691      0.959999979    
        7484  -5.37832260       3.39720869      0.959999979    
        7486  -5.56592321       2.35878253      0.959999979    
        7488  -5.49935818       3.06623530      0.959999979    
        7490  -5.48142099       3.01946616      0.959999979    
        7492  -5.60870838       2.90549731      0.959999979    
        7494  -5.76620054       1.93114102      0.959999979    
        7496  -5.60499382       2.82213020      0.959999979    
        7498  -5.61993980       2.88895512      0.959999979    
        7500  -5.66676378       2.45338678      0.959999979    
        7502  -5.75994396       1.82258046      0.959999979    
        7504  -5.65410566       2.52375078      0.959999979    
        7506  -5.79695177       1.77899075      0.959999979    
        7508  -5.68727160       2.46568394      0.959999979    
        7510  -5.61763191       2.70119572      0.959999979    
        7512  -5.72522879       2.23779750      0.959999979    
        7514  -5.69780445       2.23375726      0.959999979    
        7516  -5.72491932       1.87223947      0.959999979    
        7518  -5.67484188       2.26882744      0.959999979    
        7520  -5.72047281       1.92136109      0.959999979    
        7522  -5.63962126       2.42444181      0.959999979    
        7524  -5.54242754       2.82913089      0.959999979    
        7526  -5.60602951       2.49274540      0.959999979    
        7528  -5.38926411       3.79637694      0.959999979    
        7530  -5.48340988       3.32343864      0.959999979    
        7532  -5.49356413       3.17329049      0.959999979    
        7534  -5.56677771       3.17421556      0.959999979    
        7536  -5.71952724       2.11043429      0.959999979    
        7538  -5.67982244       2.55008078      0.959999979    
        7540  -5.65641356       2.44170499      0.959999979    
        7542  -5.67579556       2.68367124      0.959999979    
        7544  -5.82330704       2.04978061      0.959999979    
        7546  -5.74428368       2.25016546      0.959999979    
        7548  -5.68127728       2.55696201      0.959999979    
        7550  -5.78310871       2.33579493      0.959999979    
        7552  -5.65244102       3.08040452      0.959999979    
        7554  -5.68103456       3.13242292      0.959999979    
        7556  -5.70153046       2.60138416      0.959999979    
        7558  -5.75762272       2.27277517      0.959999979    
        7560  -5.83269119       1.99215877      0.959999979    
        7562  -5.70759153       2.31356812      0.959999979    
        7564  -5.68012333       2.42764425      0.959999979    
        7566  -5.56760645       2.83567452      0.959999979    
        7568  -5.65563488       2.46941900      0.959999979    
        7570  -5.64128542       2.56516051      0.959999979    
        7572  -5.63461065       2.72571182      0.959999979    
        7574  -5.67933607       2.30494571      0.959999979    
        7576  -5.64106512       2.30107641      0.959999979    
        7578  -5.62285137       2.56785202      0.959999979    
        7580  -5.62588835       2.89794111      0.959999979    
        7582  -5.64091635       2.86756229      0.959999979    
        7584  -5.66356087       2.36817145      0.959999979    
        7586  -5.66176414       2.43230700      0.959999979    
        7588  -5.63378286       2.46000767      0.959999979    
        7590  -5.75201988       1.71535456      0.959999979    
        7592  -5.59319448       2.54467010      0.959999979    
        7594  -5.60677242       2.49205899      0.959999979    
        7596  -5.63002300       2.42752624      0.959999979    
        7598  -5.51202726       3.15766740      0.959999979    
        7600  -5.48397732       3.32420683      0.959999979    
        7602  -5.61819458       2.62535930      0.959999979    
        7604  -5.57894278       2.98992014      0.959999979    
        7606  -5.47677994       3.59445739      0.959999979    
        7608  -5.55683756       2.97495389      0.959999979    
        7610  -5.56956100       2.73993611      0.959999979    
        7612  -5.61426544       2.42046833      0.959999979    
        7614  -5.76526165       1.27911711      0.959999979    
        7616  -5.63340855       2.11985993      0.959999979    
        7618  -5.67864418       1.84299469      0.959999979    
        7620  -5.65355778       2.03925896      0.959999979    
        7622  -5.70939255       1.72862077      0.959999979    
        7624  -5.69089842       1.49253201      0.959999979    
        7626  -5.59108162       1.88604236      0.959999979    
        7628  -5.72791195       1.14599752      0.959999979    
        7630  -5.68793488       1.24481654      0.959999979    
        7632  -5.70368004       1.16384780      0.959999979    
        7634  -5.76418447      0.970285356      0.959999979    
        7636  -5.72858000       1.33003426      0.959999979    
        7638  -5.59088707       2.23401594      0.959999979    
        7640  -5.58689451       2.47779346      0.959999979    
        7642  -5.65457535       2.10668230      0.959999979    
        7644  -5.57937050       2.15600133      0.959999979    
        7646  -5.80227995       1.19854188      0.959999979    
        7648  -5.76114988       1.79960537      0.959999979    
        7650  -5.72973347       1.57739508      0.959999979    
        7652  -5.70418215       1.80943382      0.959999979    
        7654  -5.80230904       1.88279533      0.972000003    
        7656  -5.58558941       2.97419500      0.972000003    
        7658  -5.62280655       2.78616428      0.972000003    
        7660  -5.68788099       2.53377342      0.972000003    
        7662  -5.58457613       2.86952591      0.972000003    
        7664  -5.64650631       2.99650097      0.984000027    
        7666  -5.75596905       2.59051251      0.984000027    
        7668  -5.62054920       3.31841612      0.984000027    
        7670  -5.78780127       2.20278859      0.984000027    
        7672  -5.77228546       2.16413879      0.984000027    
        7674  -5.74412918       1.89634728      0.984000027    
        7676  -5.74480104       2.02521491      0.984000027    
        7678  -5.75204420       1.91677892      0.984000027    
        7680  -5.70510960       2.51896429      0.984000027    
        7682  -5.70072556       2.37599564      0.984000027    
        7684  -5.66797304       2.48660803      0.984000027    
        7686  -5.61449718       2.89575553      0.984000027    
        7688  -5.51927900       3.56243825      0.984000027    
        7690  -5.69716597       2.47960091      0.984000027    
        7692  -5.75175524       2.15220213      0.984000027    
        7694  -5.74853325       2.27903914      0.984000027    
        7696  -5.81906271       1.62416780      0.984000027    
        7698  -5.96788406      0.489278853      0.984000027    
        7700  -5.90628004      0.849707723      0.984000027    
        7702  -5.83659410       1.24932981      0.984000027    
        7704  -5.77743769       1.78574955      0.984000027    
        7706  -5.75741577       1.76574302      0.984000027    
        7708  -5.77636337       1.35970020      0.984000027    
        7710  -5.76735449       1.41359496      0.984000027    
        7712  -5.72544050       1.69647348      0.984000027    
        7714  -5.81291294       1.12035656      0.984000027    
        7716  -5.74228001       1.29540133      0.984000027    
        7718  -5.71376419       1.76675403      0.984000027    
        7720  -5.71918440       2.01706839      0.984000027    
        7722  -5.77763414       1.67629254      0.984000027    
        7724  -5.73320770       1.77951908      0.984000027    
        7726  -5.68845558       2.21016240      0.984000027    
        7728  -5.74152327       1.86743617      0.984000027    
        7730  -5.76128721       1.76985049      0.984000027    
        7732  -5.68378162       2.11473346      0.984000027    
        7734  -5.64947128       2.28441811      0.984000027    
        7736  -5.71398211       2.08727860      0.984000027    
        7738  -5.78457165       1.72244132      0.984000027    
        7740  -5.73725796       2.01240993      0.984000027    
        7742  -5.70671082       2.18310523      0.984000027    
        7744  -5.75658655       2.16475582      0.984000027    
        7746  -5.81908131       1.63413525      0.984000027    
        7748  -5.82045078       1.35320234      0.984000027    
        7750  -5.75185251       1.98738992      0.984000027    
        7752  -5.71980524       2.36106372      0.984000027    
        7754  -5.70399284       2.31899977      0.984000027    
        7756  -5.68230724       2.23430610      0.984000027    
        7758  -5.76515865       1.79575384      0.984000027    
        7760  -5.74317837       1.83705485      0.984000027    
        7762  -5.82544231       1.42812908      0.984000027    
        7764  -5.70268250       2.15846682      0.984000027    
        7766  -5.71208954       2.20218468      0.984000027    
        7768  -5.68537092       2.54210305      0.984000027    
        7770  -5.71098757       2.30114603      0.984000027    
        7772  -5.73264503       2.00617170      0.984000027    
        7774  -5.73586559       1.94413006      0.984000027    
        7776  -5.59432077       2.59738827      0.984000027    
        7778  -5.61164522       2.42793059      0.984000027    
        7780  -5.51575041       3.25737786      0.984000027    
        7782  -5.85805988       1.65939128      0.984000027    
        7784  -5.79691792       1.86718309      0.984000027    
        7786  -5.77645445       1.96762073      0.984000027    
        7788  -5.77047253       2.20295525      0.984000027    
        7790  -5.92229366       1.19142044      0.984000027    
        7792  -5.92822647      0.961509287      0.984000027    
        7794  -5.82134771       1.45730495      0.984000027    
        7796  -5.80999756       1.67094731      0.984000027    
        7798  -5.84688663       1.49824727      0.984000027    
        7800  -5.79663992       1.95304298      0.984000027    
        7802  -5.75539780       2.14487576      0.984000027    
        7804  -5.86269522       1.59455132      0.984000027    
        7806  -5.73636293       2.28053260      0.984000027    
        7808  -5.89902163       1.17386329      0.984000027    
        7810  -5.77644444       2.04737020      0.984000027    
        7812  -5.71720886       2.31234217      0.984000027    
        7814  -5.67011356       2.41263485      0.984000027    
        7816  -5.61014223       2.90431404      0.984000027    
        7818  -5.54106808       3.22966456      0.984000027    
        7820  -5.58937979       3.00337243      0.984000027    
        7822  -5.69682980       2.14583778      0.984000027    
        7824  -5.73116350       2.09253073      0.984000027    
        7826  -5.81263113       1.55561554      0.984000027    
        7828  -5.80574751       1.63652325      0.984000027    
        7830  -5.77549696       1.80839789      0.984000027    
        7832  -5.83953476       1.23692250      0.984000027    
        7834  -5.92788982      0.843028963      0.984000027    
        7836  -5.79273224       1.40637612      0.984000027    
        7838  -5.72904396       1.96368575      0.984000027    
        7840  -5.76967716       1.75717711      0.984000027    
        7842  -5.68912888       2.64413404      0.984000027    
        7844  -5.70099020       2.65112472      0.984000027    
        7846  -5.76840115       2.15782428      0.984000027    
        7848  -5.73205185       2.12112856      0.984000027    
        7850  -5.70019627       2.39409804      0.984000027    
        7852  -5.65957689       3.20818615      0.984000027    
        7854  -5.87450981       2.02087736      0.984000027    
        7856  -5.81203604       2.18850207      0.984000027    
        7858  -5.82455444       2.28355479      0.984000027    
        7860  -5.70298529       2.85274887      0.984000027    
        7862  -5.68680573       2.77220821      0.984000027    
        7864  -5.80450153       1.94280446      0.984000027    
        7866  -5.80568027       1.93658197      0.984000027    
        7868  -5.83856058       1.67019069      0.984000027    
        7870  -5.78737211       1.76446354      0.984000027    
        7872  -5.74908257       2.24219465      0.984000027    
        7874  -5.73491669       2.42003083      0.984000027    
        7876  -5.71035337       2.40918779      0.984000027    
        7878  -5.62225914       2.81248188      0.984000027    
        7880  -5.62530470       2.74605966      0.984000027    
        7882  -5.67651129       2.48269939      0.984000027    
        7884  -5.63149357       2.72609663      0.984000027    
        7886  -5.63809681       2.60454798      0.984000027    
        7888  -5.56772280       2.90217352      0.984000027    
        7890  -5.72759008       2.25511527      0.984000027    
        7892  -5.76677799       2.07351327      0.984000027    
        7894  -5.75081491       2.41384602      0.984000027    
        7896  -5.79189634       2.15822029      0.984000027    
        7898  -5.80849171       1.71363306      0.984000027    
        7900  -5.79825497       1.83446360      0.984000027    
        7902  -5.76716137       1.94689465      0.984000027    
        7904  -5.64547014       2.69951296      0.984000027    
        7906  -5.47739267       3.50014925      0.984000027    
        7908  -5.51043034       3.20038223      0.984000027    
        7910  -5.43284559       3.56475401      0.984000027    
        7912  -5.54895449       2.77274609      0.984000027    
        7914  -5.54108572       2.73129106      0.984000027    
        7916  -5.66610813       2.16092300      0.984000027    
        7918  -5.56107378       2.58030343      0.984000027    
        7920  -5.60464096       2.63797522      0.984000027    
        7922  -5.83145571       1.33190453      0.984000027    
        7924  -5.89693546       1.02011895      0.984000027    
        7926  -5.80905104       1.44434047      0.984000027    
        7928  -5.90570021       1.08399105      0.984000027    
        7930  -5.78925657       1.42852187      0.984000027    
        7932  -5.71081161       1.88079417      0.984000027    
        7934  -5.81332731       1.73084283      0.984000027    
        7936  -5.76176214       2.14580941      0.984000027    
        7938  -5.80610991       1.64132345      0.984000027    
        7940  -5.76099396       1.54647589      0.984000027    
        7942  -5.77489233       1.42459190      0.984000027    
        7944  -5.66451120       2.07555532      0.984000027    
        7946  -5.57966948       2.56769681      0.984000027    
        7948  -5.72643280       2.10060167      0.984000027    
        7950  -5.77864742       1.78015113      0.984000027    
        7952  -5.79791546       1.70173419      0.984000027    
        7954  -5.81268692       1.25993323      0.984000027    
        7956  -5.79503536       1.54519379      0.984000027    
        7958  -5.79072618       1.66192245      0.984000027    
        7960  -5.69950676       2.00130343      0.984000027    
        7962  -5.81004953       1.53354394      0.984000027    
        7964  -5.78521395       1.62965238      0.984000027    
        7966  -5.75172949       1.96001613      0.984000027    
        7968  -5.72648859       2.17370367      0.984000027    
        7970  -5.83098888       1.64082730      0.984000027    
        7972  -5.91587114       1.31391394      0.984000027    
        7974  -5.79097557       2.21197343      0.984000027    
        7976  -5.96942902       1.21465933      0.984000027    
        7978  -5.89747095       1.90310478      0.984000027    
        7980  -5.83812380       2.30213809      0.984000027    
        7982  -5.90456915       2.05140901      0.984000027    
        7984  -5.82751751       2.38420534      0.984000027    
        7986  -5.90339470       2.03693366      0.984000027    
        7988  -5.85429096       2.10164142      0.984000027    
        7990  -5.75971937       2.66991067      0.984000027    
        7992  -5.73415804       2.73843312      0.984000027    
        7994  -5.76459646       2.46795344      0.984000027    
        7996  -5.65905571       3.20053840      0.984000027    
        7998  -5.69534206       3.05886602      0.984000027    
        8000  -5.75178909       2.67518997      0.984000027    
        8002  -5.77789307       2.68269253      0.984000027    
        8004  -5.70058298       2.85052299      0.984000027    
        8006  -5.69811487       2.99560213      0.984000027    
        8008  -5.75588417       2.63713717      0.984000027    
        8010  -5.88226986       1.87413406      0.984000027    
        8012  -5.87970114       2.09503508      0.984000027    
        8014  -5.85011721       2.11491799      0.984000027    
        8016  -5.87460947       1.87328064      0.984000027    
        8018  -5.87926626       1.70835423      0.984000027    
        8020  -5.85311985       2.08314896      0.984000027    
        8022  -5.83462048       2.11357760      0.984000027    
        8024  -5.84310579       2.28103065      0.984000027    
        8026  -5.83759689       1.99119234      0.984000027    
        8028  -5.90636396       1.73979533      0.984000027    
        8030  -5.89155054       1.95726109      0.984000027    
        8032  -5.82829285       2.49938631      0.995999992    
        8034  -5.86495256       2.44983721      0.995999992    
        8036  -5.87019634       2.09468293      0.995999992    
        8038  -5.87290144       2.04069710      0.995999992    
        8040  -5.97530699       1.57417750      0.995999992    
        8042  -5.89776039       1.85111392      0.995999992    
        8044  -5.75800085       2.42602301      0.995999992    
        8046  -5.88461876       1.80765820      0.995999992    
        8048  -5.80057955       2.28550935      0.995999992    
        8050  -5.90896416       1.42729759      0.995999992    
        8052  -5.87803698       1.79180634      0.995999992    
        8054  -5.76891518       2.47328591      0.995999992    
        8056  -5.62850189       3.47021198      0.995999992    
        8058  -5.65996170       3.42953539      0.995999992    
        8060  -5.65918350       3.15883470      0.995999992    
        8062  -5.70864725       2.87671518      0.995999992    
        8064  -5.67008877       3.16643381      0.995999992    
        8066  -5.65207529       3.43484831      0.995999992    
        8068  -5.59578180       3.69058037      0.995999992    
        8070  -5.60315561       3.46576023      0.995999992    
        8072  -5.55525589       3.82311344      0.995999992    
        8074  -5.51476812       3.98549938      0.995999992    
        8076  -5.49479055       4.24567461      0.995999992    
        8078  -5.74745989       3.14093661      0.995999992    
        8080  -5.77958870       2.80018115      0.995999992    
        8082  -5.82606125       2.20548964      0.995999992    
        8084  -5.93220711       1.47017896      0.995999992    
        8086  -5.79818487       2.30115986      0.995999992    
        8088  -5.86255980       2.03498888      0.995999992    
        8090  -5.85913324       1.94775379      0.995999992    
        8092  -5.81655598       2.35063910      0.995999992    
        8094  -5.73714161       2.74391985      0.995999992    
        8096  -5.65650272       2.85797524      0.995999992    
        8098  -5.77933025       2.23515105      0.995999992    
        8100  -5.72351599       2.32249331      0.995999992    
        8102  -5.76750374       2.18083167      0.995999992    
        8104  -5.76611328       2.26033998      0.995999992    
        8106  -5.68926907       2.89177680      0.995999992    
        8108  -5.76129866       2.53797078      0.995999992    
        8110  -5.70950413       2.90581441      0.995999992    
        8112  -5.88944578       1.91338158      0.995999992    
        8114  -5.85479450       2.18508816      0.995999992    
        8116  -5.87023926       2.26006341      0.995999992    
        8118  -5.98375082       1.53492212      0.995999992    
        8120  -5.96656942       1.51764715      0.995999992    
        8122  -5.89276838       2.04795671      0.995999992    
        8124  -5.97950792       1.62312567      0.995999992    
        8126  -5.93695831       1.81131697      0.995999992    
        8128  -5.80243921       2.85297871      0.995999992    
        8130  -5.86607218       2.20744371      0.995999992    
        8132  -5.77061749       2.67493129      0.995999992    
        8134  -5.78235245       2.96578455      0.995999992    
        8136  -5.81997347       2.81435180      0.995999992    
        8138  -5.91653442       2.07195687      0.995999992    
        8140  -5.74537849       2.99427891      0.995999992    
        8142  -5.70399570       3.11445999      0.995999992    
        8144  -5.72245455       2.98233962      0.995999992    
        8146  -5.57951546       4.05984497      0.995999992    
        8148  -5.75648022       3.00663090      0.995999992    
        8150  -5.69983006       3.31865048      0.995999992    
        8152  -5.72258663       3.63951516       1.00800002    
        8154  -5.85693979       2.87259746       1.00800002    
        8156  -5.82113123       3.26167846       1.00800002    
        8158  -5.91356564       2.66429186       1.00800002    
        8160  -5.94594574       2.34749961       1.00800002    
        8162  -5.78473759       3.32746983       1.00800002    
        8164  -5.80376720       2.77834201       1.00800002    
        8166  -5.96034002       1.99335957       1.00800002    
        8168  -6.02659130       1.29532671       1.00800002    
        8170  -6.05818129       1.18102968       1.00800002    
        8172  -5.99043703       1.32059455       1.00800002    
        8174  -5.98058367       1.63510096       1.00800002    
        8176  -5.93113852       1.63129056       1.00800002    
        8178  -5.86952257       1.95529652       1.00800002    
        8180  -5.91939211       1.72099090       1.00800002    
        8182  -5.94990158       1.56054974       1.00800002    
        8184  -5.87005806       2.12932515       1.00800002    
        8186  -5.80223370       2.66560817       1.00800002    
        8188  -5.83893871       2.43848753       1.00800002    
        8190  -5.98359823       1.48181927       1.00800002    
        8192  -6.06027174      0.968181908       1.00800002    
        8194  -5.96099567       1.54543948       1.00800002    
        8196  -6.09518194      0.958317697       1.00800002    
        8198  -6.02243137       1.26912606       1.00800002    
        8200  -6.04275990       1.27869284       1.00800002    
        8202  -6.05975628       1.27686954       1.00800002    
        8204  -6.08574963       1.24764502       1.00800002    
        8206  -5.98711109       1.66421545       1.00800002    
        8208  -6.00416565       1.91582549       1.00800002    
        8210  -6.00380802       2.25151658       1.00800002    
        8212  -6.00907230       1.98151720       1.00800002    
        8214  -5.89429188       2.75743699       1.00800002    
        8216  -5.99059105       2.33743811       1.00800002    
        8218  -5.98321009       2.56668687       1.00800002    
        8220  -5.92455864       2.98104477       1.00800002    
        8222  -5.85698986       3.34869623       1.00800002    
        8224  -5.95646143       2.80256677       1.00800002    
        8226  -6.11362362       1.72674370       1.00800002    
        8228  -6.07983971       1.89182818       1.00800002    
        8230  -6.17788363       1.19042325       1.00800002    
        8232  -6.10831165       1.55241358       1.00800002    
        8234  -6.04071999       2.08000398       1.00800002    
        8236  -6.03774071       1.85214972       1.00800002    
        8238  -5.99297142       2.06189060       1.00800002    
        8240  -5.87615871       2.50393391       1.00800002    
        8242  -5.93126774       2.25495410       1.00800002    
        8244  -5.89134598       2.34689975       1.00800002    
        8246  -5.85843134       2.85318255       1.00800002    
        8248  -5.95286274       2.16564870       1.00800002    
        8250  -5.95653868       2.28805447       1.00800002    
        8252  -5.96674204       2.04833627       1.00800002    
        8254  -5.93850327       2.27579570       1.00800002    
        8256  -5.98260880       1.81360519       1.00800002    
        8258  -6.03541803       1.82012963       1.00800002    
        8260  -5.99300289       1.90483034       1.00800002    
        8262  -5.94032717       2.37531757       1.00800002    
        8264  -5.84956646       2.96094203       1.00800002    
        8266  -5.90954399       2.85022402       1.00800002    
        8268  -5.82512856       3.25619411       1.00800002    
        8270  -5.92657900       2.54058766       1.00800002    
        8272  -6.07162380       1.34192336       1.00800002    
        8274  -6.08785486       1.43240297       1.00800002    
        8276  -6.06452847       1.73075461       1.00800002    
        8278  -5.98314142       2.19996285       1.00800002    
        8280  -5.98057842       2.42797589       1.00800002    
        8282  -6.01989841       2.20138407       1.00800002    
        8284  -5.97423697       2.33835244       1.00800002    
        8286  -5.93292475       2.71915722       1.00800002    
        8288  -5.88843966       2.78744245       1.00800002    
        8290  -5.84065151       3.13126779       1.00800002    
        8292  -5.87021446       2.81555820       1.00800002    
        8294  -5.84193420       3.12286091       1.00800002    
        8296  -5.74646664       3.61050272       1.00800002    
        8298  -5.72999573       3.66528940       1.00800002    
        8300  -5.82284498       3.19409037       1.00800002    
        8302  -5.88158703       2.77789760       1.00800002    
        8304  -5.95021963       2.53077316       1.00800002    
        8306  -5.89307070       2.65340686       1.00800002    
        8308  -5.86305904       2.70962286       1.00800002    
        8310  -5.86652040       2.72529054       1.00800002    
        8312  -5.75427771       3.48290324       1.00800002    
        8314  -5.75148344       3.59638619       1.00800002    
        8316  -5.83224297       2.86209321       1.00800002    
        8318  -5.93275404       2.45011139       1.00800002    
        8320  -5.74566031       3.54352880       1.00800002    
        8322  -5.79221106       3.11955190       1.00800002    
        8324  -5.74229765       3.24012733       1.00800002    
        8326  -5.85679483       2.47715950       1.00800002    
        8328  -5.81727266       2.76108766       1.00800002    
        8330  -5.82173586       2.72614717       1.00800002    
        8332  -5.87312317       2.39341569       1.00800002    
        8334  -5.91651106       2.43799448       1.00800002    
        8336  -5.91327572       2.52664518       1.00800002    
        8338  -5.92361355       2.14535785       1.00800002    
        8340  -5.93336964       1.78276420       1.00800002    
        8342  -6.00975657       1.25616527       1.00800002    
        8344  -6.08608150       1.21630096       1.00800002    
        8346  -6.11079216       1.28190494       1.00800002    
        8348  -6.05554008       1.50341237       1.00800002    
        8350  -6.05861282       1.50972307       1.00800002    
        8352  -6.02887154       1.67530560       1.00800002    
        8354  -6.00553989       1.82614756       1.00800002    
        8356  -6.03031111       1.74176693       1.00800002    
        8358  -5.97517681       2.23662162       1.00800002    
        8360  -6.00794744       1.95241809       1.00800002    
        8362  -6.03240824       1.96829522       1.00800002    
        8364  -6.06205368       1.73174751       1.00800002    
        8366  -6.07169771       1.57593322       1.00800002    
        8368  -6.05714703       1.64938593       1.00800002    
        8370  -5.96634865       2.13219857       1.00800002    
        8372  -5.94953680       2.05010056       1.00800002    
        8374  -5.96301746       1.80634868       1.00800002    
        8376  -6.10735512       1.28350794       1.00800002    
        8378  -6.02550364       1.85903049       1.00800002    
        8380  -5.99784374       2.01497197       1.00800002    
        8382  -6.20594501      0.812281430       1.00800002    
        8384  -6.16461515       1.05448914       1.00800002    
        8386  -6.10436106       1.36400318       1.00800002    
        8388  -6.10914898       1.10101616       1.00800002    
        8390  -6.17265797      0.460601747       1.00800002    
        8392  -6.10428667       1.19357038       1.00800002    
        8394  -6.05948210       1.57034254       1.00800002    
        8396  -6.11582184       1.35778677       1.00800002    
        8398  -6.04918575       1.50913811       1.00800002    
        8400  -6.08077908       1.11836684       1.00800002    
        8402  -6.00191021       1.73721051       1.00800002    
        8404  -5.95676613       2.11635995       1.00800002    
        8406  -6.06133223       1.36996508       1.00800002    
        8408  -6.08422375       1.22448385       1.00800002    
        8410  -6.00163317       2.14458179       1.00800002    
        8412  -6.02136564       1.86605251       1.00800002    
        8414  -5.86406898       2.70042849       1.00800002    
        8416  -5.93247557       2.25545883       1.00800002    
        8418  -5.99717283       1.93160594       1.00800002    
        8420  -5.90735960       2.42944741       1.00800002    
        8422  -5.95392323       1.92673588       1.00800002    
        8424  -5.75648832       2.86521792       1.00800002    
        8426  -5.89146948       2.03571844       1.00800002    
        8428  -5.89101839       2.31410623       1.00800002    
        8430  -5.99388027       1.65941060       1.00800002    
        8432  -5.90061140       2.34964561       1.00800002    
        8434  -5.83701181       2.98634458       1.00800002    
        8436  -5.78165007       3.43782282       1.00800002    
        8438  -5.72796154       3.78568172       1.00800002    
        8440  -5.79951382       3.24405003       1.00800002    
        8442  -5.83376265       3.24741316       1.00800002    
        8444  -5.88796043       3.05886364       1.00800002    
        8446  -5.85103083       3.07449937       1.00800002    
        8448  -5.84515858       3.21012044       1.00800002    
        8450  -5.87038755       2.87350035       1.00800002    
        8452  -5.93182087       2.57110786       1.00800002    
        8454  -5.99540138       2.30368924       1.00800002    
        8456  -6.04864025       1.32003009      0.995999992    
        8458  -5.84145451       2.54357147      0.995999992    
        8460  -5.78302097       2.84596324      0.995999992    
        8462  -5.78524160       2.91005993      0.995999992    
        8464  -5.86242294       2.41429257      0.995999992    
        8466  -5.87553740       2.04288292      0.995999992    
        8468  -5.63773537       3.12969160      0.995999992    
        8470  -5.74778223       2.53212428      0.995999992    
        8472  -5.80276299       2.46319628      0.995999992    
        8474  -5.84721613       2.37468576      0.995999992    
        8476  -5.60324430       3.54226923      0.995999992    
        8478  -5.61077023       3.49029946      0.995999992    
        8480  -5.82939816       2.38959122      0.995999992    
        8482  -5.83938169       2.20343113      0.995999992    
        8484  -5.90766621       1.78071082      0.995999992    
        8486  -5.84448957       2.20381951      0.995999992    
        8488  -5.93817377       1.40154386      0.995999992    
        8490  -5.98681402       1.20298827      0.995999992    
        8492  -5.94505787       1.27017498      0.995999992    
        8494  -5.88395023       1.54554570      0.995999992    
        8496  -5.71314049       2.55557752      0.995999992    
        8498  -5.70482492       2.45781636      0.995999992    
        8500  -5.69581747       2.46951556      0.995999992    
        8502  -5.73462677       2.69682622      0.995999992    
        8504  -5.79555559       2.26419735      0.995999992    
        8506  -5.93774700       1.41370893      0.995999992    
        8508  -5.77224874       2.43928766      0.995999992    
        8510  -5.80283785       2.45437598      0.995999992    
        8512  -5.75384521       2.69217491      0.995999992    
        8514  -5.76859426       2.38905215      0.995999992    
        8516  -5.88410473       1.65209115      0.995999992    
        8518  -5.79075003       2.26963091      0.995999992    
        8520  -5.89711523       1.88412428      0.995999992    
        8522  -5.99424648       1.40492249      0.995999992    
        8524  -5.86527109       2.23751903      0.995999992    
        8526  -5.90177202       2.17497659      0.995999992    
        8528  -6.05667830       1.33560073      0.995999992    
        8530  -6.01013947       1.63521671      0.995999992    
        8532  -5.89620495       1.91579854      0.995999992    
        8534  -5.94552374       1.66861081      0.995999992    
        8536  -5.98343134       1.65175784      0.995999992    
        8538  -5.99014759       1.66424859      0.995999992    
        8540  -5.83561468       2.48522019      0.995999992    
        8542  -5.85907984       1.94439256      0.995999992    
        8544  -5.92400026       1.80892777      0.995999992    
        8546  -5.81886482       2.22197700      0.995999992    
        8548  -5.78814745       2.29203725      0.995999992    
        8550  -5.87075472       1.89513862      0.995999992    
        8552  -5.88522530       1.55253351      0.995999992    
        8554  -5.79520416       1.98131490      0.995999992    
        8556  -5.84480381       1.75730431      0.995999992    
        8558  -5.77472115       2.40474963      0.995999992    
        8560  -5.77335739       2.51304102      0.995999992    
        8562  -5.72474766       2.55515170      0.995999992    
        8564  -5.72164536       2.53703046      0.995999992    
        8566  -5.76868773       2.53944302      0.995999992    
        8568  -5.84215593       2.28613067      0.995999992    
        8570  -5.68994379       2.94430804      0.995999992    
        8572  -5.79761505       2.33292675      0.995999992    
        8574  -5.61907816       3.50449634      0.995999992    
        8576  -5.59894180       3.50119257      0.995999992    
        8578  -5.67690372       3.02602625      0.995999992    
        8580  -5.83896160       2.21322727      0.995999992    
        8582  -5.83216524       2.07940817      0.995999992    
        8584  -5.73444319       2.51849222      0.995999992    
        8586  -5.77637720       2.51085973      0.995999992    
        8588  -5.77128172       2.82561517      0.995999992    
        8590  -5.69114637       2.96063042      0.995999992    
        8592  -5.53607416       3.98761320      0.995999992    
        8594  -5.58103561       3.64458942      0.995999992    
        8596  -5.64978504       3.27744484      0.995999992    
        8598  -5.71390581       2.81855226      0.995999992    
        8600  -5.63057709       3.27536345      0.995999992    
        8602  -5.66328096       3.45142436      0.995999992    
        8604  -5.65626812       3.42722034      0.995999992    
        8606  -5.84737921       2.52663207      0.995999992    
        8608  -5.85754633       2.50810742      0.995999992    
        8610  -5.79874182       2.82065654      0.995999992    
        8612  -5.79218674       2.74267268      0.995999992    
        8614  -5.70683050       3.22483373      0.995999992    
        8616  -5.80224466       2.80123353      0.995999992    
        8618  -5.72773743       3.31616187      0.995999992    
        8620  -5.70370007       3.42487669      0.995999992    
        8622  -5.69679308       3.65558457      0.995999992    
        8624  -5.80313206       2.92057753      0.995999992    
        8626  -5.83574533       2.63009429      0.995999992    
        8628  -5.96050024       1.87611961      0.995999992    
        8630  -5.90843105       2.17177653      0.995999992    
        8632  -5.90634775       2.48501897      0.995999992    
        8634  -5.93679762       2.13600636      0.995999992    
        8636  -5.91615009       2.35654163      0.995999992    
        8638  -5.93324995       2.19742179      0.995999992    
        8640  -5.84944201       2.68959022      0.995999992    
        8642  -5.90195704       2.12269998      0.995999992    
        8644  -5.86403656       2.18568540      0.995999992    
        8646  -5.87791252       2.30362320      0.995999992    
        8648  -5.87818956       2.26198077      0.995999992    
        8650  -5.81984854       2.63412237      0.995999992    
        8652  -5.78050995       2.99717784      0.995999992    
        8654  -5.70776367       3.23039079      0.995999992    
        8656  -5.78610039       2.81301141      0.995999992    
        8658  -5.72622108       3.29965353      0.995999992    
        8660  -5.78058624       2.85661387      0.995999992    
        8662  -5.80237961       2.69030762      0.995999992    
        8664  -5.84228992       2.66081214      0.995999992    
        8666  -5.75438547       3.05687332      0.995999992    
        8668  -5.84420919       2.60689640      0.995999992    
        8670  -5.79392099       2.80341887      0.995999992    
        8672  -5.79134989       3.01715684      0.995999992    
        8674  -5.77198267       3.10441899      0.995999992    
        8676  -5.79675913       3.15192652      0.995999992    
        8678  -5.76725388       3.39014840      0.995999992    
        8680  -5.78427124       3.12382030      0.995999992    
        8682  -5.75118160       2.80691624      0.995999992    
        8684  -5.85166502       2.28143239      0.995999992    
        8686  -5.83259439       2.19336724      0.995999992    
        8688  -5.79220676       2.37228107      0.995999992    
        8690  -5.94438457       1.68691766      0.995999992    
        8692  -5.85610628       2.26953340      0.995999992    
        8694  -5.80035067       2.52515483      0.995999992    
        8696  -5.80212402       2.24463058      0.995999992    
        8698  -5.80042458       2.52856588      0.995999992    
        8700  -5.74835014       2.71774340      0.995999992    
        8702  -5.75826979       2.66817069      0.995999992    
        8704  -5.71935368       2.70468497      0.995999992    
        8706  -5.89960289       1.88913918      0.995999992    
        8708  -5.80012655       2.33533168      0.995999992    
        8710  -5.75310993       2.61285090      0.995999992    
        8712  -5.76058340       2.53907800      0.995999992    
        8714  -5.74045277       2.40747786      0.995999992    
        8716  -5.80442572       2.26301455      0.995999992    
        8718  -5.83620167       2.38908434      0.995999992    
        8720  -5.86416864       2.42026782      0.995999992    
        8722  -5.90475845       2.38811278      0.995999992    
        8724  -5.95678473       2.29783559      0.995999992    
        8726  -5.78870630       3.44178772      0.995999992    
        8728  -5.76111841       3.33647990      0.995999992    
        8730  -5.77031946       3.44912934      0.995999992    
        8732  -5.84808111       3.01221776      0.995999992    
        8734  -5.92518091       2.60425830      0.995999992    
        8736  -5.90086937       2.69836473      0.995999992    
        8738  -5.80449009       3.07219720      0.995999992    
        8740  -5.85796976       2.66081786      0.995999992    
        8742  -5.75915432       3.10090637      0.995999992    
        8744  -5.85502434       2.74272585      0.995999992    
        8746  -5.80772209       3.16916466      0.995999992    
        8748  -5.83468390       3.07825708      0.995999992    
        8750  -5.85415506       3.03788090      0.995999992    
        8752  -5.79450750       3.33367753      0.995999992    
        8754  -5.73636103       3.50280166      0.995999992    
        8756  -5.71860695       3.79333067      0.995999992    
        8758  -5.72329521       3.88889480      0.995999992    
        8760  -5.80726147       3.48849225      0.995999992    
        8762  -5.83278990       3.30323577      0.995999992    
        8764  -5.90284443       2.82590055      0.995999992    
        8766  -5.91370201       2.86930871      0.995999992    
        8768  -5.90061522       2.91127300      0.995999992    
        8770  -5.80709267       3.29829597      0.995999992    
        8772  -5.69708776       3.79129982      0.995999992    
        8774  -5.83380508       2.98744011      0.995999992    
        8776  -5.91577530       2.18808627      0.995999992    
        8778  -5.78847122       3.02215195      0.995999992    
        8780  -5.90090275       2.34122729      0.995999992    
        8782  -5.94961882       2.02864790      0.995999992    
        8784  -5.81882286       2.78638554      0.995999992    
        8786  -5.96489239       1.74638522      0.995999992    
        8788  -5.86329556       2.55142975      0.995999992    
        8790  -5.89449549       2.32148504      0.995999992    
        8792  -6.02953959       1.85596013      0.995999992    
        8794  -6.00015736       1.90881205      0.995999992    
        8796  -5.89079475       2.35844660      0.995999992    
        8798  -5.91983366       2.50126576      0.995999992    
        8800  -5.73521233       3.67363644      0.995999992    
        8802  -5.74920416       3.44151855      0.995999992    
        8804  -5.59186697       4.07958269      0.995999992    
        8806  -5.68058205       3.01373863      0.995999992    
        8808  -5.52866268       4.01272964      0.995999992    
        8810  -5.70066786       2.98368669      0.995999992    
        8812  -5.78814220       2.53502774      0.995999992    
        8814  -5.64060402       3.53776646      0.995999992    
        8816  -5.72943687       2.76585889      0.995999992    
        8818  -5.80058289       2.57886267      0.995999992    
        8820  -5.71327209       2.81066537      0.995999992    
        8822  -5.72753000       2.83944869      0.995999992    
        8824  -5.78801155       2.38869071      0.995999992    
        8826  -5.75528574       2.40311313      0.995999992    
        8828  -5.84166956       2.17377019      0.995999992    
        8830  -5.81407928       2.40090728      0.995999992    
        8832  -5.79539204       2.59585905      0.995999992    
        8834  -5.81531715       2.36063099      0.995999992    
        8836  -5.88212919       1.85877144      0.995999992    
        8838  -5.93448305       1.36294079      0.995999992    
        8840  -5.97830248       1.31477284      0.995999992    
        8842  -5.95913839       1.61782801      0.995999992    
        8844  -5.91152859       1.56113029      0.995999992    
        8846  -5.89583635       1.50767636      0.995999992    
        8848  -5.87100601       1.81228721      0.995999992    
        8850  -5.71611643       2.88658357      0.995999992    
        8852  -5.78929853       2.55754447      0.995999992    
        8854  -5.91483831       1.92203963      0.995999992    
        8856  -5.92921305       1.74853587      0.995999992    
        8858  -5.91065836       1.72506630      0.995999992    
        8860  -5.81795359       2.20961022      0.995999992    
        8862  -5.72564983       2.30495358      0.995999992    
        8864  -5.67203522       2.83560276      0.995999992    
        8866  -5.82300806       1.87961650      0.995999992    
        8868  -5.78909159       2.22425175      0.995999992    
        8870  -5.77796221       2.43687344      0.995999992    
        8872  -5.87670803       1.74485540      0.995999992    
        8874  -5.67001438       3.03851724      0.995999992    
        8876  -5.68884325       2.91796517      0.995999992    
        8878  -5.66001225       3.06793141      0.995999992    
        8880  -5.73480701       2.53142619      0.995999992    
        8882  -5.79138851       2.39526296      0.995999992    
        8884  -5.83887196       1.83198750      0.995999992    
        8886  -5.84122133       1.98803151      0.995999992    
        8888  -5.83057785       2.31739902      0.995999992    
        8890  -5.77300119       2.43715191      0.995999992    
        8892  -5.87598419       1.80453622      0.995999992    
        8894  -5.94992399       1.09676182      0.995999992    
        8896  -5.90620995       1.41521287      0.995999992    
        8898  -5.91311646       1.29170871      0.995999992    
        8900  -5.98097324       1.02537417      0.995999992    
        8902  -5.88670540       1.37846112      0.995999992    
        8904  -5.89011431       1.51214790      0.995999992    
        8906  -5.78799248       2.38585949      0.995999992    
        8908  -5.80297613       2.20159030      0.995999992    
        8910  -5.74756289       2.54717112      0.995999992    
        8912  -5.75289774       2.64306927      0.995999992    
        8914  -5.59849262       3.37770081      0.995999992    
        8916  -5.73826790       2.55399132      0.995999992    
        8918  -5.77853155       2.42257309      0.995999992    
        8920  -5.77068043       2.44696403      0.995999992    
        8922  -5.78280258       2.55269909      0.995999992    
        8924  -5.68439960       3.02700925      0.995999992    
        8926  -5.77870226       2.43477988      0.995999992    
        8928  -5.84012747       2.31999183      0.995999992    
        8930  -5.82617378       2.37667179      0.995999992    
        8932  -5.85528898       1.98157775      0.995999992    
        8934  -5.86934519       2.02600145      0.995999992    
        8936  -5.87061644       1.85679722      0.995999992    
        8938  -5.73328447       2.29034758      0.995999992    
        8940  -5.76963949       2.19702864      0.995999992    
        8942  -5.79692698       1.84824860      0.995999992    
        8944  -5.86683893       1.53679621      0.995999992    
        8946  -5.93158293       1.34199739      0.995999992    
        8948  -5.79387474       2.26155853      0.995999992    
        8950  -5.88062048       1.81992400      0.995999992    
        8952  -5.92936182       1.48527074      0.995999992    
        8954  -5.90726376       1.65898299      0.995999992    
        8956  -5.69168472       2.93100810      0.995999992    
        8958  -5.80489635       2.19183040      0.995999992    
        8960  -5.78550529       2.57575941      0.995999992    
        8962  -5.77518368       2.75474310      0.995999992    
        8964  -5.79202604       2.70269442      0.995999992    
        8966  -5.80005598       2.62237477      0.995999992    
        8968  -5.93898964       1.82734561      0.995999992    
        8970  -5.73953676       2.66293693      0.995999992    
        8972  -5.75411558       2.52961707      0.995999992    
        8974  -5.70514297       2.74264240      0.995999992    
        8976  -5.66115141       2.88450527      0.995999992    
        8978  -5.75801754       2.58450174      0.995999992    
        8980  -5.80091095       2.16225243      0.995999992    
        8982  -5.75664234       2.65720296      0.995999992    
        8984  -5.65587234       3.36735439      0.995999992    
        8986  -5.59191084       3.81973052      0.995999992    
        8988  -5.70494795       3.34771776      0.995999992    
        8990  -5.60476065       3.79016137      0.995999992    
        8992  -5.45447588       4.27141619      0.995999992    
        8994  -5.57098866       3.56937099      0.995999992    
        8996  -5.65455675       3.14409876      0.995999992    
        8998  -5.77377939       2.79470062      0.995999992    
        9000  -5.76153326       2.92638612      0.995999992    
        9002  -5.72450542       3.12368011      0.995999992    
        9004  -5.71801758       3.14308095      0.995999992    
        9006  -5.62286425       3.60905576      0.995999992    
        9008  -5.63408804       3.84474325      0.995999992    
        9010  -5.76327419       2.97663617      0.995999992    
        9012  -5.67153788       3.44349337      0.995999992    
        9014  -5.68248701       3.38571310      0.995999992    
        9016  -5.60041904       3.63081455      0.995999992    
        9018  -5.76735973       2.86860466      0.995999992    
        9020  -5.77732086       2.73796630      0.995999992    
        9022  -5.74936533       2.72230196      0.995999992    
        9024  -5.73487806       2.42501712      0.995999992    
        9026  -5.63120937       2.78511000      0.995999992    
        9028  -5.74192905       2.29432774      0.995999992    
        9030  -5.67809820       2.77557230      0.995999992    
        9032  -5.64161158       3.07310295      0.995999992    
        9034  -5.51835489       3.49294686      0.995999992    
        9036  -5.70306587       2.57595754      0.995999992    
        9038  -5.79230261       2.12306619      0.995999992    
        9040  -5.69949675       2.76376653      0.995999992    
        9042  -5.65607405       2.89714527      0.995999992    
        9044  -5.80710363       2.06320810      0.995999992    
        9046  -5.63284683       3.14966273      0.995999992    
        9048  -5.63062525       3.27090001      0.995999992    
        9050  -5.65286207       3.05011511      0.995999992    
        9052  -5.65657997       2.94716930      0.995999992    
        9054  -5.56486559       3.74092317      0.995999992    
        9056  -5.64716530       3.29873109      0.995999992    
        9058  -5.68559122       3.19350243      0.995999992    
        9060  -5.73340654       2.85664248      0.995999992    
        9062  -5.61723804       3.19771767      0.995999992    
        9064  -5.61939812       3.32143688      0.995999992    
        9066  -5.71266174       2.79994154      0.995999992    
        9068  -5.80954695       2.49982095      0.995999992    
        9070  -5.75743818       2.76918125      0.995999992    
        9072  -5.74102020       2.97896218      0.995999992    
        9074  -5.67141819       3.27302980      0.995999992    
        9076  -5.68023109       3.26299548      0.995999992    
        9078  -5.62175131       3.57999849      0.995999992    
        9080  -5.66173267       3.38148570      0.995999992    
        9082  -5.67462778       3.11191869      0.995999992    
        9084  -5.82496786       2.20442867      0.995999992    
        9086  -5.73412991       2.36821485      0.995999992    
        9088  -5.66262436       2.71494770      0.995999992    
        9090  -5.86022663       1.50344741      0.995999992    
        9092  -5.91706371       1.38706613      0.995999992    
        9094  -5.85365725       1.76634753      0.995999992    
        9096  -5.78652000       2.45867801      0.995999992    
        9098  -5.75024176       2.54928541      0.995999992    
        9100  -5.66878223       3.13386369      0.995999992    
        9102  -5.57684565       3.45987248      0.995999992    
        9104  -5.69530296       2.70486617      0.995999992    
        9106  -5.71321201       2.75130677      0.995999992    
        9108  -5.75321770       2.48204684      0.995999992    
        9110  -5.76671362       2.19538403      0.995999992    
        9112  -5.73599625       2.41444612      0.995999992    
        9114  -5.81557703       1.71883774      0.995999992    
        9116  -5.77189207       2.02396941      0.995999992    
        9118  -5.65883303       2.88679433      0.995999992    
        9120  -5.72304869       2.44999790      0.995999992    
        9122  -5.74382257       2.10714984      0.995999992    
        9124  -5.54104996       3.22221661      0.995999992    
        9126  -5.70835733       2.03307652      0.995999992    
        9128  -5.67128229       2.12055445      0.995999992    
        9130  -5.60029507       2.49369049      0.995999992    
        9132  -5.57061100       2.83115649      0.995999992    
        9134  -5.58922529       2.91237092      0.995999992    
        9136  -5.56553125       2.96513748      0.995999992    
        9138  -5.57114553       3.04173875      0.995999992    
        9140  -5.49324560       3.30104589      0.995999992    
        9142  -5.60617971       2.69617772      0.995999992    
        9144  -5.56613350       2.68503189      0.995999992    
        9146  -5.74172783       1.98172045      0.995999992    
        9148  -5.73816109       1.87933791      0.995999992    
        9150  -5.58381224       2.73074722      0.995999992    
        9152  -5.60175085       2.93628907      0.995999992    
        9154  -5.52413988       3.36505842      0.995999992    
        9156  -5.56384563       3.26533580      0.995999992    
        9158  -5.66533995       2.67303586      0.995999992    
        9160  -5.68000984       2.47359848      0.995999992    
        9162  -5.71847343       2.25188446      0.995999992    
        9164  -5.86049414       1.58783329      0.995999992    
        9166  -5.84555292       1.80233705      0.995999992    
        9168  -5.78491068       1.92723608      0.995999992    
        9170  -5.68299484       2.51011062      0.995999992    
        9172  -5.69754124       2.45095086      0.995999992    
        9174  -5.76280308       1.80857825      0.995999992    
        9176  -5.80264950       1.68129063      0.995999992    
        9178  -5.82866335       1.31196129      0.995999992    
        9180  -5.72067404       1.85786974      0.995999992    
        9182  -5.75219965       1.93415749      0.995999992    
        9184  -5.80143929       1.78848910      0.995999992    
        9186  -5.73329210       2.19007301      0.995999992    
        9188  -5.75649261       2.03302503      0.995999992    
        9190  -5.90029383       1.29136753      0.995999992    
        9192  -5.88998032       1.52726984      0.995999992    
        9194  -5.86117506       1.40215468      0.995999992    
        9196  -5.86215305       1.62776721      0.995999992    
        9198  -5.79676199       1.97075474      0.995999992    
        9200  -5.82198286       1.99563837      0.995999992    
        9202  -5.91640425       1.42670739      0.995999992    
        9204  -5.85344648       1.87260294      0.995999992    
        9206  -5.80873394       2.13347912      0.995999992    
        9208  -5.74611568       2.35158587      0.995999992    
        9210  -5.75002575       2.45790315      0.995999992    
        9212  -5.64252520       3.02190328      0.995999992    
        9214  -5.63805151       3.05299115      0.995999992    
        9216  -5.73481941       2.38827944      0.995999992    
        9218  -5.78846645       2.28299975      0.995999992    
        9220  -5.83634090       2.37027740      0.995999992    
        9222  -5.91159248       1.61215150      0.995999992    
        9224  -5.77124691       2.53012800      0.995999992    
        9226  -5.73775148       2.55930066      0.995999992    
        9228  -5.84585190       1.90736246      0.995999992    
        9230  -5.85526133       1.82760406      0.995999992    
        9232  -5.87146091       2.12834096      0.995999992    
        9234  -5.80303097       2.50758338      0.995999992    
        9236  -5.77900362       2.18749356      0.995999992    
        9238  -5.87523508       1.63321328      0.995999992    
        9240  -5.77752733       2.29118848      0.995999992    
        9242  -5.86050463       1.88208115      0.995999992    
        9244  -5.87988186       1.94718349      0.995999992    
        9246  -5.82945919       2.13062024      0.995999992    
        9248  -5.81836176       1.87966657      0.995999992    
        9250  -5.87421083       1.50438058      0.995999992    
        9252  -5.90457153       1.48330760      0.995999992    
        9254  -5.81740093       1.90578175      0.995999992    
        9256  -5.82484388       2.33898354      0.995999992    
        9258  -5.87997293       1.97465920      0.995999992    
        9260  -5.90229130       1.57386529      0.995999992    
        9262  -5.72915840       2.69736171      0.995999992    
        9264  -5.68078423       2.67783356      0.995999992    
        9266  -5.71715021       2.60674024      0.995999992    
        9268  -5.74550819       2.58986712      0.995999992    
        9270  -5.80941868       2.21055365      0.995999992    
        9272  -5.76750326       2.35454321      0.995999992    
        9274  -5.60289860       3.21746635      0.995999992    
        9276  -5.63523197       2.99018574      0.995999992    
        9278  -5.62464285       2.92002177      0.995999992    
        9280  -5.64454460       3.17062020      0.995999992    
        9282  -5.70608759       2.93178511      0.995999992    
        9284  -5.78870058       2.54503417      0.995999992    
        9286  -5.82707071       2.35360289      0.995999992    
        9288  -5.77948189       2.51370406      0.995999992    
        9290  -5.71430731       2.85804152      0.995999992    
        9292  -5.73334599       2.82199526      0.995999992    
        9294  -5.88020563       2.15628004      0.995999992    
        9296  -5.86782598       2.17952919      0.995999992    
        9298  -5.78011274       2.66132140      0.995999992    
        9300  -5.70880651       3.10111475      0.995999992    
        9302  -5.78328371       2.21077418      0.995999992    
        9304  -5.75744867       2.43462253      0.995999992    
        9306  -5.82227612       2.02707219      0.995999992    
        9308  -5.67315674       2.75690675      0.995999992    
        9310  -5.61641836       2.99898291      0.995999992    
        9312  -5.41399288       4.17823505      0.995999992    
        9314  -5.62154627       3.08236217      0.995999992    
        9316  -5.70330477       2.65104938      0.995999992    
        9318  -5.54711008       3.42003369      0.995999992    
        9320  -5.78654337       2.07689548      0.995999992    
        9322  -5.69721222       2.40858626      0.995999992    
        9324  -5.79901075       2.08410430      0.995999992    
        9326  -5.78143215       2.13970947      0.995999992    
        9328  -5.80455303       2.11640882      0.995999992    
        9330  -5.79841709       2.05682039      0.995999992    
        9332  -5.72855711       2.69817019      0.995999992    
        9334  -5.75811625       2.51338887      0.995999992    
        9336  -5.82559443       2.13653588      0.995999992    
        9338  -5.85497665       1.78197205      0.995999992    
        9340  -5.85274982       1.89088345      0.995999992    
        9342  -5.85186577       1.81497586      0.995999992    
        9344  -5.77366114       2.12602186      0.995999992    
        9346  -5.78850079       1.98130238      0.995999992    
        9348  -5.90058517       1.53796196      0.995999992    
        9350  -5.77704048       2.12482643      0.995999992    
        9352  -5.74211931       2.23421669      0.995999992    
        9354  -5.76306677       2.22162938      0.995999992    
        9356  -5.71522188       2.67625093      0.995999992    
        9358  -5.71177292       2.61403179      0.995999992    
        9360  -5.70549250       2.77300835      0.995999992    
        9362  -5.78936243       2.45734382      0.995999992    
        9364  -5.86868191       1.91039395      0.995999992    
        9366  -5.83885145       2.19386601      0.995999992    
        9368  -5.73790932       2.79043579      0.995999992    
        9370  -5.73813295       2.89806604      0.995999992    
        9372  -5.84369659       2.54620314      0.995999992    
        9374  -5.89879513       2.14438391      0.995999992    
        9376  -5.81748486       2.33128953      0.995999992    
        9378  -5.78424644       2.67420101      0.995999992    
        9380  -5.77380753       2.73216963      0.995999992    
        9382  -5.70150471       2.98683906      0.995999992    
        9384  -5.71655416       2.98042583      0.995999992    
        9386  -5.72716761       2.80563283      0.995999992    
        9388  -5.71678591       2.69131875      0.995999992    
        9390  -5.74124956       2.34236884      0.995999992    
        9392  -5.91167927       1.41716969      0.995999992    
        9394  -5.91200161       1.38764000      0.995999992    
        9396  -5.87676811       1.48690307      0.995999992    
        9398  -5.84927607       1.63947690      0.995999992    
        9400  -5.79908037       1.95684814      0.995999992    
        9402  -5.83033848       1.56924450      0.995999992    
        9404  -5.76258802       1.99488652      0.995999992    
        9406  -5.76750469       2.08024025      0.995999992    
        9408  -5.68670177       2.60477328      0.995999992    
        9410  -5.77395582       2.09561539      0.995999992    
        9412  -5.72679663       2.58587217      0.995999992    
        9414  -5.76908875       2.20081186      0.995999992    
        9416  -5.70249367       2.52942872      0.995999992    
        9418  -5.61974287       2.97329688      0.995999992    
        9420  -5.82886457       2.06054592      0.995999992    
        9422  -5.64479065       3.06930900      0.995999992    
        9424  -5.68980885       2.76400590      0.995999992    
        9426  -5.78778124       2.55418944      0.995999992    
        9428  -5.67055511       3.12467790      0.995999992    
        9430  -5.70457458       3.25808239      0.995999992    
        9432  -5.88719893       2.28486872      0.995999992    
        9434  -5.79646873       2.70480824      0.995999992    
        9436  -5.80539417       2.56995368      0.995999992    
        9438  -5.85322285       2.08200264      0.995999992    
        9440  -5.88364840       2.01457405      0.995999992    
        9442  -5.88155746       1.89060700      0.995999992    
        9444  -5.91408205       1.70620465      0.995999992    
        9446  -5.81558275       2.07402611      0.995999992    
        9448  -5.91790390       1.42827761      0.995999992    
        9450  -5.87202501       1.57974577      0.995999992    
        9452  -5.86415005       1.82000482      0.995999992    
        9454  -5.81838608       1.84877968      0.995999992    
        9456  -5.82823801       1.99006939      0.995999992    
        9458  -5.89127302       1.53691339      0.995999992    
        9460  -5.84731483       2.11461544      0.995999992    
        9462  -5.78552103       2.87952900      0.995999992    
        9464  -5.91374493       1.82296610      0.995999992    
        9466  -5.92830610       1.90355504      0.995999992    
        9468  -5.95809269       1.85344696      0.995999992    
        9470  -5.88418961       2.17703199      0.995999992    
        9472  -5.79918528       2.56531739      0.995999992    
        9474  -5.84563780       1.94942236      0.995999992    
        9476  -5.87513018       1.97280681      0.995999992    
        9478  -5.88631725       1.74677467      0.995999992    
        9480  -5.76863956       2.17874146      0.995999992    
        9482  -5.85492182       1.99188757      0.995999992    
        9484  -5.81482124       2.11556411      0.995999992    
        9486  -5.75738096       2.63872790      0.995999992    
        9488  -5.90972900       2.17074084      0.995999992    
        9490  -5.81881142       2.60850406      0.995999992    
        9492  -5.65727615       3.35906029      0.995999992    
        9494  -5.71245813       2.91305423      0.995999992    
        9496  -5.69832373       3.06954622      0.995999992    
        9498  -5.79717255       2.67945075      0.995999992    
        9500  -5.87538195       1.94391620      0.995999992    
        9502  -5.79525757       2.17263508      0.995999992    
        9504  -5.75713491       2.54934096      0.995999992    
        9506  -5.70309639       2.51640415      0.995999992    
        9508  -5.64081144       2.77152896      0.995999992    
        9510  -5.60828543       2.96487355      0.995999992    
        9512  -5.64797592       2.76171875      0.995999992    
        9514  -5.73997688       2.34055114      0.995999992    
        9516  -5.83499289       1.79545867      0.995999992    
        9518  -5.85370255       1.71895957      0.995999992    
        9520  -5.74296761       2.24169111      0.995999992    
        9522  -5.79430866       1.46380806      0.995999992    
        9524  -5.88863420       1.15504527      0.995999992    
        9526  -5.86160994       1.39172471      0.995999992    
        9528  -5.75127411       2.14696646      0.995999992    
        9530  -5.96242332       1.20142865      0.995999992    
        9532  -5.90844584       1.43481195      0.995999992    
        9534  -5.89966822       1.69517827      0.995999992    
        9536  -5.72239065       2.30901027      0.995999992    
        9538  -5.74473000       2.11131001      0.995999992    
        9540  -5.84008360       1.66749620      0.995999992    
        9542  -5.89021635       1.48844135      0.995999992    
        9544  -5.68871212       2.44681048      0.995999992    
        9546  -5.55510998       2.99045491      0.995999992    
        9548  -5.69872332       2.47487760      0.995999992    
        9550  -5.83018875       1.48291397      0.995999992    
        9552  -5.87449026       1.20664382      0.995999992    
        9554  -5.90139437       1.36564660      0.995999992    
        9556  -5.76540518       2.19430566      0.995999992    
        9558  -5.83226395       1.83907914      0.995999992    
        9560  -5.83544874       1.90725839      0.995999992    
        9562  -5.75248623       2.27865124      0.995999992    
        9564  -5.77241421       2.19762349      0.995999992    
        9566  -5.61627150       2.90755296      0.995999992    
        9568  -5.64823771       2.61974907      0.995999992    
        9570  -5.60906410       2.85045123      0.995999992    
        9572  -5.72911739       2.28815532      0.995999992    
        9574  -5.65390253       2.53160596      0.995999992    
        9576  -5.73341942       2.29298925      0.995999992    
        9578  -5.80241966       1.91407824      0.995999992    
        9580  -5.68454647       2.47098684      0.995999992    
        9582  -5.72068596       2.35440016      0.995999992    
        9584  -5.71373558       2.35967064      0.995999992    
        9586  -5.70337057       2.27331305      0.995999992    
        9588  -5.78292036       1.81578648      0.995999992    
        9590  -5.75286722       1.69493628      0.995999992    
        9592  -5.76679325       1.52726400      0.995999992    
        9594  -5.72189188       1.90022647      0.995999992    
        9596  -5.72733116       1.95735514      0.995999992    
        9598  -5.87089920       1.20385849      0.995999992    
        9600  -5.81945181       1.86411476      0.995999992    
        9602  -5.75862789       1.78846622      0.995999992    
        9604  -5.73015594       1.97956324      0.995999992    
        9606  -5.55324697       3.13431621      0.995999992    
        9608  -5.58396959       3.21476388      0.995999992    
        9610  -5.61687946       2.82818770      0.995999992    
        9612  -5.69318104       2.48629713      0.995999992    
        9614  -5.62791872       2.91728330      0.995999992    
        9616  -5.74115610       2.24199820      0.995999992    
        9618  -5.64969254       2.59334278      0.995999992    
        9620  -5.66130304       2.35124254      0.995999992    
        9622  -5.81365871       1.86991942      0.995999992    
        9624  -5.63893604       3.02337074      0.995999992    
        9626  -5.82750511       1.63079453      0.995999992    
        9628  -5.69371462       2.25115657      0.995999992    
        9630  -5.75941992       2.12247396      0.995999992    
        9632  -5.68697309       2.15631461      0.995999992    
        9634  -5.64209318       2.11552906      0.995999992    
        9636  -5.77492380       1.30530643      0.995999992    
        9638  -5.73821783       1.36334181      0.995999992    
        9640  -5.73894310       1.46983731      0.995999992    
        9642  -5.70364952       1.93233085      0.995999992    
        9644  -5.76308155       1.76779306      0.995999992    
        9646  -5.64808607       2.24259615      0.995999992    
        9648  -5.65210629       2.72503233      0.995999992    
        9650  -5.67929316       2.47959995      0.995999992    
        9652  -5.78422880       2.03881621      0.995999992    
        9654  -5.76891184       2.04189920      0.995999992    
        9656  -5.79878807       2.10707617      0.995999992    
        9658  -5.65751934       2.96180749      0.995999992    
        9660  -5.68429470       2.79886150      0.995999992    
        9662  -5.66892195       3.25779557      0.995999992    
        9664  -5.56385136       3.85288906      0.995999992    
        9666  -5.47241831       3.71650672      0.995999992    
        9668  -5.67156172       2.68540192      0.995999992    
        9670  -5.73494244       2.55341291      0.995999992    
        9672  -5.64996576       3.21270370      0.995999992    
        9674  -5.72092342       2.96173739      0.995999992    
        9676  -5.79777670       2.34535527      0.995999992    
        9678  -5.76048136       2.54339051      0.995999992    
        9680  -5.76193237       2.57950211      0.995999992    
        9682  -5.72487497       2.46653509      0.995999992    
        9684  -5.74980879       2.26970053      0.995999992    
        9686  -5.72442245       2.35731435      0.995999992    
        9688  -5.72465420       2.32410598      0.995999992    
        9690  -5.75076151       2.34450507      0.995999992    
        9692  -5.77650499       2.03875732      0.995999992    
        9694  -5.78299856       2.11926627      0.995999992    
        9696  -5.70192623       2.64748788      0.995999992    
        9698  -5.74383640       2.49612331      0.995999992    
        9700  -5.73843193       2.52826595      0.995999992    
        9702  -5.81187916       2.31032944      0.995999992    
        9704  -5.78662109       2.38244200      0.995999992    
        9706  -5.76685905       2.39940786      0.995999992    
        9708  -5.79716539       2.29587650      0.995999992    
        9710  -5.81283522       2.32417226      0.995999992    
        9712  -5.81124449       2.31104302      0.995999992    
        9714  -5.75212336       2.72840166      0.995999992    
        9716  -5.65687180       3.24773645      0.995999992    
        9718  -5.69509363       2.93490052      0.995999992    
        9720  -5.68279171       3.07907271      0.995999992    
        9722  -5.74388742       2.59209585      0.995999992    
        9724  -5.77979040       2.26332355      0.995999992    
        9726  -5.68692827       2.66183829      0.995999992    
        9728  -5.49194002       3.53304887      0.995999992    
        9730  -5.56236601       3.07109499      0.995999992    
        9732  -5.58074617       2.76638627      0.995999992    
        9734  -5.50874233       3.29235435      0.995999992    
        9736  -5.46484566       3.46904230      0.995999992    
        9738  -5.63868856       2.52454209      0.995999992    
        9740  -5.58813953       2.69140291      0.995999992    
        9742  -5.66100550       2.67897892      0.995999992    
        9744  -5.60778809       2.95836782      0.995999992    
        9746  -5.73611593       2.30541754      0.995999992    
        9748  -5.68143463       2.74033546      0.995999992    
        9750  -5.64848232       3.15105224      0.995999992    
        9752  -5.64294195       3.23062253      0.995999992    
        9754  -5.71014786       2.80453682      0.995999992    
        9756  -5.66780281       2.78362989      0.995999992    
        9758  -5.59173250       3.19696808      0.995999992    
        9760  -5.55870485       3.42700744      0.995999992    
        9762  -5.69227028       2.93911958      0.995999992    
        9764  -5.73065567       2.75955701      0.995999992    
        9766  -5.69580364       3.02942157      0.995999992    
        9768  -5.80125952       2.28343511      0.995999992    
        9770  -5.81649494       2.34124994      0.995999992    
        9772  -5.74393606       2.69132614      0.995999992    
        9774  -5.75166512       2.94646311      0.995999992    
        9776  -5.69908285       3.21535873      0.995999992    
        9778  -5.62452936       3.55517769      0.995999992    
        9780  -5.60370970       3.61317492      0.995999992    
        9782  -5.81257486       2.77851439      0.995999992    
        9784  -5.82211971       2.61033893      0.995999992    
        9786  -5.80208635       2.52824473      0.995999992    
        9788  -5.74117374       2.81147885      0.995999992    
        9790  -5.70222330       3.26859331      0.995999992    
        9792  -5.69260979       3.21318078      0.995999992    
        9794  -5.64859819       3.50533843      0.995999992    
        9796  -5.57490730       4.00959873      0.995999992    
        9798  -5.61336088       3.59587693      0.995999992    
        9800  -5.61069059       3.59620905      0.995999992    
        9802  -5.61312246       3.55613470      0.995999992    
        9804  -5.64158535       3.08960319      0.995999992    
        9806  -5.59146547       3.51993299      0.995999992    
        9808  -5.55811405       3.46710420      0.995999992    
        9810  -5.74334431       2.52884150      0.995999992    
        9812  -5.76112843       2.43075562      0.995999992    
        9814  -5.75564241       2.53235388      0.995999992    
        9816  -5.74741650       2.61444759      0.995999992    
        9818  -5.77263927       2.63450956      0.995999992    
        9820  -5.73419619       2.83159328      0.995999992    
        9822  -5.64818621       3.30796862      0.995999992    
        9824  -5.63018894       3.38295007      0.995999992    
        9826  -5.68948603       3.04072785      0.995999992    
        9828  -5.73940849       2.64643121      0.995999992    
        9830  -5.64810896       3.25376272      0.995999992    
        9832  -5.69991636       2.86481571      0.995999992    
        9834  -5.67779207       3.02134085      0.995999992    
        9836  -5.60454988       3.26086640      0.995999992    
        9838  -5.56016350       3.52891207      0.995999992    
        9840  -5.62936354       3.03614235      0.995999992    
        9842  -5.66775227       2.76363921      0.995999992    
        9844  -5.69124269       2.33077383      0.995999992    
        9846  -5.76056242       2.03110409      0.995999992    
        9848  -5.82031298       1.46074760      0.995999992    
        9850  -5.75340891       2.00384426      0.995999992    
        9852  -5.66725254       2.53828335      0.995999992    
        9854  -5.55959511       3.20704937      0.995999992    
        9856  -5.57621002       3.07344413      0.995999992    
        9858  -5.63472319       2.61362457      0.995999992    
        9860  -5.72879219       2.47547626      0.995999992    
        9862  -5.72970676       2.39496017      0.995999992    
        9864  -5.75474358       2.46268964      0.995999992    
        9866  -5.67632246       2.65878153      0.995999992    
        9868  -5.68916225       2.69322157      0.995999992    
        9870  -5.70293427       2.63229561      0.995999992    
        9872  -5.67224360       2.78619266      0.995999992    
        9874  -5.71125174       2.35070777      0.995999992    
        9876  -5.61633492       2.97158241      0.995999992    
        9878  -5.45901632       3.83351588      0.995999992    
        9880  -5.53932905       3.40661597      0.995999992    
        9882  -5.69512939       2.75469446      0.995999992    
        9884  -5.62814522       3.15536499      0.995999992    
        9886  -5.63364983       3.22221398      0.995999992    
        9888  -5.59964418       3.30527806      0.995999992    
        9890  -5.62839890       3.04025412      0.995999992    
        9892  -5.65767193       3.01921773      0.995999992    
        9894  -5.62383842       2.99769497      0.995999992    
        9896  -5.70817757       2.33078122      0.995999992    
        9898  -5.66689968       2.60203815      0.995999992    
        9900  -5.68214941       2.86454701      0.995999992    
        9902  -5.64357567       2.76817083      0.995999992    
        9904  -5.73635960       2.33283186      0.995999992    
        9906  -5.52770138       3.47910023      0.995999992    
        9908  -5.38887644       4.34614849      0.995999992    
        9910  -5.48700714       3.75978184      0.995999992    
        9912  -5.67518187       2.43768239      0.995999992    
        9914  -5.60134172       3.08309841      0.995999992    
        9916  -5.54414511       3.69781971      0.995999992    
        9918  -5.50625324       3.98963809      0.995999992    
        9920  -5.58641434       3.46081614      0.995999992    
        9922  -5.68204689       2.97690654      0.995999992    
        9924  -5.59152460       3.34125161      0.995999992    
        9926  -5.48577595       3.89815116      0.995999992    
        9928  -5.41407919       4.48836994      0.995999992    
        9930  -5.46205997       4.15960550      0.995999992    
        9932  -5.52405977       3.78798342      0.995999992    
        9934  -5.57962227       3.52442002      0.995999992    
        9936  -5.56185627       3.50974989      0.995999992    
        9938  -5.61431313       3.22003818      0.995999992    
        9940  -5.70972109       2.80344653      0.995999992    
        9942  -5.68723774       2.85480309      0.995999992    
        9944  -5.75904512       2.23703218      0.995999992    
        9946  -5.77498865       2.17539978      0.995999992    
        9948  -5.86874342       1.65514350      0.995999992    
        9950  -5.77622509       2.20889926      0.995999992    
        9952  -5.76328945       2.11251330      0.995999992    
        9954  -5.60254622       2.99115038      0.995999992    
        9956  -5.80814362       1.84675431      0.995999992    
        9958  -5.77240515       2.32502723      0.995999992    
        9960  -5.77255440       2.22343969      0.995999992    
        9962  -5.70951366       2.51519465      0.995999992    
        9964  -5.80190992       2.13716292      0.995999992    
        9966  -5.75624943       2.24314380      0.995999992    
        9968  -5.72952461       2.25462627      0.995999992    
        9970  -5.74045420       2.52107263      0.995999992    
        9972  -5.79450989       2.24296188      0.995999992    
        9974  -5.85884476       2.04736018      0.995999992    
        9976  -5.80812407       2.31220508      0.995999992    
        9978  -5.82655621       2.24134350      0.995999992    
        9980  -5.78256845       2.85745549      0.995999992    
        9982  -5.68345070       3.42351270      0.995999992    
        9984  -5.80805254       2.52224708      0.995999992    
        9986  -5.73440361       2.85861850      0.995999992    
        9988  -5.78472710       2.21033525      0.995999992    
        9990  -5.66657066       2.84407902      0.995999992    
        9992  -5.69982147       2.86729026      0.995999992    
        9994  -5.74896479       2.73438501      0.995999992    
        9996  -5.84607363       1.98114204      0.995999992    
        9998  -5.57108259       3.32005858      0.995999992    
       10000  -5.67782831       2.70782304      0.995999992    
       10002  -5.64486599       2.83827686      0.995999992    
       10004  -5.66784620       2.86153960      0.995999992    
       10006  -5.60922003       3.25319076      0.995999992    
       10008  -5.63730955       2.82454610      0.995999992    
       10010  -5.71331835       2.49526811      0.995999992    
       10012  -5.68995190       2.60400820      0.995999992    
       10014  -5.70757771       2.52195311      0.995999992    
       10016  -5.77168131       2.21965456      0.995999992    
       10018  -5.75800753       2.66245651      0.995999992    
       10020  -5.68571234       3.18058395      0.995999992    
       10022  -5.61475372       3.47080398      0.995999992    
       10024  -5.66341114       3.31637073      0.995999992    
       10026  -5.65735531       3.48483562      0.995999992    
       10028  -5.87335873       2.69717336      0.995999992    
       10030  -5.80680656       3.17955494       1.00800002    
       10032  -5.76503515       3.35273385       1.00800002    
       10034  -5.71195364       3.45741224       1.00800002    
       10036  -5.63073587       3.89849424       1.00800002    
       10038  -5.51738739       4.72747469       1.00800002    
       10040  -5.69950914       3.57310629       1.00800002    
       10042  -5.82503271       2.79248571       1.00800002    
       10044  -5.82957268       3.02801967       1.00800002    
       10046  -5.72210503       3.39854097       1.00800002    
       10048  -5.79328108       3.25382876       1.00800002    
       10050  -5.76190233       3.57967401       1.00800002    
       10052  -5.70589495       3.83935308       1.00800002    
       10054  -5.77869177       3.37998891       1.00800002    
       10056  -5.87637043       3.06235695       1.00800002    
       10058  -5.78414679       3.51000214       1.00800002    
       10060  -5.80349302       3.35475802       1.00800002    
       10062  -5.86655617       2.76624751       1.00800002    
       10064  -5.74025059       3.44017625       1.00800002    
       10066  -5.77133465       3.22621965       1.00800002    
       10068  -5.75367641       3.27472973       1.00800002    
       10070  -5.86793756       2.81665516       1.00800002    
       10072  -5.80568218       3.15569758       1.00800002    
       10074  -5.85986662       2.57504201       1.00800002    
       10076  -5.95409870       2.17798090       1.00800002    
       10078  -5.94029379       2.34143472       1.00800002    
       10080  -5.87200356       2.52193594       1.00800002    
       10082  -5.78328419       3.23362374       1.00800002    
       10084  -5.67154646       3.82175374       1.00800002    
       10086  -5.74256706       3.43794227       1.00800002    
       10088  -5.77284336       3.41033602       1.00800002    
       10090  -5.98537827       2.16542864       1.00800002    
       10092  -5.99589539       2.12724805       1.00800002    
       10094  -5.92514992       2.58129001       1.00800002    
       10096  -5.79333973       3.06932878       1.00800002    
       10098  -5.73762512       3.38576770       1.00800002    
       10100  -5.74897766       3.36490321       1.00800002    
       10102  -5.70331573       3.60170317       1.00800002    
       10104  -5.75971842       3.38292527       1.00800002    
       10106  -5.76982164       3.18233657       1.00800002    
       10108  -5.78984070       2.88856387       1.00800002    
       10110  -5.74940586       3.10433936       1.00800002    
       10112  -5.81755590       2.84952044       1.00800002    
       10114  -5.90299416       2.20436668       1.00800002    
       10116  -5.87845421       2.27870083       1.00800002    
       10118  -5.81351757       2.82607269       1.00800002    
       10120  -5.88262129       2.61469483       1.00800002    
       10122  -5.76704597       3.21996713       1.00800002    
       10124  -5.74325323       3.40223718       1.00800002    
       10126  -5.68391228       3.57561707       1.00800002    
       10128  -5.79938984       2.90742183       1.00800002    
       10130  -5.74959517       3.22770882       1.00800002    
       10132  -5.62950325       4.09592438       1.00800002    
       10134  -5.68740368       3.89987206       1.00800002    
       10136  -5.68321085       3.84648371       1.00800002    
       10138  -5.70368385       3.64970732       1.00800002    
       10140  -5.82335472       2.89679956       1.00800002    
       10142  -5.84064531       2.95169902       1.00800002    
       10144  -5.84928370       2.69388056       1.00800002    
       10146  -5.87064743       2.28787208       1.00800002    
       10148  -5.80897093       2.67658567       1.00800002    
       10150  -5.95299768       1.93847191       1.00800002    
       10152  -5.90819979       2.22701740       1.00800002    
       10154  -6.02736664       1.77236009       1.00800002    
       10156  -5.89754629       2.34865618       1.00800002    
       10158  -5.85488987       2.48228788       1.00800002    
       10160  -5.84196424       2.61934018       1.00800002    
       10162  -5.88706589       2.37933230       1.00800002    
       10164  -5.86423302       2.47112823       1.00800002    
       10166  -5.75515366       2.92251086       1.00800002    
       10168  -5.73918200       2.88248992       1.00800002    
       10170  -5.77394295       2.72388244       1.00800002    
       10172  -5.75086164       2.74913883       1.00800002    
       10174  -5.74358177       2.81110168       1.00800002    
       10176  -5.84084845       2.01329732       1.00800002    
       10178  -5.93242979       1.66528356       1.00800002    
       10180  -5.81573105       2.23018193       1.00800002    
       10182  -5.90492344       1.96420777       1.00800002    
       10184  -5.76814032       2.09228969      0.995999992    
       10186  -5.71952391       2.21102667      0.995999992    
       10188  -5.63070774       2.63911772      0.995999992    
       10190  -5.73498154       2.41469622      0.995999992    
       10192  -5.76942301       1.99035001      0.995999992    
       10194  -5.82137156       1.65922117      0.995999992    
       10196  -5.70122957       2.24093533      0.995999992    
       10198  -5.71583414       2.08516884      0.995999992    
       10200  -5.69837141       2.44700694      0.995999992    
       10202  -5.73378372       2.50384855      0.995999992    
       10204  -5.73689222       2.46289635      0.995999992    
       10206  -5.73323870       2.69726753      0.995999992    
       10208  -5.76215172       2.32439470      0.995999992    
       10210  -5.82748795       1.78272152      0.995999992    
       10212  -5.94561863       1.12810373      0.995999992    
       10214  -5.96481800       1.15742195      0.995999992    
       10216  -5.87603951       1.93913817      0.995999992    
       10218  -5.86890888       2.01736069      0.995999992    
       10220  -5.98351240       1.43397784      0.995999992    
       10222  -5.85238886       2.10599899      0.995999992    
       10224  -5.73582840       2.76583195      0.995999992    
       10226  -5.72133636       2.89621997      0.995999992    
       10228  -5.77068949       2.86524868      0.995999992    
       10230  -5.90080500       2.18207669      0.995999992    
       10232  -5.87631941       2.21825385      0.995999992    
       10234  -5.88423729       2.26884103      0.995999992    
       10236  -5.91121674       2.16314244      0.995999992    
       10238  -5.91029072       2.40245295      0.995999992    
       10240  -5.74105167       3.19554234      0.995999992    
       10242  -5.78798628       3.05033302      0.995999992    
       10244  -5.88889027       2.10749054      0.995999992    
       10246  -5.80784273       2.74839878      0.995999992    
       10248  -5.76296949       2.46204209      0.995999992    
       10250  -5.87525511       1.76704311      0.995999992    
       10252  -5.83171988       2.01842237      0.995999992    
       10254  -5.75496817       2.59347296      0.995999992    
       10256  -5.83568192       2.13003635      0.995999992    
       10258  -5.77326584       2.23256350      0.995999992    
       10260  -5.74921560       2.59570527      0.995999992    
       10262  -5.86169100       2.18470860      0.995999992    
       10264  -5.86444330       2.31650996      0.995999992    
       10266  -5.90236187       2.05770135      0.995999992    
       10268  -5.86582851       2.13529468      0.995999992    
       10270  -5.83458185       2.17179132      0.995999992    
       10272  -5.77795124       2.52129865      0.995999992    
       10274  -5.80885029       2.65730071      0.995999992    
       10276  -5.83803558       2.17949462      0.995999992    
       10278  -5.89523935       1.56750178      0.995999992    
       10280  -5.90782309       1.71225905      0.995999992    
       10282  -5.96225548       1.12467420      0.995999992    
       10284  -5.92881966       1.23043025      0.995999992    
       10286  -5.95462275      0.988563478      0.995999992    
       10288  -5.81400108       1.73804510      0.995999992    
       10290  -5.87021303       1.86482000      0.995999992    
       10292  -5.95763016       1.56925964      0.995999992    
       10294  -5.90150023       1.84513843      0.995999992    
       10296  -5.90438318       1.86101377      0.995999992    
       10298  -5.82767296       2.10154581      0.995999992    
       10300  -5.92721415       1.50245225      0.995999992    
       10302  -5.87464857       1.76270545      0.995999992    
       10304  -5.74469471       2.54601860      0.995999992    
       10306  -5.82421064       2.32055259      0.995999992    
       10308  -5.76587009       2.76267815      0.995999992    
       10310  -5.75099993       3.11681366      0.995999992    
       10312  -5.76970530       3.04496074      0.995999992    
       10314  -5.75607347       3.81255293       1.00800002    
       10316  -5.87538671       3.22984362       1.00800002    
       10318  -5.77299738       3.84299684       1.00800002    
       10320  -5.76215696       3.53534055       1.00800002    
       10322  -5.80982876       3.15600109       1.00800002    
       10324  -5.88197327       2.73416758       1.00800002    
       10326  -5.87123537       2.92618823       1.00800002    
       10328  -5.86704922       2.88355613       1.00800002    
       10330  -5.78558588       3.37810445       1.00800002    
       10332  -5.82610130       3.01381516       1.00800002    
       10334  -5.88970470       2.64177775       1.00800002    
       10336  -5.91131020       2.42340589       1.00800002    
       10338  -5.95085192       2.28345490       1.00800002    
       10340  -5.94509268       2.40679288       1.00800002    
       10342  -5.86421108       2.41618943       1.00800002    
       10344  -5.90631247       2.44232202       1.00800002    
       10346  -5.85730553       2.72185612       1.00800002    
       10348  -5.82504177       2.67810011       1.00800002    
       10350  -5.89224815       2.05846810       1.00800002    
       10352  -5.79321718       2.86360097       1.00800002    
       10354  -5.73746395       3.25726986       1.00800002    
       10356  -5.73337793       3.33236098       1.00800002    
       10358  -5.81854010       2.63897061       1.00800002    
       10360  -5.90613365       1.92180634       1.00800002    
       10362  -5.92199707       1.84214771       1.00800002    
       10364  -5.81989193       2.39237976       1.00800002    
       10366  -5.72136307       3.08569336       1.00800002    
       10368  -5.68778610       3.01408982       1.00800002    
       10370  -5.64266109       3.08823395       1.00800002    
       10372  -5.54898167       3.63514543       1.00800002    
       10374  -5.69795656       3.04717231       1.00800002    
       10376  -5.77121782       2.66187763       1.00800002    
       10378  -5.79804182       2.63577199       1.00800002    
       10380  -5.84980726       2.45531344       1.00800002    
       10382  -5.80241632       2.53987718       1.00800002    
       10384  -5.67224789       3.09792733       1.00800002    
       10386  -5.59400606       3.60386753       1.00800002    
       10388  -5.68376493       3.06672311       1.00800002    
       10390  -5.67962885       3.12372255       1.00800002    
       10392  -5.71283484       3.24271727       1.00800002    
       10394  -5.67430782       3.46235776       1.00800002    
       10396  -5.62014151       3.82217932       1.00800002    
       10398  -5.59504747       4.25531483       1.00800002    
       10400  -5.61643648       3.99743509       1.00800002    
       10402  -5.67561054       3.64567161       1.00800002    
       10404  -5.78624773       3.47203422       1.00800002    
       10406  -5.76776314       3.45552897       1.00800002    
       10408  -5.82986593       2.99668193       1.00800002    
       10410  -5.79429340       3.27203560       1.00800002    
       10412  -5.67884970       4.18019867       1.00800002    
       10414  -5.73964357       3.67777801       1.00800002    
       10416  -5.73914051       3.62140489       1.00800002    
       10418  -5.74566650       3.36213040       1.00800002    
       10420  -5.76478910       3.25372005       1.00800002    
       10422  -5.64161968       4.09888172       1.00800002    
       10424  -5.52797651       4.77747250       1.00800002    
       10426  -5.68046999       4.04594803       1.00800002    
       10428  -5.69276333       3.98849750       1.00800002    
       10430  -5.65924883       4.04269314       1.00800002    
       10432  -5.66043234       3.84262586       1.00800002    
       10434  -5.75268888       3.22762513       1.00800002    
       10436  -5.78982353       2.64307928       1.00800002    
       10438  -5.76392269       2.95008492       1.00800002    
       10440  -5.60192394       3.92685723       1.00800002    
       10442  -5.72822428       3.16744328       1.00800002    
       10444  -5.79761744       2.66192055       1.00800002    
       10446  -5.69002914       3.33381677       1.00800002    
       10448  -5.87651968       2.33754635       1.00800002    
       10450  -5.86383438       2.43728638       1.00800002    
       10452  -5.87373304       2.30946016       1.00800002    
       10454  -5.73007059       3.13359737       1.00800002    
       10456  -5.71179247       3.15588045       1.00800002    
       10458  -5.74260378       2.98135972       1.00800002    
       10460  -5.73183775       3.08488917       1.00800002    
       10462  -5.76319361       2.89524412       1.00800002    
       10464  -5.81860065       2.62925935       1.00800002    
       10466  -5.81069756       2.81464505       1.00800002    
       10468  -5.75926256       3.12009954       1.00800002    
       10470  -5.61935043       3.53597307       1.00800002    
       10472  -5.78972960       2.65259552       1.00800002    
       10474  -5.77407169       3.12085271       1.00800002    
       10476  -5.75819206       2.92762947       1.00800002    
       10478  -5.64658356       3.50874066       1.00800002    
       10480  -5.59395266       4.19453478       1.00800002    
       10482  -5.46184635       4.90358877       1.00800002    
       10484  -5.72068739       3.40274692       1.00800002    
       10486  -5.72188330       3.36919665       1.00800002    
       10488  -5.69674635       3.39746809       1.00800002    
       10490  -5.82480145       2.51323891       1.00800002    
       10492  -5.86157560       2.50292611       1.00800002    
       10494  -5.97722149       1.84522760       1.00800002    
       10496  -5.76163340       3.04497242       1.00800002    
       10498  -5.72111797       3.42225266       1.00800002    
       10500  -5.83355093       3.00823712       1.00800002    
       10502  -5.75983620       3.29083252       1.00800002    
       10504  -5.72319698       3.34366918       1.00800002    
       10506  -5.79861450       2.68825006       1.00800002    
       10508  -5.81987190       2.62168360       1.00800002    
       10510  -5.88752794       2.48338461       1.00800002    
       10512  -5.88418055       2.35847783       1.00800002    
       10514  -5.77052355       2.89584160       1.00800002    
       10516  -5.82262754       2.59659004       1.00800002    
       10518  -5.83799171       2.80206299       1.00800002    
       10520  -5.81942177       3.00829911       1.00800002    
       10522  -5.90036106       2.62817001       1.00800002    
       10524  -5.87142992       2.52243257       1.00800002    
       10526  -5.84856129       2.74830079       1.00800002    
       10528  -5.82967567       2.78096151       1.00800002    
       10530  -5.84000731       3.03501821       1.00800002    
       10532  -5.78989267       3.16193867       1.00800002    
       10534  -5.62730026       3.87673283       1.00800002    
       10536  -5.59699917       4.14361858       1.00800002    
       10538  -5.68986702       3.66727877       1.00800002    
       10540  -5.84695768       2.59760404       1.00800002    
       10542  -5.83459806       2.84128237       1.00800002    
       10544  -5.90420628       2.71088576       1.00800002    
       10546  -5.79459047       3.32091880       1.00800002    
       10548  -5.79568624       3.24243712       1.00800002    
       10550  -5.85902214       2.83510613       1.00800002    
       10552  -5.84564209       2.94675159       1.00800002    
       10554  -5.80261517       3.10222721       1.00800002    
       10556  -5.90914059       2.14518499       1.00800002    
       10558  -5.88232040       2.32502627       1.00800002    
       10560  -5.86380291       2.51139092       1.00800002    
       10562  -5.92428684       2.12106395       1.00800002    
       10564  -5.91035986       2.11063361       1.00800002    
       10566  -5.95563602       1.82133973       1.00800002    
       10568  -5.86385345       2.36682391       1.00800002    
       10570  -5.96432114       1.61351240       1.00800002    
       10572  -5.92936850       2.04474044       1.00800002    
       10574  -6.04232073       1.52671742       1.00800002    
       10576  -5.96227884       1.72012055       1.00800002    
       10578  -5.89596844       2.08448887       1.00800002    
       10580  -5.99635267       1.75071514       1.00800002    
       10582  -6.01055908       1.72128391       1.00800002    
       10584  -6.03270292       1.70136666       1.00800002    
       10586  -5.97261906       1.83152330       1.00800002    
       10588  -5.94877577       1.98001301       1.00800002    
       10590  -5.89612961       2.54646087       1.00800002    
       10592  -5.96840382       2.13848329       1.00800002    
       10594  -5.96754646       2.05153871       1.00800002    
       10596  -5.84437656       2.78428411       1.00800002    
       10598  -5.92178679       1.99557507       1.00800002    
       10600  -5.92666626       2.00301886       1.00800002    
       10602  -5.86638641       2.00184560       1.00800002    
       10604  -5.89129782       1.84511721       1.00800002    
       10606  -5.80124712       2.35129309       1.00800002    
       10608  -5.85151482       2.20988345       1.00800002    
       10610  -5.91563463       1.82954657       1.00800002    
       10612  -5.81431818       2.16502762       1.00800002    
       10614  -5.88962841       1.82891822       1.00800002    
       10616  -5.72147989       2.83171797       1.00800002    
       10618  -5.81498241       2.52173471       1.00800002    
       10620  -5.74168348       3.09553337       1.00800002    
       10622  -5.87232971       2.37531328       1.00800002    
       10624  -5.84890747       2.55449152       1.00800002    
       10626  -5.83558083       3.02073956       1.00800002    
       10628  -5.96059942       2.39772081       1.00800002    
       10630  -5.87720871       2.71440482       1.00800002    
       10632  -5.90479326       2.78636479       1.00800002    
       10634  -5.87461329       3.05112243       1.00800002    
       10636  -5.84556532       3.24477482       1.00800002    
       10638  -5.96974325       2.47323132       1.00800002    
       10640  -5.81568003       3.22352719       1.00800002    
       10642  -5.78533745       3.38609433       1.00800002    
       10644  -5.85978460       3.00528479       1.00800002    
       10646  -5.90892887       2.69309187       1.00800002    
       10648  -5.77974749       3.59848356       1.00800002    
       10650  -5.83400869       3.27988410       1.00800002    
       10652  -5.89973879       2.90310645       1.00800002    
       10654  -5.85114336       3.20970058       1.00800002    
       10656  -5.91228151       3.05334067       1.00800002    
       10658  -5.91059017       2.66808391       1.00800002    
       10660  -5.83710480       3.01866388       1.00800002    
       10662  -5.79698658       3.14829063       1.00800002    
       10664  -5.96420145       2.24168968       1.00800002    
       10666  -5.93684292       2.25387502       1.00800002    
       10668  -5.85624409       2.65325570       1.00800002    
       10670  -5.64306116       3.88130903       1.00800002    
       10672  -5.74802828       3.50683260       1.00800002    
       10674  -5.72611475       3.67554164       1.00800002    
       10676  -5.70897627       3.68733072       1.00800002    
       10678  -5.70280075       3.54899025       1.00800002    
       10680  -5.65173197       3.72801471       1.00800002    
       10682  -5.70294809       3.53015423       1.00800002    
       10684  -5.68232393       3.90116930       1.00800002    
       10686  -5.57280016       4.52512455       1.00800002    
       10688  -5.73350000       3.59430408       1.00800002    
       10690  -5.65712786       3.85630345       1.00800002    
       10692  -5.74067354       3.33467197       1.00800002    
       10694  -5.80599260       2.85871363       1.00800002    
       10696  -5.68778563       3.44944501       1.00800002    
       10698  -5.79262924       3.19184208       1.00800002    
       10700  -5.74243879       3.33377457       1.00800002    
       10702  -5.81145048       3.05582666       1.00800002    
       10704  -5.90389776       2.47384119       1.00800002    
       10706  -5.74501657       3.40226984       1.00800002    
       10708  -5.83830261       3.18157101       1.00800002    
       10710  -5.75367498       3.64648747       1.00800002    
       10712  -5.78353596       3.45913553       1.00800002    
       10714  -5.85550594       3.11368513       1.00800002    
       10716  -5.83474636       3.20863676       1.00800002    
       10718  -5.81072950       3.04319072       1.00800002    
       10720  -5.90700388       2.59145498       1.00800002    
       10722  -5.90201759       2.78184700       1.00800002    
       10724  -5.94362116       2.77853107       1.00800002    
       10726  -5.97223186       2.50883913       1.00800002    
       10728  -5.94648743       2.56109381       1.00800002    
       10730  -5.96354389       2.32375455       1.00800002    
       10732  -5.98311758       2.05951595       1.00800002    
       10734  -5.99991083       1.73453963       1.00800002    
       10736  -5.90941477       2.38305354       1.00800002    
       10738  -5.92341137       2.22584248       1.00800002    
       10740  -5.96274185       1.97104692       1.00800002    
       10742  -5.99366617       1.92786670       1.00800002    
       10744  -5.86207867       2.71413946       1.00800002    
       10746  -5.88987112       2.38326478       1.00800002    
       10748  -5.92691088       2.18500543       1.00800002    
       10750  -5.99927521       1.81456113       1.00800002    
       10752  -6.05516577       1.36497235       1.00800002    
       10754  -5.82287645       2.93256044       1.00800002    
       10756  -5.76528645       3.22817755       1.00800002    
       10758  -5.78922272       3.02819943       1.00800002    
       10760  -5.79437971       3.22127652       1.00800002    
       10762  -5.83667707       2.86296201       1.00800002    
       10764  -5.76688433       3.21647716       1.00800002    
       10766  -5.72655630       3.33130312       1.00800002    
       10768  -5.78690386       3.24086595       1.00800002    
       10770  -5.76740980       3.23594689       1.00800002    
       10772  -5.84889030       2.68262315       1.00800002    
       10774  -5.79638052       3.17852640       1.00800002    
       10776  -5.83605099       3.29087782       1.00800002    
       10778  -5.91714001       2.57953882       1.00800002    
       10780  -5.98636627       2.21222448       1.00800002    
       10782  -5.98129225       2.12259150       1.00800002    
       10784  -5.77675629       3.30548954       1.00800002    
       10786  -5.81270361       3.17197585       1.00800002    
       10788  -5.64571095       3.86383605      0.995999992    
       10790  -5.60298491       4.11050987      0.995999992    
       10792  -5.76019955       3.05681968      0.995999992    
       10794  -5.66198111       3.47721291      0.995999992    
       10796  -5.69254112       3.38432312      0.995999992    
       10798  -5.65668201       3.48047948      0.995999992    
       10800  -5.67020273       3.19922566      0.995999992    
       10802  -5.75289774       2.40655184      0.995999992    
       10804  -5.77497196       2.14088583      0.995999992    
       10806  -5.78694105       2.62006855      0.995999992    
       10808  -5.76210451       2.76833820      0.995999992    
       10810  -5.73698473       3.10613632      0.995999992    
       10812  -5.66459751       3.41441441      0.995999992    
       10814  -5.66933346       3.02196217      0.984000027    
       10816  -5.61762762       3.05900455      0.984000027    
       10818  -5.65351915       3.14060831      0.984000027    
       10820  -5.63780165       3.31804776      0.984000027    
       10822  -5.81446218       2.54530025      0.984000027    
       10824  -5.73491335       2.89998364      0.984000027    
       10826  -5.72799349       2.99377227      0.984000027    
       10828  -5.59653044       3.40660214      0.984000027    
       10830  -5.73866749       2.76397610      0.984000027    
       10832  -5.76537895       2.56579733      0.984000027    
       10834  -5.70392990       2.65937281      0.984000027    
       10836  -5.85814333       1.80204690      0.984000027    
       10838  -5.76007605       2.43519211      0.984000027    
       10840  -5.68471956       2.72768283      0.984000027    
       10842  -5.62960577       3.06433868      0.984000027    
       10844  -5.71938372       2.42779613      0.984000027    
       10846  -5.59882450       3.21379590      0.984000027    
       10848  -5.61425495       3.39734316      0.984000027    
       10850  -5.63632107       2.95144367      0.984000027    
       10852  -5.61628866       3.04857254      0.984000027    
       10854  -5.84954977       2.21022344      0.984000027    
       10856  -5.82149553       2.48825908      0.984000027    
       10858  -5.81312895       2.43661618      0.984000027    
       10860  -5.85656357       2.26540017      0.984000027    
       10862  -5.91032982       2.01197529      0.984000027    
       10864  -5.82544279       2.62942624      0.984000027    
       10866  -5.76401520       2.82696772      0.984000027    
       10868  -5.81110859       2.61035371      0.984000027    
       10870  -5.74961615       3.09716296      0.984000027    
       10872  -5.83481884       2.59442854      0.984000027    
       10874  -5.82215977       2.40870404      0.984000027    
       10876  -5.83721209       2.22303843      0.984000027    
       10878  -5.90306187       1.77454591      0.984000027    
       10880  -5.75634861       2.78962684      0.984000027    
       10882  -5.77067184       2.38493562      0.984000027    
       10884  -5.79258108       2.46053743      0.984000027    
       10886  -5.73451138       2.93906307      0.984000027    
       10888  -5.60892105       3.52677155      0.984000027    
       10890  -5.67743587       3.19104791      0.984000027    
       10892  -5.60552263       3.17938542      0.984000027    
       10894  -5.60175657       3.04742265      0.984000027    
       10896  -5.64699888       2.99295068      0.984000027    
       10898  -5.74902010       2.67917919      0.984000027    
       10900  -5.78548193       2.37282729      0.984000027    
       10902  -5.67573357       2.60854197      0.984000027    
       10904  -5.79363871       2.25252199      0.984000027    
       10906  -5.82841301       2.20983410      0.984000027    
       10908  -5.80732536       2.29200411      0.984000027    
       10910  -5.86005735       1.85611773      0.984000027    
       10912  -5.72426748       2.31942034      0.984000027    
       10914  -5.66759729       2.47991133      0.984000027    
       10916  -5.60712862       2.80742073      0.984000027    
       10918  -5.69997311       2.16138935      0.984000027    
       10920  -5.68711376       1.99488258      0.984000027    
       10922  -5.78792191       1.70099473      0.984000027    
       10924  -5.68751431       2.42526388      0.984000027    
       10926  -5.68310165       2.28829122      0.984000027    
       10928  -5.61053181       2.89311314      0.984000027    
       10930  -5.70537281       2.17204666      0.984000027    
       10932  -5.62987566       2.67385507      0.984000027    
       10934  -5.67563105       2.42806101      0.984000027    
       10936  -5.68955278       2.32573485      0.984000027    
       10938  -5.74437428       2.25224710      0.984000027    
       10940  -5.66967535       2.72169375      0.984000027    
       10942  -5.66470337       2.68239880      0.984000027    
       10944  -5.52747917       3.60636711      0.984000027    
       10946  -5.53154278       3.17107797      0.984000027    
       10948  -5.56916285       3.21691442      0.984000027    
       10950  -5.68401337       2.62533092      0.984000027    
       10952  -5.74282885       2.28023887      0.984000027    
       10954  -5.75995541       2.31773114      0.984000027    
       10956  -5.76767397       2.28572392      0.984000027    
       10958  -5.78218079       2.01228452      0.984000027    
       10960  -5.80712891       1.78718996      0.984000027    
       10962  -5.69823503       2.34486556      0.984000027    
       10964  -5.78079319       1.99369836      0.984000027    
       10966  -5.89294434       1.40697062      0.984000027    
       10968  -5.80640554       1.90582275      0.984000027    
       10970  -5.81416559       1.61457288      0.984000027    
       10972  -5.80827284       1.76824141      0.984000027    
       10974  -5.76649857       1.86114097      0.984000027    
       10976  -5.78044939       1.83005071      0.984000027    
       10978  -5.79040670       1.71487641      0.984000027    
       10980  -5.74665308       2.00312757      0.984000027    
       10982  -5.90222120      0.849205494      0.984000027    
       10984  -5.83574867       1.32838702      0.984000027    
       10986  -5.79202843       1.76319206      0.984000027    
       10988  -5.71242571       2.11384296      0.984000027    
       10990  -5.83537102       1.58675361      0.984000027    
       10992  -5.84399891       1.44254613      0.984000027    
       10994  -5.82786846       1.54752183      0.984000027    
       10996  -5.76105499       2.20196438      0.984000027    
       10998  -5.65761089       2.92311263      0.984000027    
       11000  -5.74103689       2.75850034      0.984000027    
       11002  -5.86282587       1.83460295      0.984000027    
       11004  -5.85749102       2.05568624      0.984000027    
       11006  -5.85424328       1.97648895      0.984000027    
       11008  -5.88642836       1.71431601      0.984000027    
       11010  -5.92662477       1.71219921      0.984000027    
       11012  -5.92480803       1.57509756      0.984000027    
       11014  -5.81529140       1.85725141      0.984000027    
       11016  -5.85942507       1.70948100      0.984000027    
       11018  -5.91276646       1.40792453      0.984000027    
       11020  -5.82140970       2.10289407      0.984000027    
       11022  -5.78059912       2.16649532      0.984000027    
       11024  -5.78435230       2.09937096      0.984000027    
       11026  -5.68748903       2.95130396      0.984000027    
       11028  -5.82782173       2.00079107      0.984000027    
       11030  -5.78199816       2.25561929      0.984000027    
       11032  -5.75919437       1.87650156      0.984000027    
       11034  -5.74732256       2.19322824      0.984000027    
       11036  -5.79262638       2.01868033      0.984000027    
       11038  -5.73404264       2.63143778      0.984000027    
       11040  -5.73886490       2.33211470      0.984000027    
       11042  -5.77002764       2.47828293      0.984000027    
       11044  -5.73737240       2.55842876      0.984000027    
       11046  -5.77448511       2.25820637      0.984000027    
       11048  -5.72632408       2.14133096      0.984000027    
       11050  -5.66572666       2.84042430      0.984000027    
       11052  -5.61874199       3.13668752      0.984000027    
       11054  -5.59739399       3.39996767      0.984000027    
       11056  -5.52602530       3.86778092      0.984000027    
       11058  -5.61408854       3.08138204      0.984000027    
       11060  -5.54686451       3.35157609      0.984000027    
       11062  -5.70534468       2.50997114      0.984000027    
       11064  -5.76596880       2.44747949      0.984000027    
       11066  -5.81351805       2.03469872      0.984000027    
       11068  -5.80364180       1.99860501      0.984000027    
       11070  -5.83381033       2.19586611      0.984000027    
       11072  -5.56311178       3.44868636      0.984000027    
       11074  -5.74495983       2.28042388      0.972000003    
       11076  -5.88415623       1.61328256      0.972000003    
       11078  -5.70250416       2.61902046      0.972000003    
       11080  -5.76761007       2.34570289      0.972000003    
       11082  -5.75162411       2.50931096      0.972000003    
       11084  -5.61059666       3.30614090      0.972000003    
       11086  -5.68895912       2.82848668      0.972000003    
       11088  -5.67173243       3.16065288      0.972000003    
       11090  -5.59066248       3.41377711      0.972000003    
       11092  -5.57444715       3.52099872      0.972000003    
       11094  -5.56984568       3.42224836      0.972000003    
       11096  -5.68431568       2.69042182      0.972000003    
       11098  -5.63628149       3.11428976      0.972000003    
       11100  -5.66812658       3.06578064      0.972000003    
       11102  -5.67829990       2.99151325      0.972000003    
       11104  -5.63240194       3.50868273      0.972000003    
       11106  -5.68322611       3.26928353      0.972000003    
       11108  -5.72706509       3.05380988      0.972000003    
       11110  -5.70061493       3.15127373      0.972000003    
       11112  -5.50922108       4.17342424      0.972000003    
       11114  -5.34536409       4.99004412      0.972000003    
       11116  -5.56004858       3.42157507      0.972000003    
       11118  -5.55307245       3.23881650      0.972000003    
       11120  -5.60411787       2.87926817      0.972000003    
       11122  -5.55331135       2.77593184      0.972000003    
       11124  -5.58151817       3.02056313      0.972000003    
       11126  -5.60483313       2.96243095      0.972000003    
       11128  -5.57320881       3.09990048      0.972000003    
       11130  -5.64197731       2.58350992      0.972000003    
       11132  -5.57704020       2.86587715      0.972000003    
       11134  -5.67711163       2.03889990      0.972000003    
       11136  -5.68794441       1.95428479      0.972000003    
       11138  -5.56490421       2.29198170      0.972000003    
       11140  -5.62455416       2.29517341      0.972000003    
       11142  -5.73898268       1.54317427      0.972000003    
       11144  -5.67145443       1.81350648      0.972000003    
       11146  -5.60348701       2.36080098      0.972000003    
       11148  -5.51749992       2.80120111      0.972000003    
       11150  -5.52458143       2.57932925      0.972000003    
       11152  -5.61828899       2.13524294      0.972000003    
       11154  -5.61624432       2.31774306      0.972000003    
       11156  -5.62396145       2.50764203      0.972000003    
       11158  -5.71624374       2.20366096      0.972000003    
       11160  -5.63756180       2.52038765      0.972000003    
       11162  -5.63066053       2.53743958      0.972000003    
       11164  -5.56374598       2.92142510      0.972000003    
       11166  -5.55935860       2.74473286      0.972000003    
       11168  -5.59149790       2.64776468      0.972000003    
       11170  -5.79587555       1.77205133      0.972000003    
       11172  -5.74296284       2.20256281      0.972000003    
       11174  -5.68340588       2.45777678      0.972000003    
       11176  -5.54738998       3.09228349      0.972000003    
       11178  -5.52085400       3.14261603      0.972000003    
       11180  -5.41161823       3.56321979      0.972000003    
       11182  -5.69097185       2.03501058      0.972000003    
       11184  -5.68657923       1.98442125      0.972000003    
       11186  -5.66639662       2.19968653      0.972000003    
       11188  -5.68391132       2.14652133      0.972000003    
       11190  -5.54724121       3.03698587      0.972000003    
       11192  -5.79025364       1.68612278      0.972000003    
       11194  -5.79493046       1.69813323      0.972000003    
       11196  -5.74735546       2.06925058      0.972000003    
       11198  -5.81801796       1.86417282      0.972000003    
       11200  -5.81359148       1.61057866      0.972000003    
       11202  -5.70088720       2.21214581      0.972000003    
       11204  -5.65977192       2.47112465      0.972000003    
       11206  -5.70613241       2.20573759      0.972000003    
       11208  -5.66824055       2.20436096      0.972000003    
       11210  -5.77455997       1.81308496      0.972000003    
       11212  -5.77828598       1.48171067      0.972000003    
       11214  -5.83993387      0.748970509      0.972000003    
       11216  -5.89385271      0.508133113      0.972000003    
       11218  -5.83516693       1.03901029      0.972000003    
       11220  -5.78856897       1.26193774      0.972000003    
       11222  -5.71198177       1.61208558      0.972000003    
       11224  -5.68875504       1.93762898      0.972000003    
       11226  -5.72378826       1.67462766      0.972000003    
       11228  -5.68950605       2.17445731      0.972000003    
       11230  -5.83099365       1.47739875      0.972000003    
       11232  -5.74471903       2.01556492      0.972000003    
       11234  -5.71596956       2.24169421      0.972000003    
       11236  -5.69305515       2.56061864      0.972000003    
       11238  -5.74172831       2.35446358      0.972000003    
       11240  -5.69365597       2.68711257      0.984000027    
       11242  -5.78300810       2.17506576      0.984000027    
       11244  -5.56722260       3.29640365      0.984000027    
       11246  -5.56199408       3.30925918      0.984000027    
       11248  -5.66963959       3.07771349      0.984000027    
       11250  -5.64538574       3.27973533      0.984000027    
       11252  -5.59383488       3.35577941      0.984000027    
       11254  -5.54533052       3.57800508      0.984000027    
       11256  -5.61647987       3.13063288      0.984000027    
       11258  -5.71021891       2.64030528      0.984000027    
       11260  -5.77642393       2.38106561      0.984000027    
       11262  -5.78914309       2.26144981      0.984000027    
       11264  -5.80198479       2.12054324      0.984000027    
       11266  -5.69529200       2.84025335      0.984000027    
       11268  -5.71596956       2.78224897      0.984000027    
       11270  -5.70088291       2.92017674      0.984000027    
       11272  -5.69239521       3.07565308      0.984000027    
       11274  -5.70975161       2.98513150      0.984000027    
       11276  -5.75331640       2.59775424      0.984000027    
       11278  -5.86581707       1.87552691      0.984000027    
       11280  -5.92308092       1.49769592      0.984000027    
       11282  -5.86765385       1.70278025      0.984000027    
       11284  -5.82341290       1.78164256      0.984000027    
       11286  -5.84344149       1.75527430      0.984000027    
       11288  -5.85053444       1.73640895      0.984000027    
       11290  -5.90068769       1.29043996      0.984000027    
       11292  -5.85401249       1.84352243      0.984000027    
       11294  -5.89176178       1.73146820      0.984000027    
       11296  -5.81080532       2.32347250      0.984000027    
       11298  -5.89705420       1.70993865      0.984000027    
       11300  -5.83250046       2.23330832      0.984000027    
       11302  -5.97762156       1.36767721      0.984000027    
       11304  -5.91674376       1.58757019      0.984000027    
       11306  -5.98246670       1.07749057      0.984000027    
       11308  -5.99718475       1.41684985      0.984000027    
       11310  -5.92811584       2.12924290      0.984000027    
       11312  -5.96817780       2.08585382      0.984000027    
       11314  -5.83943129       2.54917336      0.984000027    
       11316  -5.82435369       2.43795800      0.984000027    
       11318  -5.80936670       2.29482222      0.984000027    
       11320  -5.63838100       2.96314883      0.984000027    
       11322  -5.79085207       2.48397708      0.984000027    
       11324  -5.86114979       1.94971251      0.984000027    
       11326  -5.95216703       1.22324705      0.984000027    
       11328  -5.84429359       1.98019421      0.984000027    
       11330  -5.82828331       1.81478083      0.984000027    
       11332  -5.80754757       1.85872889      0.984000027    
       11334  -5.75810337       2.12607813      0.984000027    
       11336  -5.63976622       2.89473104      0.984000027    
       11338  -5.61076307       3.02581120      0.984000027    
       11340  -5.74551201       2.42648172      0.984000027    
       11342  -5.72878742       2.51363945      0.984000027    
       11344  -5.76152277       2.16024971      0.984000027    
       11346  -5.70883656       2.43742943      0.984000027    
       11348  -5.68019342       2.68908191      0.984000027    
       11350  -5.65457106       2.60626793      0.984000027    
       11352  -5.71928453       2.33754706      0.984000027    
       11354  -5.73852491       2.36096168      0.984000027    
       11356  -5.65974665       3.04045558      0.984000027    
       11358  -5.72775745       2.56761074      0.984000027    
       11360  -5.68345451       2.89374971      0.984000027    
       11362  -5.65963650       2.82849169      0.984000027    
       11364  -5.67148733       2.65267587      0.984000027    
       11366  -5.72197914       2.36554241      0.984000027    
       11368  -5.75489140       2.24473977      0.984000027    
       11370  -5.78936100       2.22991347      0.984000027    
       11372  -5.70805407       2.45380473      0.984000027    
       11374  -5.68619680       2.41326714      0.984000027    
       11376  -5.66728735       2.61338973      0.984000027    
       11378  -5.62257051       2.83076620      0.984000027    
       11380  -5.64861441       2.51042104      0.984000027    
       11382  -5.65969276       2.63236928      0.984000027    
       11384  -5.76585913       2.10688305      0.984000027    
       11386  -5.78818512       2.12895060      0.984000027    
       11388  -5.73386002       2.14161515      0.984000027    
       11390  -5.76072836       2.05793619      0.984000027    
       11392  -5.72636986       2.18760848      0.984000027    
       11394  -5.78808355       1.88293374      0.984000027    
       11396  -5.66211271       2.41510844      0.984000027    
       11398  -5.61663532       2.82294416      0.984000027    
       11400  -5.73276377       2.37678671      0.984000027    
       11402  -5.76333952       2.33368707      0.984000027    
       11404  -5.75189495       2.33606100      0.984000027    
       11406  -5.81052494       2.24009967      0.984000027    
       11408  -5.81561279       1.95069301      0.984000027    
       11410  -5.75992107       2.29724073      0.984000027    
       11412  -5.77733994       2.14086628      0.984000027    
       11414  -5.80304718       2.06465173      0.984000027    
       11416  -5.92889595       1.44985580      0.984000027    
       11418  -5.86275482       2.05666447      0.984000027    
       11420  -5.71885586       2.81407070      0.984000027    
       11422  -5.69087696       3.09501767      0.984000027    
       11424  -5.85146856       2.37092829      0.984000027    
       11426  -5.87611628       2.04686236      0.984000027    
       11428  -5.87296295       2.33510017      0.984000027    
       11430  -5.86989021       2.16732073      0.984000027    
       11432  -5.76017809       2.64479852      0.984000027    
       11434  -5.78718090       2.57466459      0.984000027    
       11436  -5.78614426       2.29292870      0.984000027    
       11438  -5.83669376       1.81733012      0.984000027    
       11440  -5.67097425       2.85499358      0.984000027    
       11442  -5.70014572       2.84605050      0.984000027    
       11444  -5.79761982       2.16348743      0.984000027    
       11446  -5.81152248       1.96993268      0.984000027    
       11448  -5.76789665       1.95829570      0.984000027    
       11450  -5.66780710       2.46852660      0.984000027    
       11452  -5.65061760       2.61415625      0.984000027    
       11454  -5.77112627       2.02311850      0.984000027    
       11456  -5.64451599       2.93105578      0.984000027    
       11458  -5.63605928       3.13002610      0.984000027    
       11460  -5.69848919       2.79814839      0.984000027    
       11462  -5.69985390       2.67116427      0.984000027    
       11464  -5.60443735       3.16648889      0.984000027    
       11466  -5.83577681       1.64734435      0.984000027    
       11468  -5.72332859       2.34813261      0.984000027    
       11470  -5.57216883       3.06738257      0.984000027    
       11472  -5.73307419       2.67125750      0.984000027    
       11474  -5.76195765       2.57438254      0.984000027    
       11476  -5.67594147       2.96225071      0.984000027    
       11478  -5.71834993       2.96386862      0.984000027    
       11480  -5.68366575       3.06677318      0.984000027    
       11482  -5.59790134       3.48454285      0.984000027    
       11484  -5.64398384       3.13013744      0.984000027    
       11486  -5.62044382       3.35622859      0.984000027    
       11488  -5.65957880       3.08656573      0.984000027    
       11490  -5.65985966       3.07843351      0.984000027    
       11492  -5.63637733       3.38953042      0.984000027    
       11494  -5.67124176       2.98264670      0.984000027    
       11496  -5.63128710       3.31558561      0.984000027    
       11498  -5.68391848       3.12597966      0.984000027    
       11500  -5.65178776       3.18600082      0.984000027    
       11502  -5.74019718       2.71311402      0.984000027    
       11504  -5.73985767       2.60293055      0.984000027    
       11506  -5.68537521       3.09715652      0.984000027    
       11508  -5.66972399       3.17849088      0.984000027    
       11510  -5.64337111       3.23914504      0.984000027    
       11512  -5.54281378       3.63746858      0.984000027    
       11514  -5.49583578       3.79660821      0.984000027    
       11516  -5.57892656       3.56878805      0.984000027    
       11518  -5.60464907       3.23828840      0.984000027    
       11520  -5.53505278       3.59834290      0.984000027    
       11522  -5.49778748       3.78248310      0.984000027    
       11524  -5.40862083       4.14507484      0.984000027    
       11526  -5.52813864       3.71172738      0.984000027    
       11528  -5.66251278       2.88645172      0.984000027    
       11530  -5.75199366       2.33208394      0.984000027    
       11532  -5.67654037       2.94399118      0.984000027    
       11534  -5.64582729       3.05503964      0.984000027    
       11536  -5.64834166       3.41742563      0.984000027    
       11538  -5.59226942       3.90809727      0.984000027    
       11540  -5.56321764       3.85772038      0.984000027    
       11542  -5.69117022       2.97332025      0.984000027    
       11544  -5.71208811       2.79839492      0.984000027    
       11546  -5.54150200       3.01863623      0.972000003    
       11548  -5.57094479       2.98756337      0.972000003    
       11550  -5.67449665       2.47246790      0.972000003    
       11552  -5.64341164       2.69266987      0.972000003    
       11554  -5.65601015       2.20916700      0.972000003    
       11556  -5.61985016       2.34907556      0.972000003    
       11558  -5.57728481       2.70737958      0.972000003    
       11560  -5.69096279       2.32474399      0.972000003    
       11562  -5.65320683       2.68528128      0.972000003    
       11564  -5.73228359       2.31285167      0.972000003    
       11566  -5.61172342       2.96815681      0.972000003    
       11568  -5.78216124       1.87272656      0.972000003    
       11570  -5.73472118       2.22688770      0.972000003    
       11572  -5.72837973       2.15988946      0.972000003    
       11574  -5.68169737       2.26366329      0.972000003    
       11576  -5.64181519       2.33280396      0.972000003    
       11578  -5.68166447       2.08788824      0.972000003    
       11580  -5.58050871       2.72028995      0.972000003    
       11582  -5.74967623       2.04433608      0.972000003    
       11584  -5.66149282       2.72456050      0.972000003    
       11586  -5.50911856       3.62495518      0.972000003    
       11588  -5.68673944       2.74285960      0.972000003    
       11590  -5.52188110       3.50001097      0.972000003    
       11592  -5.47504139       3.60854959      0.972000003    
       11594  -5.57719851       3.07262254      0.972000003    
       11596  -5.72536087       1.96935582      0.972000003    
       11598  -5.63977718       2.42825675      0.972000003    
       11600  -5.65937996       2.14316010      0.972000003    
       11602  -5.69492149       1.69332457      0.972000003    
       11604  -5.71233082       1.52229249      0.972000003    
       11606  -5.77713966       1.49148297      0.972000003    
       11608  -5.70842695       2.09876156      0.972000003    
       11610  -5.70411730       2.07821822      0.972000003    
       11612  -5.74993134       2.02257180      0.972000003    
       11614  -5.75992727       1.61800969      0.972000003    
       11616  -5.72813320       1.82598770      0.972000003    
       11618  -5.69686365       2.12883520      0.972000003    
       11620  -5.70161247       2.17580533      0.972000003    
       11622  -5.74541950       1.99368763      0.972000003    
       11624  -5.79522371       1.39746571      0.972000003    
       11626  -5.81246233       1.37903726      0.972000003    
       11628  -5.73886108       1.71416843      0.972000003    
       11630  -5.72110462       1.79089797      0.972000003    
       11632  -5.77157068       1.55045748      0.972000003    
       11634  -5.81537056       1.53752291      0.972000003    
       11636  -5.86586332       1.17309523      0.972000003    
       11638  -5.78791904       1.53418899      0.972000003    
       11640  -5.80686378       1.69384027      0.972000003    
       11642  -5.78730297       1.73688447      0.972000003    
       11644  -5.79452372       1.60302365      0.972000003    
       11646  -5.90933323      0.877213418      0.972000003    
       11648  -5.87107801       1.09278083      0.972000003    
       11650  -5.81109285       1.34128821      0.972000003    
       11652  -5.62452793       2.14090872      0.972000003    
       11654  -5.67381716       1.91743076      0.972000003    
       11656  -5.56030560       2.66204357      0.972000003    
       11658  -5.61002016       2.36034799      0.972000003    
       11660  -5.58991909       2.66183853      0.972000003    
       11662  -5.62532091       2.60436344      0.972000003    
       11664  -5.70784855       2.33674455      0.972000003    
       11666  -5.70745468       2.28878403      0.972000003    
       11668  -5.69635630       2.32796979      0.972000003    
       11670  -5.63848114       2.29910898      0.972000003    
       11672  -5.82849312       1.49445450      0.972000003    
       11674  -5.79343891       1.50727165      0.972000003    
       11676  -5.88332081       1.10685635      0.972000003    
       11678  -5.79678917       1.42249775      0.972000003    
       11680  -5.79842043       1.40991294      0.972000003    
       11682  -5.74254370       1.54237783      0.972000003    
       11684  -5.70353222       1.78905272      0.972000003    
       11686  -5.69838428       2.17664218      0.972000003    
       11688  -5.57574129       2.60225964      0.972000003    
       11690  -5.77513695       1.78561604      0.972000003    
       11692  -5.78120852       1.54496515      0.972000003    
       11694  -5.74057865       1.89090741      0.972000003    
       11696  -5.76537275       1.36209404      0.972000003    
       11698  -5.80474663       1.31005466      0.972000003    
       11700  -5.70824623       1.79891765      0.972000003    
       11702  -5.64329910       2.10251927      0.972000003    
       11704  -5.69655991       1.94726372      0.972000003    
       11706  -5.71314144       1.87002993      0.972000003    
       11708  -5.66221333       1.85491955      0.972000003    
       11710  -5.77847958       1.67769897      0.972000003    
       11712  -5.69428492       2.17252660      0.972000003    
       11714  -5.63345003       2.25802112      0.972000003    
       11716  -5.78546619       1.88997650      0.972000003    
       11718  -5.76314354       1.88474536      0.972000003    
       11720  -5.75635433       1.72638762      0.972000003    
       11722  -5.73069572       1.91272008      0.972000003    
       11724  -5.72697926       1.98712099      0.972000003    
       11726  -5.65566254       2.46096253      0.972000003    
       11728  -5.50611210       3.42477584      0.972000003    
       11730  -5.71752214       2.28048587      0.972000003    
       11732  -5.62608004       2.98190594      0.972000003    
       11734  -5.64436722       2.76307797      0.972000003    
       11736  -5.73714733       2.27535772      0.972000003    
       11738  -5.71149921       2.05720854      0.972000003    
       11740  -5.54988337       3.04067326      0.972000003    
       11742  -5.76626635       1.77761173      0.959999979    
       11744  -5.62592983       2.35572672      0.959999979    
       11746  -5.66848278       1.96775925      0.959999979    
       11748  -5.73956966       1.74355268      0.959999979    
       11750  -5.57401943       2.61643147      0.959999979    
       11752  -5.55469275       2.70401144      0.959999979    
       11754  -5.54594803       2.63438225      0.959999979    
       11756  -5.61007357       2.58049178      0.959999979    
       11758  -5.68322229       2.11261010      0.959999979    
       11760  -5.48068142       2.96418142      0.959999979    
       11762  -5.66261530       1.78743017      0.959999979    
       11764  -5.65961218       1.73225927      0.959999979    
       11766  -5.70352745       1.48005688      0.959999979    
       11768  -5.67099380       1.79563153      0.959999979    
       11770  -5.69675350       1.85202968      0.959999979    
       11772  -5.70261240       1.65593803      0.959999979    
       11774  -5.65407848       1.90916848      0.959999979    
       11776  -5.56174803       2.37492943      0.959999979    
       11778  -5.59867668       2.12752485      0.959999979    
       11780  -5.58383608       2.01806831      0.959999979    
       11782  -5.48724222       2.70217800      0.959999979    
       11784  -5.58764648       1.99365282      0.959999979    
       11786  -5.60152102       2.13072896      0.959999979    
       11788  -5.53874922       2.45878100      0.959999979    
       11790  -5.48041344       2.83713269      0.959999979    
       11792  -5.62802124       1.98730731      0.959999979    
       11794  -5.76589441       1.26805186      0.959999979    
       11796  -5.71243572       1.71774876      0.959999979    
       11798  -5.67174482       2.17853022      0.959999979    
       11800  -5.42610788       3.30732179      0.959999979    
       11802  -5.48332548       3.25393581      0.959999979    
       11804  -5.53485250       2.89199662      0.959999979    
       11806  -5.54247665       2.80142570      0.959999979    
       11808  -5.39848566       3.58270216      0.959999979    
       11810  -5.47768450       2.97311473      0.959999979    
       11812  -5.50984049       2.52500844      0.959999979    
       11814  -5.66024733       1.89190185      0.959999979    
       11816  -5.59877110       2.17026973      0.959999979    
       11818  -5.52583551       2.57396460      0.959999979    
       11820  -5.46855402       3.06772065      0.959999979    
       11822  -5.61966610       2.09691548      0.959999979    
       11824  -5.58178329       2.52551794      0.959999979    
       11826  -5.50005245       2.94895935      0.959999979    
       11828  -5.59077978       2.46398616      0.959999979    
       11830  -5.65133286       2.29911494      0.959999979    
       11832  -5.53944588       2.82252431      0.959999979    
       11834  -5.64117861       1.56616807      0.948000014    
       11836  -5.70816469       1.67436910      0.948000014    
       11838  -5.58009577       2.30947042      0.948000014    
       11840  -5.63932991       1.95710528      0.948000014    
       11842  -5.58652592       2.22024775      0.948000014    
       11844  -5.56007147       2.47297573      0.948000014    
       11846  -5.34559536       3.57804203      0.948000014    
       11848  -5.41248178       3.25208378      0.948000014    
       11850  -5.44206142       3.09437346      0.948000014    
       11852  -5.45835400       3.12345028      0.948000014    
       11854  -5.51027203       2.72423291      0.948000014    
       11856  -5.54742432       2.41596293      0.948000014    
       11858  -5.45943928       2.89864874      0.948000014    
       11860  -5.51512527       2.70651770      0.959999979    
       11862  -5.53577614       2.47052455      0.959999979    
       11864  -5.57049465       2.26105714      0.959999979    
       11866  -5.55958843       2.25170684      0.959999979    
       11868  -5.61327505       1.93527889      0.959999979    
       11870  -5.65393114       1.79286528      0.959999979    
       11872  -5.55091572       2.12533021      0.959999979    
       11874  -5.54276037       2.33157635      0.959999979    
       11876  -5.54445457       2.51146984      0.959999979    
       11878  -5.58351135       2.28259063      0.959999979    
       11880  -5.58103466       2.21597385      0.959999979    
       11882  -5.66626930       1.59407949      0.959999979    
       11884  -5.74455547       1.14148092      0.959999979    
       11886  -5.66717434       1.51003635      0.959999979    
       11888  -5.70655727       1.57863605      0.959999979    
       11890  -5.72303343       1.48932505      0.959999979    
       11892  -5.65890360       1.70424807      0.959999979    
       11894  -5.66087914       1.64498127      0.959999979    
       11896  -5.60722017       1.81055784      0.959999979    
       11898  -5.56305981       2.18968034      0.959999979    
       11900  -5.63343811       1.65083861      0.959999979    
       11902  -5.63967896       1.84126163      0.959999979    
       11904  -5.58831644       2.05426717      0.959999979    
       11906  -5.63430834       1.85660446      0.959999979    
       11908  -5.66430283       1.73388767      0.959999979    
       11910  -5.77089071       1.45799744      0.959999979    
       11912  -5.75552082       1.39317429      0.959999979    
       11914  -5.61035156       2.02389312      0.959999979    
       11916  -5.72223902       1.56825149      0.959999979    
       11918  -5.58209944       2.23854661      0.959999979    
       11920  -5.40122938       2.94862032      0.959999979    
       11922  -5.42512655       2.90782571      0.959999979    
       11924  -5.49575710       2.54543638      0.959999979    
       11926  -5.50173807       2.53295040      0.959999979    
       11928  -5.58446074       2.14589882      0.959999979    
       11930  -5.62338686       1.98665679      0.959999979    
       11932  -5.67196465       1.52542138      0.959999979    
       11934  -5.65659904       1.60788715      0.959999979    
       11936  -5.64201021       1.66591430      0.959999979    
       11938  -5.50027990       2.37670946      0.959999979    
       11940  -5.57907152       1.83842027      0.959999979    
       11942  -5.46296024       2.41061878      0.959999979    
       11944  -5.49789476       2.29348755      0.959999979    
       11946  -5.49363041       2.27880788      0.959999979    
       11948  -5.55155802       1.87956941      0.959999979    
       11950  -5.46459770       2.48015189      0.959999979    
       11952  -5.45559549       2.40982628      0.959999979    
       11954  -5.48530865       2.27983260      0.959999979    
       11956  -5.57629395       2.05034637      0.959999979    
       11958  -5.61299944       1.86666000      0.959999979    
       11960  -5.61839294       1.64695752      0.959999979    
       11962  -5.53904486       2.11238027      0.959999979    
       11964  -5.52103281       2.14669895      0.959999979    
       11966  -5.74959183      0.939751208      0.959999979    
       11968  -5.80765152      0.854674280      0.959999979    
       11970  -5.78719091      0.533703566      0.959999979    
       11972  -5.74626493      0.724991560      0.959999979    
       11974  -5.71037769      0.882195175      0.959999979    
       11976  -5.78890657      0.505186856      0.959999979    
       11978  -5.72595835      0.999549031      0.959999979    
       11980  -5.62589931       1.57890141      0.959999979    
       11982  -5.58656168       1.83787405      0.959999979    
       11984  -5.75097418      0.895456970      0.959999979    
       11986  -5.76620626      0.936743617      0.959999979    
       11988  -5.76637411      0.833408892      0.959999979    
       11990  -5.71784878       1.39348733      0.959999979    
       11992  -5.77041674       1.14576828      0.959999979    
       11994  -5.76946211       1.01036644      0.959999979    
       11996  -5.73205280       1.14329791      0.959999979    
       11998  -5.78835821      0.799015164      0.959999979    
       12000  -5.69841099       1.63961518      0.959999979    
       12002  -5.78510380      0.910836995      0.959999979    
       12004  -5.72265863       1.16057336      0.959999979    
       12006  -5.63531065       2.01441765      0.959999979    
       12008  -5.62840700       2.26521015      0.959999979    
       12010  -5.73747778       1.77865374      0.959999979    
       12012  -5.61166239       2.47803617      0.959999979    
       12014  -5.70133305       1.55635059      0.959999979    
       12016  -5.62695551       1.98270631      0.959999979    
       12018  -5.47474146       2.52658534      0.959999979    
       12020  -5.56903458       2.05091405      0.959999979    
       12022  -5.56595469       2.20265579      0.959999979    
       12024  -5.51619101       2.49674368      0.959999979    
       12026  -5.62009144       1.91958082      0.959999979    
       12028  -5.64126730       1.71756768      0.959999979    
       12030  -5.67623711       1.89648283      0.959999979    
       12032  -5.70576668       1.85785711      0.959999979    
       12034  -5.68985558       1.41855109      0.959999979    
       12036  -5.77267647      0.939735532      0.959999979    
       12038  -5.90745401      0.105522409      0.959999979    
       12040  -5.83092928      0.701196492      0.959999979    
       12042  -5.84262896      0.572942972      0.959999979    
       12044  -5.72087336       1.29489851      0.959999979    
       12046  -5.84017181      0.622821569      0.959999979    
       12048  -5.58431816       1.85876048      0.959999979    
       12050  -5.68252182       1.25711191      0.959999979    
       12052  -5.63228416       1.42749012      0.959999979    
       12054  -5.63117599       1.52302742      0.959999979    
       12056  -5.48641157       2.21647644      0.959999979    
       12058  -5.61748505       1.64340353      0.959999979    
       12060  -5.53927755       2.06075907      0.959999979    
       12062  -5.51402569       2.44374347      0.959999979    
       12064  -5.59959698       1.97777224      0.959999979    
       12066  -5.65115118       1.90443480      0.959999979    
       12068  -5.64723301       1.66997302      0.959999979    
       12070  -5.71317482       1.38326299      0.959999979    
       12072  -5.74541426       1.10381770      0.959999979    
       12074  -5.69861078       1.61633265      0.959999979    
       12076  -5.73962831       1.23037505      0.959999979    
       12078  -5.81165123      0.887305677      0.959999979    
       12080  -5.74869251       1.40838075      0.959999979    
       12082  -5.79102278       1.26714301      0.959999979    
       12084  -5.75486755       1.68347609      0.959999979    
       12086  -5.73153687       1.93081534      0.959999979    
       12088  -5.72083855       2.11905265      0.959999979    
       12090  -5.72342110       1.87482584      0.959999979    
       12092  -5.67860603       2.36216092      0.959999979    
       12094  -5.70611429       1.99948668      0.959999979    
       12096  -5.78124094       1.57472801      0.959999979    
       12098  -5.76252270       1.82287729      0.959999979    
       12100  -5.67192888       2.55924225      0.959999979    
       12102  -5.67142773       2.17861319      0.959999979    
       12104  -5.63714361       2.24507570      0.959999979    
       12106  -5.77239180       1.56217492      0.959999979    
       12108  -5.73469591       1.40388417      0.959999979    
       12110  -5.77178812       1.45905066      0.959999979    
       12112  -5.53034019       2.43977714      0.959999979    
       12114  -5.56388140       2.46404910      0.959999979    
       12116  -5.49251747       2.73079801      0.959999979    
       12118  -5.47239590       3.04002762      0.959999979    
       12120  -5.56063366       2.60340595      0.959999979    
       12122  -5.58294153       2.60019422      0.959999979    
       12124  -5.47630310       2.96958971      0.959999979    
       12126  -5.50321150       2.94880605      0.959999979    
       12128  -5.53078842       2.35859609      0.959999979    
       12130  -5.53930473       2.43889618      0.959999979    
       12132  -5.58087492       2.29502773      0.959999979    
       12134  -5.51188755       2.32658386      0.959999979    
       12136  -5.41096735       3.14259839      0.959999979    
       12138  -5.47843790       2.81248236      0.959999979    
       12140  -5.44377613       2.92748952      0.959999979    
       12142  -5.48914480       2.69841194      0.959999979    
       12144  -5.67670774       1.95500231      0.959999979    
       12146  -5.62331152       2.49685240      0.959999979    
       12148  -5.60945415       2.76644945      0.959999979    
       12150  -5.72180605       2.07811999      0.959999979    
       12152  -5.79719305       1.77643037      0.959999979    
       12154  -5.66321516       2.26821756      0.959999979    
       12156  -5.66662312       2.05514956      0.959999979    
       12158  -5.61742210       2.41877007      0.959999979    
       12160  -5.77718258       1.62685966      0.959999979    
       12162  -5.85615635       1.22923684      0.959999979    
       12164  -5.84730148       1.28452671      0.959999979    
       12166  -5.78267097       1.68677306      0.959999979    
       12168  -5.81740904       1.61265671      0.959999979    
       12170  -5.79123640       1.73361766      0.959999979    
       12172  -5.81404543       1.97314072      0.959999979    
       12174  -5.80044222       1.83973539      0.959999979    
       12176  -5.72356749       2.20507050      0.959999979    
       12178  -5.79301596       1.72437561      0.959999979    
       12180  -5.76665068       1.84700704      0.959999979    
       12182  -5.75019360       1.97475839      0.959999979    
       12184  -5.68152761       2.23520303      0.959999979    
       12186  -5.68247557       2.29897523      0.959999979    
       12188  -5.67829561       2.26382279      0.959999979    
       12190  -5.68727255       2.23770523      0.959999979    
       12192  -5.73592615       1.87881052      0.959999979    
       12194  -5.63726044       2.56919646      0.959999979    
       12196  -5.65429831       2.52661157      0.959999979    
       12198  -5.69471169       2.24482083      0.959999979    
       12200  -5.69572592       2.37479472      0.959999979    
       12202  -5.71778154       2.01350713      0.959999979    
       12204  -5.66470861       2.24680209      0.959999979    
       12206  -5.71202946       1.89835835      0.959999979    
       12208  -5.59232044       2.72563171      0.959999979    
       12210  -5.55486298       2.96323180      0.959999979    
       12212  -5.63235331       2.27750611      0.959999979    
       12214  -5.57105732       2.59219766      0.959999979    
       12216  -5.61783504       2.25252223      0.959999979    
       12218  -5.59988213       2.31853557      0.959999979    
       12220  -5.65850592       1.99525642      0.959999979    
       12222  -5.79174852       1.26695132      0.959999979    
       12224  -5.82524157       1.19201565      0.959999979    
       12226  -5.72439384       1.87922001      0.959999979    
       12228  -5.74089050       2.02873135      0.959999979    
       12230  -5.66523790       2.37101007      0.959999979    
       12232  -5.72970819       2.22429252      0.959999979    
       12234  -5.80337954       1.84465253      0.959999979    
       12236  -5.75923491       1.96055984      0.959999979    
       12238  -5.86442471      0.990327477      0.959999979    
       12240  -5.92866993      0.490062296      0.959999979    
       12242  -5.86143160       1.09424853      0.959999979    
       12244  -5.82385683       1.20921171      0.959999979    
       12246  -5.51629543       2.65477276      0.959999979    
       12248  -5.58419847       2.15821671      0.959999979    
       12250  -5.67287874       1.68206251      0.959999979    
       12252  -5.75772858       1.42366171      0.959999979    
       12254  -5.66170788       1.74675500      0.959999979    
       12256  -5.71313620       1.34216034      0.959999979    
       12258  -5.78649855      0.715296686      0.959999979    
       12260  -5.63130140       1.41749537      0.959999979    
       12262  -5.69644499       1.31050408      0.959999979    
       12264  -5.59872198       1.89672434      0.959999979    
       12266  -5.64884329       1.54995430      0.959999979    
       12268  -5.53411770       2.29303002      0.959999979    
       12270  -5.58184195       2.08941889      0.959999979    
       12272  -5.63416958       1.94922996      0.959999979    
       12274  -5.75604057       1.25219631      0.959999979    
       12276  -5.67041111       1.76082993      0.959999979    
       12278  -5.65893412       1.95331526      0.959999979    
       12280  -5.66840553       2.00890017      0.959999979    
       12282  -5.67069101       2.05153513      0.959999979    
       12284  -5.55949497       2.44013667      0.959999979    
       12286  -5.64251375       1.85395980      0.959999979    
       12288  -5.73445415       1.29064858      0.959999979    
       12290  -5.62600803       2.06035638      0.959999979    
       12292  -5.57047558       1.90781784      0.959999979    
       12294  -5.62842941       1.82052982      0.959999979    
       12296  -5.69279385       1.76971054      0.959999979    
       12298  -5.71896553       1.62499011      0.959999979    
       12300  -5.64433670       2.19870257      0.959999979    
       12302  -5.62856722       2.27991033      0.959999979    
       12304  -5.49486208       2.89284229      0.959999979    
       12306  -5.51339293       2.90833259      0.959999979    
       12308  -5.51687145       2.83533001      0.959999979    
       12310  -5.48623228       3.27151036      0.959999979    
       12312  -5.53318882       2.99498296      0.959999979    
       12314  -5.48225832       3.00538397      0.959999979    
       12316  -5.46121407       2.99286175      0.959999979    
       12318  -5.36088419       3.33142304      0.959999979    
       12320  -5.39398003       3.30238700      0.959999979    
       12322  -5.50721645       2.76645899      0.959999979    
       12324  -5.50326538       2.86173725      0.959999979    
       12326  -5.58976555       2.69678211      0.959999979    
       12328  -5.53380680       2.73527169      0.959999979    
       12330  -5.32623148       3.77720284      0.959999979    
       12332  -5.44565153       2.90149927      0.959999979    
       12334  -5.26407003       3.85405183      0.959999979    
       12336  -5.43077517       3.21466756      0.959999979    
       12338  -5.39859629       3.28323507      0.959999979    
       12340  -5.57389212       2.49622107      0.959999979    
       12342  -5.48269129       3.08324289      0.959999979    
       12344  -5.55770540       2.59247327      0.959999979    
       12346  -5.46215200       3.19168591      0.959999979    
       12348  -5.63660717       1.96711898      0.959999979    
       12350  -5.56295824       2.34687018      0.959999979    
       12352  -5.57157326       2.35769629      0.959999979    
       12354  -5.64286757       2.04477310      0.959999979    
       12356  -5.52888584       2.76152468      0.959999979    
       12358  -5.48960018       3.12888908      0.959999979    
       12360  -5.41927862       3.25557089      0.959999979    
       12362  -5.41738701       3.14555907      0.959999979    
       12364  -5.63371277       2.19815707      0.959999979    
       12366  -5.56925678       2.81906223      0.959999979    
       12368  -5.64199877       2.36650634      0.959999979    
       12370  -5.51497030       2.95598531      0.959999979    
       12372  -5.50624228       2.84670115      0.959999979    
       12374  -5.54434443       2.84358382      0.959999979    
       12376  -5.62183285       2.13848996      0.959999979    
       12378  -5.51865625       2.64013529      0.959999979    
       12380  -5.54835892       2.24115252      0.959999979    
       12382  -5.60111761       2.12105703      0.959999979    
       12384  -5.63682699       1.94323325      0.959999979    
       12386  -5.56949282       2.09792519      0.959999979    
       12388  -5.60263491       2.14726663      0.959999979    
       12390  -5.53355217       2.33420014      0.959999979    
       12392  -5.66708946       1.90074718      0.959999979    
       12394  -5.45086479       3.04038239      0.959999979    
       12396  -5.42910051       3.11567235      0.959999979    
       12398  -5.59225702       2.28287411      0.959999979    
       12400  -5.51752234       2.42236853      0.959999979    
       12402  -5.63101292       1.81047451      0.959999979    
       12404  -5.53968668       2.14443517      0.959999979    
       12406  -5.57007885       2.28582764      0.959999979    
       12408  -5.51943541       2.60667086      0.959999979    
       12410  -5.51928377       2.30166769      0.959999979    
       12412  -5.44837379       2.83211589      0.959999979    
       12414  -5.51153040       2.44025636      0.959999979    
       12416  -5.56257296       2.22856593      0.959999979    
       12418  -5.55348635       2.54576159      0.959999979    
       12420  -5.53837347       2.69647527      0.959999979    
       12422  -5.51900434       2.90888309      0.959999979    
       12424  -5.54424858       2.75404668      0.959999979    
       12426  -5.51874733       2.77078080      0.959999979    
       12428  -5.48933172       2.71427202      0.959999979    
       12430  -5.48285294       3.16663170      0.959999979    
       12432  -5.54633713       2.93285584      0.959999979    
       12434  -5.63875055       2.34065986      0.959999979    
       12436  -5.79758215       1.73516989      0.959999979    
       12438  -5.68792057       2.37110639      0.959999979    
       12440  -5.63602781       2.55510283      0.959999979    
       12442  -5.81677771       1.91055083      0.959999979    
       12444  -5.75235176       2.11619520      0.959999979    
       12446  -5.74096346       1.92688489      0.959999979    
       12448  -5.69935703       2.16258335      0.959999979    
       12450  -5.66098928       2.53227210      0.959999979    
       12452  -5.68988657       2.05682039      0.959999979    
       12454  -5.80149317       1.28807676      0.959999979    
       12456  -5.77194452       1.29823649      0.959999979    
       12458  -5.80454874       1.11667347      0.959999979    
       12460  -5.75004625       1.99571872      0.972000003    
       12462  -5.80906963       2.07870936      0.972000003    
       12464  -5.77955008       2.43735647      0.972000003    
       12466  -5.73048544       2.58078766      0.972000003    
       12468  -5.76619482       2.42679906      0.972000003    
       12470  -5.64698172       3.13748336      0.972000003    
       12472  -5.66687059       3.17755580      0.972000003    
       12474  -5.65995646       3.16282606      0.972000003    
       12476  -5.73045158       2.82300019      0.972000003    
       12478  -5.72603607       2.69828629      0.972000003    
       12480  -5.64249849       2.98694348      0.972000003    
       12482  -5.68791771       2.86870766      0.972000003    
       12484  -5.49152470       4.02627134      0.972000003    
       12486  -5.55881691       3.57478786      0.972000003    
       12488  -5.71646166       2.69732761      0.972000003    
       12490  -5.61460209       3.31133413      0.972000003    
       12492  -5.70748138       2.76073050      0.972000003    
       12494  -5.70245600       2.50749159      0.972000003    
       12496  -5.70444679       2.47701311      0.972000003    
       12498  -5.65194845       2.76296496      0.972000003    
       12500  -5.59380817       2.89171076      0.972000003    
       12502  -5.60631084       2.62699366      0.972000003    
       12504  -5.62398243       2.83302808      0.972000003    
       12506  -5.65613937       2.66554403      0.972000003    
       12508  -5.64657116       2.72234058      0.972000003    
       12510  -5.67321253       2.65228319      0.972000003    
       12512  -5.60936069       2.70248842      0.972000003    
       12514  -5.67771530       2.49132061      0.972000003    
       12516  -5.69283152       2.22927785      0.972000003    
       12518  -5.64573002       2.36967587      0.972000003    
       12520  -5.69266748       1.84838390      0.972000003    
       12522  -5.58473873       2.64083958      0.972000003    
       12524  -5.63361979       2.40871644      0.972000003    
       12526  -5.71773005       2.04072833      0.972000003    
       12528  -5.78196096       1.65355718      0.972000003    
       12530  -5.78508377       1.54205441      0.972000003    
       12532  -5.71244049       2.12461376      0.972000003    
       12534  -5.76954746       1.82222009      0.972000003    
       12536  -5.57389593       2.80264449      0.972000003    
       12538  -5.62261438       2.39411688      0.972000003    
       12540  -5.66374922       2.10328054      0.972000003    
       12542  -5.61157703       2.26202130      0.972000003    
       12544  -5.61789513       2.32568669      0.972000003    
       12546  -5.83736038       1.25436473      0.972000003    
       12548  -5.72538328       2.01476884      0.972000003    
       12550  -5.66385889       2.09915447      0.972000003    
       12552  -5.75372553       1.92734277      0.972000003    
       12554  -5.67050171       2.14021277      0.972000003    
       12556  -5.64864588       2.17137671      0.972000003    
       12558  -5.69074345       1.77924609      0.972000003    
       12560  -5.62633181       2.16267920      0.972000003    
       12562  -5.65142584       2.01009607      0.972000003    
       12564  -5.63392639       2.27647066      0.972000003    
       12566  -5.65051174       2.30462408      0.972000003    
       12568  -5.72494984       1.93665767      0.972000003    
       12570  -5.69786024       2.20816016      0.972000003    
       12572  -5.64594316       2.38915586      0.972000003    
       12574  -5.68966532       2.09546709      0.972000003    
       12576  -5.55730104       2.89998913      0.972000003    
       12578  -5.57938004       3.00738049      0.972000003    
       12580  -5.51442766       3.39764881      0.972000003    
       12582  -5.50361776       3.44015455      0.972000003    
       12584  -5.64682674       2.66230202      0.972000003    
       12586  -5.73107100       2.00271034      0.972000003    
       12588  -5.73027229       1.87989640      0.972000003    
       12590  -5.63298273       2.45970583      0.972000003    
       12592  -5.58392429       2.79342651      0.972000003    
       12594  -5.55411577       3.10848069      0.972000003    
       12596  -5.63690567       2.32505679      0.972000003    
       12598  -5.61294556       2.34414291      0.972000003    
       12600  -5.69435453       2.13549972      0.972000003    
       12602  -5.77392769       1.88573205      0.972000003    
       12604  -5.74507570       1.89378667      0.972000003    
       12606  -5.63869238       2.26572537      0.972000003    
       12608  -5.68518734       2.13062859      0.972000003    
       12610  -5.63536167       2.65176439      0.972000003    
       12612  -5.69820070       2.28494358      0.972000003    
       12614  -5.65962887       2.47010684      0.972000003    
       12616  -5.79652977       1.99433541      0.972000003    
       12618  -5.77863455       2.07040334      0.972000003    
       12620  -5.64070272       2.68577528      0.972000003    
       12622  -5.68921947       2.38210368      0.972000003    
       12624  -5.65604115       2.89427829      0.972000003    
       12626  -5.64345789       3.09638071      0.972000003    
       12628  -5.61914873       3.35725999      0.972000003    
       12630  -5.65569305       3.02337623      0.972000003    
       12632  -5.67801428       2.58154106      0.972000003    
       12634  -5.74602127       2.25274563      0.972000003    
       12636  -5.75010157       2.16063952      0.972000003    
       12638  -5.78281069       1.84512925      0.972000003    
       12640  -5.64383602       2.69541788      0.972000003    
       12642  -5.65609264       2.53957248      0.972000003    
       12644  -5.58543205       2.80432034      0.972000003    
       12646  -5.71302891       2.02706480      0.972000003    
       12648  -5.68292904       2.31438756      0.972000003    
       12650  -5.76950264       1.80734289      0.972000003    
       12652  -5.80266476       1.31242609      0.972000003    
       12654  -5.80733824       1.23705065      0.972000003    
       12656  -5.86913013      0.900395155      0.972000003    
       12658  -5.89079809       1.10496807      0.972000003    
       12660  -5.82544708       1.58923149      0.972000003    
       12662  -5.85112429       1.23056650      0.972000003    
       12664  -5.82414436       1.50195003      0.972000003    
       12666  -5.69568348       2.34297109      0.972000003    
       12668  -5.74700594       2.00851655      0.972000003    
       12670  -5.77323198       1.81846547      0.972000003    
       12672  -5.77291870       1.59051681      0.972000003    
       12674  -5.69809866       1.97143245      0.972000003    
       12676  -5.63962173       2.48515201      0.972000003    
       12678  -5.65363359       2.11649489      0.972000003    
       12680  -5.63127756       2.10019016      0.972000003    
       12682  -5.66010904       2.02858639      0.972000003    
       12684  -5.74568605       1.60948896      0.972000003    
       12686  -5.76929140       1.61099124      0.972000003    
       12688  -5.63701057       2.59990144      0.972000003    
       12690  -5.68692541       2.13089538      0.972000003    
       12692  -5.70206547       1.83111393      0.972000003    
       12694  -5.60783720       2.64748216      0.972000003    
       12696  -5.65776682       2.48865700      0.972000003    
       12698  -5.57048368       2.86074352      0.972000003    
       12700  -5.58644581       2.74952745      0.972000003    
       12702  -5.69170523       2.14841557      0.972000003    
       12704  -5.71508980       1.67547607      0.972000003    
       12706  -5.74016094       1.78078270      0.972000003    
       12708  -5.75554991       1.86920655      0.972000003    
       12710  -5.75468111       2.04540944      0.972000003    
       12712  -5.80032253       2.04225802      0.972000003    
       12714  -5.70751858       2.22787333      0.972000003    
       12716  -5.67699099       2.22373009      0.972000003    
       12718  -5.67927504       2.48708320      0.972000003    
       12720  -5.70800209       2.44004297      0.972000003    
       12722  -5.77886391       2.05667591      0.972000003    
       12724  -5.86961985       1.97651529      0.972000003    
       12726  -5.87382841       1.78024745      0.972000003    
       12728  -5.85465813       1.82723427      0.972000003    
       12730  -5.90219402       1.54444456      0.972000003    
       12732  -5.78499079       2.09796810      0.972000003    
       12734  -5.82193947       1.62408757      0.972000003    
       12736  -5.74928045       1.80585587      0.972000003    
       12738  -5.75318050       1.83449888      0.972000003    
       12740  -5.71452522       2.12074256      0.972000003    
       12742  -5.71647930       2.25780129      0.972000003    
       12744  -5.70736694       2.63071918      0.972000003    
       12746  -5.76243114       2.12322831      0.972000003    
       12748  -5.79633808       1.91091990      0.972000003    
       12750  -5.74450350       2.11522436      0.972000003    
       12752  -5.69093084       2.07359505      0.972000003    
       12754  -5.65032959       2.45689368      0.972000003    
       12756  -5.67832136       2.29551315      0.972000003    
       12758  -5.77543259       1.83580184      0.972000003    
       12760  -5.88002634       1.04292369      0.972000003    
       12762  -5.81783438       1.47261858      0.972000003    
       12764  -5.74838161       1.70440543      0.972000003    
       12766  -5.75682974       1.64373970      0.972000003    
       12768  -5.63565540       2.13860297      0.972000003    
       12770  -5.68787527       1.85420191      0.972000003    
       12772  -5.75191784       1.74503934      0.972000003    
       12774  -5.71729183       1.92426932      0.972000003    
       12776  -5.77994585       1.46650314      0.972000003    
       12778  -5.78716612       1.61780870      0.972000003    
       12780  -5.75124788       2.03393507      0.972000003    
       12782  -5.75242615       2.14779925      0.972000003    
       12784  -5.71475983       2.21705604      0.972000003    
       12786  -5.81273413       1.66660082      0.972000003    
       12788  -5.81437874       1.65187860      0.972000003    
       12790  -5.85984087       1.33347523      0.972000003    
       12792  -5.86642981       1.29438901      0.972000003    
       12794  -5.81273413       1.59979498      0.972000003    
       12796  -5.68883991       2.06800103      0.972000003    
       12798  -5.71157312       2.15381813      0.972000003    
       12800  -5.72712755       1.85714447      0.972000003    
       12802  -5.67040396       2.29334784      0.972000003    
       12804  -5.80865335       1.90232575      0.972000003    
       12806  -5.64472055       2.49091506      0.972000003    
       12808  -5.70573473       2.36096978      0.972000003    
       12810  -5.74809361       1.92753816      0.972000003    
       12812  -5.79011631       1.89627099      0.972000003    
       12814  -5.97031450      0.871682644      0.972000003    
       12816  -6.00264883      0.974938452      0.972000003    
       12818  -6.04294109      0.605916798      0.972000003    
       12820  -5.87184715       1.37046230      0.972000003    
       12822  -5.75506258       1.93197322      0.972000003    
       12824  -5.90551662       1.46725500      0.972000003    
       12826  -5.91313839       1.17312014      0.972000003    
       12828  -5.73284912       1.91355240      0.972000003    
       12830  -5.92690277       1.31350029      0.972000003    
       12832  -5.80760717       1.92916203      0.972000003    
       12834  -5.85762548       1.43412387      0.972000003    
       12836  -5.79109812       1.83318031      0.972000003    
       12838  -5.85660315       1.38483000      0.972000003    
       12840  -5.81330013       1.89595759      0.972000003    
       12842  -5.85265493       1.51510394      0.972000003    
       12844  -5.74877787       1.94345975      0.972000003    
       12846  -5.86418056       1.35452938      0.972000003    
       12848  -5.83832645       1.38674080      0.972000003    
       12850  -5.78548574       1.80344725      0.972000003    
       12852  -5.84306574       1.59537220      0.972000003    
       12854  -5.73075104       2.43117523      0.972000003    
       12856  -5.75214148       2.09131670      0.972000003    
       12858  -5.78891373       1.89722812      0.972000003    
       12860  -5.67429018       2.63965464      0.972000003    
       12862  -5.73842812       2.33644247      0.972000003    
       12864  -5.58559275       3.22041965      0.972000003    
       12866  -5.68715382       2.87081933      0.972000003    
       12868  -5.72685909       2.30490589      0.972000003    
       12870  -5.66240931       2.29525828      0.972000003    
       12872  -5.56387854       3.00389457      0.972000003    
       12874  -5.58849859       3.00641084      0.972000003    
       12876  -5.65135527       2.70729136      0.972000003    
       12878  -5.60825682       2.62867785      0.972000003    
       12880  -5.80154562       1.68138170      0.972000003    
       12882  -5.80728531       1.57992399      0.972000003    
       12884  -5.82482719       1.63806605      0.972000003    
       12886  -5.83542967       1.45296776      0.972000003    
       12888  -5.77410173       1.78787851      0.972000003    
       12890  -5.78082943       1.49675429      0.972000003    
       12892  -5.72155476       2.03448701      0.972000003    
       12894  -5.71058512       2.24571180      0.972000003    
       12896  -5.74244738       2.13412070      0.972000003    
       12898  -5.77380943       1.98989415      0.972000003    
       12900  -5.75277233       2.47439814      0.972000003    
       12902  -5.86410284       1.85109794      0.972000003    
       12904  -5.69867897       2.75360060      0.972000003    
       12906  -5.69467926       2.69072866      0.972000003    
       12908  -5.88847017       1.76612997      0.972000003    
       12910  -5.73655176       2.60582685      0.972000003    
       12912  -5.84262753       1.91609442      0.972000003    
       12914  -5.67275763       2.50334620      0.972000003    
       12916  -5.65230656       2.79347086      0.972000003    
       12918  -5.76067734       2.34041739      0.972000003    
       12920  -5.71781206       2.73102975      0.972000003    
       12922  -5.73747396       2.65003633      0.972000003    
       12924  -5.72033787       2.85069728      0.972000003    
       12926  -5.70194435       2.94967008      0.972000003    
       12928  -5.89287710       1.69416130      0.972000003    
       12930  -5.80684042       1.99895358      0.972000003    
       12932  -5.65188169       2.68112636      0.972000003    
       12934  -5.75830173       1.79392469      0.972000003    
       12936  -5.76766872       1.63954842      0.972000003    
       12938  -5.79453993       1.70082760      0.972000003    
       12940  -5.82140160       1.88491762      0.972000003    
       12942  -5.78897715       2.18212795      0.972000003    
       12944  -5.84298420       1.96972787      0.972000003    
       12946  -5.71280241       2.94446683      0.972000003    
       12948  -5.78688478       2.43898106      0.972000003    
       12950  -5.77951527       2.92594242      0.972000003    
       12952  -5.67212343       3.24757051      0.972000003    
       12954  -5.73628426       2.71543956      0.972000003    
       12956  -5.71533966       2.55135655      0.972000003    
       12958  -5.72718763       2.55209231      0.972000003    
       12960  -5.59361315       3.22904110      0.972000003    
       12962  -5.67946386       2.73847151      0.972000003    
       12964  -5.59555244       3.01806545      0.972000003    
       12966  -5.69470644       2.30905199      0.972000003    
       12968  -5.65357733       2.78003478      0.972000003    
       12970  -5.70691824       2.58624721      0.972000003    
       12972  -5.55014801       3.24273634      0.972000003    
       12974  -5.46201515       3.57577896      0.972000003    
       12976  -5.45741749       3.88821578      0.972000003    
       12978  -5.43965721       4.03519726      0.972000003    
       12980  -5.30336809       4.74618673      0.972000003    
       12982  -5.40484953       4.05572462      0.972000003    
       12984  -5.48744202       3.58121872      0.972000003    
       12986  -5.60545492       2.84881139      0.972000003    
       12988  -5.64653015       2.52153754      0.972000003    
       12990  -5.55555916       2.77743173      0.972000003    
       12992  -5.58355761       2.54146099      0.972000003    
       12994  -5.53349781       3.03331828      0.972000003    
       12996  -5.53869581       3.13885522      0.984000027    
       12998  -5.50847006       3.04135609      0.984000027    
       13000  -5.42709064       3.81096196      0.984000027    
       13002  -5.49100304       3.66541672      0.984000027    
       13004  -5.56226063       3.38277316      0.984000027    
       13006  -5.58413029       3.33280873      0.984000027    
       13008  -5.66089392       2.94631982      0.984000027    
       13010  -5.50297499       3.79260802      0.984000027    
       13012  -5.63944864       3.17167640      0.984000027    
       13014  -5.71424532       2.28412461      0.984000027    
       13016  -5.73324823       1.92768323      0.984000027    
       13018  -5.84531641       1.70527279      0.984000027    
       13020  -5.76357031       2.19291925      0.984000027    
       13022  -5.70307684       2.36155272      0.984000027    
       13024  -5.77518559       1.74288642      0.984000027    
       13026  -5.75341988       1.82221329      0.984000027    
       13028  -5.77388573       1.79039955      0.984000027    
       13030  -5.76394129       2.00006700      0.984000027    
       13032  -5.79406118       1.84158659      0.984000027    
       13034  -5.61637354       2.82500100      0.984000027    
       13036  -5.46921396       3.59443188      0.984000027    
       13038  -5.66738844       2.47722387      0.984000027    
       13040  -5.66766644       2.42109728      0.984000027    
       13042  -5.69591951       2.28619576      0.984000027    
       13044  -5.63319588       2.57995176      0.984000027    
       13046  -5.65775204       2.52140307      0.984000027    
       13048  -5.50338459       3.42780519      0.984000027    
       13050  -5.73541737       2.05678368      0.984000027    
       13052  -5.79305267       1.64775038      0.984000027    
       13054  -5.66614723       2.46304274      0.984000027    
       13056  -5.82645607       1.72597742      0.984000027    
       13058  -5.63867140       2.62440419      0.984000027    
       13060  -5.69717407       2.25934076      0.984000027    
       13062  -5.77386713       1.62147546      0.984000027    
       13064  -5.73617601       1.91901648      0.984000027    
       13066  -5.71709442       2.02513647      0.984000027    
       13068  -5.61440134       2.52618217      0.984000027    
       13070  -5.58478928       2.65529132      0.984000027    
       13072  -5.76548767       1.78341079      0.984000027    
       13074  -5.72864342       2.34969044      0.984000027    
       13076  -5.74553108       2.23029971      0.984000027    
       13078  -5.82571793       1.53624249      0.984000027    
       13080  -5.81466675       1.74632108      0.984000027    
       13082  -5.72588205       2.22220445      0.984000027    
       13084  -5.79655552       1.99992466      0.984000027    
       13086  -5.71053505       2.46703482      0.984000027    
       13088  -5.67905378       2.49332762      0.984000027    
       13090  -5.74743176       2.12560797      0.984000027    
       13092  -5.71638584       2.24814653      0.984000027    
       13094  -5.64678955       2.56325412      0.984000027    
       13096  -5.62946701       2.71031189      0.984000027    
       13098  -5.66953897       2.32088184      0.984000027    
       13100  -5.79516268       1.87247694      0.984000027    
       13102  -5.72164726       2.19362617      0.984000027    
       13104  -5.74706411       2.29991603      0.984000027    
       13106  -5.78126812       1.95325506      0.984000027    
       13108  -5.69968128       1.95627260      0.984000027    
       13110  -5.74992132       1.81660616      0.984000027    
       13112  -5.80560303       1.53514826      0.984000027    
       13114  -5.76289368       1.71295846      0.984000027    
       13116  -5.66335869       2.14028049      0.984000027    
       13118  -5.65299416       2.17016029      0.984000027    
       13120  -5.63503456       2.07236362      0.984000027    
       13122  -5.65968990       2.12307882      0.984000027    
       13124  -5.62873793       2.53961849      0.984000027    
       13126  -5.72707272       2.07209635      0.984000027    
       13128  -5.70831299       2.16674542      0.984000027    
       13130  -5.62290812       2.68429971      0.984000027    
       13132  -5.64146709       2.52394676      0.984000027    
       13134  -5.57027912       2.68736649      0.984000027    
       13136  -5.56911135       2.63182569      0.984000027    
       13138  -5.53277731       2.72134471      0.984000027    
       13140  -5.52996588       2.94492054      0.984000027    
       13142  -5.55640125       2.62065601      0.984000027    
       13144  -5.75859165       1.89860833      0.984000027    
       13146  -5.72527122       2.10663843      0.984000027    
       13148  -5.70479536       2.42518902      0.984000027    
       13150  -5.57517242       3.00690627      0.984000027    
       13152  -5.62739849       2.66295290      0.984000027    
       13154  -5.62749577       2.70065951      0.984000027    
       13156  -5.74137545       2.15562463      0.984000027    
       13158  -5.70032454       2.31949544      0.984000027    
       13160  -5.77449512       1.83893526      0.984000027    
       13162  -5.68765354       2.06574273      0.984000027    
       13164  -5.63659382       2.51015139      0.984000027    
       13166  -5.69208431       2.26085520      0.984000027    
       13168  -5.77947903       1.68611288      0.984000027    
       13170  -5.70485640       2.09914446      0.984000027    
       13172  -5.75192690       2.23428249      0.984000027    
       13174  -5.68768978       2.66156864      0.984000027    
       13176  -5.72240210       2.34022045      0.984000027    
       13178  -5.67615938       2.58065581      0.984000027    
       13180  -5.63683033       2.98358297      0.984000027    
       13182  -5.72973490       2.07555079      0.984000027    
       13184  -5.77844667       1.87847507      0.984000027    
       13186  -5.75497007       1.87507701      0.984000027    
       13188  -5.71502781       2.18538213      0.984000027    
       13190  -5.68261242       2.47977614      0.984000027    
       13192  -5.63187027       2.98026252      0.984000027    
       13194  -5.56698513       2.95579791      0.984000027    
       13196  -5.60462379       2.94110894      0.984000027    
       13198  -5.66956997       2.91023254      0.984000027    
       13200  -5.71991682       2.60596156      0.984000027    
       13202  -5.78444481       2.36516786      0.984000027    
       13204  -5.69953108       2.54901218      0.984000027    
       13206  -5.69094801       2.76058793      0.984000027    
       13208  -5.81081009       2.09184146      0.984000027    
       13210  -5.83555508       1.93844402      0.984000027    
       13212  -5.96789265       1.47854412      0.984000027    
       13214  -5.95787573       1.74820471      0.984000027    
       13216  -5.86636686       2.36369562      0.984000027    
       13218  -5.82547665       2.46102452      0.984000027    
       13220  -5.90713835       2.06307983      0.984000027    
       13222  -5.75854731       2.98612309      0.984000027    
       13224  -5.88232136       2.28986144      0.984000027    
       13226  -5.76621056       3.19742012      0.984000027    
       13228  -5.76723242       2.97806907      0.984000027    
       13230  -5.73252201       3.20040441      0.984000027    
       13232  -5.85237408       2.76154852      0.984000027    
       13234  -5.81493473       2.77145720      0.984000027    
       13236  -5.98333073       1.80507720      0.984000027    
       13238  -5.91801405       2.23748326      0.984000027    
       13240  -5.80482292       2.61454439      0.984000027    
       13242  -5.87128544       2.23361182      0.984000027    
       13244  -5.77760458       2.36342716      0.984000027    
       13246  -5.68752384       2.89538765      0.984000027    
       13248  -5.83980846       2.06063199      0.984000027    
       13250  -5.92872477       1.52977157      0.984000027    
       13252  -5.75364399       2.50142217      0.984000027    
       13254  -5.86247635       1.82888007      0.984000027    
       13256  -5.78688288       2.34031248      0.984000027    
       13258  -5.79318619       2.22418833      0.984000027    
       13260  -5.87405443       2.07108665      0.984000027    
       13262  -5.91867113       1.92966914      0.984000027    
       13264  -5.95286179       1.64406347      0.984000027    
       13266  -5.76150227       2.38347554      0.984000027    
       13268  -5.90344048       1.65951586      0.984000027    
       13270  -5.90024662       1.81166458      0.984000027    
       13272  -5.80923891       2.13591790      0.984000027    
       13274  -5.74692106       2.43336463      0.984000027    
       13276  -5.77851486       2.20129442      0.984000027    
       13278  -5.87616253       1.64405978      0.984000027    
       13280  -5.91602707       1.47360194      0.984000027    
       13282  -5.88410664       1.41063428      0.984000027    
       13284  -5.82518005       1.85292614      0.984000027    
       13286  -5.83015823       1.80255902      0.984000027    
       13288  -5.82795572       1.81456804      0.984000027    
       13290  -5.77921104       2.19416189      0.984000027    
       13292  -5.73249054       2.35277772      0.984000027    
       13294  -5.76316452       2.06024861      0.984000027    
       13296  -5.76582956       1.95144105      0.984000027    
       13298  -5.68812704       2.40010214      0.984000027    
       13300  -5.69267416       2.73302126      0.984000027    
       13302  -5.62096548       3.20136595      0.984000027    
       13304  -5.70935631       2.46532750      0.984000027    
       13306  -5.73458910       2.58496261      0.984000027    
       13308  -5.82047367       2.12274075      0.984000027    
       13310  -5.78556347       2.21095443      0.984000027    
       13312  -5.78219271       2.35513043      0.984000027    
       13314  -5.77726269       2.37361002      0.984000027    
       13316  -5.81129217       1.99309528      0.984000027    
       13318  -5.78470707       2.03128219      0.984000027    
       13320  -5.83481073       2.03603339      0.984000027    
       13322  -5.78498745       2.35109258      0.984000027    
       13324  -5.68650246       3.08740306      0.984000027    
       13326  -5.71193504       3.11710024      0.984000027    
       13328  -5.76744509       2.72601604      0.984000027    
       13330  -5.84367990       2.19500232      0.984000027    
       13332  -5.90267563       1.48601890      0.984000027    
       13334  -5.93805790       1.22793067      0.984000027    
       13336  -5.83069277       1.99793673      0.984000027    
       13338  -5.90792465       1.42041278      0.984000027    
       13340  -5.80030870       2.27369165      0.984000027    
       13342  -5.75356150       2.35999393      0.984000027    
       13344  -5.72551155       2.59082627      0.984000027    
       13346  -5.84475327       1.78176618      0.984000027    
       13348  -5.77066040       2.08495235      0.984000027    
       13350  -5.89044809       1.81935060      0.984000027    
       13352  -5.90051985       1.63481092      0.984000027    
       13354  -5.94643879       1.38437057      0.984000027    
       13356  -5.81341887       2.00376582      0.984000027    
       13358  -5.80119228       2.08687449      0.984000027    
       13360  -5.73374319       2.77022457      0.984000027    
       13362  -5.70206022       2.72527552      0.984000027    
       13364  -5.67414665       2.95921493      0.984000027    
       13366  -5.70020390       2.43059874      0.984000027    
       13368  -5.67852497       2.71220279      0.984000027    
       13370  -5.80004025       1.95914364      0.984000027    
       13372  -5.79846191       1.91910219      0.984000027    
       13374  -5.90363598       1.29872072      0.984000027    
       13376  -5.71253014       2.34953046      0.984000027    
       13378  -5.74070072       2.04086685      0.984000027    
       13380  -5.67088127       2.50060582      0.984000027    
       13382  -5.77093029       2.14229989      0.984000027    
       13384  -5.81754780       2.14713335      0.984000027    
       13386  -5.73772001       2.49452853      0.984000027    
       13388  -5.74161339       2.43155241      0.984000027    
       13390  -5.76047897       2.43918514      0.984000027    
       13392  -5.83439112       2.01057434      0.984000027    
       13394  -5.81439209       1.99408853      0.984000027    
       13396  -5.86356163       1.99282646      0.984000027    
       13398  -5.82775307       2.39903307      0.984000027    
       13400  -5.81253624       2.57185769      0.984000027    
       13402  -5.80347490       2.65984583      0.984000027    
       13404  -5.80348969       2.66246891      0.984000027    
       13406  -5.86868143       2.41985178      0.984000027    
       13408  -5.69702721       3.34736681      0.984000027    
       13410  -5.80488300       2.83644986      0.984000027    
       13412  -5.91822433       2.06206083      0.984000027    
       13414  -5.89661789       1.99562442      0.984000027    
       13416  -5.88539505       2.07672238      0.984000027    
       13418  -5.66292286       3.16228318      0.984000027    
       13420  -5.72569942       3.08452201      0.984000027    
       13422  -5.85285807       2.47936153      0.984000027    
       13424  -5.81683397       2.58803010      0.984000027    
       13426  -5.91197443       2.15618634      0.984000027    
       13428  -5.85923624       2.18870807      0.984000027    
       13430  -5.76111746       2.80405211      0.984000027    
       13432  -5.80502224       2.58979607      0.984000027    
       13434  -5.68809366       3.00966597      0.984000027    
       13436  -5.61138916       3.39918232      0.984000027    
       13438  -5.74115181       2.75617814      0.984000027    
       13440  -5.73221350       2.78529382      0.984000027    
       13442  -5.90817356       2.02418590      0.984000027    
       13444  -5.91811848       1.82703376      0.984000027    
       13446  -5.87736511       2.39023232      0.984000027    
       13448  -5.90917921       2.08693957      0.984000027    
       13450  -5.86152506       2.33900380      0.984000027    
       13452  -5.74273109       2.70081925      0.984000027    
       13454  -5.86908388       2.27549839      0.984000027    
       13456  -5.83480453       2.71371937      0.984000027    
       13458  -5.83507776       2.67462111      0.984000027    
       13460  -5.98027420       2.02477598      0.984000027    
       13462  -5.91642332       2.36529446      0.984000027    
       13464  -5.95106602       2.43760109      0.984000027    
       13466  -5.94348717       2.36001277      0.984000027    
       13468  -5.87583351       2.39809561      0.984000027    
       13470  -5.90535450       2.12351131      0.984000027    
       13472  -5.90155458       2.35553789      0.984000027    
       13474  -5.74171495       3.03119898      0.984000027    
       13476  -6.03614283       1.41210318      0.984000027    
       13478  -5.95508003       1.68740201      0.984000027    
       13480  -5.90184927       1.97450233      0.984000027    
       13482  -5.90750694       2.16655946      0.984000027    
       13484  -5.95269966       1.81235027      0.984000027    
       13486  -5.93087769       1.79462337      0.984000027    
       13488  -5.92357349       1.69596815      0.984000027    
       13490  -5.97293329       1.54412520      0.984000027    
       13492  -5.88648033       2.06592488      0.984000027    
       13494  -5.89159107       2.25053191      0.984000027    
       13496  -5.78555107       2.88786435      0.984000027    
       13498  -5.83160305       2.42139363      0.984000027    
       13500  -5.87497997       2.06217647      0.984000027    
       13502  -5.89657736       1.92526114      0.984000027    
       13504  -5.91484451       2.02397180      0.984000027    
       13506  -5.88615084       2.28290653      0.984000027    
       13508  -6.02007723       1.54079199      0.984000027    
       13510  -5.84977388       2.18599987      0.984000027    
       13512  -5.90018272       1.87272227      0.984000027    
       13514  -5.90793848       1.68472743      0.984000027    
       13516  -5.86135101       2.09925652      0.984000027    
       13518  -5.80468988       2.24339390      0.984000027    
       13520  -5.74188471       2.65153456      0.984000027    
       13522  -5.79599667       2.43005729      0.984000027    
       13524  -5.81060505       2.29617739      0.984000027    
       13526  -5.95773697       1.80682170      0.984000027    
       13528  -5.88945293       2.22396326      0.984000027    
       13530  -5.74394178       2.77258348      0.984000027    
       13532  -5.73475695       3.02257156      0.984000027    
       13534  -5.80132437       2.31674027      0.984000027    
       13536  -5.66481829       3.31289268      0.984000027    
       13538  -5.66788292       3.19329047      0.984000027    
       13540  -5.82344723       2.40192223      0.984000027    
       13542  -5.74629307       2.82810545      0.984000027    
       13544  -5.64920521       3.47875142      0.984000027    
       13546  -5.72692156       3.06068015      0.984000027    
       13548  -5.61086035       3.65802073      0.984000027    
       13550  -5.48170471       4.31049824      0.984000027    
       13552  -5.58437300       3.95403624      0.984000027    
       13554  -5.52864027       3.91115642      0.984000027    
       13556  -5.63361979       3.59535837      0.984000027    
       13558  -5.56783819       3.88312292      0.984000027    
       13560  -5.63362169       3.43020630      0.984000027    
       13562  -5.72765303       2.79114676      0.984000027    
       13564  -5.69481182       2.69687247      0.984000027    
       13566  -5.70558310       3.04488683      0.984000027    
       13568  -5.80517673       2.79878807      0.984000027    
       13570  -5.76976156       3.10227752      0.984000027    
       13572  -5.78743362       3.18354416      0.984000027    
       13574  -5.70999622       3.45099974      0.984000027    
       13576  -5.69462299       3.50545168      0.984000027    
       13578  -5.66749716       3.47658229      0.984000027    
       13580  -5.74651670       3.08393025      0.984000027    
       13582  -5.71298122       3.31070209      0.984000027    
       13584  -5.72137356       2.99203277      0.984000027    
       13586  -5.66689825       3.03767371      0.984000027    
       13588  -5.73920250       2.62087560      0.984000027    
       13590  -5.72987604       2.85156226      0.984000027    
       13592  -5.79789829       2.41565132      0.984000027    
       13594  -5.72261477       2.85321879      0.984000027    
       13596  -5.65015888       3.52337670      0.984000027    
       13598  -5.74104166       2.97382140      0.984000027    
       13600  -5.73323774       2.84184003      0.984000027    
       13602  -5.78692818       2.47261953      0.984000027    
       13604  -5.81382084       2.51248884      0.984000027    
       13606  -5.72352600       2.75664639      0.984000027    
       13608  -5.77473974       2.39008975      0.984000027    
       13610  -5.66187096       2.91592741      0.984000027    
       13612  -5.76879120       2.52587199      0.984000027    
       13614  -5.75751972       2.59498692      0.984000027    
       13616  -5.80850744       2.16423440      0.984000027    
       13618  -5.80873966       2.41529918      0.984000027    
       13620  -5.71384001       2.86251974      0.984000027    
       13622  -5.58453655       3.70114279      0.984000027    
       13624  -5.74131680       2.59456444      0.984000027    
       13626  -5.79809046       2.34526849      0.984000027    
       13628  -5.69493675       2.84272981      0.984000027    
       13630  -5.72303438       2.82275510      0.984000027    
       13632  -5.72409534       2.69139576      0.984000027    
       13634  -5.73574209       2.75829101      0.984000027    
       13636  -5.72462225       2.45191407      0.984000027    
       13638  -5.71522331       2.68309569      0.984000027    
       13640  -5.65808439       2.98859954      0.984000027    
       13642  -5.73553133       2.78283024      0.984000027    
       13644  -5.66813564       3.07326412      0.984000027    
       13646  -5.62132120       3.44825816      0.984000027    
       13648  -5.64528036       3.14656663      0.984000027    
       13650  -5.74104834       2.65602970      0.984000027    
       13652  -5.60169220       3.30092049      0.984000027    
       13654  -5.61287165       3.23239827      0.984000027    
       13656  -5.73396063       2.59460282      0.984000027    
       13658  -5.67044592       2.80982208      0.984000027    
       13660  -5.64911509       3.17309737      0.984000027    
       13662  -5.74800825       2.61229134      0.984000027    
       13664  -5.74530220       2.83332896      0.984000027    
       13666  -5.72981977       2.90599084      0.984000027    
       13668  -5.76543236       2.67533159      0.984000027    
       13670  -5.60302210       3.56181979      0.984000027    
       13672  -5.74717617       2.76234770      0.984000027    
       13674  -5.59921598       3.35437560      0.984000027    
       13676  -5.57304430       3.47153425      0.984000027    
       13678  -5.56460619       3.47513151      0.984000027    
       13680  -5.59317207       3.29040313      0.984000027    
       13682  -5.66713476       2.88305545      0.984000027    
       13684  -5.79041433       1.96184182      0.984000027    
       13686  -5.71846151       2.33690882      0.984000027    
       13688  -5.70477057       2.17731452      0.984000027    
       13690  -5.82990980       1.71971881      0.984000027    
       13692  -5.80927515       2.06614614      0.984000027    
       13694  -5.80635786       2.24044561      0.984000027    
       13696  -5.84696913       2.14139700      0.984000027    
       13698  -5.76221704       2.44669867      0.984000027    
       13700  -5.66467810       2.69013524      0.984000027    
       13702  -5.61971092       3.11507201      0.984000027    
       13704  -5.64420557       2.72257400      0.984000027    
       13706  -5.53975296       3.20121813      0.984000027    
       13708  -5.57758713       2.74153757      0.984000027    
       13710  -5.74289656       2.27634335      0.984000027    
       13712  -5.65463734       2.73362613      0.984000027    
       13714  -5.50826931       3.81057858      0.984000027    
       13716  -5.57600641       3.37073159      0.984000027    
       13718  -5.66110134       2.73324943      0.984000027    
       13720  -5.63956308       2.67670369      0.984000027    
       13722  -5.74905586       1.95362186      0.984000027    
       13724  -5.65284443       2.66612458      0.984000027    
       13726  -5.66982651       2.55446029      0.984000027    
       13728  -5.69673824       2.34257960      0.984000027    
       13730  -5.62801790       2.75880003      0.984000027    
       13732  -5.74865675       1.94922018      0.984000027    
       13734  -5.77124548       1.79493999      0.984000027    
       13736  -5.74571466       1.88993299      0.984000027    
       13738  -5.72039795       2.10886741      0.984000027    
       13740  -5.73722363       2.11754298      0.984000027    
       13742  -5.70123434       2.46046448      0.984000027    
       13744  -5.64619970       2.60722852      0.984000027    
       13746  -5.53527117       3.35372257      0.984000027    
       13748  -5.57808924       3.38444877      0.984000027    
       13750  -5.54007530       3.35906434      0.984000027    
       13752  -5.50168324       3.72781825      0.984000027    
       13754  -5.69101286       2.62412119      0.984000027    
       13756  -5.79056740       2.05054855      0.984000027    
       13758  -5.80009079       2.03003430      0.984000027    
       13760  -5.83297348       1.70927060      0.984000027    
       13762  -5.80133963       1.57737064      0.984000027    
       13764  -5.78824806       1.64030671      0.984000027    
       13766  -5.83889103       1.38073301      0.984000027    
       13768  -5.86241436       1.28954816      0.984000027    
       13770  -5.83032846       1.75578773      0.984000027    
       13772  -5.72008753       2.44640732      0.984000027    
       13774  -5.73749161       2.15846014      0.984000027    
       13776  -5.67388678       2.60914445      0.984000027    
       13778  -5.72196531       2.34346557      0.984000027    
       13780  -5.82482576       2.17384601      0.984000027    
       13782  -5.66837835       2.87736750      0.984000027    
       13784  -5.73090410       2.07089019      0.984000027    
       13786  -5.79640055       2.01895785      0.984000027    
       13788  -5.80597496       1.87000775      0.984000027    
       13790  -5.71040773       2.36054134      0.984000027    
       13792  -5.78315639       2.04393506      0.984000027    
       13794  -5.85124111       1.37357700      0.984000027    
       13796  -5.77356291       2.10238957      0.984000027    
       13798  -5.83678675       1.85158288      0.984000027    
       13800  -5.83798647       1.72362483      0.984000027    
       13802  -5.70821762       2.20040703      0.984000027    
       13804  -5.71476889       2.31555390      0.984000027    
       13806  -5.72711468       2.61984205      0.984000027    
       13808  -5.71573353       2.65219331      0.984000027    
       13810  -5.70719481       2.65879869      0.984000027    
       13812  -5.67964506       2.74567723      0.984000027    
       13814  -5.73601627       2.33704495      0.984000027    
       13816  -5.79830265       1.69004333      0.984000027    
       13818  -5.77444601       2.05187082      0.984000027    
       13820  -5.62757826       2.88288426      0.984000027    
       13822  -5.75794840       2.27359343      0.984000027    
       13824  -5.67767620       2.72513175      0.984000027    
       13826  -5.70784950       2.59272647      0.984000027    
       13828  -5.75291300       2.41399789      0.984000027    
       13830  -5.71169472       2.63385057      0.984000027    
       13832  -5.64721394       2.90299654      0.984000027    
       13834  -5.52671766       3.20198226      0.984000027    
       13836  -5.74241400       2.23157310      0.984000027    
       13838  -5.64431572       2.59387779      0.984000027    
       13840  -5.61070776       2.80504298      0.984000027    
       13842  -5.60658169       2.79818416      0.984000027    
       13844  -5.69307137       2.37574053      0.984000027    
       13846  -5.57058191       2.77751398      0.984000027    
       13848  -5.73655462       1.72975063      0.984000027    
       13850  -5.71555805       1.82588303      0.984000027    
       13852  -5.71154165       1.94419277      0.984000027    
       13854  -5.65981293       2.52239037      0.984000027    
       13856  -5.65582132       2.19066048      0.984000027    
       13858  -5.69500256       1.89813423      0.984000027    
       13860  -5.70056200       1.76668751      0.984000027    
       13862  -5.73173428       1.34980130      0.984000027    
       13864  -5.64560366       2.06996703      0.984000027    
       13866  -5.60711241       2.43144894      0.984000027    
       13868  -5.50482941       2.87722421      0.984000027    
       13870  -5.51359558       3.08762789      0.984000027    
       13872  -5.46301794       3.15968728      0.984000027    
       13874  -5.64648867       2.06321168      0.984000027    
       13876  -5.55955744       2.56994414      0.984000027    
       13878  -5.53638363       2.81852674      0.984000027    
       13880  -5.64883375       2.23824859      0.984000027    
       13882  -5.73145294       1.82073081      0.984000027    
       13884  -5.72170639       1.90060616      0.984000027    
       13886  -5.64079857       2.07187223      0.984000027    
       13888  -5.69936609       1.85694218      0.984000027    
       13890  -5.65618467       2.26698661      0.984000027    
       13892  -5.81263590       1.41804469      0.984000027    
       13894  -5.76179552       1.51324511      0.984000027    
       13896  -5.80630445       1.15017772      0.984000027    
       13898  -5.79184246       1.37510502      0.984000027    
       13900  -5.76934385       1.65563047      0.984000027    
       13902  -5.55592728       3.05666852      0.984000027    
       13904  -5.58364964       2.85961699      0.984000027    
       13906  -5.76329565       1.96490693      0.984000027    
       13908  -5.55735159       3.05992842      0.984000027    
       13910  -5.60772371       2.87108088      0.984000027    
       13912  -5.74489021       2.16336083      0.984000027    
       13914  -5.76321459       2.03322768      0.984000027    
       13916  -5.71508884       2.42141485      0.984000027    
       13918  -5.91625071       1.42405939      0.984000027    
       13920  -5.78135395       2.13430214      0.984000027    
       13922  -5.83315659       1.91952121      0.984000027    
       13924  -5.82450867       2.30644250      0.984000027    
       13926  -5.82453728       2.14890504      0.984000027    
       13928  -5.86560869       1.79660249      0.984000027    
       13930  -5.79251385       2.25122666      0.984000027    
       13932  -5.75964832       2.54046154      0.984000027    
       13934  -5.88610315       1.73038507      0.984000027    
       13936  -5.93217278       1.59516466      0.984000027    
       13938  -5.89927530       1.54544222      0.984000027    
       13940  -5.83231115       2.11594129      0.984000027    
       13942  -5.82356596       2.21464348      0.984000027    
       13944  -5.86098957       1.86136568      0.984000027    
       13946  -5.93430138       1.39125168      0.984000027    
       13948  -5.92848921       1.26912570      0.984000027    
       13950  -5.90017319       1.43659031      0.984000027    
       13952  -5.70191813       2.30706525      0.984000027    
       13954  -5.66901016       2.30500913      0.984000027    
       13956  -5.70125055       2.31277537      0.984000027    
       13958  -5.71782446       2.08948803      0.984000027    
       13960  -5.76195145       2.07395411      0.984000027    
       13962  -5.73389769       2.04862070      0.984000027    
       13964  -5.74157667       2.00893760      0.984000027    
       13966  -5.76228905       1.82765138      0.984000027    
       13968  -5.67777205       2.33475828      0.984000027    
       13970  -5.72720528       1.88455224      0.984000027    
       13972  -5.80513668       1.72258747      0.984000027    
       13974  -5.84889030       1.56950164      0.984000027    
       13976  -5.86460924       1.58996141      0.984000027    
       13978  -5.90770912       1.15477777      0.984000027    
       13980  -5.76976490       2.05664515      0.984000027    
       13982  -5.73621464       2.37711954      0.984000027    
       13984  -5.70895290       2.45539761      0.984000027    
       13986  -5.81347656       1.72289264      0.984000027    
       13988  -5.69774103       2.54188204      0.984000027    
       13990  -5.80415440       1.97299409      0.984000027    
       13992  -5.78424311       2.13317871      0.984000027    
       13994  -5.78463745       1.90336919      0.984000027    
       13996  -5.83390760       1.54487324      0.984000027    
       13998  -5.71228266       2.20388699      0.984000027    
       14000  -5.75385475       2.19895673      0.984000027    
       14002  -5.75277376       2.18223381      0.984000027    
       14004  -5.64619398       2.95317078      0.984000027    
       14006  -5.64853048       2.66980124      0.984000027    
       14008  -5.72474670       2.34573054      0.984000027    
       14010  -5.73128319       2.12748146      0.984000027    
       14012  -5.79668427       2.02816272      0.984000027    
       14014  -5.73359442       2.25455737      0.984000027    
       14016  -5.76879644       2.06357288      0.984000027    
       14018  -5.91314173       1.28986180      0.984000027    
       14020  -5.89563990       1.46274877      0.984000027    
       14022  -5.82265854       2.18773985      0.984000027    
       14024  -5.91541624       1.58649814      0.984000027    
       14026  -5.91765165       1.47863197      0.984000027    
       14028  -5.74491596       2.20832348      0.984000027    
       14030  -5.72372293       2.52816033      0.984000027    
       14032  -5.70270634       2.68908429      0.984000027    
       14034  -5.73246765       2.45126104      0.984000027    
       14036  -5.67975235       2.82130671      0.984000027    
       14038  -5.73876476       2.39813352      0.984000027    
       14040  -5.88942957       1.49971044      0.984000027    
       14042  -5.81655788       1.89100587      0.984000027    
       14044  -5.91677284       1.16422558      0.984000027    
       14046  -5.77487993       2.09148812      0.984000027    
       14048  -5.81891108       1.56235802      0.984000027    
       14050  -5.72495270       2.51298237      0.984000027    
       14052  -5.69674778       2.44491863      0.984000027    
       14054  -5.60358715       2.90165663      0.984000027    
       14056  -5.64462948       2.68576527      0.984000027    
       14058  -5.78843260       1.82457006      0.984000027    
       14060  -5.79807377       1.52152443      0.984000027    
       14062  -5.76673174       1.73538351      0.984000027    
       14064  -5.88559914       1.21783674      0.984000027    
       14066  -5.86014271       1.80462813      0.984000027    
       14068  -5.77695560       2.16299152      0.984000027    
       14070  -5.70349693       2.71710467      0.984000027    
       14072  -5.73274994       2.38912964      0.984000027    
       14074  -5.72957563       2.32584739      0.984000027    
       14076  -5.76494503       2.14575362      0.984000027    
       14078  -5.78895330       1.91238928      0.984000027    
       14080  -5.87145472       1.54750180      0.984000027    
       14082  -5.85622597       1.37006831      0.984000027    
       14084  -5.84546137       1.72576761      0.984000027    
       14086  -5.95149899       1.14871025      0.984000027    
       14088  -5.85323763       1.98161066      0.984000027    
       14090  -5.86603642       1.78650570      0.984000027    
       14092  -5.81814957       1.98436761      0.984000027    
       14094  -5.94448853       1.23126912      0.984000027    
       14096  -5.94560957       1.34622097      0.984000027    
       14098  -5.99571037      0.967199147      0.984000027    
       14100  -5.95280647       1.19850969      0.984000027    
       14102  -5.96907377       1.06465912      0.984000027    
       14104  -5.90060806       1.21767581      0.984000027    
       14106  -5.94815445      0.834594309      0.984000027    
       14108  -5.85938692       1.36159825      0.984000027    
       14110  -5.80958891       1.51271129      0.984000027    
       14112  -5.73661804       1.91941845      0.984000027    
       14114  -5.91338158      0.893006980      0.984000027    
       14116  -5.80270815       1.53845561      0.984000027    
       14118  -5.77270317       1.68979704      0.984000027    
       14120  -5.63034773       2.58426833      0.984000027    
       14122  -5.70958090       2.05675983      0.984000027    
       14124  -5.73446465       1.84044480      0.984000027    
       14126  -5.79499435       1.54309380      0.984000027    
       14128  -5.67473459       2.50729179      0.984000027    
       14130  -5.71537113       2.23632550      0.984000027    
       14132  -5.86551380       1.43406940      0.984000027    
       14134  -5.91267014       1.24670088      0.984000027    
       14136  -5.83483744       1.66237223      0.984000027    
       14138  -5.76434612       1.91478443      0.984000027    
       14140  -5.94017553       1.11612177      0.984000027    
       14142  -5.90573454       1.28351367      0.984000027    
       14144  -5.98337030      0.879377663      0.984000027    
       14146  -6.12910414       7.12941661E-02  0.984000027    
       14148  -5.92511797       1.62878191      0.984000027    
       14150  -6.00070000       1.03875196      0.984000027    
       14152  -5.94548035       1.51414478      0.984000027    
       14154  -5.86592054       2.02856064      0.984000027    
       14156  -5.86541748       2.12740636      0.984000027    
       14158  -5.87019062       1.81968164      0.984000027    
       14160  -5.85702419       1.83540726      0.984000027    
       14162  -5.75642252       2.49964571      0.984000027    
       14164  -5.95273256       1.72026205      0.984000027    
       14166  -5.89565849       2.11838627      0.984000027    
       14168  -5.90837574       2.33165741      0.984000027    
       14170  -5.91309023       2.27328396      0.984000027    
       14172  -5.96488094       1.79022288      0.984000027    
       14174  -5.89061594       2.22015524      0.984000027    
       14176  -5.79413509       2.50382900      0.984000027    
       14178  -5.94248247       1.69399548      0.984000027    
       14180  -5.76750946       2.90386772      0.984000027    
       14182  -5.79425430       2.50724053      0.984000027    
       14184  -5.69711208       3.06970167      0.984000027    
       14186  -5.82893896       2.38094020      0.984000027    
       14188  -5.88943529       1.74580002      0.984000027    
       14190  -5.88181210       1.68684578      0.984000027    
       14192  -5.85066414       1.85654807      0.984000027    
       14194  -5.93728828       1.56276000      0.984000027    
       14196  -5.86397839       1.96197951      0.984000027    
       14198  -5.90994787       1.70134592      0.984000027    
       14200  -5.90104532       1.90445697      0.984000027    
       14202  -5.96902275       1.23008943      0.984000027    
       14204  -5.92693329       1.34177387      0.984000027    
       14206  -5.85491276       1.87368941      0.984000027    
       14208  -6.02303267       1.03304756      0.984000027    
       14210  -6.01534605       1.54806769      0.984000027    
       14212  -5.88504744       2.27551651      0.984000027    
       14214  -5.94534016       1.88705266      0.984000027    
       14216  -5.94573355       1.58083498      0.984000027    
       14218  -5.87517786       1.97115302      0.984000027    
       14220  -5.94240999       1.50071084      0.984000027    
       14222  -5.96299124       1.32824349      0.984000027    
       14224  -5.91973829       1.70084202      0.995999992    
       14226  -5.76930666       2.60470271      0.995999992    
       14228  -5.79145670       2.56732059      0.995999992    
       14230  -5.78049326       2.62520838      0.995999992    
       14232  -5.78669930       2.64174795      0.995999992    
       14234  -5.86171198       2.18392134      0.995999992    
       14236  -5.79046535       2.74775481      0.995999992    
       14238  -5.76471376       3.04969645      0.995999992    
       14240  -5.74117851       3.17888093      0.995999992    
       14242  -5.88414955       2.24463868      0.995999992    
       14244  -5.89610720       2.14726233      0.995999992    
       14246  -5.93141794       1.92274690      0.995999992    
       14248  -5.96753359       1.60277975      0.995999992    
       14250  -5.91264534       1.73654914      0.995999992    
       14252  -5.80701590       2.49396229      0.995999992    
       14254  -5.85216522       2.10888100      0.995999992    
       14256  -5.79612780       2.62316537      0.995999992    
       14258  -5.80001688       2.56948352      0.995999992    
       14260  -5.90411758       1.95110106      0.995999992    
       14262  -5.77422714       2.50924230      0.995999992    
       14264  -5.79018354       2.38819528      0.995999992    
       14266  -5.82234955       2.29597569      0.995999992    
       14268  -5.89457607       2.31052017      0.995999992    
       14270  -5.82079744       2.88294959      0.995999992    
       14272  -5.89068985       2.52519417      0.995999992    
       14274  -5.88040161       2.49943733      0.995999992    
       14276  -5.99920845       1.82925475      0.995999992    
       14278  -5.84239054       2.81650662      0.995999992    
       14280  -5.93615866       2.57716727      0.995999992    
       14282  -6.00195837       2.17907047       1.00800002    
       14284  -6.09048128       1.22993207       1.00800002    
       14286  -5.99663496       1.98354864       1.00800002    
       14288  -6.05634260       1.84299052       1.00800002    
       14290  -6.03515053       1.31629276       1.00800002    
       14292  -5.99992180       1.20674646       1.00800002    
       14294  -5.98349047       1.15755033       1.00800002    
       14296  -5.87217283       1.89255643       1.00800002    
       14298  -5.83025217       2.09442234       1.00800002    
       14300  -5.89941740       1.89372611       1.00800002    
       14302  -5.77063656       2.77065706       1.00800002    
       14304  -6.00356770       1.58175290       1.00800002    
       14306  -5.99100876       1.62532604       1.00800002    
       14308  -6.03084183       1.33323455       1.00800002    
       14310  -6.01565218       1.48357880       1.00800002    
       14312  -6.00603342       1.47372866       1.00800002    
       14314  -5.96103477       1.63270593       1.00800002    
       14316  -5.99961662       1.15078187       1.00800002    
       14318  -5.98555660       1.49341381       1.00800002    
       14320  -5.84701395       2.16079569       1.00800002    
       14322  -5.80174971       2.33462024       1.00800002    
       14324  -5.93571615       1.61111474       1.00800002    
       14326  -5.96379375       1.58017910       1.00800002    
       14328  -5.97429705       1.74646473       1.00800002    
       14330  -5.99373007       1.71261215       1.00800002    
       14332  -6.14808607      0.555060089       1.00800002    
       14334  -6.11214542       1.03106558       1.00800002    
       14336  -6.22313547      0.477123499       1.00800002    
       14338  -6.26233387      0.240399316       1.00800002    
       14340  -6.17029142      0.634883642       1.00800002    
       14342  -6.13956785      0.927797019       1.00800002    
       14344  -6.19274426      0.621549070       1.00800002    
       14346  -6.19568729      0.732433259       1.00800002    
       14348  -6.10888815       1.25663877       1.00800002    
       14350  -6.05506849       1.26310802       1.00800002    
       14352  -5.99351263       1.76583314       1.00800002    
       14354  -6.01595116       1.56231308       1.00800002    
       14356  -5.86015987       2.33152294       1.00800002    
       14358  -5.93815708       1.82491696       1.00800002    
       14360  -5.97936869       1.74810433       1.00800002    
       14362  -5.96807146       1.70004749       1.00800002    
       14364  -6.02827930       1.29723668       1.00800002    
       14366  -6.03368473       1.31316376       1.00800002    
       14368  -6.13013029      0.932706237       1.00800002    
       14370  -6.04085588       1.28736746       1.00800002    
       14372  -6.02959299       1.31039035       1.00800002    
       14374  -6.08802176       1.11133587       1.00800002    
       14376  -5.99174738       1.60880232       1.00800002    
       14378  -5.91962290       2.06949067       1.00800002    
       14380  -5.99321461       1.51235259       1.00800002    
       14382  -5.80423975       2.67145514       1.00800002    
       14384  -5.83635616       2.67226601       1.00800002    
       14386  -5.78459692       2.89410686       1.00800002    
       14388  -5.96653748       1.90758860       1.00800002    
       14390  -6.01403093       1.66480005       1.00800002    
       14392  -6.03599834       1.39114690       1.00800002    
       14394  -6.01195860       1.63865530       1.00800002    
       14396  -6.12418270       1.03477287       1.00800002    
       14398  -6.03942394       1.45144379       1.00800002    
       14400  -6.12314844       1.17315948       1.00800002    
       14402  -6.08525133       1.44880986       1.00800002    
       14404  -6.04641628       1.47901177       1.00800002    
       14406  -5.88807964       2.33714175       1.00800002    
       14408  -5.98290873       1.70493495       1.00800002    
       14410  -6.01565266       1.53366780       1.00800002    
       14412  -5.96191740       1.80209327       1.00800002    
       14414  -5.94971943       1.80479455       1.00800002    
       14416  -6.02590275       1.39647818       1.00800002    
       14418  -6.05932522       1.47496974       1.00800002    
       14420  -5.95254946       1.97480106       1.00800002    
       14422  -5.97395897       1.68608487       1.00800002    
       14424  -5.98531008       1.82141161       1.00800002    
       14426  -5.90136194       2.44170141       1.00800002    
       14428  -5.88010454       2.45451450       1.00800002    
       14430  -5.95571518       2.13329482       1.00800002    
       14432  -6.11759949       1.08981431       1.00800002    
       14434  -6.08406973       1.32294285       1.00800002    
       14436  -6.11363649       1.19039869       1.00800002    
       14438  -6.06251478       1.12891650       1.00800002    
       14440  -6.11395359      0.998762310       1.00800002    
       14442  -6.06972694       1.56957567       1.00800002    
       14444  -6.03431225       1.76543248       1.00800002    
       14446  -6.01213837       1.82416463       1.00800002    
       14448  -6.04177761       1.48347390       1.00800002    
       14450  -5.92313099       2.22709179       1.00800002    
       14452  -5.91833544       2.04765582       1.00800002    
       14454  -6.05982161       1.27052796       1.00800002    
       14456  -5.98301315       2.00181961       1.00800002    
       14458  -6.06086636       1.43423653       1.00800002    
       14460  -6.14445114       1.24088705       1.00800002    
       14462  -6.07926607       1.70369911       1.00800002    
       14464  -6.06164980       1.77046847       1.00800002    
       14466  -6.02618265       1.83461809       1.00800002    
       14468  -6.19285154      0.825015485       1.00800002    
       14470  -6.16112709       1.15167046       1.00800002    
       14472  -6.14579391       1.19565332       1.00800002    
       14474  -6.18513918      0.970603883       1.00800002    
       14476  -6.13727713       1.26220465       1.00800002    
       14478  -5.99706364       2.02471042       1.00800002    
       14480  -5.92139721       2.41646314       1.00800002    
       14482  -5.93142366       2.36141562       1.00800002    
       14484  -5.96527004       2.07014489       1.00800002    
       14486  -6.12738657       1.26276636       1.00800002    
       14488  -6.11976004       1.29184592       1.00800002    
       14490  -6.12938690       1.06367195       1.00800002    
       14492  -6.05098581       1.53298855       1.00800002    
       14494  -6.14764881       1.13586164       1.00800002    
       14496  -6.08135033       1.58347440       1.00800002    
       14498  -6.09914970       1.37785733       1.00800002    
       14500  -5.94169664       2.14325953       1.00800002    
       14502  -5.88859367       2.39106178       1.00800002    
       14504  -6.03125858       1.76277387       1.00800002    
       14506  -6.08457232       1.73097408       1.00800002    
       14508  -5.89156961       2.60143399       1.00800002    
       14510  -5.94129848       2.26962113       1.00800002    
       14512  -5.90510702       1.93380892       1.00800002    
       14514  -5.92675495       2.31322217       1.00800002    
       14516  -6.00633097       2.10855269       1.00800002    
       14518  -6.05798626       1.55372107       1.00800002    
       14520  -6.01665211       1.55899000       1.00800002    
       14522  -6.03692055       1.42914534       1.00800002    
       14524  -6.01216269       1.61367869       1.00800002    
       14526  -6.00102806       1.89936531       1.00800002    
       14528  -6.12580299       1.20987761       1.00800002    
       14530  -6.09524012       1.37816501       1.00800002    
       14532  -6.09438086       1.12025106       1.00800002    
       14534  -6.08174706       1.20451677       1.00800002    
       14536  -6.10545826       1.29349720       1.00800002    
       14538  -5.94144297       2.32289743       1.00800002    
       14540  -5.96536016       2.07746410       1.00800002    
       14542  -6.05876064       1.41336334       1.00800002    
       14544  -6.07518864       1.02730501       1.00800002    
       14546  -6.06274080       1.18591464       1.00800002    
       14548  -5.94786119       1.49222696       1.00800002    
       14550  -5.90972137       2.02250123       1.00800002    
       14552  -5.90143728       2.23528123       1.00800002    
       14554  -5.88348246       2.30829597       1.00800002    
       14556  -5.86148834       2.17765784       1.00800002    
       14558  -5.94948816       1.69287980       1.00800002    
       14560  -5.90054560       1.90633488       1.00800002    
       14562  -5.84779167       2.36473870       1.00800002    
       14564  -5.92690563       1.89843524       1.00800002    
       14566  -5.85999393       1.96068370       1.00800002    
       14568  -5.90643978       1.83605862       1.00800002    
       14570  -5.92032051       1.88393247       1.00800002    
       14572  -5.86256266       2.32284999       1.00800002    
       14574  -6.06099224       1.41932547       1.00800002    
       14576  -5.93875647       2.23005056       1.00800002    
       14578  -5.96212864       1.95531225       1.00800002    
       14580  -6.03221750       1.63310051       1.00800002    
       14582  -6.01547003       1.50750732       1.00800002    
       14584  -6.03011560       1.59034991       1.00800002    
       14586  -5.92287540       2.38328958       1.00800002    
       14588  -5.96392775       1.78926921       1.00800002    
       14590  -5.95130491       1.76162326       1.00800002    
       14592  -5.97322369       1.83928323       1.00800002    
       14594  -5.96338797       1.95478272       1.00800002    
       14596  -5.99475098       1.86465526       1.00800002    
       14598  -5.88263178       2.37832808       1.00800002    
       14600  -5.93968725       1.96475089       1.00800002    
       14602  -5.97773790       1.57972300       1.00800002    
       14604  -6.12088633      0.728906751       1.00800002    
       14606  -6.12945223      0.829208910       1.00800002    
       14608  -6.07674217       1.09120071       1.00800002    
       14610  -6.10825157       1.07584333       1.00800002    
       14612  -6.10683441       1.30826426       1.00800002    
       14614  -6.07396507       1.47648489       1.00800002    
       14616  -6.11819124       1.48780501       1.00800002    
       14618  -6.15227222       1.01551247       1.00800002    
       14620  -6.06519461       1.57842648       1.00800002    
       14622  -6.07428455       1.63364506       1.00800002    
       14624  -6.08409977       1.99441898       1.00800002    
       14626  -6.11084652       1.93661630       1.00800002    
       14628  -6.04017401       2.37944388       1.00800002    
       14630  -6.12654543       1.80435240       1.00800002    
       14632  -6.20135832       1.47078633       1.00800002    
       14634  -6.18643332       1.27161491       1.00800002    
       14636  -6.24183083      0.934635997       1.00800002    
       14638  -6.22956514       1.04861832       1.00800002    
       14640  -6.21481800       1.11663389       1.00800002    
       14642  -6.13552427       1.67641461       1.00800002    
       14644  -6.09445715       2.11487246       1.00800002    
       14646  -6.16880226       1.61554813       1.00800002    
       14648  -6.30125570       1.00523365       1.00800002    
       14650  -6.07224417       2.02929497       1.00800002    
       14652  -6.04375362       2.13717079       1.00800002    
       14654  -6.06543827       2.07627416       1.00800002    
       14656  -6.17714643       1.57854092       1.00800002    
       14658  -6.26259661       1.06655657       1.00800002    
       14660  -6.15454865       1.78246546       1.00800002    
       14662  -6.12816048       1.86923492       1.00800002    
       14664  -6.09914112       1.96824288       1.00800002    
       14666  -5.91910410       2.94552946       1.00800002    
       14668  -5.95068264       2.64725399       1.00800002    
       14670  -6.01707840       2.37162995       1.00800002    
       14672  -6.11636448       2.03937030       1.00800002    
       14674  -6.05435324       2.54406166       1.00800002    
       14676  -6.05885363       2.41381311       1.00800002    
       14678  -6.06175089       1.90234578       1.00800002    
       14680  -6.06915474       1.69501126       1.00800002    
       14682  -6.19011641      0.993005812       1.00800002    
       14684  -6.24206686      0.871872008       1.00800002    
       14686  -6.17300177      0.993656456       1.00800002    
       14688  -6.11452627       1.36325860       1.00800002    
       14690  -6.14815044       1.23708749       1.00800002    
       14692  -6.02661848       1.79960930       1.00800002    
       14694  -6.23917150      0.759472728       1.00800002    
       14696  -6.29649353      0.566206932       1.00800002    
       14698  -6.23882198      0.591623664       1.00800002    
       14700  -6.10479593       1.51651704       1.00800002    
       14702  -6.09107447       1.43003786       1.00800002    
       14704  -6.19893742       1.06272650       1.00800002    
       14706  -6.14869356       1.08649576       1.00800002    
       14708  -6.10387611       1.14560676       1.00800002    
       14710  -6.08676624       1.03121352       1.00800002    
       14712  -6.02917814       1.49343038       1.00800002    
       14714  -6.03632784       1.31416345       1.00800002    
       14716  -6.02852154       1.49292839       1.00800002    
       14718  -6.03332853       1.38892233       1.00800002    
       14720  -6.13049889      0.940129101       1.00800002    
       14722  -6.15227365      0.673939824       1.00800002    
       14724  -6.07043219       1.15859127       1.00800002    
       14726  -6.18010044      0.790564656       1.00800002    
       14728  -6.03319836       1.63203418       1.00800002    
       14730  -6.05351257       1.55753899       1.00800002    
       14732  -6.10095215       1.05563843       1.00800002    
       14734  -6.06101894       1.38785517       1.00800002    
       14736  -5.99521351       1.51236069       1.00800002    
       14738  -5.96306944       1.78037238       1.00800002    
       14740  -5.91948175       2.36751986       1.00800002    
       14742  -5.95243120       1.98621023       1.00800002    
       14744  -6.07088089       1.18198228       1.00800002    
       14746  -6.09776783       1.00027180       1.00800002    
       14748  -6.15674925      0.408663124       1.00800002    
       14750  -6.09508514      0.738173604       1.00800002    
       14752  -6.05773544      0.776202738       1.00800002    
       14754  -5.93958998       1.36303842       1.00800002    
       14756  -5.98019695       1.44639552       1.00800002    
       14758  -5.92038822       1.78282320       1.00800002    
       14760  -6.07754087       1.43832064       1.00800002    
       14762  -6.01308012       1.93497884       1.00800002    
       14764  -6.13954020       1.24379241       1.00800002    
       14766  -6.10871744       1.37837636       1.00800002    
       14768  -6.13214540       1.35118484       1.00800002    
       14770  -6.09829521       1.72548604       1.00800002    
       14772  -6.01679039       2.02075386       1.00800002    
       14774  -6.13073158       1.36292076       1.00800002    
       14776  -6.27841425      0.706232548       1.00800002    
       14778  -6.22856045      0.921942294       1.00800002    
       14780  -6.21477795      0.880457640       1.00800002    
       14782  -6.17300320       1.03159010       1.00800002    
       14784  -6.08135080       1.62263525       1.00800002    
       14786  -6.20959044       1.26032162       1.00800002    
       14788  -6.22323895       1.18247581       1.00800002    
       14790  -6.28167486      0.756732166       1.00800002    
       14792  -6.20427752       1.35407841       1.00800002    
       14794  -6.17557907       1.56620669       1.00800002    
       14796  -6.06900835       1.94915223       1.00800002    
       14798  -6.04668140       2.02549911       1.00800002    
       14800  -6.10088396       1.85116422       1.00800002    
       14802  -6.20787287       1.20027936       1.00800002    
       14804  -6.10606813       2.04562855       1.00800002    
       14806  -5.97988653       2.98832369       1.00800002    
       14808  -5.88920641       3.16282344       1.00800002    
       14810  -6.05165482       2.36422229       1.00800002    
       14812  -6.11956549       2.20603085       1.00800002    
       14814  -6.10299730       2.17013073       1.00800002    
       14816  -6.10635376       2.03222060       1.00800002    
       14818  -6.20977449       1.38037968       1.01999998    
       14820  -6.30964756      0.837870657       1.01999998    
       14822  -6.28296995       1.03760374       1.01999998    
       14824  -6.23538542       1.41681242       1.01999998    
       14826  -6.24808311       1.18868017       1.01999998    
       14828  -6.24281788       1.27493834       1.01999998    
       14830  -6.21636581       1.40422869       1.01999998    
       14832  -6.23222399       1.30011404       1.01999998    
       14834  -6.20241213       1.20646918       1.01999998    
       14836  -6.18680286       1.55061030       1.01999998    
       14838  -6.15657568       1.77751935       1.01999998    
       14840  -6.09620476       1.88582802       1.01999998    
       14842  -6.29281282       1.10837626       1.01999998    
       14844  -6.27545881       1.19068587       1.01999998    
       14846  -6.12904358       2.15345716       1.01999998    
       14848  -6.11779404       2.13045788       1.01999998    
       14850  -6.06402254       2.34240580       1.01999998    
       14852  -6.03759813       2.38604736       1.01999998    
       14854  -5.98722553       2.73814917       1.01999998    
       14856  -5.96193981       2.64206648       1.01999998    
       14858  -6.15967083       1.55334187       1.01999998    
       14860  -6.19719172       1.52821290       1.01999998    
       14862  -6.29144049      0.825959861       1.01999998    
       14864  -6.29027224      0.750906765       1.01999998    
       14866  -6.22809362       1.43208468       1.01999998    
       14868  -6.06855869       2.51642871       1.01999998    
       14870  -6.17918205       1.90312755       1.01999998    
       14872  -6.12456417       2.02212811       1.01999998    
       14874  -6.18077040       1.97986436       1.01999998    
       14876  -6.20397902       1.74611557       1.01999998    
       14878  -6.22802687       1.71451175       1.01999998    
       14880  -6.30412626       1.23746574       1.01999998    
       14882  -6.32284546       1.22343397       1.01999998    
       14884  -6.07094097       2.58694267       1.01999998    
       14886  -6.21375895       1.68323147       1.01999998    
       14888  -6.09900045       2.20245862       1.01999998    
       14890  -6.15993309       1.90655410       1.01999998    
       14892  -6.18593168       1.61797500       1.01999998    
       14894  -6.18032408       1.77257609       1.01999998    
       14896  -6.03584146       2.64553404       1.01999998    
       14898  -6.10929537       2.03980541       1.01999998    
       14900  -6.21982813       1.43373990       1.01999998    
       14902  -6.34701395      0.867984295       1.01999998    
       14904  -6.29620790       1.28866529       1.01999998    
       14906  -6.17417145       2.22324014       1.01999998    
       14908  -6.32329655       1.44202280       1.01999998    
       14910  -6.23903704       1.87426102       1.01999998    
       14912  -6.24480152       1.65683353       1.01999998    
       14914  -6.19057226       1.85049450       1.01999998    
       14916  -6.19247818       1.86938739       1.01999998    
       14918  -6.29921055       1.35273731       1.01999998    
       14920  -6.23157549       1.36432576       1.01999998    
       14922  -6.23169708       1.53480196       1.01999998    
       14924  -6.20333242       1.62518454       1.01999998    
       14926  -6.24239683       1.74927676       1.01999998    
       14928  -6.12266445       2.37978554       1.01999998    
       14930  -6.09970045       2.58783627       1.01999998    
       14932  -5.98490000       3.22087574       1.01999998    
       14934  -5.96497059       3.37934899       1.01999998    
       14936  -5.98445940       3.42088127       1.01999998    
       14938  -6.09145689       2.68893576       1.01999998    
       14940  -6.14071608       2.53789878       1.01999998    
       14942  -6.15375137       2.40221286       1.01999998    
       14944  -6.11342669       2.47204828       1.01999998    
       14946  -6.14477491       2.62695265       1.01999998    
       14948  -5.98790836       3.52970409       1.01999998    
       14950  -5.99360752       3.11437964       1.01999998    
       14952  -6.09205437       2.51566958       1.01999998    
       14954  -6.10919333       2.88674712       1.01999998    
       14956  -5.99581480       3.17762399       1.01999998    
       14958  -5.96352148       3.60758734       1.01999998    
       14960  -6.09788084       2.74907303       1.01999998    
       14962  -5.99673319       3.46830106       1.01999998    
       14964  -6.00616550       3.30888653       1.01999998    
       14966  -5.97869205       3.56858826       1.01999998    
       14968  -6.10371542       2.56314969       1.01999998    
       14970  -5.99525595       3.15156078       1.01999998    
       14972  -5.87645197       3.76667690       1.00800002    
       14974  -6.10271072       2.04201722       1.00800002    
       14976  -5.98058414       2.58609056       1.00800002    
       14978  -6.07490540       2.15717530       1.00800002    
       14980  -6.06512737       2.15896559       1.00800002    
       14982  -6.11304331       2.30965137       1.00800002    
       14984  -6.01199532       2.64051723       1.00800002    
       14986  -5.96965790       2.80699086       1.00800002    
       14988  -5.94845200       2.81619668       1.00800002    
       14990  -5.99971533       2.65113163       1.00800002    
       14992  -6.03848457       2.62542558       1.00800002    
       14994  -6.04679728       2.57658243       1.00800002    
       14996  -5.82619047       3.70087695       1.00800002    
       14998  -5.95835543       2.62265182       1.00800002    
       15000  -5.93288612       2.92417336       1.00800002    
       15002  -5.86733198       3.03277993       1.00800002    
       15004  -6.00581074       2.62271595       1.00800002    
       15006  -6.11563921       2.23799801       1.00800002    
       15008  -6.05050898       2.44602609       1.00800002    
       15010  -6.12698317       2.09828496       1.00800002    
       15012  -6.03751326       2.39132023       1.00800002    
       15014  -5.98429251       2.69511986       1.00800002    
       15016  -5.99288130       2.52694297       1.00800002    
       15018  -6.08116293       2.14033961       1.00800002    
       15020  -6.07568741       2.28973246       1.00800002    
       15022  -5.87331629       3.40547204       1.00800002    
       15024  -5.85632181       3.70960355       1.00800002    
       15026  -6.04132938       2.80355024       1.00800002    
       15028  -5.93349695       2.99173546       1.00800002    
       15030  -6.12989378       1.70271194       1.00800002    
       15032  -6.18081808       1.63686156       1.00800002    
       15034  -6.10387945       1.87969220       1.00800002    
       15036  -6.08486319       1.86365473       1.00800002    
       15038  -6.17806149       1.39705002       1.00800002    
       15040  -6.14200783       1.28717101       1.00800002    
       15042  -6.10664797       1.48768234       1.00800002    
       15044  -6.17597771       1.21892822       1.00800002    
       15046  -6.06325817       1.91358042       1.00800002    
       15048  -5.98019218       2.28801894       1.00800002    
       15050  -6.15276194       1.32591176       1.00800002    
       15052  -6.16602516       1.01721752       1.00800002    
       15054  -6.06123781       1.45998228       1.00800002    
       15056  -6.08909130       1.51540041       1.00800002    
       15058  -6.22663307       1.13174605       1.00800002    
       15060  -6.27668095       1.01746631       1.00800002    
       15062  -6.12566137       1.74737191       1.00800002    
       15064  -6.11172676       1.56217527      0.995999992    
       15066  -6.16593838       1.10895586      0.995999992    
       15068  -5.95115519       2.20328808      0.995999992    
       15070  -5.89756346       2.38925576      0.995999992    
       15072  -5.99167109       1.77134335      0.995999992    
       15074  -6.03849316       1.52795076      0.995999992    
       15076  -6.05975056       1.32309210      0.995999992    
       15078  -6.00886583       1.41933835      0.995999992    
       15080  -6.09318352      0.746018231      0.995999992    
       15082  -6.12469387      0.786850750      0.995999992    
       15084  -6.17242527      0.636149466      0.995999992    
       15086  -6.04096508      0.980132163      0.995999992    
       15088  -6.12612486      0.585742712      0.995999992    
       15090  -6.10980225      0.524065435      0.995999992    
       15092  -6.12223339      0.367317647      0.995999992    
       15094  -6.12708378      0.194139883      0.995999992    
       15096  -6.20115471      -3.18781920E-02  0.995999992    
       15098  -6.08597612      0.737257838      0.995999992    
       15100  -6.12361908      0.612317860      0.995999992    
       15102  -6.04264641       1.24221969      0.995999992    
       15104  -6.10937500      0.956905007      0.995999992    
       15106  -6.24605083      0.345009208      0.995999992    
       15108  -6.24485445      0.173967078      0.995999992    
       15110  -6.17093039      0.960615814       1.00800002    
       15112  -6.11377716       1.42725325       1.00800002    
       15114  -6.09415340       1.58640897       1.00800002    
       15116  -6.21633196      0.976882398       1.00800002    
       15118  -6.14437056       1.36365235       1.00800002    
       15120  -6.08532810       1.71877456       1.00800002    
       15122  -6.11264133       1.62754345       1.00800002    
       15124  -6.04716301       2.04820013       1.00800002    
       15126  -6.13165045       1.82855654       1.00800002    
       15128  -5.98839855       2.55531049       1.00800002    
       15130  -6.11628866       1.60101449       1.00800002    
       15132  -6.11159372       1.80872512       1.00800002    
       15134  -6.05853891       2.02997518       1.00800002    
       15136  -6.14913845       1.44249952       1.00800002    
       15138  -6.24502134      0.919957101       1.00800002    
       15140  -6.30518913      0.432615548       1.00800002    
       15142  -6.25253439      0.732164860       1.00800002    
       15144  -6.23836708       1.03970480       1.00800002    
       15146  -6.17061710       1.24221742       1.00800002    
       15148  -6.03748083       1.68499231       1.00800002    
       15150  -6.05939341       1.29863369       1.00800002    
       15152  -6.09440517       1.12154365       1.00800002    
       15154  -6.04148865       1.48895586       1.00800002    
       15156  -6.11864567       1.24452531       1.00800002    
       15158  -6.14544916       1.26983833       1.00800002    
       15160  -6.21450758      0.791190326       1.00800002    
       15162  -6.29198217      0.389880568       1.00800002    
       15164  -6.19045830       1.14522862       1.00800002    
       15166  -6.03745747       2.05669546       1.00800002    
       15168  -6.01989985       2.15670657       1.00800002    
       15170  -6.08861732       1.70542014       1.00800002    
       15172  -6.04834366       1.96600163       1.00800002    
       15174  -6.03396130       1.96231568       1.00800002    
       15176  -5.94110060       2.60636210       1.00800002    
       15178  -6.01314688       2.17652106       1.00800002    
       15180  -6.04096365       1.92619658       1.00800002    
       15182  -6.09677887       1.84015989       1.00800002    
       15184  -6.10486507       2.02124929       1.00800002    
       15186  -6.11142397       1.65462112       1.00800002    
       15188  -6.16799068       1.26462090       1.00800002    
       15190  -6.23703671       1.07032824       1.00800002    
       15192  -6.20575285       1.22794592       1.00800002    
       15194  -6.13021994       1.91801536       1.00800002    
       15196  -6.05974197       2.49629927       1.00800002    
       15198  -6.04921913       2.36923671       1.00800002    
       15200  -6.05435133       2.36077070       1.00800002    
       15202  -6.12568092       1.66290915       1.00800002    
       15204  -6.16321182       1.44327855       1.00800002    
       15206  -6.13864470       1.35863185       1.00800002    
       15208  -6.09062338       1.56354022       1.00800002    
       15210  -6.04964495       1.90897822       1.00800002    
       15212  -6.07604265       1.81540513       1.00800002    
       15214  -6.26414490      0.618732035       1.00800002    
       15216  -6.26285315      0.379598141       1.00800002    
       15218  -6.13918877       1.03344595       1.00800002    
       15220  -6.01869059       2.00752354       1.00800002    
       15222  -5.97059441       1.95462608       1.00800002    
       15224  -5.96711063       2.07261181       1.00800002    
       15226  -6.09393501       1.42027748       1.00800002    
       15228  -6.11570835       1.20210302       1.00800002    
       15230  -6.05902481       1.57646716       1.00800002    
       15232  -5.99565887       1.58542740       1.00800002    
       15234  -6.03754282       1.27837944       1.00800002    
       15236  -6.10997581       1.00152326       1.00800002    
       15238  -6.24745274      0.127844319       1.00800002    
       15240  -6.20705128      0.170346245       1.00800002    
       15242  -6.11760426      0.735937715       1.00800002    
       15244  -6.11191082      0.597895563       1.00800002    
       15246  -6.17046070      0.246792719       1.00800002    
       15248  -6.16046000      0.360261738       1.00800002    
       15250  -6.31952095     -0.534415781       1.00800002    
       15252  -6.13326979      0.616261303       1.00800002    
       15254  -6.00109577       1.38784182       1.00800002    
       15256  -6.05928898      0.801244795       1.00800002    
       15258  -6.04776525      0.883254409       1.00800002    
       15260  -6.06267738      0.957110405       1.00800002    
       15262  -6.06032419       1.33192885       1.00800002    
       15264  -6.07871914       1.15289593       1.00800002    
       15266  -6.07082462       1.24553788       1.00800002    
       15268  -6.15351105      0.723103940       1.00800002    
       15270  -6.06969547       1.04131413       1.00800002    
       15272  -6.09571838      0.864879906       1.00800002    
       15274  -6.10059404       1.01572871       1.00800002    
       15276  -6.12287331      0.949341118       1.00800002    
       15278  -6.17127466      0.988939345       1.01999998    
       15280  -6.13130093       1.31017792       1.01999998    
       15282  -6.09819317       1.58578455       1.01999998    
       15284  -6.00981045       1.75506854       1.01999998    
       15286  -6.14462280       1.13386440       1.01999998    
       15288  -6.17177296       1.16279447       1.01999998    
       15290  -6.17500591       1.44832015       1.01999998    
       15292  -6.18096018       1.41588175       1.01999998    
       15294  -6.14432526       1.80829418       1.01999998    
       15296  -6.02552366       2.00607562       1.01999998    
       15298  -6.10806036       1.62765086       1.01999998    
       15300  -6.06322861       2.19833183       1.01999998    
       15302  -6.28557253      0.847380817       1.01999998    
       15304  -6.21739054       1.26413107       1.01999998    
       15306  -6.16541529       1.32773423       1.01999998    
       15308  -6.10090637       1.91581774       1.01999998    
       15310  -6.02146769       2.47669411       1.01999998    
       15312  -6.16142797       1.82446206       1.01999998    
       15314  -6.08058596       1.89260769       1.01999998    
       15316  -6.22558928       1.10217118       1.01999998    
       15318  -6.21353388       1.13643062       1.01999998    
       15320  -6.17345524       1.53392792       1.01999998    
       15322  -6.22940350       1.09362626       1.01999998    
       15324  -6.05660295       1.97910953       1.01999998    
       15326  -6.05246258       1.80883753       1.01999998    
       15328  -6.06805658       1.65159535       1.01999998    
       15330  -6.10604525       1.46551836       1.01999998    
       15332  -6.04151917       1.86450338       1.01999998    
       15334  -5.99451542       2.24635458       1.01999998    
       15336  -6.02760267       1.66259837       1.01999998    
       15338  -6.01460075       1.83867133       1.01999998    
       15340  -6.01610470       1.98707151       1.01999998    
       15342  -6.09909201       1.71272802       1.01999998    
       15344  -6.11333799       1.72648954       1.01999998    
       15346  -6.30830765      0.833710611       1.01999998    
       15348  -6.29110432      0.637236118       1.01999998    
       15350  -6.22739267      0.915324450       1.01999998    
       15352  -6.19625854      0.807254791       1.01999998    
       15354  -6.27913046      0.172415435       1.01999998    
       15356  -6.12783051       1.14404619       1.01999998    
       15358  -6.19307709      0.489903599       1.01999998    
       15360  -6.21434355      0.367619663       1.01999998    
       15362  -6.21874475      0.466298342       1.01999998    
       15364  -6.21289253      0.398768902       1.01999998    
       15366  -6.26667976      0.529401839       1.01999998    
       15368  -6.14210415      0.952284873       1.01999998    
       15370  -6.18987083      0.672783494       1.01999998    
       15372  -6.12234306       1.15610087       1.01999998    
       15374  -6.20729876      0.576352537       1.01999998    
       15376  -6.15424919      0.898862064       1.01999998    
       15378  -6.23046064      0.571840107       1.01999998    
       15380  -6.28349257      0.109081775       1.01999998    
       15382  -6.31931925     -0.110775992       1.01999998    
       15384  -6.30773020      0.223636374       1.01999998    
       15386  -6.24131155      0.435862601       1.01999998    
       15388  -6.20218134      0.363952279       1.01999998    
       15390  -6.24046516      0.603273988       1.01999998    
       15392  -6.21419716      0.656736672       1.01999998    
       15394  -6.18984413      0.527948141       1.01999998    
       15396  -6.11534882       1.42253542       1.01999998    
       15398  -6.18013811      0.976593912       1.01999998    
       15400  -6.08414459       1.64315104       1.01999998    
       15402  -6.02640581       1.86953700       1.01999998    
       15404  -6.09675503       1.34549522       1.01999998    
       15406  -6.20787716      0.723986506       1.01999998    
       15408  -6.28922033      0.302125722       1.01999998    
       15410  -6.15883923       1.26158309       1.01999998    
       15412  -6.19622183       1.01160574       1.01999998    
       15414  -6.26739836      0.608708262       1.01999998    
       15416  -6.13355970       1.38809824       1.01999998    
       15418  -6.22034073       1.05972862       1.01999998    
       15420  -6.17228842       1.16890061       1.01999998    
       15422  -6.03671789       1.90280950       1.01999998    
       15424  -6.07389021       2.17202663       1.01999998    
       15426  -6.08518171       2.10641503       1.01999998    
       15428  -6.22744226       1.33080816       1.01999998    
       15430  -6.09525919       1.76867449       1.01999998    
       15432  -6.25451946      0.945099473       1.01999998    
       15434  -6.21448231       1.21766889       1.01999998    
       15436  -6.30741787      0.982074261       1.01999998    
       15438  -6.13006210       1.81382692       1.01999998    
       15440  -6.16105032       1.59352720       1.01999998    
       15442  -6.27806425      0.958134592       1.01999998    
       15444  -6.33997107      0.745339870       1.01999998    
       15446  -6.22318745       1.46589971       1.01999998    
       15448  -6.23336315       1.40618181       1.01999998    
       15450  -6.17924500       1.84107757       1.01999998    
       15452  -6.21914768       1.54447150       1.01999998    
       15454  -6.14080000       1.94215381       1.01999998    
       15456  -6.02942085       2.38684487       1.01999998    
       15458  -6.01635313       2.15487623       1.01999998    
       15460  -6.06726646       1.94171488       1.01999998    
       15462  -6.16647625       1.16009951       1.01999998    
       15464  -5.99716759       2.05482149       1.01999998    
       15466  -6.02248955       2.07459283       1.01999998    
       15468  -6.17471075       1.22021103       1.01999998    
       15470  -6.03933859       1.86024702       1.01999998    
       15472  -5.96783066       2.15433502       1.01999998    
       15474  -6.02454090       2.14806128       1.01999998    
       15476  -6.01181507       2.06463099       1.01999998    
       15478  -6.09317303       1.67219448       1.01999998    
       15480  -6.13238382       1.84816062       1.01999998    
       15482  -6.00165272       2.33513975       1.01999998    
       15484  -6.01341248       2.36247969       1.01999998    
       15486  -5.97285604       2.52718806       1.01999998    
       15488  -6.07119799       1.84120262       1.01999998    
       15490  -6.01687002       1.93359339       1.01999998    
       15492  -6.08319426       1.79019344       1.01999998    
       15494  -5.99332714       2.38476396       1.01999998    
       15496  -6.07188559       1.92936766       1.01999998    
       15498  -6.13088465       1.75372934       1.01999998    
       15500  -6.06961298       2.10952091       1.01999998    
       15502  -6.07684183       1.82009852       1.01999998    
       15504  -6.09730959       1.21417248       1.01999998    
       15506  -6.12763500       1.35116851       1.01999998    
       15508  -6.13346100       1.45892537       1.01999998    
       15510  -6.21680021       1.04514194       1.01999998    
       15512  -6.20744753      0.891816318       1.01999998    
       15514  -6.13617849       1.73065138       1.01999998    
       15516  -6.29525948      0.575298250       1.01999998    
       15518  -6.10761404       1.44661987       1.01999998    
       15520  -6.11292744       1.63013411       1.01999998    
       15522  -6.09893370       1.64554048       1.01999998    
       15524  -6.11681175       1.64095628       1.01999998    
       15526  -6.21509027       1.06667781       1.01999998    
       15528  -6.16311789       1.33937454       1.01999998    
       15530  -6.21372461      0.672361672       1.01999998    
       15532  -6.29948616      0.285010129       1.01999998    
       15534  -6.18575668      0.925605416       1.01999998    
       15536  -6.03144932       1.68435431       1.01999998    
       15538  -6.06076813       1.78524995       1.01999998    
       15540  -5.98534250       2.05860901       1.01999998    
       15542  -6.00192881       1.94760764       1.01999998    
       15544  -6.16983414       1.09027529       1.01999998    
       15546  -6.19295740       1.18875325       1.01999998    
       15548  -6.04327869       1.74249732       1.01999998    
       15550  -6.02941513       1.85400128       1.01999998    
       15552  -6.18678999      0.657841861       1.01999998    
       15554  -6.32076597       8.89444351E-02   1.01999998    
       15556  -6.30295038      0.274233639       1.01999998    
       15558  -6.21860027      0.732901990       1.01999998    
       15560  -6.24003696      0.768400013       1.01999998    
       15562  -6.25555515      0.615814388       1.01999998    
       15564  -6.34207678      0.234631404       1.01999998    
       15566  -6.05625916       1.74195480       1.01999998    
       15568  -6.04518747       2.01012850       1.01999998    
       15570  -6.09923840       1.61961210       1.01999998    
       15572  -6.04305506       2.02842450       1.01999998    
       15574  -5.99055672       2.45322132       1.01999998    
       15576  -6.01907110       2.24803686       1.01999998    
       15578  -6.08842230       1.90586293       1.01999998    
       15580  -6.09225273       1.99139118       1.01999998    
       15582  -6.10751390       1.80561697       1.01999998    
       15584  -6.01452827       2.31610584       1.01999998    
       15586  -6.07868147       2.10607719       1.01999998    
       15588  -6.15071297       1.71640480       1.01999998    
       15590  -6.16241026       1.54174507       1.01999998    
       15592  -6.13829565       1.53160441       1.01999998    
       15594  -6.12841129       1.29898894       1.01999998    
       15596  -6.06379747       1.42640114       1.01999998    
       15598  -6.19586992      0.806551039       1.01999998    
       15600  -6.15514231       1.16459143       1.01999998    
       15602  -6.12602854       1.60794401       1.01999998    
       15604  -6.22550106       1.11508822       1.01999998    
       15606  -6.14008999       1.40477085       1.01999998    
       15608  -6.23673248      0.926366031       1.01999998    
       15610  -6.20009136       1.00424838       1.01999998    
       15612  -6.20764828       1.10013068       1.01999998    
       15614  -6.24054956      0.855663240       1.01999998    
       15616  -6.26919651      0.914890230       1.01999998    
       15618  -6.25025415       1.05668271       1.01999998    
       15620  -6.10948181       1.52481198       1.01999998    
       15622  -6.06925535       1.90170741       1.01999998    
       15624  -6.12626839       1.53524780       1.01999998    
       15626  -6.24867153      0.907876611       1.01999998    
       15628  -6.33071756      0.422938079       1.01999998    
       15630  -6.18187237       1.55328858       1.01999998    
       15632  -6.21140862       1.26326084       1.01999998    
       15634  -6.19623137       1.28468084       1.01999998    
       15636  -6.14565659       1.40230834       1.01999998    
       15638  -6.08108950       1.74357820       1.01999998    
       15640  -6.15387869       1.53641105       1.01999998    
       15642  -6.17609119       1.59541142       1.01999998    
       15644  -6.22219515       1.31131053       1.01999998    
       15646  -6.12830687       1.71374249       1.01999998    
       15648  -6.11861086       1.91974509       1.01999998    
       15650  -6.14075327       1.87958753       1.01999998    
       15652  -6.11502600       2.15718603       1.01999998    
       15654  -6.15785027       1.85250032       1.01999998    
       15656  -6.27924156       1.10464132       1.01999998    
       15658  -6.18896389       1.39541698       1.01999998    
       15660  -6.17140579       1.03078437       1.01999998    
       15662  -6.20842838       1.04431784       1.01999998    
       15664  -6.27765274      0.659120321       1.01999998    
       15666  -6.24337769       1.05171669       1.01999998    
       15668  -6.20317698       1.30559397       1.01999998    
       15670  -6.20596838       1.28623879       1.01999998    
       15672  -6.20450354       1.47920954       1.01999998    
       15674  -6.13107967       1.83797181       1.01999998    
       15676  -6.28270531      0.987811685       1.01999998    
       15678  -6.28165770       1.01190770       1.01999998    
       15680  -6.19911051       1.34608316       1.01999998    
       15682  -6.27289915      0.949317157       1.01999998    
       15684  -6.20925808       1.23399103       1.01999998    
       15686  -6.23729563      0.812607527       1.01999998    
       15688  -6.24226332       1.02158666       1.01999998    
       15690  -6.20803118       1.34862554       1.01999998    
       15692  -6.24814510       1.29889524       1.01999998    
       15694  -6.30306768      0.807572484       1.01999998    
       15696  -6.30137825      0.879597664       1.01999998    
       15698  -6.10427237       1.98657644       1.01999998    
       15700  -6.13327408       1.81930530       1.01999998    
       15702  -6.08072662       2.04892921       1.01999998    
       15704  -6.04393244       2.07429671       1.01999998    
       15706  -6.07825422       1.93436289       1.01999998    
       15708  -5.96763659       2.58698440       1.01999998    
       15710  -6.11074543       1.98311400       1.01999998    
       15712  -6.19785547       1.50953460       1.01999998    
       15714  -6.17306805       1.41787004       1.01999998    
       15716  -6.23648167       1.06128287       1.01999998    
       15718  -6.30744314      0.790352941       1.01999998    
       15720  -6.28963089       1.01206803       1.01999998    
       15722  -6.17651892       1.62869370       1.01999998    
       15724  -6.21293926       1.50396562       1.01999998    
       15726  -6.23733282       1.36090457       1.01999998    
       15728  -6.30165911      0.856920302       1.01999998    
       15730  -6.29712582      0.857619107       1.01999998    
       15732  -6.27334404      0.839035809       1.01999998    
       15734  -6.12145472       1.98748803       1.01999998    
       15736  -6.11260223       2.13359189       1.01999998    
       15738  -6.12539816       2.19891167       1.01999998    
       15740  -6.20929956       1.78540897       1.01999998    
       15742  -6.23715448       1.80357504       1.01999998    
       15744  -6.28792953       1.62620211       1.01999998    
       15746  -6.14955378       2.32401943       1.01999998    
       15748  -6.18139172       1.84085393       1.01999998    
       15750  -6.18446636       1.73075330       1.01999998    
       15752  -6.16700888       1.86075377       1.01999998    
       15754  -6.23824978       1.41717410       1.01999998    
       15756  -6.19355011       1.66978633       1.01999998    
       15758  -6.18813467       1.62281775       1.01999998    
       15760  -6.24801588       1.39391708       1.01999998    
       15762  -6.16462803       2.02003717       1.01999998    
       15764  -6.26728201       1.44194949       1.01999998    
       15766  -6.24130726       1.55838513       1.01999998    
       15768  -6.30488873       1.17475939       1.01999998    
       15770  -6.17255211       2.08427262       1.01999998    
       15772  -6.26418686       1.27777338       1.01999998    
       15774  -6.28434134       1.20654416       1.01999998    
       15776  -6.13711548       1.91345894       1.01999998    
       15778  -6.20793104       1.45365238       1.01999998    
       15780  -6.23774338       1.13932359       1.01999998    
       15782  -6.20185089       1.50817394       1.01999998    
       15784  -6.25886726       1.38909554       1.01999998    
       15786  -6.25509787       1.49306476       1.01999998    
       15788  -6.24917316       1.36570537       1.01999998    
       15790  -6.28000689       1.55502200       1.01999998    
       15792  -6.26263618       1.15681458       1.01999998    
       15794  -6.18284750       1.55589116       1.01999998    
       15796  -6.17659807       1.67012858       1.01999998    
       15798  -6.24013472       1.02362061       1.01999998    
       15800  -6.29964733       1.36259079       1.01999998    
       15802  -6.24303055       1.55918407       1.01999998    
       15804  -6.30008602       1.19928396       1.01999998    
       15806  -6.19517040       1.86060643       1.01999998    
       15808  -6.24713802       1.55168724       1.01999998    
       15810  -6.14277935       2.00186563       1.01999998    
       15812  -6.12465715       2.26253653       1.03199995    
       15814  -6.22824001       1.66539204       1.03199995    
       15816  -6.17633677       1.77550447       1.03199995    
       15818  -6.19173193       1.76523054       1.03199995    
       15820  -6.17128849       2.16941905       1.03199995    
       15822  -6.19913673       2.12301302       1.03199995    
       15824  -6.22635412       1.99467695       1.03199995    
       15826  -6.15383244       2.57848716       1.03199995    
       15828  -6.11026096       2.97852802       1.03199995    
       15830  -6.07104206       3.11565995       1.03199995    
       15832  -6.15327644       2.48551059       1.03199995    
       15834  -6.20018673       2.13105750       1.03199995    
       15836  -6.22764540       2.04490423       1.03199995    
       15838  -6.24588251       1.91035986       1.03199995    
       15840  -6.35570669       1.65096021       1.03199995    
       15842  -6.34023476       2.04221964       1.03199995    
       15844  -6.33776999       2.01229382       1.03199995    
       15846  -6.30726004       2.04182124       1.03199995    
       15848  -6.29372168       2.06367755       1.03199995    
       15850  -6.31911039       1.90494156       1.03199995    
       15852  -6.30398512       2.01040840       1.03199995    
       15854  -6.30418968       2.06272960       1.03199995    
       15856  -6.31133795       2.29944968       1.03199995    
       15858  -6.36576700       2.08357573       1.03199995    
       15860  -6.35954189       2.08279371       1.03199995    
       15862  -6.29776001       2.70594120       1.03199995    
       15864  -6.33947992       2.15969944       1.03199995    
       15866  -6.38893843       2.30282044       1.03199995    
       15868  -6.44789267       1.68960977       1.03199995    
       15870  -6.36325407       1.97814047       1.03199995    
       15872  -6.36242390       2.01650500       1.03199995    
       15874  -6.30303431       2.31291056       1.03199995    
       15876  -6.37954664       1.47129273       1.03199995    
       15878  -6.32017279       1.99325871       1.03199995    
       15880  -6.33256960       1.75771058       1.03199995    
       15882  -6.35496521       1.45525002       1.03199995    
       15884  -6.39399958       1.13253486       1.03199995    
       15886  -6.27191496       1.58623004       1.03199995    
       15888  -6.34547615       1.31163192       1.03199995    
       15890  -6.36060476       1.18326986       1.03199995    
       15892  -6.40480566      0.863102138       1.03199995    
       15894  -6.47165108      0.378017902       1.03199995    
       15896  -6.29687977       1.03586626       1.03199995    
       15898  -6.32574320      0.886276603       1.03199995    
       15900  -6.22618484       1.54623902       1.03199995    
       15902  -6.21973562       1.64254546       1.03199995    
       15904  -6.23837423       1.66598737       1.03199995    
       15906  -6.33379364      0.987199128       1.03199995    
       15908  -6.42182446      0.249793097       1.03199995    
       15910  -6.39214802      0.448311090       1.03199995    
       15912  -6.33310986      0.683741927       1.03199995    
       15914  -6.34548187      0.894750595       1.03199995    
       15916  -6.39785051      0.753492177       1.03199995    
       15918  -6.28225374       1.33661413       1.03199995    
       15920  -6.16934443       1.96847081       1.03199995    
       15922  -6.28052473       1.65571141       1.03199995    
       15924  -6.19691229       2.17325926       1.03199995    
       15926  -6.02072144       2.96223617       1.03199995    
       15928  -6.18962049       1.87946165       1.03199995    
       15930  -6.28178644       1.01362824       1.03199995    
       15932  -6.21906710       1.28452873       1.03199995    
       15934  -6.42566156      0.121612892       1.03199995    
       15936  -6.30883789      0.793972194       1.03199995    
       15938  -6.37577724      0.502654612       1.03199995    
       15940  -6.35781717       1.03460801       1.03199995    
       15942  -6.25971174       1.30030227       1.03199995    
       15944  -6.18952370       1.62369037       1.03199995    
       15946  -6.24791431       1.69480193       1.03199995    
       15948  -6.26719046       1.28321195       1.03199995    
       15950  -6.23231316       1.34088945       1.03199995    
       15952  -6.31294012       1.10422957       1.03199995    
       15954  -6.24243879       1.47229803       1.03199995    
       15956  -6.23469257       1.63950825       1.03199995    
       15958  -6.28079224      0.889054120       1.03199995    
       15960  -6.27159595       1.28376138       1.03199995    
       15962  -6.24576902       1.48519969       1.03199995    
       15964  -6.22118235       1.81088245       1.03199995    
       15966  -6.17414045       2.13624120       1.03199995    
       15968  -6.24564362       1.61314929       1.03199995    
       15970  -6.25931835       1.46279049       1.03199995    
       15972  -6.12847519       2.27812648       1.03199995    
       15974  -6.06010771       2.65049362       1.03199995    
       15976  -6.06887770       2.41750550       1.03199995    
       15978  -6.16660070       2.08508873       1.03199995    
       15980  -6.20621729       1.71932089       1.03199995    
       15982  -6.18002510       1.89782739       1.03199995    
       15984  -6.32429171       1.12194943       1.03199995    
       15986  -6.26530075       1.31038964       1.03199995    
       15988  -6.30626726       1.14933634       1.03199995    
       15990  -6.39190769      0.391315013       1.03199995    
       15992  -6.28568792       1.17313063       1.03199995    
       15994  -6.27002478       1.30920720       1.03199995    
       15996  -6.15466356       1.75678098       1.03199995    
       15998  -6.19141293       1.83392739       1.03199995    
       16000  -6.24936533       1.46107852       1.03199995    
       16002  -6.14632273       2.11884713       1.03199995    
       16004  -6.17625141       2.00928569       1.03199995    
       16006  -6.20804977       1.77683902       1.03199995    
       16008  -6.18998003       1.84463537       1.03199995    
       16010  -6.23744059       1.56088996       1.03199995    
       16012  -6.08049250       2.23338437       1.03199995    
       16014  -6.26999331       1.44650817       1.04400003    
       16016  -6.28956127       1.23060787       1.04400003    
       16018  -6.27905703       1.31442177       1.04400003    
       16020  -6.32230759       1.04654312       1.04400003    
       16022  -6.34076023      0.806060612       1.04400003    
       16024  -6.22584677       1.24307394       1.04400003    
       16026  -6.22177505       1.35658216       1.04400003    
       16028  -6.12929249       1.79890835       1.04400003    
       16030  -6.22058916       1.46322012       1.04400003    
       16032  -6.15973711       1.95222437       1.04400003    
       16034  -6.16240454       1.99294877       1.04400003    
       16036  -6.09077883       2.18598509       1.04400003    
       16038  -6.11819220       2.07329774       1.04400003    
       16040  -6.17824650       1.85601938       1.04400003    
       16042  -6.17761707       1.80428457       1.04400003    
       16044  -6.11267614       2.08113742       1.04400003    
       16046  -6.04656601       2.69517899       1.04400003    
       16048  -5.99446440       2.85376883       1.04400003    
       16050  -6.22858095       1.79660249       1.04400003    
       16052  -6.05723953       2.76384759       1.04400003    
       16054  -6.07107687       2.67845082       1.04400003    
       16056  -6.19207335       1.76478410       1.04400003    
       16058  -6.16602182       2.32396722       1.04400003    
       16060  -6.15479279       2.55498910       1.04400003    
       16062  -6.30086803       1.61338723       1.04400003    
       16064  -6.19969034       2.11134911       1.04400003    
       16066  -6.17394495       2.35798955       1.04400003    
       16068  -6.21533966       2.09027433       1.04400003    
       16070  -6.19965696       2.20114112       1.04400003    
       16072  -6.13655376       2.88086939       1.04400003    
       16074  -6.08826160       2.97201228       1.04400003    
       16076  -6.13177156       2.82162642       1.04400003    
       16078  -6.10264587       2.65937757       1.04400003    
       16080  -6.20006752       2.09749722       1.04400003    
       16082  -6.05704784       2.96120620       1.04400003    
       16084  -6.10328484       2.85081935       1.04400003    
       16086  -6.12055731       3.13676500       1.04400003    
       16088  -6.03454399       3.64891362       1.04400003    
       16090  -6.13592196       2.94643426       1.04400003    
       16092  -6.15420771       3.00502563       1.04400003    
       16094  -6.26438093       2.39243817       1.04400003    
       16096  -6.17747068       2.96333051       1.04400003    
       16098  -6.17539549       2.67198133       1.04400003    
       16100  -6.14896774       3.03776026       1.04400003    
       16102  -6.14291286       2.63961864       1.04400003    
       16104  -6.13092995       2.63322496       1.04400003    
       16106  -6.20302725       2.00098372       1.04400003    
       16108  -6.20983124       1.80919278       1.04400003    
       16110  -6.24470901       1.83085859       1.04400003    
       16112  -6.15924120       2.48561287       1.04400003    
       16114  -6.23999596       2.30659986       1.04400003    
       16116  -6.15990543       2.59709024       1.04400003    
       16118  -6.25333643       2.05540442       1.04400003    
       16120  -6.19891930       2.43408489       1.04400003    
       16122  -6.08136463       3.21040225       1.04400003    
       16124  -6.19681358       2.67475963       1.04400003    
       16126  -6.26024771       2.48667908       1.04400003    
       16128  -6.22593260       2.74549055       1.04400003    
       16130  -6.18036270       2.83387756       1.04400003    
       16132  -6.19484520       2.63623977       1.04400003    
       16134  -6.07086706       3.44963789       1.04400003    
       16136  -6.14697456       2.96551085       1.04400003    
       16138  -6.19953442       2.54401922       1.04400003    
       16140  -6.06701040       3.49403477       1.04400003    
       16142  -5.97730637       3.55644131       1.03199995    
       16144  -5.94332838       3.43237591       1.03199995    
       16146  -5.99988079       3.26527786       1.03199995    
       16148  -6.02646875       3.19310880       1.03199995    
       16150  -6.12727165       2.87566781       1.03199995    
       16152  -6.15542650       2.55878615       1.03199995    
       16154  -6.19260645       2.34460640       1.03199995    
       16156  -6.17696476       2.36963630       1.03199995    
       16158  -6.17885399       2.54882956       1.03199995    
       16160  -6.14922094       2.54425097       1.03199995    
       16162  -6.21458769       2.17128539       1.03199995    
       16164  -6.24160290       1.72992051       1.03199995    
       16166  -6.13453770       2.56763625       1.03199995    
       16168  -6.10899305       2.63792014       1.03199995    
       16170  -6.22926712       2.07181382       1.03199995    
       16172  -6.26222944       1.80392039       1.03199995    
       16174  -6.29537344       1.62386072       1.03199995    
       16176  -6.23861885       1.93580258       1.03199995    
       16178  -6.24135542       1.86409354       1.03199995    
       16180  -6.23112869       1.80398512       1.03199995    
       16182  -6.25540876       1.65851641       1.03199995    
       16184  -6.17779541       2.06898999       1.03199995    
       16186  -6.18148470       1.69059420       1.03199995    
       16188  -6.14212704       1.97049093       1.03199995    
       16190  -6.09796715       2.39774466       1.03199995    
       16192  -6.15798855       1.82508111       1.01999998    
       16194  -6.20596552       1.60530901       1.01999998    
       16196  -6.23798990       1.22507381       1.01999998    
       16198  -6.28646994      0.791978598       1.01999998    
       16200  -6.18002033       1.41794050       1.01999998    
       16202  -6.23356390       1.05534697       1.01999998    
       16204  -6.15812302       1.68761218       1.01999998    
       16206  -6.29086590       1.07013798       1.01999998    
       16208  -6.07052088       2.28040457       1.01999998    
       16210  -6.13335562       1.92035282       1.01999998    
       16212  -6.11656380       2.04295540       1.01999998    
       16214  -6.07793283       2.10281157       1.01999998    
       16216  -6.15085411       2.15359068       1.01999998    
       16218  -6.24494791       1.48386109       1.01999998    
       16220  -6.08265638       2.25384450       1.01999998    
       16222  -6.11726570       2.03317881       1.01999998    
       16224  -6.08778238       2.32254124       1.01999998    
       16226  -6.06023169       2.45239973       1.01999998    
       16228  -6.08683920       2.03934026       1.01999998    
       16230  -6.01495886       2.48893046       1.01999998    
       16232  -5.99389982       2.38534546       1.01999998    
       16234  -6.15354824       1.68065846       1.01999998    
       16236  -6.23183632       1.03649652       1.01999998    
       16238  -6.13066435       1.55299807       1.01999998    
       16240  -6.22254276      0.825117171       1.01999998    
       16242  -6.17531824       1.25980389       1.01999998    
       16244  -6.24146938       1.02637374       1.01999998    
       16246  -6.32539654      0.690123200       1.01999998    
       16248  -6.24822998       1.09457970       1.01999998    
       16250  -6.29047823      0.817560911       1.01999998    
       16252  -6.28153992       1.14231479       1.01999998    
       16254  -6.23165512       1.02274859       1.01999998    
       16256  -6.09627914       2.07634425       1.01999998    
       16258  -6.03508663       2.32394004       1.01999998    
       16260  -6.05742455       2.35295486       1.01999998    
       16262  -6.21269083       1.56628668       1.01999998    
       16264  -6.26309538       1.31474435       1.01999998    
       16266  -6.29132986      0.911285877       1.01999998    
       16268  -6.31103659      0.878576696       1.01999998    
       16270  -6.23452711       1.17501688       1.01999998    
       16272  -6.22397566       1.69721746       1.01999998    
       16274  -6.17847681       1.94581580       1.01999998    
       16276  -6.08262348       2.42267704       1.01999998    
       16278  -6.17275620       2.06164908       1.01999998    
       16280  -6.13681078       2.43205380       1.01999998    
       16282  -6.21836948       1.97986400       1.01999998    
       16284  -6.18380737       2.44791722       1.01999998    
       16286  -6.09527111       2.64605808       1.01999998    
       16288  -6.08357525       2.58537483       1.01999998    
       16290  -5.98719263       3.21353364       1.01999998    
       16292  -6.08274269       2.51974988       1.01999998    
       16294  -6.04942274       2.96755624       1.01999998    
       16296  -6.09864044       2.38045406       1.01999998    
       16298  -6.13691092       2.27586579       1.01999998    
       16300  -6.28732491       1.61815810       1.01999998    
       16302  -6.22799587       2.12133288       1.01999998    
       16304  -6.16109562       2.42537832       1.01999998    
       16306  -6.21065855       1.99883056       1.01999998    
       16308  -6.17772055       2.31321168       1.01999998    
       16310  -6.26776314       1.90497971       1.01999998    
       16312  -6.29874706       1.27701283       1.00800002    
       16314  -6.36859989      0.895211279       1.00800002    
       16316  -6.30115414       1.31005788       1.00800002    
       16318  -6.13838339       2.11235642       1.00800002    
       16320  -6.20133114       1.89129460       1.00800002    
       16322  -6.10720015       2.32844663       1.00800002    
       16324  -6.10765028       2.28353500       1.00800002    
       16326  -6.13587046       2.29723001       1.00800002    
       16328  -6.12557316       2.32336831       1.00800002    
       16330  -6.13191462       2.38267255       1.00800002    
       16332  -6.14126778       2.17703891       1.00800002    
       16334  -6.07863235       2.46690154       1.00800002    
       16336  -6.14057684       1.77910137       1.00800002    
       16338  -6.05281782       2.25222301       1.00800002    
       16340  -6.22538757       1.14300942       1.00800002    
       16342  -6.23041344       1.01400518       1.00800002    
       16344  -6.21732664       1.00261736       1.00800002    
       16346  -6.14702368       1.77778351       1.00800002    
       16348  -6.37858820      0.403576702       1.00800002    
       16350  -6.36012888      0.687650383       1.00800002    
       16352  -6.26327229      0.876191676       1.00800002    
       16354  -6.18835402       1.15997148       1.00800002    
       16356  -6.23707247      0.840648711       1.00800002    
       16358  -6.17033005       1.25454152       1.00800002    
       16360  -6.14665556       1.59734428       1.00800002    
       16362  -6.14919424       1.61661077       1.00800002    
       16364  -6.12196827       1.59996533       1.00800002    
       16366  -6.14986277       1.36929715       1.00800002    
       16368  -6.12930441       1.64307475       1.00800002    
       16370  -6.09902477       1.76726186       1.00800002    
       16372  -6.09050322       1.88185275       1.00800002    
       16374  -5.98775578       2.36886406      0.995999992    
       16376  -5.96617317       2.47111130      0.995999992    
       16378  -6.13676786       1.48150682      0.995999992    
       16380  -6.12102127       1.41468728      0.995999992    
       16382  -6.15026665       1.28393173      0.995999992    
       16384  -6.09364271       1.65894186      0.995999992    
       16386  -6.18067598       1.09187746      0.995999992    
       16388  -6.14622164       1.20316339      0.995999992    
       16390  -6.18308258       1.13111043      0.995999992    
       16392  -6.22497940      0.803388178      0.995999992    
       16394  -6.06273699       1.48152292      0.995999992    
       16396  -6.11169100      0.983694792      0.995999992    
       16398  -6.05606413       1.50866759      0.995999992    
       16400  -6.14210653       1.23581576      0.995999992    
       16402  -6.14506912       1.31479919      0.995999992    
       16404  -6.12888908       1.29327941      0.995999992    
       16406  -6.04896736       1.78961265      0.995999992    
       16408  -5.99277401       1.75588620      0.995999992    
       16410  -6.03314114       1.59877145      0.995999992    
       16412  -6.02667570       1.49738371      0.995999992    
       16414  -6.01142073       1.46667302      0.995999992    
       16416  -6.04449272       1.46402407      0.995999992    
       16418  -6.14602709      0.966624558      0.995999992    
       16420  -6.07412720       1.52287316      0.995999992    
       16422  -6.13642645       1.20630622      0.995999992    
       16424  -6.08901501       1.45584202      0.995999992    
       16426  -6.12644386       1.13762081      0.995999992    
       16428  -6.07244205       1.36378515      0.995999992    
       16430  -6.06819677       1.25160658      0.995999992    
       16432  -6.00023174       1.68510497      0.995999992    
       16434  -5.99946594       1.66412163      0.995999992    
       16436  -6.08636951       1.29053962      0.995999992    
       16438  -6.08589411       1.36469710      0.995999992    
       16440  -6.11441994       1.17015445      0.995999992    
       16442  -6.07557154       1.73318303      0.995999992    
       16444  -6.02154875       2.46204376      0.995999992    
       16446  -5.98946047       2.71288776      0.995999992    
       16448  -6.05280161       2.28420925      0.995999992    
       16450  -6.05554914       2.30736160      0.995999992    
       16452  -6.14001703       1.56716418      0.995999992    
       16454  -6.26296854      0.712863564      0.995999992    
       16456  -6.07682610       1.91053712      0.995999992    
       16458  -6.09475613       2.06057405      0.995999992    
       16460  -6.18181372       1.39312112      0.995999992    
       16462  -6.24481916       1.17597675      0.995999992    
       16464  -6.21460819       1.67176962      0.995999992    
       16466  -6.20879126       1.58350265      0.995999992    
       16468  -6.24436426       1.57214665      0.995999992    
       16470  -6.25680304       1.52085924      0.995999992    
       16472  -6.22382164       1.50112092      0.995999992    
       16474  -6.13503313       2.10040641      0.995999992    
       16476  -6.21930504       1.52559268      0.995999992    
       16478  -6.30510283       1.14727592      0.995999992    
       16480  -6.22753429       1.79407656      0.995999992    
       16482  -6.20426846       1.91530502      0.995999992    
       16484  -6.17271519       2.26901841      0.995999992    
       16486  -6.21799421       1.71229661      0.995999992    
       16488  -6.12354136       2.21681714      0.995999992    
       16490  -6.20614433       1.71474659      0.995999992    
       16492  -6.36331034      0.978139639      0.995999992    
       16494  -6.29472828       1.40733075      0.995999992    
       16496  -6.26224327       1.44466865      0.995999992    
       16498  -6.16834545       1.85801411      0.995999992    
       16500  -6.08691120       2.57069540      0.995999992    
       16502  -6.05948639       2.57080722      0.995999992    
       16504  -6.24054146       1.64274740      0.995999992    
       16506  -6.17745495       1.97400343      0.995999992    
       16508  -6.07776594       2.53581834      0.995999992    
       16510  -6.17468548       1.77636981      0.995999992    
       16512  -6.17288303       1.89134312      0.995999992    
       16514  -6.05497885       2.53106165      0.995999992    
       16516  -6.04602671       2.93801188      0.995999992    
       16518  -6.17671394       1.80354857      0.984000027    
       16520  -6.19640732       1.70273232      0.984000027    
       16522  -6.24667454       1.36185396      0.984000027    
       16524  -6.19458342       1.63424087      0.984000027    
       16526  -6.19202995       1.64514816      0.984000027    
       16528  -6.13079643       1.74443161      0.984000027    
       16530  -6.16540766       1.65276480      0.984000027    
       16532  -6.30120897      0.902488530      0.984000027    
       16534  -6.21485710       1.31474459      0.984000027    
       16536  -6.20789480       1.37013078      0.984000027    
       16538  -6.24430895       1.15235567      0.984000027    
       16540  -6.23366928      0.927872062      0.984000027    
       16542  -6.18170929       1.15160811      0.984000027    
       16544  -6.22688866      0.985491037      0.984000027    
       16546  -6.08294058       1.51900518      0.984000027    
       16548  -6.18450642      0.947473466      0.984000027    
       16550  -6.15490961       1.14879549      0.984000027    
       16552  -6.27508831      0.702769458      0.984000027    
       16554  -6.29763079      0.611177981      0.984000027    
       16556  -6.23764515      0.859730124      0.984000027    
       16558  -6.21943426      0.886762142      0.984000027    
       16560  -6.30170965      0.623291552      0.984000027    
       16562  -6.41011620      0.154672042      0.984000027    
       16564  -6.35189009      0.690337121      0.995999992    
       16566  -6.28501654       1.16513944      0.995999992    
       16568  -6.25439405       1.18202937      0.995999992    
       16570  -6.19648743       1.31698859      0.995999992    
       16572  -6.25050354       1.00537288      0.995999992    
       16574  -6.26034069      0.744564712      0.995999992    
       16576  -6.07988977       1.92505872      0.995999992    
       16578  -6.06079435       2.01836467      0.995999992    
       16580  -5.95648479       2.57264996      0.995999992    
       16582  -5.89717674       2.94627929      0.995999992    
       16584  -6.23264265       1.15524495      0.995999992    
       16586  -6.21613741       1.08818197      0.995999992    
       16588  -6.19628620       1.48044705      0.995999992    
       16590  -6.19623947       1.69246876      0.995999992    
       16592  -6.01240444       2.42941785      0.995999992    
       16594  -6.10907602       2.06858277      0.995999992    
       16596  -6.18291473       1.30369186      0.995999992    
       16598  -6.24231243      0.806381702      0.995999992    
       16600  -6.32407570       5.19655505E-03  0.995999992    
       16602  -6.16610622      0.643963397      0.995999992    
       16604  -6.09962177       1.01364112      0.995999992    
       16606  -6.25651741      0.193400994      0.995999992    
       16608  -6.16048908       1.12156522      0.995999992    
       16610  -6.17097855       1.02155674      0.995999992    
       16612  -6.16791773       1.17094040      0.995999992    
       16614  -6.23024607      0.894266903      0.995999992    
       16616  -6.15599966       1.46429586      0.995999992    
       16618  -6.03929615       2.21507716      0.995999992    
       16620  -6.29116821      0.797996581      0.995999992    
       16622  -6.22949934       1.22626936      0.995999992    
       16624  -6.07531214       1.85836792      0.995999992    
       16626  -6.00933599       2.05023909      0.995999992    
       16628  -6.05749321       1.64012420      0.995999992    
       16630  -5.95938253       2.52429986      0.995999992    
       16632  -5.99552727       2.25939798      0.995999992    
       16634  -5.93181229       2.79154325      0.995999992    
       16636  -6.05036116       2.02955985      0.995999992    
       16638  -6.07688618       1.57039666      0.995999992    
       16640  -6.08122253       1.64981389      0.995999992    
       16642  -6.18106079       1.25441217      0.995999992    
       16644  -6.21954393       1.16731215      0.995999992    
       16646  -6.20063019      0.980078399      0.995999992    
       16648  -6.23707676      0.667457223      0.995999992    
       16650  -6.21632195       1.01894748      0.995999992    
       16652  -6.21386051       1.18669236      0.995999992    
       16654  -6.20893908       1.00611925      0.995999992    
       16656  -6.24057913      0.650808513      0.995999992    
       16658  -6.19477940       1.07322276      0.995999992    
       16660  -6.17379808       1.04411459      0.995999992    
       16662  -6.17013597       1.10071874      0.995999992    
       16664  -6.02594662       2.07715321      0.995999992    
       16666  -6.02855778       2.03742719      0.995999992    
       16668  -6.19869947      0.967491627      0.995999992    
       16670  -6.17357683       1.20466197      0.995999992    
       16672  -6.17325163       1.09626305      0.995999992    
       16674  -6.24148703      0.821691632      0.995999992    
       16676  -6.20557785      0.980665028      0.995999992    
       16678  -6.22368479      0.822171271      0.995999992    
       16680  -6.25117683       1.07069409      0.995999992    
       16682  -6.22522306       1.28642094      0.995999992    
       16684  -6.25286865      0.966263592      0.995999992    
       16686  -6.15406227       1.47276378      0.995999992    
       16688  -6.05957985       2.19784713      0.995999992    
       16690  -6.18722105       1.62207639      0.995999992    
       16692  -6.17637968       1.58762169      0.995999992    
       16694  -6.06602907       2.07717299      0.995999992    
       16696  -5.97764301       2.45869470      0.995999992    
       16698  -5.99032688       2.49480438      0.995999992    
       16700  -6.01585865       2.68858409      0.995999992    
       16702  -5.98200750       2.93117213      0.995999992    
       16704  -5.99723339       2.45594454      0.995999992    
       16706  -6.06612921       2.50737929       1.00800002    
       16708  -6.15685940       1.89689064       1.00800002    
       16710  -6.15753746       1.78005660       1.00800002    
       16712  -6.14623356       1.71432197       1.00800002    
       16714  -6.10605097       1.86718023       1.00800002    
       16716  -6.24839449       1.20451772       1.00800002    
       16718  -6.21264315       1.35992575       1.00800002    
       16720  -6.16265821       1.61390364       1.00800002    
       16722  -6.10072565       1.62191653       1.00800002    
       16724  -6.18039560       1.07767916       1.00800002    
       16726  -6.08971357       1.68076265       1.00800002    
       16728  -6.04609680       1.85507941       1.00800002    
       16730  -6.03279114       1.98530388       1.00800002    
       16732  -6.00610828       2.07465792       1.00800002    
       16734  -6.03524303       1.73298085       1.00800002    
       16736  -6.02331018       1.54417348       1.00800002    
       16738  -6.00466537       1.71041620       1.00800002    
       16740  -5.95401716       2.06199932       1.00800002    
       16742  -6.16445446      0.996466577       1.00800002    
       16744  -6.06386662       1.68704987       1.00800002    
       16746  -6.00892115       1.80516243       1.00800002    
       16748  -6.05562401       1.60017037       1.00800002    
       16750  -6.13330507      0.967885852       1.00800002    
       16752  -6.16074419      0.823209941       1.00800002    
       16754  -6.10228777       1.34248304       1.00800002    
       16756  -6.14246988       1.18800592       1.00800002    
       16758  -6.15089083       1.40830743       1.01999998    
       16760  -6.21186590       1.05802083       1.01999998    
       16762  -6.04739904       2.12974191       1.01999998    
       16764  -6.02923679       2.49521518       1.01999998    
       16766  -6.10656834       2.00314808       1.01999998    
       16768  -6.17060041       1.74160361       1.01999998    
       16770  -6.26459074       1.03516161       1.01999998    
       16772  -6.16765499       1.54344094       1.01999998    
       16774  -6.23653269       1.19499230       1.01999998    
       16776  -6.24089718       1.28434741       1.01999998    
       16778  -6.25521708      0.965499938       1.01999998    
       16780  -6.20304298       1.36137092       1.01999998    
       16782  -6.17346621      0.993846238       1.01999998    
       16784  -6.11152172       1.59864771       1.01999998    
       16786  -6.17869234       1.34707797       1.01999998    
       16788  -6.23540688      0.956669152       1.01999998    
       16790  -6.27147102      0.930715621       1.01999998    
       16792  -6.13261509       1.66761506       1.01999998    
       16794  -6.28763437      0.544956982       1.01999998    
       16796  -6.21055412      0.924628794       1.01999998    
       16798  -6.16379690       1.23969400       1.01999998    
       16800  -6.15999126       1.37932789       1.01999998    
       16802  -6.14759111       1.35983515       1.01999998    
       16804  -6.08235216       1.90366983       1.01999998    
       16806  -6.18808842       1.22284544       1.01999998    
       16808  -6.20959473       1.37811303       1.01999998    
       16810  -6.16203356       1.99863577       1.01999998    
       16812  -6.17584848       1.73659062       1.01999998    
       16814  -6.26851177       1.04027581       1.01999998    
       16816  -6.28101778      0.653658211       1.01999998    
       16818  -6.29363203      0.853293240       1.01999998    
       16820  -6.26923227      0.807945013       1.01999998    
       16822  -6.31031609      0.207190007       1.01999998    
       16824  -6.26091003      0.557270527       1.01999998    
       16826  -6.07898045       1.54485524       1.01999998    
       16828  -6.08674860       1.64174926       1.01999998    
       16830  -6.02552223       2.17845583       1.01999998    
       16832  -6.07249498       2.04001307       1.01999998    
       16834  -6.12648678       1.97384250       1.01999998    
       16836  -6.14796925       1.93663132       1.01999998    
       16838  -6.03882504       2.28849673       1.01999998    
       16840  -6.08235741       2.46798396       1.01999998    
       16842  -6.13018227       1.95157897       1.01999998    
       16844  -6.22945261       1.49207628       1.01999998    
       16846  -6.13324070       1.77116096       1.01999998    
       16848  -6.17701817       1.36762738       1.01999998    
       16850  -6.19407272       1.53113878       1.01999998    
       16852  -6.12989950       1.97249186       1.01999998    
       16854  -6.14976645       1.89266813       1.01999998    
       16856  -6.19397593       1.51246893       1.01999998    
       16858  -6.17800665       1.64348996       1.01999998    
       16860  -6.16781235       1.63064265       1.01999998    
       16862  -6.20916414       1.58472598       1.01999998    
       16864  -6.14981270       1.96135545       1.01999998    
       16866  -6.16289711       1.80375457       1.01999998    
       16868  -6.13605881       2.03213596       1.01999998    
       16870  -6.19211721       1.52020037       1.01999998    
       16872  -6.12784338       1.64452970       1.01999998    
       16874  -6.15675926       1.24475169       1.01999998    
       16876  -6.13669348       1.10899019       1.01999998    
       16878  -6.16284180       1.00575554       1.01999998    
       16880  -6.06108141       1.39888608       1.01999998    
       16882  -6.16440535      0.729491055       1.01999998    
       16884  -6.01412582       1.46583176       1.01999998    
       16886  -6.11707163      0.982454300       1.01999998    
       16888  -6.01521778       1.60219789       1.01999998    
       16890  -5.91987610       2.27095747       1.01999998    
       16892  -6.06094742       1.60900533       1.01999998    
       16894  -6.07151031       1.45959806       1.01999998    
       16896  -6.05907297       1.35800719       1.01999998    
       16898  -6.12188721      0.821209908       1.01999998    
       16900  -5.99362993       1.59444523       1.01999998    
       16902  -5.95032072       1.85009563       1.01999998    
       16904  -6.05141830       1.27996719       1.01999998    
       16906  -6.00214005       1.64166248       1.01999998    
       16908  -5.95866156       1.86605954       1.01999998    
       16910  -5.96878624       1.84004259       1.01999998    
       16912  -6.00387430       1.75237024       1.01999998    
       16914  -5.90758610       2.37178278       1.01999998    
       16916  -6.03713369       2.27867579       1.01999998    
       16918  -6.12183475       1.86883485       1.01999998    
       16920  -5.95459366       2.62134600       1.01999998    
       16922  -5.98081636       2.56579661       1.01999998    
       16924  -6.02642870       2.38886619       1.01999998    
       16926  -5.94850540       3.41664052       1.01999998    
       16928  -5.86488962       3.70323443       1.01999998    
       16930  -5.95097828       3.14239216       1.01999998    
       16932  -5.95820093       3.12812877       1.01999998    
       16934  -6.18584824       1.84313941       1.01999998    
       16936  -6.12177420       2.21514392       1.01999998    
       16938  -6.25353050       1.60431230       1.01999998    
       16940  -6.24808931       1.63949978       1.01999998    
       16942  -6.15534496       1.70890927       1.01999998    
       16944  -6.11458921       2.04196548       1.01999998    
       16946  -6.06049728       2.39641905       1.01999998    
       16948  -5.97132206       2.71302271       1.01999998    
       16950  -5.84070015       3.31906915       1.01999998    
       16952  -6.00999880       2.49970484       1.01999998    
       16954  -6.09502983       2.20441556       1.01999998    
       16956  -6.06058979       2.24868965       1.01999998    
       16958  -6.08234453       2.18019223       1.01999998    
       16960  -6.18379116       1.96906817       1.01999998    
       16962  -6.16344213       1.85570419       1.01999998    
       16964  -6.13210249       1.96404791       1.01999998    
       16966  -6.04203129       2.34279346       1.01999998    
       16968  -6.12282896       1.97395229       1.01999998    
       16970  -6.01422405       2.37346554       1.01999998    
       16972  -5.95013714       3.10631919       1.01999998    
       16974  -5.94564199       3.36774492       1.01999998    
       16976  -6.04810381       2.71861959       1.01999998    
       16978  -6.05379438       2.51883817       1.01999998    
       16980  -6.03721857       2.44670606       1.01999998    
       16982  -6.15414429       1.96770430       1.01999998    
       16984  -6.24314451       1.30156422       1.01999998    
       16986  -6.14544535       1.89654958       1.01999998    
       16988  -6.18079853       1.57966673       1.01999998    
       16990  -6.21198225       1.30242956       1.01999998    
       16992  -6.02705574       2.08698583       1.01999998    
       16994  -5.98444653       2.41129541       1.01999998    
       16996  -6.04512453       2.07814860       1.01999998    
       16998  -6.03722811       2.26586866       1.01999998    
       17000  -6.07559204       1.89143622       1.01999998    
       17002  -6.13998747       1.49013817       1.01999998    
       17004  -6.11420155       1.59188485       1.01999998    
       17006  -6.14508438       1.35101521       1.01999998    
       17008  -6.13734770       1.23985338       1.01999998    
       17010  -6.16936159       1.22919130       1.01999998    
       17012  -6.19122648       1.09788918       1.01999998    
       17014  -6.15522289       1.15533495       1.01999998    
       17016  -6.09883308       1.74924159       1.01999998    
       17018  -5.88748407       2.80485868       1.01999998    
       17020  -5.85456896       3.16576219       1.01999998    
       17022  -5.99827814       2.39727902       1.01999998    
       17024  -6.17421293       1.19784844       1.01999998    
       17026  -6.12908697       1.51209319       1.01999998    
       17028  -6.14199209       1.49391747       1.01999998    
       17030  -6.12019634       1.60056770       1.01999998    
       17032  -6.11406279       1.58450592       1.01999998    
       17034  -6.19826508       1.17889273       1.01999998    
       17036  -6.12909317       1.41334724       1.01999998    
       17038  -6.01934338       1.91967750       1.01999998    
       17040  -6.04679108       1.71057868       1.01999998    
       17042  -6.07302380       1.54825950       1.01999998    
       17044  -6.12749815       1.37667859       1.01999998    
       17046  -6.12165785       1.64326918       1.01999998    
       17048  -6.05891514       1.87698901       1.01999998    
       17050  -6.10416126       1.61455178       1.01999998    
       17052  -6.03447771       2.26854372       1.01999998    
       17054  -6.07363176       2.28909397       1.01999998    
       17056  -6.04691458       2.24775696       1.01999998    
       17058  -5.97961617       2.73861122       1.01999998    
       17060  -5.96820354       2.79223275       1.01999998    
       17062  -5.93774843       2.82863307       1.01999998    
       17064  -6.05944967       2.47554946       1.01999998    
       17066  -6.08262730       2.22841763       1.01999998    
       17068  -6.00629377       2.54856968       1.01999998    
       17070  -5.99067783       2.47626352       1.01999998    
       17072  -6.07552528       1.95418370       1.01999998    
       17074  -6.09060574       2.08172488       1.01999998    
       17076  -6.00304699       2.64360332       1.01999998    
       17078  -6.07213020       2.40243077       1.01999998    
       17080  -6.12132406       2.02839327       1.01999998    
       17082  -6.11307669       2.04668498       1.01999998    
       17084  -6.07129908       2.24686599       1.01999998    
       17086  -6.07926178       2.62757444       1.01999998    
       17088  -5.97128868       3.07925582       1.01999998    
       17090  -5.92361736       3.44310403       1.01999998    
       17092  -6.14516926       2.15176964       1.01999998    
       17094  -6.10816860       2.23328137       1.01999998    
       17096  -6.08791542       2.22719455       1.01999998    
       17098  -6.12971497       2.07649112       1.01999998    
       17100  -6.04897070       2.28606057       1.01999998    
       17102  -5.99453735       2.85480428       1.01999998    
       17104  -6.03745461       2.59033060       1.01999998    
       17106  -6.03921223       2.50279951       1.01999998    
       17108  -6.13946629       2.05811286       1.01999998    
       17110  -6.11629486       2.00284791       1.01999998    
       17112  -6.12201262       1.97818875       1.01999998    
       17114  -6.11790800       2.00988817       1.01999998    
       17116  -6.10015011       2.39778233       1.01999998    
       17118  -6.14442301       2.17425680       1.01999998    
       17120  -6.10049582       2.18370914       1.01999998    
       17122  -6.20447016       1.53573012       1.01999998    
       17124  -6.22989988       1.19567275       1.01999998    
       17126  -6.22418213       1.15373409       1.01999998    
       17128  -6.11891651       1.62256086       1.01999998    
       17130  -6.15278578       1.59787977       1.01999998    
       17132  -5.99921036       2.31432199       1.01999998    
       17134  -6.16177511       1.70324588       1.01999998    
       17136  -6.15525341       1.75241828       1.01999998    
       17138  -6.07337141       2.15528512       1.01999998    
       17140  -6.06674337       2.37003183       1.01999998    
       17142  -6.17829323       1.74926627       1.01999998    
       17144  -6.21187258       1.57219458       1.01999998    
       17146  -6.16296959       1.96841848       1.01999998    
       17148  -6.17259264       1.37843239       1.01999998    
       17150  -6.11564159       1.68226373       1.01999998    
       17152  -6.12763691       1.46011865       1.01999998    
       17154  -6.14772463       1.63919842       1.01999998    
       17156  -6.09801149       2.02573013       1.01999998    
       17158  -6.06276035       2.11706233       1.01999998    
       17160  -6.09858942       2.05793333       1.01999998    
       17162  -6.10246086       2.14513898       1.01999998    
       17164  -6.04162788       2.40108275       1.01999998    
       17166  -6.14725924       1.75977957       1.01999998    
       17168  -6.19318724       1.32873046       1.01999998    
       17170  -6.14960814       1.70758832       1.01999998    
       17172  -6.19241190       1.19683003       1.01999998    
       17174  -6.18749762       1.06314480       1.01999998    
       17176  -6.10192966       1.72269201       1.01999998    
       17178  -6.15700150       1.49121463       1.01999998    
       17180  -6.03118992       2.03566694       1.01999998    
       17182  -6.08836031       2.17928147       1.01999998    
       17184  -6.12300825       2.42181778       1.03199995    
       17186  -6.16446495       1.89464498       1.03199995    
       17188  -6.20148277       1.95169795       1.03199995    
       17190  -6.20085049       1.69743109       1.03199995    
       17192  -6.34871244      0.655988336       1.03199995    
       17194  -6.30905819      0.677240312       1.03199995    
       17196  -6.24832773       1.05148220       1.03199995    
       17198  -6.22529173       1.21327388       1.03199995    
       17200  -6.17671013       1.49149048       1.03199995    
       17202  -6.27260447       1.11993146       1.03199995    
       17204  -6.25918722       1.28697658       1.03199995    
       17206  -6.12814188       1.90091765       1.03199995    
       17208  -6.25873756       1.30127954       1.03199995    
       17210  -6.22284746       1.63794172       1.03199995    
       17212  -6.19547701       1.56475186       1.03199995    
       17214  -6.13367176       1.98014426       1.03199995    
       17216  -6.19785023       1.67871356       1.03199995    
       17218  -6.20368862       1.69029462       1.03199995    
       17220  -6.17266703       2.08362961       1.03199995    
       17222  -6.09043741       2.42211795       1.03199995    
       17224  -6.14763975       2.13520861       1.03199995    
       17226  -6.16931391       2.03540778       1.03199995    
       17228  -6.17942715       1.91546953       1.03199995    
       17230  -6.07140779       2.38813996       1.03199995    
       17232  -6.12756443       2.04139256       1.03199995    
       17234  -6.12586355       2.28026915       1.03199995    
       17236  -6.03019571       2.77811146       1.03199995    
       17238  -6.08610535       2.41436076       1.03199995    
       17240  -5.96407652       3.30117226       1.03199995    
       17242  -5.99476433       3.10955477       1.03199995    
       17244  -6.02033758       3.31952715       1.03199995    
       17246  -6.04854774       3.15005708       1.03199995    
       17248  -6.20757151       2.17230082       1.03199995    
       17250  -6.26744175       1.88842452       1.03199995    
       17252  -6.19586468       2.55324626       1.03199995    
       17254  -6.10582924       2.68519616       1.03199995    
       17256  -6.02284718       3.12761092       1.03199995    
       17258  -6.02926970       3.31942940       1.03199995    
       17260  -6.14286613       2.21854115       1.03199995    
       17262  -6.09894991       2.82509255       1.03199995    
       17264  -6.15792036       2.31978297       1.03199995    
       17266  -6.24777985       2.12700129       1.03199995    
       17268  -6.23856544       2.14601898       1.03199995    
       17270  -6.19924927       2.20012569       1.03199995    
       17272  -6.23428679       1.86861813       1.03199995    
       17274  -6.27143383       1.54174244       1.03199995    
       17276  -6.25264835       1.59044349       1.03199995    
       17278  -6.23816586       1.75704837       1.03199995    
       17280  -6.17500257       2.06098938       1.03199995    
       17282  -6.08445024       2.48403430       1.03199995    
       17284  -6.03620481       2.86736965       1.03199995    
       17286  -6.00457096       2.91612887       1.03199995    
       17288  -5.95485640       3.12694907       1.03199995    
       17290  -5.99662352       2.88989878       1.03199995    
       17292  -6.05857515       2.36212945       1.03199995    
       17294  -6.24952078       1.13218296       1.03199995    
       17296  -6.24781609       1.37530148       1.03199995    
       17298  -6.23359632       1.69227183       1.03199995    
       17300  -6.32326603       1.34234059       1.03199995    
       17302  -6.35419464       1.01171017       1.03199995    
       17304  -6.26102686       1.39649427       1.03199995    
       17306  -6.18656874       1.85972381       1.03199995    
       17308  -6.23216009       1.60970509       1.03199995    
       17310  -6.18731642       1.99603736       1.03199995    
       17312  -6.18597269       2.20135117       1.03199995    
       17314  -6.18086720       1.92570770       1.03199995    
       17316  -6.22914028       1.75842774       1.03199995    
       17318  -6.26147652       1.57290769       1.03199995    
       17320  -6.15061426       2.07776427       1.03199995    
       17322  -6.11602783       2.10897827       1.03199995    
       17324  -6.13680267       2.08486557       1.03199995    
       17326  -6.19458103       2.08696532       1.03199995    
       17328  -6.11463976       2.18594956       1.03199995    
       17330  -6.12985611       2.51541662       1.03199995    
       17332  -6.10105944       2.59167767       1.03199995    
       17334  -6.07345057       2.73583913       1.03199995    
       17336  -6.15251780       2.27175236       1.03199995    
       17338  -6.15198374       2.52785206       1.03199995    
       17340  -6.25023746       2.13427258       1.03199995    
       17342  -6.13258791       2.50468659       1.03199995    
       17344  -6.15460300       2.24974298       1.03199995    
       17346  -6.07251740       3.03698564       1.03199995    
       17348  -6.13625050       2.67872024       1.03199995    
       17350  -6.06833744       2.93267655       1.03199995    
       17352  -6.15018606       2.27399015       1.03199995    
       17354  -6.20027733       1.99802625       1.03199995    
       17356  -6.23667383       1.64520776       1.03199995    
       17358  -6.14467669       2.00024509       1.03199995    
       17360  -6.21376419       1.76069760       1.03199995    
       17362  -6.17678833       1.89288795       1.03199995    
       17364  -6.14316988       2.24945402       1.03199995    
       17366  -6.15109491       1.90333271       1.03199995    
       17368  -6.06425381       2.40227342       1.03199995    
       17370  -6.25398588       1.39676142       1.03199995    
       17372  -6.37205982      0.655086040       1.03199995    
       17374  -6.23356104       1.93628716       1.03199995    
       17376  -6.17089081       2.17800236       1.03199995    
       17378  -6.30626154       1.53449118       1.03199995    
       17380  -6.21582890       1.76642931       1.03199995    
       17382  -6.25161362       1.59619319       1.03199995    
       17384  -6.23098803       1.35577989       1.03199995    
       17386  -6.28296614       1.12498379       1.03199995    
       17388  -6.15262222       1.97368586       1.03199995    
       17390  -6.21311092       1.77263439       1.03199995    
       17392  -6.32975435       1.19504619       1.03199995    
       17394  -6.32492161       1.25671864       1.03199995    
       17396  -6.29552650       1.28221762       1.03199995    
       17398  -6.31066465       1.47216296       1.04400003    
       17400  -6.30684996       1.48128057       1.04400003    
       17402  -6.31415129       1.03837562       1.04400003    
       17404  -6.30486679       1.56429303       1.04400003    
       17406  -6.23394108       1.73280883       1.04400003    
       17408  -6.33647823       1.08125472       1.04400003    
       17410  -6.33100986       1.14001334       1.04400003    
       17412  -6.33818817       1.30170512       1.04400003    
       17414  -6.40248156       1.14296424       1.04400003    
       17416  -6.31529331       1.69723225       1.04400003    
       17418  -6.44355202      0.784404457       1.04400003    
       17420  -6.54675913       2.04276219E-02   1.04400003    
       17422  -6.35839748       1.09312570       1.04400003    
       17424  -6.44700623      0.582329571       1.04400003    
       17426  -6.39206409       1.03108370       1.04400003    
       17428  -6.32398224       1.59065628       1.04400003    
       17430  -6.40760136       1.02445877       1.04400003    
       17432  -6.30886841       1.45981348       1.04400003    
       17434  -6.39616823       1.13608801       1.04400003    
       17436  -6.25836277       2.09452629       1.04400003    
       17438  -6.25944853       1.98039186       1.04400003    
       17440  -6.16636229       2.51678705       1.04400003    
       17442  -6.16482210       2.55708218       1.04400003    
       17444  -6.25430441       1.72837281       1.04400003    
       17446  -6.28923559       1.64141893       1.04400003    
       17448  -6.13294792       2.25995016       1.04400003    
       17450  -6.27116632       1.07190537       1.04400003    
       17452  -6.29850483       1.00169480       1.04400003    
       17454  -6.23054171       1.63828826       1.04400003    
       17456  -6.21386242       1.60289013       1.04400003    
       17458  -6.24983883       1.38149166       1.04400003    
       17460  -6.10143614       2.28965139       1.04400003    
       17462  -6.20219278       1.82161951       1.04400003    
       17464  -6.31615877       1.33838034       1.04400003    
       17466  -6.40418243      0.774838686       1.04400003    
       17468  -6.28945112       1.48660171       1.04400003    
       17470  -6.19870806       2.14903808       1.04400003    
       17472  -6.15259457       2.50232458       1.04400003    
       17474  -6.15047359       2.40962815       1.04400003    
       17476  -6.16833639       2.30723786       1.04400003    
       17478  -6.13277006       2.41556787       1.04400003    
       17480  -6.03440619       2.86348343       1.04400003    
       17482  -6.03848219       3.07959199       1.04400003    
       17484  -6.12593031       2.51641440       1.04400003    
       17486  -6.16653013       2.36803269       1.04400003    
       17488  -6.23242903       1.95625889       1.04400003    
       17490  -6.15197468       2.32913899       1.04400003    
       17492  -6.05297947       2.94103718       1.04400003    
       17494  -6.21592855       2.18618751       1.04400003    
       17496  -6.28090239       1.75721502       1.04400003    
       17498  -6.15731812       2.47593665       1.04400003    
       17500  -6.23101282       1.89566660       1.04400003    
       17502  -6.19993258       2.22605681       1.04400003    
       17504  -6.22843552       1.99360847       1.04400003    
       17506  -6.15356207       2.36376548       1.04400003    
       17508  -6.20355463       1.80209494       1.04400003    
       17510  -6.24213028       1.58060277       1.04400003    
       17512  -6.24173737       1.53359199       1.04400003    
       17514  -6.35074902      0.844275594       1.04400003    
       17516  -6.33032465      0.947662354       1.04400003    
       17518  -6.30064535       1.33414853       1.04400003    
       17520  -6.23242474       1.74089909       1.04400003    
       17522  -6.32917738       1.38106894       1.04400003    
       17524  -6.39746666      0.999580324       1.04400003    
       17526  -6.26348305       1.35193324       1.04400003    
       17528  -6.24547529       1.39994347       1.04400003    
       17530  -6.32672930      0.842746258       1.04400003    
       17532  -6.35369921      0.498274148       1.04400003    
       17534  -6.29815292      0.976924241       1.04400003    
       17536  -6.24271488       1.10667729       1.04400003    
       17538  -6.19628048       1.49799478       1.04400003    
       17540  -6.11257172       2.15319467       1.04400003    
       17542  -6.26259947       1.28075886       1.04400003    
       17544  -6.24334669       1.31559014       1.04400003    
       17546  -6.25074100       1.30903447       1.04400003    
       17548  -6.29730463       1.04623675       1.04400003    
       17550  -6.25692463       1.17067814       1.04400003    
       17552  -6.19476748       1.68779969       1.04400003    
       17554  -6.13303900       1.83857059       1.04400003    
       17556  -6.10208464       1.73154795       1.04400003    
       17558  -6.18310547       1.62917697       1.04400003    
       17560  -6.09984875       2.15503693       1.04400003    
       17562  -6.13720846       2.18243766       1.04400003    
       17564  -6.05887985       2.32390642       1.04400003    
       17566  -6.02077007       2.48005915       1.04400003    
       17568  -6.16088629       1.83115590       1.04400003    
       17570  -6.10267591       2.05524397       1.04400003    
       17572  -6.23405933       1.15767741       1.04400003    
       17574  -6.30819607       1.01806414       1.04400003    
       17576  -6.23581505       1.17033041       1.04400003    
       17578  -6.16054678       1.61534941       1.04400003    
       17580  -6.26960039       1.00650704       1.04400003    
       17582  -6.13211489       1.84499681       1.04400003    
       17584  -6.21812582       1.54874098       1.04400003    
       17586  -6.24716043       1.26379049       1.04400003    
       17588  -6.22413397       1.56061709       1.04400003    
       17590  -6.23068905       1.74739408       1.04400003    
       17592  -6.12687445       2.20848894       1.04400003    
       17594  -6.24211931       1.43687260       1.04400003    
       17596  -6.22655058       1.92854226       1.04400003    
       17598  -6.24106073       2.10499549       1.04400003    
       17600  -6.29730225       1.79909968       1.04400003    
       17602  -6.26878691       1.84392071       1.04400003    
       17604  -6.30292654       1.92176771       1.04400003    
       17606  -6.32060432       1.75136101       1.04400003    
       17608  -6.17141962       2.78734612       1.04400003    
       17610  -6.19772339       2.71579170       1.04400003    
       17612  -6.18434477       2.75692058       1.04400003    
       17614  -6.08018923       3.13009524       1.04400003    
       17616  -6.16096640       2.54734778       1.04400003    
       17618  -6.07686138       2.97748637       1.04400003    
       17620  -6.08775520       2.97455335       1.04400003    
       17622  -6.02051497       3.35843015       1.04400003    
       17624  -5.98998785       3.45126557       1.04400003    
       17626  -6.04665613       3.10928988       1.04400003    
       17628  -6.04900694       2.81149173       1.04400003    
       17630  -6.12844038       2.65560579       1.04400003    
       17632  -6.15077543       2.52060127       1.04400003    
       17634  -6.21914101       2.04833889       1.04400003    
       17636  -6.23194504       2.00817752       1.04400003    
       17638  -6.18965673       1.89104879       1.04400003    
       17640  -6.18133545       2.20576739       1.04400003    
       17642  -6.18975878       2.12824488       1.04400003    
       17644  -6.06280947       3.02568150       1.04400003    
       17646  -6.13721085       2.69272780       1.04400003    
       17648  -6.22553730       1.93247855       1.04400003    
       17650  -6.21633291       1.83281600       1.04400003    
       17652  -6.20527315       1.96421683       1.04400003    
       17654  -6.27591085       1.66858757       1.04400003    
       17656  -6.22901011       1.57337570       1.04400003    
       17658  -6.10370350       2.15317726       1.04400003    
       17660  -6.19327116       1.53578556       1.04400003    
       17662  -6.18201113       1.74305522       1.04400003    
       17664  -6.07951641       2.19425106       1.04400003    
       17666  -6.19608498       1.75874150       1.04400003    
       17668  -6.17964077       1.61058784       1.04400003    
       17670  -6.03859806       2.29052520       1.04400003    
       17672  -6.13777113       1.82712388       1.04400003    
       17674  -6.15687609       1.94850588       1.04400003    
       17676  -6.21950912       1.69892168       1.04400003    
       17678  -6.25085831       1.22440434       1.04400003    
       17680  -6.26547909       1.42269862       1.04400003    
       17682  -6.13598537       2.17103124       1.04400003    
       17684  -6.08751965       2.29198647       1.04400003    
       17686  -6.32424450      0.804426849       1.04400003    
       17688  -6.31758451       1.13029814       1.04400003    
       17690  -6.28511286       1.44252312       1.04400003    
       17692  -6.28753138       1.45914412       1.04400003    
       17694  -6.26472998       1.42797530       1.04400003    
       17696  -6.30949163       1.02713859       1.04400003    
       17698  -6.22564888       1.58243728       1.04400003    
       17700  -6.26504803       1.52063453       1.04400003    
       17702  -6.31670141       1.30920410       1.04400003    
       17704  -6.34775448      0.988893032       1.04400003    
       17706  -6.37499523      0.950527012       1.04400003    
       17708  -6.35156679       1.12765050       1.04400003    
       17710  -6.38065004      0.826945066       1.04400003    
       17712  -6.17181253       1.92751598       1.04400003    
       17714  -6.22970676       1.44701183       1.04400003    
       17716  -6.32445478       1.31994343       1.04400003    
       17718  -6.37649679       1.17075729       1.04400003    
       17720  -6.35334778       1.37116456       1.04400003    
       17722  -6.29536772       1.71227002       1.04400003    
       17724  -6.33909798       1.41508055       1.04400003    
       17726  -6.18882084       2.29078126       1.04400003    
       17728  -6.26378775       1.70285213       1.04400003    
       17730  -6.30349207       1.12432480       1.04400003    
       17732  -6.34457731      0.644180715       1.04400003    
       17734  -6.39100981      0.593199909       1.04400003    
       17736  -6.36184359      0.517017901       1.04400003    
       17738  -6.28709698      0.902575552       1.04400003    
       17740  -6.27411318       1.14110482       1.04400003    
       17742  -6.32605124       1.29337442       1.04400003    
       17744  -6.33936071      0.925435245       1.04400003    
       17746  -6.30984402       1.14378142       1.04400003    
       17748  -6.41191864      0.633602798       1.04400003    
       17750  -6.43455744      0.349034816       1.04400003    
       17752  -6.36718035       1.02739251       1.04400003    
       17754  -6.44317770      0.728951454       1.04400003    
       17756  -6.41531229       1.00032592       1.04400003    
       17758  -6.32670021       1.32857788       1.04400003    
       17760  -6.26352119       1.61408174       1.04400003    
       17762  -6.26618767       1.92998517       1.04400003    
       17764  -6.18067741       2.23277783       1.04400003    
       17766  -6.20695448       2.06054020       1.04400003    
       17768  -6.33089542       1.57742918       1.04400003    
       17770  -6.28047562       1.63836288       1.04400003    
       17772  -6.30866861       1.43528187       1.04400003    
       17774  -6.31611681       1.17235184       1.04400003    
       17776  -6.34869719       1.14723790       1.04400003    
       17778  -6.23412752       1.91210818       1.04400003    
       17780  -6.32676840       1.50581753       1.04400003    
       17782  -6.29074430       1.68364751       1.04400003    
       17784  -6.21134758       2.13218856       1.04400003    
       17786  -6.27904320       1.66792035       1.04400003    
       17788  -6.23168707       1.94364762       1.04400003    
       17790  -6.16849470       2.06797171       1.04400003    
       17792  -6.18763113       2.05562496       1.04400003    
       17794  -6.27153349       1.38782561       1.04400003    
       17796  -6.12165165       2.35742235       1.04400003    
       17798  -5.94539213       3.23780417       1.04400003    
       17800  -6.03176451       2.69714332       1.04400003    
       17802  -6.25998020       1.41165173       1.04400003    
       17804  -6.30730247       1.17124474       1.04400003    
       17806  -6.27576637       1.46248496       1.04400003    
       17808  -6.31917238       1.41310334       1.04400003    
       17810  -6.35160017       1.12224853       1.04400003    
       17812  -6.37069654       1.27935958       1.04400003    
       17814  -6.23649693       2.19211245       1.04400003    
       17816  -6.29461050       2.09214377       1.04400003    
       17818  -6.23924446       2.40139008       1.04400003    
       17820  -6.15759563       2.67571998       1.04400003    
       17822  -6.15379333       2.33300352       1.04400003    
       17824  -6.18367529       2.08399749       1.04400003    
       17826  -6.18010378       2.16547513       1.04400003    
       17828  -6.32881546       1.48923945       1.04400003    
       17830  -6.31473303       1.36567795       1.04400003    
       17832  -6.35001230       1.34888744       1.04400003    
       17834  -6.30008030       1.32140779       1.04400003    
       17836  -6.29428864       1.56024671       1.04400003    
       17838  -6.30574083       1.84608078       1.04400003    
       17840  -6.26866484       1.91259599       1.04400003    
       17842  -6.32140589       1.39910328       1.04400003    
       17844  -6.17390442       1.95258212       1.04400003    
       17846  -6.33447123       1.07702696       1.04400003    
       17848  -6.35579157       1.29515791       1.04400003    
       17850  -6.26530313       1.82246935       1.04400003    
       17852  -6.44913006      0.692677498       1.04400003    
       17854  -6.49606800      0.414601445       1.04400003    
       17856  -6.51208305      0.363945425       1.04400003    
       17858  -6.39617252      0.829425514       1.04400003    
       17860  -6.29555416       1.71620560       1.04400003    
       17862  -6.29908705       1.89010179       1.04400003    
       17864  -6.27479506       1.62738860       1.04400003    
       17866  -6.20848608       1.88165343       1.04400003    
       17868  -6.38950491      0.880482078       1.04400003    
       17870  -6.34319353      0.916953743       1.04400003    
       17872  -6.25386000       1.46574867       1.04400003    
       17874  -6.27255487       1.44117081       1.04400003    
       17876  -6.36385250      0.742502868       1.04400003    
       17878  -6.33851528      0.853016317       1.04400003    
       17880  -6.35806417      0.751341641       1.04400003    
       17882  -6.16866302       1.70803189       1.04400003    
       17884  -6.19191408       1.72637451       1.04400003    
       17886  -6.23152256       1.48765373       1.04400003    
       17888  -6.18851757       1.80846441       1.04400003    
       17890  -6.11915827       2.22997093       1.04400003    
       17892  -6.14117527       2.02246881       1.04400003    
       17894  -6.24137354       1.30381298       1.04400003    
       17896  -6.33686829      0.977822602       1.04400003    
       17898  -6.34505558       1.01041782       1.04400003    
       17900  -6.30190229       1.18741643       1.04400003    
       17902  -6.34142828       1.07965720       1.04400003    
       17904  -6.32137442      0.874449372       1.04400003    
       17906  -6.33840275      0.978987932       1.04400003    
       17908  -6.31038189       1.47613418       1.04400003    
       17910  -6.42422819      0.709354639       1.04400003    
       17912  -6.36833811       1.11125100       1.04400003    
       17914  -6.31863451       1.51854742       1.04400003    
       17916  -6.03885221       3.13025093       1.04400003    
       17918  -6.11984301       2.84220815       1.04400003    
       17920  -6.14708662       2.65305257       1.04400003    
       17922  -6.07722092       3.20854139       1.04400003    
       17924  -6.02236795       3.34727311       1.04400003    
       17926  -6.05958796       3.05350137       1.04400003    
       17928  -6.05944920       3.05090046       1.04400003    
       17930  -6.05770731       3.11343670       1.04400003    
       17932  -6.25168705       2.08649135       1.04400003    
       17934  -6.31215715       1.56019628       1.04400003    
       17936  -6.34082127       1.33037603       1.04400003    
       17938  -6.07832336       2.81498337       1.04400003    
       17940  -6.21085644       1.97439766       1.04400003    
       17942  -6.19040060       1.95254278       1.04400003    
       17944  -6.23138237       1.97031677       1.04400003    
       17946  -6.30995512       1.68531024       1.04400003    
       17948  -6.42150354      0.966034174       1.04400003    
       17950  -6.32337236       1.45945632       1.04400003    
       17952  -6.25123310       1.76251543       1.04400003    
       17954  -6.25717783       1.75758898       1.04400003    
       17956  -6.43645000      0.631231248       1.04400003    
       17958  -6.43922806      0.723860860       1.04400003    
       17960  -6.34562349       1.34661257       1.04400003    
       17962  -6.31479359       1.57012963       1.04400003    
       17964  -6.35613537       1.32727921       1.04400003    
       17966  -6.23079872       2.03763914       1.04400003    
       17968  -6.38954687       1.24821544       1.04400003    
       17970  -6.29056787       1.85034478       1.04400003    
       17972  -6.25243568       2.05022240       1.04400003    
       17974  -6.22387934       1.96335638       1.04400003    
       17976  -6.33350515       1.57643342       1.04400003    
       17978  -6.35134602       1.47416031       1.04400003    
       17980  -6.45817518      0.804370522       1.04400003    
       17982  -6.36160707       1.43993354       1.04400003    
       17984  -6.26931524       1.98677611       1.04400003    
       17986  -6.20622587       2.33385992       1.04400003    
       17988  -6.25913095       1.82076490       1.04400003    
       17990  -6.25818348       1.88745630       1.04400003    
       17992  -6.35885620       1.01751757       1.03199995    
       17994  -6.29901028       1.25131869       1.03199995    
       17996  -6.41466713      0.611271083       1.03199995    
       17998  -6.42042351      0.379029900       1.03199995    
       18000  -6.33106089      0.695267677       1.03199995    
       18002  -6.22661829       1.47341669       1.03199995    
       18004  -6.18657112       1.66708374       1.03199995    
       18006  -6.29400826       1.35542297       1.03199995    
       18008  -6.25464487       1.58077264       1.03199995    
       18010  -6.22613955       1.63909173       1.03199995    
       18012  -6.24016333       1.50814939       1.03199995    
       18014  -6.27199030       1.33260334       1.03199995    
       18016  -6.26705742       1.35423446       1.03199995    
       18018  -6.38692284      0.619074881       1.03199995    
       18020  -6.41197395      0.481053233       1.03199995    
       18022  -6.30552530       1.03026962       1.03199995    
       18024  -6.40932226      0.420714945       1.03199995    
       18026  -6.31388474      0.819545150       1.03199995    
       18028  -6.28958225      0.830780029       1.03199995    
       18030  -6.16045094       1.68213260       1.03199995    
       18032  -6.16181421       1.65915418       1.03199995    
       18034  -6.06429911       2.14125037       1.03199995    
       18036  -6.13965082       1.72235596       1.03199995    
       18038  -6.16013956       1.88849139       1.03199995    
       18040  -6.04612923       2.51685810       1.03199995    
       18042  -6.16129971       1.72816563       1.03199995    
       18044  -6.28447914       1.10974562       1.03199995    
       18046  -6.26893282       1.50494862       1.03199995    
       18048  -6.22826576       1.74886000       1.03199995    
       18050  -6.21698427       1.66846502       1.03199995    
       18052  -6.17379951       1.97277069       1.03199995    
       18054  -6.21746826       1.57328403       1.03199995    
       18056  -6.22600269       1.53851509       1.03199995    
       18058  -6.30288887       1.02216065       1.03199995    
       18060  -6.36464548      0.958917320       1.03199995    
       18062  -6.29504395       1.38630807       1.03199995    
       18064  -6.21465158       1.95946252       1.03199995    
       18066  -6.35467339       1.21400249       1.03199995    
       18068  -6.30768585       1.47912145       1.03199995    
       18070  -6.38003969       1.14317501       1.03199995    
       18072  -6.23575974       1.71400297       1.03199995    
       18074  -6.23730183       2.07594967       1.03199995    
       18076  -6.40138960      0.884079278       1.03199995    
       18078  -6.27949619       1.68493569       1.03199995    
       18080  -6.32584906       1.25714695       1.03199995    
       18082  -6.18750095       1.75688756       1.03199995    
       18084  -6.37031937      0.513867319       1.03199995    
       18086  -6.24344158       1.12627935       1.03199995    
       18088  -6.35071135      0.492737800       1.03199995    
       18090  -6.32418823       1.10869205       1.03199995    
       18092  -6.31507874       1.43531466       1.03199995    
       18094  -6.22294807       2.15988517       1.03199995    
       18096  -6.25909519       1.95858169       1.03199995    
       18098  -6.22415781       2.55989361       1.03199995    
       18100  -6.07981205       2.89973950       1.03199995    
       18102  -6.11631060       2.91347551       1.03199995    
       18104  -6.25838089       2.09190321       1.03199995    
       18106  -6.07328367       2.83250618       1.03199995    
       18108  -6.09573603       2.93705153       1.03199995    
       18110  -6.05280828       3.15943861       1.03199995    
       18112  -6.23953962       2.09335136       1.03199995    
       18114  -6.02796650       3.17067051       1.03199995    
       18116  -6.17799616       2.25649381       1.03199995    
       18118  -6.22680140       1.57709455       1.03199995    
       18120  -6.08692503       2.18016315       1.03199995    
       18122  -6.06499577       2.47014832       1.03199995    
       18124  -6.18086720       1.91386628       1.03199995    
       18126  -6.23945236       1.36352336       1.03199995    
       18128  -6.30900097       1.12961972       1.03199995    
       18130  -6.27573729       1.52480125       1.03199995    
       18132  -6.23122215       1.35096085       1.03199995    
       18134  -6.14945936       1.62345302       1.03199995    
       18136  -6.18857193       1.48482919       1.03199995    
       18138  -6.07749939       2.39257455       1.03199995    
       18140  -6.22783375       1.33765972       1.03199995    
       18142  -6.21695328       1.32496560       1.03199995    
       18144  -6.06436872       2.20867777       1.03199995    
       18146  -6.06491804       2.34470654       1.03199995    
       18148  -6.13380861       1.81932735       1.03199995    
       18150  -6.13579369       1.76776385       1.03199995    
       18152  -6.10042238       2.00314951       1.03199995    
       18154  -6.12282228       1.88199759       1.03199995    
       18156  -6.10708332       1.93119144       1.03199995    
       18158  -6.21498823       1.04229403       1.03199995    
       18160  -6.12939930       1.43229830       1.03199995    
       18162  -6.08560610       1.67968965       1.03199995    
       18164  -6.12108088       1.59312034       1.03199995    
       18166  -5.98422480       2.55555558       1.03199995    
       18168  -6.04658270       2.31165862       1.03199995    
       18170  -6.13419867       1.96183062       1.03199995    
       18172  -6.16231155       2.05638456       1.03199995    
       18174  -6.13156128       2.28338766       1.03199995    
       18176  -6.11923170       2.42415547       1.03199995    
       18178  -6.27079964       1.82647395       1.03199995    
       18180  -6.21370554       1.79757559       1.03199995    
       18182  -6.22751474       1.72081733       1.03199995    
       18184  -6.22810078       1.79312837       1.03199995    
       18186  -6.15946150       2.01694083       1.03199995    
       18188  -6.08679390       2.30061960       1.03199995    
       18190  -6.10612535       2.20640063       1.03199995    
       18192  -6.09435511       2.38595390       1.03199995    
       18194  -6.00939655       2.95454168       1.03199995    
       18196  -6.13576317       2.46627975       1.03199995    
       18198  -6.17893982       2.48329473       1.03199995    
       18200  -6.15466309       2.46397662       1.03199995    
       18202  -6.17343950       2.22587848       1.03199995    
       18204  -6.21184444       2.09793758       1.03199995    
       18206  -6.01213789       3.20342278       1.03199995    
       18208  -6.02029514       3.10921812       1.03199995    
       18210  -6.10169268       2.44998670       1.03199995    
       18212  -5.87955856       3.72402644       1.03199995    
       18214  -5.89059448       3.59635162       1.03199995    
       18216  -6.03579330       3.11446595       1.03199995    
       18218  -6.16244173       2.18854880       1.03199995    
       18220  -6.02670765       2.90950871       1.03199995    
       18222  -6.12173939       2.17264438       1.03199995    
       18224  -6.20087719       1.91371763       1.03199995    
       18226  -6.17469406       2.43717098       1.03199995    
       18228  -6.10366297       2.72306705       1.03199995    
       18230  -6.15290880       2.60551858       1.03199995    
       18232  -6.07793188       3.24768162       1.03199995    
       18234  -5.98552084       3.83352852       1.03199995    
       18236  -6.10709858       3.12228847       1.03199995    
       18238  -6.24089575       2.40412831       1.03199995    
       18240  -6.13161230       2.99482560       1.03199995    
       18242  -6.22693634       2.26833630       1.03199995    
       18244  -6.28214788       2.44289088       1.04400003    
       18246  -6.35148716       1.98884344       1.04400003    
       18248  -6.48253965       1.32080376       1.04400003    
       18250  -6.35629416       2.16626167       1.04400003    
       18252  -6.34099627       2.23527026       1.04400003    
       18254  -6.11686993       3.36615682       1.04400003    
       18256  -6.13291693       2.93033481       1.04400003    
       18258  -6.20833588       2.80620480       1.04400003    
       18260  -6.20863295       2.65781236       1.04400003    
       18262  -6.25319099       2.27985811       1.04400003    
       18264  -6.32289362       1.95921385       1.04400003    
       18266  -6.33349514       1.57212389       1.04400003    
       18268  -6.31337357       1.54182851       1.04400003    
       18270  -6.30872488       1.81176567       1.04400003    
       18272  -6.34033489       1.51812696       1.04400003    
       18274  -6.30408049       1.62719226       1.04400003    
       18276  -6.26143122       1.86539388       1.04400003    
       18278  -6.24076080       1.68299270       1.04400003    
       18280  -6.14830017       2.07047272       1.04400003    
       18282  -6.24267244       1.78025746       1.04400003    
       18284  -6.39598274      0.996737421       1.04400003    
       18286  -6.40026665      0.778788030       1.04400003    
       18288  -6.45097923      0.616422594       1.04400003    
       18290  -6.44864893      0.671905458       1.04400003    
       18292  -6.35647297       1.18217957       1.04400003    
       18294  -6.39377880       1.02068770       1.04400003    
       18296  -6.24337482       1.81418347       1.04400003    
       18298  -6.14243460       2.27669907       1.04400003    
       18300  -6.33420658       1.13248825       1.04400003    
       18302  -6.43597794      0.657185435       1.04400003    
       18304  -6.38664055      0.906342804       1.04400003    
       18306  -6.34987068      0.935213506       1.04400003    
       18308  -6.31063604       1.04686260       1.04400003    
       18310  -6.30759907       1.24401414       1.04400003    
       18312  -6.21874428       1.75957131       1.04400003    
       18314  -6.15065622       2.46018600       1.04400003    
       18316  -6.22618103       1.65628612       1.04400003    
       18318  -6.36385345      0.868101478       1.04400003    
       18320  -6.35104609      0.771786094       1.04400003    
       18322  -6.27130985       1.34132946       1.04400003    
       18324  -6.19414473       1.89975584       1.04400003    
       18326  -6.24853134       1.35142493       1.04400003    
       18328  -6.21536779       1.84329116       1.04400003    
       18330  -6.18088341       1.97470009       1.04400003    
       18332  -6.33614016       1.14153671       1.04400003    
       18334  -6.31627941       1.22671509       1.04400003    
       18336  -6.32654905       1.04734969       1.04400003    
       18338  -6.25532198       1.69456041       1.04400003    
       18340  -6.26990271       1.75979829       1.04400003    
       18342  -6.23471737       1.96595144       1.04400003    
       18344  -6.24887609       1.59563053       1.04400003    
       18346  -6.22515440       1.75832558       1.04400003    
       18348  -6.13240814       2.07782722       1.04400003    
       18350  -6.04928160       2.43898463       1.04400003    
       18352  -6.18198824       1.77171993       1.04400003    
       18354  -6.19332361       1.64953184       1.04400003    
       18356  -6.16869640       1.77792120       1.04400003    
       18358  -6.28528261       1.19461334       1.04400003    
       18360  -6.31269550       1.03233874       1.04400003    
       18362  -6.21392775       1.68106818       1.04400003    
       18364  -6.28582239       1.41060472       1.04400003    
       18366  -6.23770380       1.57281673       1.04400003    
       18368  -6.35070753       1.12465727       1.04400003    
       18370  -6.26917982       1.69953060       1.04400003    
       18372  -6.17696714       2.02205396       1.04400003    
       18374  -6.22669125       1.82367539       1.04400003    
       18376  -6.19249535       2.17898965       1.04400003    
       18378  -6.18320131       2.38931632       1.04400003    
       18380  -6.20691872       2.05095911       1.04400003    
       18382  -6.06748295       2.78552604       1.04400003    
       18384  -6.22173929       1.78293645       1.04400003    
       18386  -6.28680515       1.30879748       1.04400003    
       18388  -6.36882687       1.03036368       1.04400003    
       18390  -6.28011036       1.65015411       1.04400003    
       18392  -6.25828600       1.83005846       1.04400003    
       18394  -6.30933189       1.70663118       1.04400003    
       18396  -6.33206940       1.48422086       1.04400003    
       18398  -6.26619768       1.53492534       1.04400003    
       18400  -6.21749496       1.85685217       1.04400003    
       18402  -6.24604607       1.88892198       1.04400003    
       18404  -6.34366941       1.29333007       1.04400003    
       18406  -6.34176064       1.54013801       1.04400003    
       18408  -6.46968126      0.594532371       1.04400003    
       18410  -6.35715199       1.33473682       1.04400003    
       18412  -6.32576323       1.24599767       1.04400003    
       18414  -6.18853092       2.08335376       1.04400003    
       18416  -6.27978659       1.83958125       1.04400003    
       18418  -6.21124125       2.15561008       1.04400003    
       18420  -6.17807722       2.14390492       1.04400003    
       18422  -6.16256142       2.21431446       1.04400003    
       18424  -6.13207912       2.30625391       1.04400003    
       18426  -6.08460283       2.71867108       1.04400003    
       18428  -6.19312143       2.07815170       1.04400003    
       18430  -6.10344028       2.70965552       1.04400003    
       18432  -5.95384598       3.60751891       1.04400003    
       18434  -6.06318140       3.12243009       1.04400003    
       18436  -6.23171997       2.03057933       1.04400003    
       18438  -6.18075562       2.37418985       1.04400003    
       18440  -6.19717693       2.72446036       1.05599999    
       18442  -6.14474678       3.10832286       1.05599999    
       18444  -6.22507668       2.54957128       1.05599999    
       18446  -6.28680849       1.99252462       1.05599999    
       18448  -6.20505810       2.46622324       1.05599999    
       18450  -6.26064444       2.05975604       1.05599999    
       18452  -6.33712721       1.83848023       1.05599999    
       18454  -6.34571886       1.87699533       1.05599999    
       18456  -6.38547373       1.64948010       1.05599999    
       18458  -6.33890104       2.05584168       1.05599999    
       18460  -6.34250593       2.28000164       1.05599999    
       18462  -6.47201252       1.69223404       1.05599999    
       18464  -6.45601654       1.65999794       1.05599999    
       18466  -6.51627541       1.25845015       1.05599999    
       18468  -6.45612049       1.48689020       1.05599999    
       18470  -6.42288399       1.98932576       1.05599999    
       18472  -6.35942936       2.27556229       1.05599999    
       18474  -6.22598028       2.72594976       1.05599999    
       18476  -6.34476233       2.04578280       1.05599999    
       18478  -6.36426401       2.08425760       1.05599999    
       18480  -6.35878181       1.95702529       1.05599999    
       18482  -6.26478624       2.66444898       1.05599999    
       18484  -6.24792242       2.66608262       1.05599999    
       18486  -6.23542213       2.73838758       1.05599999    
       18488  -6.27600193       2.28157854       1.05599999    
       18490  -6.31944370       1.97755373       1.05599999    
       18492  -6.19269991       2.75530124       1.05599999    
       18494  -6.27173948       2.28713393       1.05599999    
       18496  -6.24947405       2.47029829       1.05599999    
       18498  -6.21080828       2.86473751       1.05599999    
       18500  -6.30775452       2.34765625       1.05599999    
       18502  -6.27276421       2.82113504       1.06799996    
       18504  -6.28390551       2.89931321       1.06799996    
       18506  -6.23529911       3.49459910       1.06799996    
       18508  -6.33986712       2.63874769       1.06799996    
       18510  -6.25422668       3.20905924       1.06799996    
       18512  -6.24045372       3.06463337       1.06799996    
       18514  -6.19862223       3.55558109       1.06799996    
       18516  -6.40000153       2.08212304       1.06799996    
       18518  -6.37197638       2.21552753       1.06799996    
       18520  -6.34497881       2.26658916       1.06799996    
       18522  -6.31862974       2.46680617       1.06799996    
       18524  -6.42795515       1.79877019       1.06799996    
       18526  -6.48783112       1.45721745       1.06799996    
       18528  -6.43823528       1.87512052       1.06799996    
       18530  -6.39735746       1.70360982       1.06799996    
       18532  -6.44701529       1.52804530       1.06799996    
       18534  -6.30629253       2.07610083       1.06799996    
       18536  -6.19344759       3.17005920       1.06799996    
       18538  -6.31266880       2.64178824       1.06799996    
       18540  -6.42654085       2.14550734       1.06799996    
       18542  -6.32282591       2.44270372       1.06799996    
       18544  -6.43064451       1.50896025       1.06799996    
       18546  -6.29132271       2.32299709       1.06799996    
       18548  -6.28177977       2.37073636       1.06799996    
       18550  -6.38398600       1.71002245       1.06799996    
       18552  -6.39579248       1.49318409       1.06799996    
       18554  -6.18942738       3.02096081       1.06799996    
       18556  -6.25263453       2.45860529       1.06799996    
       18558  -6.25088978       2.48332095       1.06799996    
       18560  -6.17439556       3.18468046       1.06799996    
       18562  -6.23297215       2.66560054       1.06799996    
       18564  -6.24026680       2.52405858       1.06799996    
       18566  -6.17515564       2.72598457       1.06799996    
       18568  -5.98877621       3.76165414       1.06799996    
       18570  -6.15861511       2.90467954       1.06799996    
       18572  -6.11666298       3.00926113       1.06799996    
       18574  -6.04257536       3.49906731       1.06799996    
       18576  -6.04752064       3.42730284       1.06799996    
       18578  -6.21492052       2.49733329       1.06799996    
       18580  -6.33475065       1.87244284       1.06799996    
       18582  -6.43304729       1.24581134       1.06799996    
       18584  -6.45880508       1.05936527       1.06799996    
       18586  -6.46722698       1.10640347       1.06799996    
       18588  -6.37982655       1.42640078       1.06799996    
       18590  -6.25642586       2.33752155       1.06799996    
       18592  -6.23546982       2.05387831       1.06799996    
       18594  -6.28802013       1.89498556       1.06799996    
       18596  -6.27230263       2.20386672       1.06799996    
       18598  -6.26403713       2.36725569       1.06799996    
       18600  -6.18843365       2.77160859       1.06799996    
       18602  -6.21317911       2.93614292       1.06799996    
       18604  -6.36272717       1.85345805       1.06799996    
       18606  -6.40210867       1.79423440       1.06799996    
       18608  -6.31887674       2.57912397       1.06799996    
       18610  -6.22386837       3.01225901       1.06799996    
       18612  -6.41215038       1.94285476       1.06799996    
       18614  -6.37320471       2.28293157       1.06799996    
       18616  -6.31795692       2.44859505       1.06799996    
       18618  -6.46167088       1.72929251       1.06799996    
       18620  -6.32324696       2.40178514       1.06799996    
       18622  -6.31485701       2.19236660       1.06799996    
       18624  -6.42563009       1.72966933       1.06799996    
       18626  -6.47575951       1.33082569       1.06799996    
       18628  -6.44865704       1.46124756       1.06799996    
       18630  -6.30771303       2.16150355       1.06799996    
       18632  -6.21333790       2.71268463       1.06799996    
       18634  -6.26543570       2.43187666       1.06799996    
       18636  -6.24759960       2.57065940       1.06799996    
       18638  -6.26305819       2.55838919       1.06799996    
       18640  -6.38241625       1.84081638       1.06799996    
       18642  -6.32886600       2.06197810       1.06799996    
       18644  -6.48827696      0.880513012       1.06799996    
       18646  -6.45494843       1.22697353       1.06799996    
       18648  -6.44410133       1.47525823       1.06799996    
       18650  -6.37890053       1.78358650       1.06799996    
       18652  -6.32592058       2.05219579       1.06799996    
       18654  -6.36454010       1.43881667       1.06799996    
       18656  -6.43248558      0.806954861       1.06799996    
       18658  -6.53664684      0.177061960       1.06799996    
       18660  -6.40365934       1.04512727       1.06799996    
       18662  -6.22865868       2.37429166       1.06799996    
       18664  -6.38228273       1.36600900       1.06799996    
       18666  -6.30013418       1.98105681       1.06799996    
       18668  -6.32047606       1.89359295       1.06799996    
       18670  -6.28940725       2.12940240       1.06799996    
       18672  -6.37349463       1.56937575       1.06799996    
       18674  -6.44451571       1.25428259       1.06799996    
       18676  -6.44529343       1.40658116       1.06799996    
       18678  -6.43563461       1.32255208       1.06799996    
       18680  -6.56769609      0.615542352       1.06799996    
       18682  -6.48814583      0.915752828       1.06799996    
       18684  -6.36737776       1.51511443       1.06799996    
       18686  -6.50064278      0.670294046       1.06799996    
       18688  -6.62644148       2.34673023E-02   1.06799996    
       18690  -6.57023811      0.222464442       1.06799996    
       18692  -6.41772556       1.17634940       1.06799996    
       18694  -6.53120136      0.736530721       1.06799996    
       18696  -6.49019480       1.09920716       1.06799996    
       18698  -6.41717958       1.90213418       1.06799996    
       18700  -6.40197754       1.74418378       1.06799996    
       18702  -6.38847780       1.50932407       1.06799996    
       18704  -6.46774483       1.15405059       1.06799996    
       18706  -6.47384501       1.30290353       1.06799996    
       18708  -6.49508619       1.11915779       1.06799996    
       18710  -6.50364828      0.842678368       1.06799996    
       18712  -6.50443649      0.994622111       1.06799996    
       18714  -6.51573753       1.14105380       1.06799996    
       18716  -6.47364330       1.26438367       1.06799996    
       18718  -6.53337908      0.549783885       1.06799996    
       18720  -6.58188248      0.342282325       1.06799996    
       18722  -6.50185871       1.03132069       1.06799996    
       18724  -6.51462936       1.21230853       1.06799996    
       18726  -6.53606510       1.04471588       1.06799996    
       18728  -6.46464920       1.47462618       1.06799996    
       18730  -6.61607790      0.616117179       1.06799996    
       18732  -6.53600788       1.26425815       1.06799996    
       18734  -6.58351374      0.758153617       1.06799996    
       18736  -6.65888739      0.117785305       1.06799996    
       18738  -6.58744287      0.433800131       1.06799996    
       18740  -6.51514053      0.716668189       1.06799996    
       18742  -6.53742599      0.681868851       1.06799996    
       18744  -6.50179005       1.25378191       1.06799996    
       18746  -6.54510212      0.826649904       1.06799996    
       18748  -6.60909128      0.628660738       1.06799996    
       18750  -6.67036772      0.376546085       1.06799996    
       18752  -6.66648006      0.182980463       1.06799996    
       18754  -6.71509027      -5.71056083E-02   1.06799996    
       18756  -6.65609789      0.337526321       1.06799996    
       18758  -6.41527176       1.69877005       1.06799996    
       18760  -6.35184765       2.34373093       1.06799996    
       18762  -6.49840975       1.28388238       1.06799996    
       18764  -6.40593481       1.92133904       1.06799996    
       18766  -6.47891426       1.34250462       1.06799996    
       18768  -6.51307964       1.28852141       1.06799996    
       18770  -6.48051071       1.31305039       1.06799996    
       18772  -6.51402235       1.27899849       1.06799996    
       18774  -6.47888660       1.45804644       1.06799996    
       18776  -6.40282536       2.10322070       1.06799996    
       18778  -6.50330400       1.47266388       1.06799996    
       18780  -6.55006695       1.34013343       1.06799996    
       18782  -6.37516737       2.18005300       1.06799996    
       18784  -6.39248085       2.10887074       1.06799996    
       18786  -6.41708994       1.98342431       1.06799996    
       18788  -6.50956583       1.07776129       1.06799996    
       18790  -6.59638691      0.517324150       1.06799996    
       18792  -6.63680172      0.251320362       1.06799996    
       18794  -6.64464808      0.389214426       1.06799996    
       18796  -6.59078741       1.02915621       1.06799996    
       18798  -6.54523849       1.29239643       1.06799996    
       18800  -6.43789244       2.04954863       1.06799996    
       18802  -6.55946064       1.37110651       1.06799996    
       18804  -6.60375690       1.20239198       1.06799996    
       18806  -6.55099916       1.52174485       1.06799996    
       18808  -6.52298212       1.82547259       1.06799996    
       18810  -6.55671120       1.69985664       1.06799996    
       18812  -6.57215500       1.46518397       1.06799996    
       18814  -6.44105387       2.39183092       1.06799996    
       18816  -6.51853991       1.70630634       1.06799996    
       18818  -6.46549463       1.97125602       1.06799996    
       18820  -6.46095085       2.05430746       1.06799996    
       18822  -6.56032467       1.46840084       1.06799996    
       18824  -6.57061386       1.62264955       1.06799996    
       18826  -6.52614880       1.56921732       1.06799996    
       18828  -6.48240995       2.11708188       1.06799996    
       18830  -6.46977854       2.18629837       1.06799996    
       18832  -6.40947723       2.65399146       1.06799996    
       18834  -6.39283228       2.62221122       1.06799996    
       18836  -6.43092442       2.20469308       1.06799996    
       18838  -6.39607096       2.41545916       1.06799996    
       18840  -6.35455036       2.60214257       1.06799996    
       18842  -6.46457767       2.12505126       1.06799996    
       18844  -6.42480469       2.41639638       1.06799996    
       18846  -6.41851330       2.31095982       1.06799996    
       18848  -6.39751530       2.39826870       1.06799996    
       18850  -6.40452766       2.30084157       1.06799996    
       18852  -6.55164099       1.64428735       1.06799996    
       18854  -6.38353872       2.61599994       1.06799996    
       18856  -6.44076777       2.32073307       1.06799996    
       18858  -6.40583849       2.54696941       1.06799996    
       18860  -6.50486088       2.29720187       1.06799996    
       18862  -6.48612404       2.23340559       1.06799996    
       18864  -6.36572409       2.63292336       1.06799996    
       18866  -6.45484161       1.95801175       1.06799996    
       18868  -6.43954325       2.11895490       1.06799996    
       18870  -6.41710043       2.20569229       1.06799996    
       18872  -6.51837873       1.55669808       1.06799996    
       18874  -6.49660444       1.76441824       1.06799996    
       18876  -6.44898224       2.09486508       1.06799996    
       18878  -6.52106047       1.73334610       1.06799996    
       18880  -6.52915382       1.75510538       1.06799996    
       18882  -6.39917374       2.22578406       1.06799996    
       18884  -6.38203287       2.33519721       1.06799996    
       18886  -6.42135239       1.90137827       1.06799996    
       18888  -6.46393490       1.47519541       1.06799996    
       18890  -6.36841679       1.85488570       1.06799996    
       18892  -6.41513491       1.79432309       1.06799996    
       18894  -6.53121948       1.28946257       1.06799996    
       18896  -6.47594833       1.82141912       1.06799996    
       18898  -6.61521053       1.01540589       1.06799996    
       18900  -6.54332781       1.45767665       1.06799996    
       18902  -6.55991697       1.78280973       1.06799996    
       18904  -6.57819986       1.71838713       1.06799996    
       18906  -6.51793480       2.03205633       1.06799996    
       18908  -6.44943953       2.16529179       1.06799996    
       18910  -6.50028181       1.85294867       1.06799996    
       18912  -6.36659908       2.45119405       1.06799996    
       18914  -6.40625668       2.16182208       1.06799996    
       18916  -6.36087322       2.20176291       1.06799996    
       18918  -6.40829229       1.81947303       1.06799996    
       18920  -6.39309645       2.06481981       1.06799996    
       18922  -6.59372902      0.822636664       1.06799996    
       18924  -6.41067219       1.86038542       1.06799996    
       18926  -6.31692934       2.46488380       1.06799996    
       18928  -6.41003847       1.77096033       1.06799996    
       18930  -6.46303749       1.38669288       1.06799996    
       18932  -6.50220871       1.29039145       1.06799996    
       18934  -6.56655502      0.917122424       1.06799996    
       18936  -6.54426956      0.807993293       1.06799996    
       18938  -6.50759506       1.26775718       1.06799996    
       18940  -6.48496675       1.38969481       1.06799996    
       18942  -6.44810247       1.67706847       1.06799996    
       18944  -6.62507725      0.594852209       1.06799996    
       18946  -6.63958931      0.630477905       1.06799996    
       18948  -6.56374550       1.16995549       1.06799996    
       18950  -6.65107870      0.552196085       1.06799996    
       18952  -6.54283142       1.67611754       1.06799996    
       18954  -6.45958185       2.15202188       1.06799996    
       18956  -6.52487040       1.84301364       1.06799996    
       18958  -6.51761627       2.25182056       1.06799996    
       18960  -6.40572119       2.81669664       1.06799996    
       18962  -6.45439816       2.40145826       1.06799996    
       18964  -6.36793709       2.75620317       1.06799996    
       18966  -6.27324152       3.58847046       1.06799996    
       18968  -6.55273151       1.81847990       1.06799996    
       18970  -6.54361677       1.73672962       1.06799996    
       18972  -6.50407267       2.22153425       1.06799996    
       18974  -6.55563354       1.98645282       1.06799996    
       18976  -6.55462027       2.30790591       1.06799996    
       18978  -6.59953260       2.16909194       1.06799996    
       18980  -6.61469030       1.77616715       1.06799996    
       18982  -6.54573107       1.89576364       1.06799996    
       18984  -6.52612209       1.78447974       1.06799996    
       18986  -6.52078867       1.95914185       1.06799996    
       18988  -6.41171551       2.35009027       1.06799996    
       18990  -6.47984552       2.10100007       1.06799996    
       18992  -6.49161005       2.14442325       1.06799996    
       18994  -6.42538738       2.57414627       1.06799996    
       18996  -6.45447206       2.51613998       1.06799996    
       18998  -6.45239782       2.32766819       1.06799996    
       19000  -6.46287966       2.20779443       1.06799996    
       19002  -6.32756901       3.22679949       1.06799996    
       19004  -6.38051367       2.73572087       1.06799996    
       19006  -6.29216576       3.29918623       1.06799996    
       19008  -6.24647522       3.69195938       1.06799996    
       19010  -6.21181488       3.94440365       1.06799996    
       19012  -6.17825651       4.08515787       1.06799996    
       19014  -6.17607260       4.08731747       1.06799996    
       19016  -6.32638693       3.37441039       1.06799996    
       19018  -6.26208973       3.46309280       1.06799996    
       19020  -6.15920687       4.10017872       1.06799996    
       19022  -6.32280064       3.06061459       1.06799996    
       19024  -6.40591097       2.59179974       1.06799996    
       19026  -6.40932560       2.42651129       1.06799996    
       19028  -6.27669001       3.17576122       1.06799996    
       19030  -6.26156330       3.17733645       1.06799996    
       19032  -6.28238535       3.00215101       1.06799996    
       19034  -6.40576458       2.40248919       1.06799996    
       19036  -6.41230726       2.29600954       1.06799996    
       19038  -6.49398375       1.63569677       1.06799996    
       19040  -6.57522488       1.40713656       1.06799996    
       19042  -6.51129103       1.72936141       1.06799996    
       19044  -6.42479372       2.19749975       1.06799996    
       19046  -6.32429171       2.88778663       1.06799996    
       19048  -6.39825821       2.27691555       1.06799996    
       19050  -6.48211622       2.01133513       1.06799996    
       19052  -6.38223124       2.35696173       1.06799996    
       19054  -6.39009285       2.34679675       1.06799996    
       19056  -6.26446438       3.00835419       1.06799996    
       19058  -6.25288534       3.54862928       1.06799996    
       19060  -6.23923683       3.58108830       1.06799996    
       19062  -6.43534899       2.26690340       1.06799996    
       19064  -6.49634218       1.63356173       1.06799996    
       19066  -6.41922283       2.14156270       1.06799996    
       19068  -6.39762068       2.50773621       1.06799996    
       19070  -6.46395636       2.05756855       1.06799996    
       19072  -6.46063757       1.96576774       1.06799996    
       19074  -6.49110270       1.80526078       1.06799996    
       19076  -6.49767065       1.68800843       1.06799996    
       19078  -6.54324579       1.49549592       1.06799996    
       19080  -6.40122414       2.25043654       1.06799996    
       19082  -6.35636520       2.58657455       1.06799996    
       19084  -6.37007856       2.37051392       1.06799996    
       19086  -6.48471832       1.93908536       1.06799996    
       19088  -6.43509626       2.00732970       1.06799996    
       19090  -6.41567755       2.34356952       1.06799996    
       19092  -6.43623829       2.07650638       1.06799996    
       19094  -6.38738203       1.92920351       1.06799996    
       19096  -6.53079653       1.19648325       1.06799996    
       19098  -6.43233299       1.54506302       1.06799996    
       19100  -6.39298916       2.18566036       1.06799996    
       19102  -6.35660315       2.59928632       1.06799996    
       19104  -6.51042795       1.99115682       1.06799996    
       19106  -6.48262072       1.92868412       1.06799996    
       19108  -6.38902760       2.44223452       1.06799996    
       19110  -6.35422850       2.67788982       1.06799996    
       19112  -6.37429667       2.57480884       1.06799996    
       19114  -6.50255537       1.56272006       1.06799996    
       19116  -6.55593538       1.26493287       1.06799996    
       19118  -6.57924366      0.998972535       1.06799996    
       19120  -6.49392891       1.50857806       1.06799996    
       19122  -6.47116041       1.74952221       1.06799996    
       19124  -6.59213066       1.13507354       1.06799996    
       19126  -6.32875204       2.91115642       1.06799996    
       19128  -6.37191820       2.62713432       1.06799996    
       19130  -6.40422392       2.15853715       1.06799996    
       19132  -6.42690611       1.90528321       1.06799996    
       19134  -6.48210287       1.45382881       1.06799996    
       19136  -6.41088963       2.07956982       1.06799996    
       19138  -6.39650917       2.10978770       1.06799996    
       19140  -6.34324884       2.54377842       1.06799996    
       19142  -6.46709204       1.71339941       1.06799996    
       19144  -6.46374273       1.41055131       1.06799996    
       19146  -6.49615908       1.33354998       1.06799996    
       19148  -6.43099880       1.77342689       1.06799996    
       19150  -6.51047087       1.41455901       1.06799996    
       19152  -6.41358376       2.00727296       1.06799996    
       19154  -6.45878124       1.95167124       1.06799996    
       19156  -6.42051220       2.02457094       1.06799996    
       19158  -6.48552084       1.68631792       1.06799996    
       19160  -6.40961838       1.86116064       1.06799996    
       19162  -6.51570702       1.23703372       1.06799996    
       19164  -6.45553827       1.55374038       1.06799996    
       19166  -6.39660501       1.93826473       1.06799996    
       19168  -6.48638868       1.71796322       1.06799996    
       19170  -6.51897478       1.32781219       1.06799996    
       19172  -6.50125933       1.60342538       1.06799996    
       19174  -6.63405514      0.919728100       1.06799996    
       19176  -6.55565596       1.28266895       1.06799996    
       19178  -6.53402424       1.65026867       1.06799996    
       19180  -6.44557142       2.35869241       1.06799996    
       19182  -6.43155527       2.18443179       1.06799996    
       19184  -6.45525885       2.14536166       1.06799996    
       19186  -6.38343000       2.47698975       1.06799996    
       19188  -6.34758282       2.36373067       1.06799996    
       19190  -6.24412489       3.49499750       1.06799996    
       19192  -6.22983885       3.67973232       1.06799996    
       19194  -6.26793146       3.34646773       1.06799996    
       19196  -6.40315628       2.75944376       1.06799996    
       19198  -6.43548012       2.59997416       1.06799996    
       19200  -6.39942837       2.66949964       1.06799996    
       19202  -6.44042206       2.32975769       1.06799996    
       19204  -6.37420464       2.40772343       1.06799996    
       19206  -6.23383474       3.28214002       1.06799996    
       19208  -6.40055847       2.45778394       1.06799996    
       19210  -6.44090319       2.02957916       1.06799996    
       19212  -6.51477528       1.65100491       1.06799996    
       19214  -6.56608963       1.39319193       1.06799996    
       19216  -6.56506872       1.53472638       1.06799996    
       19218  -6.58815002       1.39485192       1.06799996    
       19220  -6.49050331       1.94370294       1.06799996    
       19222  -6.48059320       1.87719893       1.06799996    
       19224  -6.36616802       2.48553681       1.06799996    
       19226  -6.44995642       1.97209978       1.06799996    
       19228  -6.46960115       1.97091866       1.06799996    
       19230  -6.39467096       2.54658318       1.06799996    
       19232  -6.47379160       2.20049691       1.06799996    
       19234  -6.49963331       1.78017235       1.06799996    
       19236  -6.52584219       1.69385791       1.06799996    
       19238  -6.42389488       2.00627375       1.06799996    
       19240  -6.35936069       2.64736724       1.06799996    
       19242  -6.45503759       2.15712523       1.06799996    
       19244  -6.55596399       1.28920281       1.06799996    
       19246  -6.41917467       1.97609508       1.06799996    
       19248  -6.57710361      0.991286337       1.06799996    
       19250  -6.55373001       1.12452900       1.06799996    
       19252  -6.51577187       1.48868489       1.06799996    
       19254  -6.44983196       1.76524997       1.06799996    
       19256  -6.37924385       2.47302318       1.06799996    
       19258  -6.42369175       2.22935534       1.06799996    
       19260  -6.41124678       2.39247990       1.06799996    
       19262  -6.35622787       2.66761303       1.06799996    
       19264  -6.46647263       2.32358885       1.06799996    
       19266  -6.31223679       3.32292485       1.06799996    
       19268  -6.52828693       1.87001133       1.06799996    
       19270  -6.46102715       2.05768466       1.06799996    
       19272  -6.43132305       2.30971813       1.06799996    
       19274  -6.47259808       2.00510693       1.06799996    
       19276  -6.46582651       1.77174330       1.06799996    
       19278  -6.52493572       1.30031347       1.06799996    
       19280  -6.52578497       1.36000717       1.06799996    
       19282  -6.55471659      0.992078841       1.06799996    
       19284  -6.64411688      0.392342985       1.06799996    
       19286  -6.45699930       1.35345483       1.06799996    
       19288  -6.55068541      0.819117963       1.06799996    
       19290  -6.53408957      0.941026211       1.06799996    
       19292  -6.49431133       1.03763318       1.06799996    
       19294  -6.51646471      0.912408888       1.06799996    
       19296  -6.48031473       1.27600074       1.06799996    
       19298  -6.56355286      0.732057750       1.06799996    
       19300  -6.50376463       1.15407252       1.06799996    
       19302  -6.45981169       1.34883511       1.06799996    
       19304  -6.55877066       1.24217188       1.06799996    
       19306  -6.53741026       1.45010960       1.06799996    
       19308  -6.60772228      0.880504429       1.06799996    
       19310  -6.66545248      0.539949536       1.06799996    
       19312  -6.65505695      0.457823187       1.06799996    
       19314  -6.65043259      0.632548332       1.06799996    
       19316  -6.61567736      0.719638467       1.06799996    
       19318  -6.55126381       1.10423911       1.06799996    
       19320  -6.51523495       1.30063081       1.06799996    
       19322  -6.46278620       1.88463819       1.06799996    
       19324  -6.49621534       1.74554920       1.06799996    
       19326  -6.50440073       1.65638638       1.06799996    
       19328  -6.51382303       1.52541971       1.06799996    
       19330  -6.48019505       1.77688420       1.06799996    
       19332  -6.57556105       1.28520703       1.06799996    
       19334  -6.59313822      0.944698215       1.06799996    
       19336  -6.57370043       1.14722335       1.06799996    
       19338  -6.63895226       1.10881388       1.06799996    
       19340  -6.53282595       1.59545612       1.06799996    
       19342  -6.65756273      0.888965070       1.06799996    
       19344  -6.63788223       1.01174831       1.06799996    
       19346  -6.57357311       1.37581003       1.06799996    
       19348  -6.46584320       2.00336647       1.06799996    
       19350  -6.58207798       1.32083416       1.06799996    
       19352  -6.55650473       1.72819269       1.06799996    
       19354  -6.58123398       1.39774156       1.06799996    
       19356  -6.61736727       1.18881655       1.06799996    
       19358  -6.58827925       1.37197948       1.06799996    
       19360  -6.68250132      0.988677323       1.06799996    
       19362  -6.61640263       1.17454553       1.06799996    
       19364  -6.47227907       1.88887680       1.06799996    
       19366  -6.52943945       1.80630076       1.06799996    
       19368  -6.58665133       1.38930285       1.06799996    
       19370  -6.63841391       1.37471151       1.06799996    
       19372  -6.58109188       1.62153924       1.06799996    
       19374  -6.65715790      0.842426419       1.06799996    
       19376  -6.61754751       1.23434067       1.06799996    
       19378  -6.59306622       1.31204140       1.06799996    
       19380  -6.68284130      0.512907505       1.06799996    
       19382  -6.65859842       1.03898156       1.06799996    
       19384  -6.65610027      0.882093787       1.06799996    
       19386  -6.52926111       1.76879716       1.06799996    
       19388  -6.59197044       1.24493301       1.06799996    
       19390  -6.58383703       1.10530865       1.06799996    
       19392  -6.67829227      0.493656904       1.06799996    
       19394  -6.52521849       1.44034564       1.06799996    
       19396  -6.56768179       1.15360844       1.06799996    
       19398  -6.43127441       1.99636161       1.06799996    
       19400  -6.57404947       1.10969198       1.06799996    
       19402  -6.65085888      0.844651461       1.06799996    
       19404  -6.62031698       1.04113960       1.06799996    
       19406  -6.48157978       1.76172650       1.06799996    
       19408  -6.64148617      0.647498071       1.06799996    
       19410  -6.64296579      0.667136312       1.06799996    
       19412  -6.62891436       1.03510880       1.06799996    
       19414  -6.42797375       2.36389327       1.06799996    
       19416  -6.52115107       1.61349845       1.06799996    
       19418  -6.58810759       1.00044787       1.06799996    
       19420  -6.72599745      0.379583329       1.06799996    
       19422  -6.58874989      0.879877687       1.06799996    
       19424  -6.52267981       1.04142618       1.06799996    
       19426  -6.59632921      0.762607038       1.06799996    
       19428  -6.63795900      0.686928511       1.06799996    
       19430  -6.63076162      0.492312819       1.06799996    
       19432  -6.62713909      0.451391309       1.06799996    
       19434  -6.62253428      0.291383833       1.06799996    
       19436  -6.56697035      0.942201614       1.06799996    
       19438  -6.57638741      0.883083045       1.06799996    
       19440  -6.54940605       1.12747812       1.06799996    
       19442  -6.56225681       1.46784127       1.06799996    
       19444  -6.57516241       1.40911174       1.06799996    
       19446  -6.59435654       1.13624954       1.06799996    
       19448  -6.49680519       1.75086021       1.06799996    
       19450  -6.45249844       1.91059554       1.06799996    
       19452  -6.51074696       1.65800560       1.06799996    
       19454  -6.56776142       1.50761425       1.06799996    
       19456  -6.47582006       1.97463334       1.06799996    
       19458  -6.59453773       1.18476140       1.06799996    
       19460  -6.44693184       2.20024085       1.06799996    
       19462  -6.50003052       2.09583354       1.06799996    
       19464  -6.51939011       1.85224533       1.06799996    
       19466  -6.64968014      0.810343385       1.06799996    
       19468  -6.59987116       1.24019957       1.06799996    
       19470  -6.48665762       1.83983564       1.06799996    
       19472  -6.54938364       1.55575764       1.06799996    
       19474  -6.52347279       1.38735712       1.06799996    
       19476  -6.48650599       1.76951253       1.06799996    
       19478  -6.53827190       1.51840568       1.06799996    
       19480  -6.61783504       1.11923742       1.06799996    
       19482  -6.66199255      0.738938570       1.06799996    
       19484  -6.57115316       1.11273062       1.06799996    
       19486  -6.66259909      0.772232771       1.06799996    
       19488  -6.54842615       1.35044527       1.06799996    
       19490  -6.59245253      0.877211630       1.06799996    
       19492  -6.57751083       1.23523092       1.06799996    
       19494  -6.62199402      0.960225701       1.06799996    
       19496  -6.52254343       1.55394661       1.06799996    
       19498  -6.50692177       1.74914742       1.06799996    
       19500  -6.39991760       2.43242574       1.06799996    
       19502  -6.36078167       2.74542308       1.06799996    
       19504  -6.51949835       1.88038552       1.06799996    
       19506  -6.54633379       1.55927277       1.06799996    
       19508  -6.51948643       1.66803479       1.06799996    
       19510  -6.62303448       1.05723989       1.06799996    
       19512  -6.58311701       1.11128211       1.06799996    
       19514  -6.56973219       1.16451740       1.06799996    
       19516  -6.63786983      0.542644680       1.06799996    
       19518  -6.49187851       1.26039767       1.06799996    
       19520  -6.61637449      0.855248809       1.06799996    
       19522  -6.51363420       1.21403420       1.06799996    
       19524  -6.42240095       2.16369581       1.06799996    
       19526  -6.43438864       2.15414095       1.06799996    
       19528  -6.46876526       1.94889200       1.06799996    
       19530  -6.38739967       2.22455883       1.06799996    
       19532  -6.43290663       2.08705497       1.06799996    
       19534  -6.52291012       1.64713991       1.06799996    
       19536  -6.49177265       1.48742568       1.06799996    
       19538  -6.60034275      0.821445763       1.06799996    
       19540  -6.47586203       1.84984469       1.06799996    
       19542  -6.43793392       1.93684435       1.06799996    
       19544  -6.37632608       2.07777357       1.06799996    
       19546  -6.34025335       1.85518396       1.06799996    
       19548  -6.50006628      0.713362932       1.06799996    
       19550  -6.35439253       1.45914567       1.06799996    
       19552  -6.32420969       1.73845065       1.06799996    
       19554  -6.47629261       1.03103209       1.06799996    
       19556  -6.33550262       1.80265403       1.06799996    
       19558  -6.49853516       1.21013951       1.06799996    
       19560  -6.53514051       1.01637483       1.06799996    
       19562  -6.53297710       1.06624424       1.06799996    
       19564  -6.43935156       1.78796721       1.06799996    
       19566  -6.47994566       1.51181138       1.06799996    
       19568  -6.44603395       1.73979330       1.06799996    
       19570  -6.53726625      0.968978167       1.06799996    
       19572  -6.46172428       1.35200095       1.06799996    
       19574  -6.56193972      0.669940531       1.06799996    
       19576  -6.56708956      0.589695275       1.06799996    
       19578  -6.44209003       1.35892785       1.06799996    
       19580  -6.44320822       1.55428958       1.06799996    
       19582  -6.40465593       1.85889268       1.06799996    
       19584  -6.44954348       1.47503638       1.06799996    
       19586  -6.48824310       1.48844802       1.06799996    
       19588  -6.51100206       1.42879355       1.06799996    
       19590  -6.55585289       1.14124775       1.06799996    
       19592  -6.51683092       1.35564768       1.06799996    
       19594  -6.56427908       1.09373832       1.06799996    
       19596  -6.47659636       1.35767937       1.06799996    
       19598  -6.44764757       1.40382111       1.06799996    
       19600  -6.45720720       1.07447422       1.06799996    
       19602  -6.37682438       1.65859044       1.06799996    
       19604  -6.44461632       1.42324579       1.06799996    
       19606  -6.45922375       1.13342774       1.06799996    
       19608  -6.49964523       1.12650061       1.06799996    
       19610  -6.42812872       1.69178522       1.06799996    
       19612  -6.41548014       1.54464257       1.06799996    
       19614  -6.53100586      0.757084489       1.06799996    
       19616  -6.60408258      0.354402065       1.06799996    
       19618  -6.56524897      0.439528883       1.06799996    
       19620  -6.58073616      0.337869018       1.06799996    
       19622  -6.36335802       1.66200089       1.06799996    
       19624  -6.33725739       1.88685071       1.06799996    
       19626  -6.48749018       1.00043631       1.06799996    
       19628  -6.52172375       1.05801094       1.06799996    
       19630  -6.58234215      0.708858848       1.06799996    
       19632  -6.56496620      0.617132485       1.06799996    
       19634  -6.57222223      0.781562626       1.06799996    
       19636  -6.63530111      0.403715134       1.06799996    
       19638  -6.67826557       9.11115110E-02   1.06799996    
       19640  -6.59435892      0.845491409       1.06799996    
       19642  -6.62636089      0.867275655       1.06799996    
       19644  -6.63149261      0.815597892       1.06799996    
       19646  -6.65176201      0.876333892       1.06799996    
       19648  -6.56503248       1.35613203       1.06799996    
       19650  -6.52954388       1.37081313       1.06799996    
       19652  -6.37827110       2.06408548       1.06799996    
       19654  -6.40360737       1.99814403       1.06799996    
       19656  -6.40710831       2.14219522       1.06799996    
       19658  -6.45356750       2.25814748       1.06799996    
       19660  -6.36887980       2.47945356       1.06799996    
       19662  -6.49017620       1.80577767       1.06799996    
       19664  -6.55311060       1.54133558       1.06799996    
       19666  -6.47971439       1.80644250       1.06799996    
       19668  -6.48994589       1.83813858       1.06799996    
       19670  -6.54268169       1.36644495       1.06799996    
       19672  -6.48424721       1.81519425       1.06799996    
       19674  -6.41554832       2.07153106       1.06799996    
       19676  -6.41921616       2.35618210       1.06799996    
       19678  -6.47468376       1.74888635       1.06799996    
       19680  -6.43090582       2.32285142       1.06799996    
       19682  -6.36452627       2.76735616       1.06799996    
       19684  -6.33051014       2.65719986       1.06799996    
       19686  -6.47495699       1.93969667       1.06799996    
       19688  -6.52294445       1.68628109       1.06799996    
       19690  -6.50702381       1.76339912       1.06799996    
       19692  -6.39247704       2.45373130       1.06799996    
       19694  -6.48160744       2.06078577       1.06799996    
       19696  -6.47471714       2.12440348       1.06799996    
       19698  -6.50984621       1.88882995       1.06799996    
       19700  -6.60739708       1.40669239       1.06799996    
       19702  -6.49749279       1.92771935       1.06799996    
       19704  -6.69133902      0.774186790       1.06799996    
       19706  -6.72269726      0.480522752       1.06799996    
       19708  -6.59440231       1.25647962       1.06799996    
       19710  -6.54482651       1.64117551       1.06799996    
       19712  -6.51360130       2.17551208       1.06799996    
       19714  -6.48802948       2.08662152       1.06799996    
       19716  -6.56189966       1.91900337       1.06799996    
       19718  -6.45581436       2.44743729       1.06799996    
       19720  -6.38892078       2.87281966       1.06799996    
       19722  -6.51841831       2.37852478       1.06799996    
       19724  -6.55874252       2.17395449       1.06799996    
       19726  -6.66012859       1.46452999       1.06799996    
       19728  -6.59376335       2.00691342       1.06799996    
       19730  -6.65144777       1.55658638       1.06799996    
       19732  -6.66563225       1.65499163       1.06799996    
       19734  -6.55419254       2.12774539       1.06799996    
       19736  -6.48326826       2.50208735       1.06799996    
       19738  -6.49314356       2.26369357       1.06799996    
       19740  -6.61933517       1.44348562       1.06799996    
       19742  -6.65756321       1.00401843       1.06799996    
       19744  -6.53824663       1.75489759       1.06799996    
       19746  -6.33372784       2.83850121       1.06799996    
       19748  -6.39582396       2.41863871       1.06799996    
       19750  -6.34090185       2.78945780       1.06799996    
       19752  -6.29562712       2.97257137       1.06799996    
       19754  -6.42740536       2.19054008       1.06799996    
       19756  -6.40856647       2.22724724       1.06799996    
       19758  -6.39766026       2.20822954       1.06799996    
       19760  -6.47751236       1.92935908       1.06799996    
       19762  -6.56970072       1.38430309       1.06799996    
       19764  -6.59986019       1.01863265       1.06799996    
       19766  -6.49806881       1.60910308       1.06799996    
       19768  -6.58517742      0.959593177       1.06799996    
       19770  -6.47716618       1.67759252       1.06799996    
       19772  -6.39496040       2.02113605       1.06799996    
       19774  -6.49318695       1.36273015       1.06799996    
       19776  -6.48178673       1.59881771       1.06799996    
       19778  -6.46285868       1.87080133       1.06799996    
       19780  -6.48853207       1.76522934       1.06799996    
       19782  -6.39734840       2.30511570       1.06799996    
       19784  -6.36393452       2.89960599       1.08000004    
       19786  -6.45365715       2.52826333       1.08000004    
       19788  -6.63051701       1.32607579       1.08000004    
       19790  -6.58153915       1.51847327       1.08000004    
       19792  -6.55791187       1.31252778       1.08000004    
       19794  -6.46375847       1.65129447       1.08000004    
       19796  -6.50038004       1.61064255       1.08000004    
       19798  -6.46385002       1.68297625       1.08000004    
       19800  -6.58892059       1.15449429       1.08000004    
       19802  -6.55433035       1.34715116       1.08000004    
       19804  -6.58189154       1.36951399       1.08000004    
       19806  -6.49343586       2.07675815       1.08000004    
       19808  -6.52548409       1.82652867       1.08000004    
       19810  -6.54987431       1.94537294       1.08000004    
       19812  -6.62234926       1.31691873       1.08000004    
       19814  -6.72540140      0.576558948       1.08000004    
       19816  -6.64502621      0.906988680       1.08000004    
       19818  -6.54734945       1.43540323       1.08000004    
       19820  -6.56068087       1.25717103       1.08000004    
       19822  -6.66969061      0.805399179       1.08000004    
       19824  -6.58119202       1.37865496       1.08000004    
       19826  -6.53357315       1.49598455       1.08000004    
       19828  -6.60508585       1.30979156       1.08000004    
       19830  -6.50018263       1.84183645       1.08000004    
       19832  -6.47554111       2.04962516       1.08000004    
       19834  -6.50454140       1.97389472       1.08000004    
       19836  -6.59908438       1.27439463       1.08000004    
       19838  -6.59584093       1.33619606       1.08000004    
       19840  -6.55487299       1.62708616       1.08000004    
       19842  -6.63633776       1.10127413       1.08000004    
       19844  -6.48020124       1.87332010       1.08000004    
       19846  -6.47709227       2.17761469       1.08000004    
       19848  -6.58583927       1.69669425       1.08000004    
       19850  -6.54865980       1.89551044       1.08000004    
       19852  -6.51730537       2.07617474       1.08000004    
       19854  -6.69585419       1.18217778       1.08000004    
       19856  -6.63462782       1.51462841       1.08000004    
       19858  -6.67276382       1.38780141       1.08000004    
       19860  -6.67693186       1.41461837       1.08000004    
       19862  -6.61587000       1.42791510       1.08000004    
       19864  -6.64598227       1.39338839       1.08000004    
       19866  -6.71718645      0.944254220       1.08000004    
       19868  -6.72105169      0.859383285       1.08000004    
       19870  -6.68277407       1.20161188       1.08000004    
       19872  -6.59111404       2.05438542       1.08000004    
       19874  -6.58368301       2.13766742       1.08000004    
       19876  -6.68090296       1.87878954       1.08000004    
       19878  -6.56401968       2.42498899       1.08000004    
       19880  -6.54369783       2.62057090       1.08000004    
       19882  -6.67637300       1.88569891       1.08000004    
       19884  -6.70963097       1.14096570       1.08000004    
       19886  -6.71357870       1.32091415       1.08000004    
       19888  -6.65324879       1.31591475       1.08000004    
       19890  -6.65446663       1.59930110       1.08000004    
       19892  -6.77089357       1.36958623       1.08000004    
       19894  -6.71774244       1.54650283       1.08000004    
       19896  -6.60292625       2.11602068       1.08000004    
       19898  -6.65514231       1.86306250       1.08000004    
       19900  -6.66229963       1.79127157       1.08000004    
       19902  -6.51041508       2.54396272       1.08000004    
       19904  -6.47840261       2.69298935       1.08000004    
       19906  -6.42789984       3.04101443       1.08000004    
       19908  -6.49772310       2.76855302       1.08000004    
       19910  -6.51070118       2.39969158       1.08000004    
       19912  -6.49911404       2.57288361       1.08000004    
       19914  -6.54299593       2.26157308       1.08000004    
       19916  -6.51119137       2.10730243       1.08000004    
       19918  -6.60134602       1.66029155       1.08000004    
       19920  -6.57802439       1.86077821       1.08000004    
       19922  -6.37888861       2.77382708       1.08000004    
       19924  -6.53310633       2.31592846       1.08000004    
       19926  -6.49671125       2.35744524       1.08000004    
       19928  -6.66046953       1.31210816       1.08000004    
       19930  -6.59753180       2.02250051       1.08000004    
       19932  -6.51129436       2.45312643       1.08000004    
       19934  -6.63553905       1.41818094       1.08000004    
       19936  -6.56382370       1.72432125       1.08000004    
       19938  -6.53731871       1.73607969       1.08000004    
       19940  -6.47943401       2.21849489       1.08000004    
       19942  -6.42570877       2.52264738       1.08000004    
       19944  -6.47473907       2.13758850       1.08000004    
       19946  -6.42771626       2.43072438       1.08000004    
       19948  -6.49985266       2.11602354       1.08000004    
       19950  -6.47026730       2.07898641       1.08000004    
       19952  -6.55154800       1.71139848       1.08000004    
       19954  -6.59330797       1.28614438       1.08000004    
       19956  -6.68468952      0.816483498       1.08000004    
       19958  -6.66825056      0.733222306       1.08000004    
       19960  -6.69268703      0.688407958       1.08000004    
       19962  -6.71396828      0.909358501       1.08000004    
       19964  -6.55953693       1.41634250       1.08000004    
       19966  -6.67303324      0.686947286       1.08000004    
       19968  -6.69761515      0.574615896       1.08000004    
       19970  -6.61881876      0.900510728       1.08000004    
       19972  -6.67127466      0.837062657       1.08000004    
       19974  -6.53822613       1.79270267       1.08000004    
       19976  -6.57494593       1.53039706       1.08000004    
       19978  -6.48220634       2.09625959       1.08000004    
       19980  -6.49968338       2.05352950       1.08000004    
       19982  -6.55549192       1.91299963       1.08000004    
       19984  -6.42950583       2.78474045       1.08000004    
       19986  -6.42551804       2.76732206       1.08000004    
       19988  -6.43296146       2.85915232       1.08000004    
       19990  -6.39180040       2.81176710       1.08000004    
       19992  -6.46368217       2.73862934       1.08000004    
       19994  -6.65397310       1.35388875       1.08000004    
       19996  -6.67091560       1.38506174       1.08000004    
       19998  -6.50073433       2.53921485       1.08000004    
       20000  -6.48730755       2.33890009       1.08000004    
